row_id,source_row,SMILES,max_training_tanimoto_chirality_true,max_training_tanimoto_chirality_false
clintox:0,0,C[NH+]1C[C@H](C(=O)N[C@]2(C)O[C@@]3(O)[C@@H]4CCCN4C(=O)[C@H](Cc4ccccc4)N3C2=O)C[C@@H]2c3cccc4[nH]cc(c34)C[C@H]21,0.776595744680851,0.7956989247311828
clintox:1,1,C[C@]1(Cn2ccnn2)[C@H](C(=O)[O-])N2C(=O)C[C@H]2S1(=O)=O,0.55,0.82
clintox:2,2,C[NH+]1CCC[C@@H]1CCO[C@](C)(c1ccccc1)c1ccc(Cl)cc1,0.5166666666666667,0.5166666666666667
clintox:3,3,Nc1nc(NC2CC2)c2ncn([C@H]3C=C[C@@H](CO)C3)c2n1,0.6271186440677966,0.9019607843137255
clintox:4,4,OC[C@H]1O[C@@H](n2cnc3c2NC=[NH+]C[C@H]3O)C[C@@H]1O,0.4642857142857143,0.47368421052631576
clintox:5,5,NC(=O)c1ncn([C@@H]2O[C@H](CO)[C@@H](O)[C@H]2O)n1,1.0,1.0
clintox:6,6,c1cnc2cc3c(cc2n1)[C@@H]1C[NH2+]C[C@H]3C1,0.2549019607843137,0.26
clintox:7,7,O=C1CC2(CCCC2)CC(=O)N1CCCC[NH+]1CCN(c2ncccn2)CC1,0.7,0.7
clintox:8,8,S=P(N1CC1)(N1CC1)N1CC1,1.0,1.0
clintox:9,9,O=C(Nc1cnccc1Cl)N1CCN(Cc2ccc3c(c2)OC(F)(F)O3)CC1,0.3835616438356164,0.3835616438356164
clintox:10,10,O=C(CCBr)N1CCN(C(=O)CCBr)CC1,1.0,1.0
clintox:11,11,Nc1ccc(S(=O)(=O)[N-]c2ccccn2)cc1,0.5853658536585366,0.5853658536585366
clintox:12,12,O=C([O-])c1cc(/N=N/c2ccc(S(=O)(=O)[N-]c3ccccn3)cc2)ccc1O,0.4716981132075472,0.5517241379310345
clintox:13,13,O=C([O-])CCC[NH+]1CCC(O[C@@H](c2ccc(Cl)cc2)c2ccccn2)CC1,0.5909090909090909,0.5909090909090909
clintox:14,14,O=C(c1ccc(F)c(F)c1Nc1ccc(I)cc1F)N1CC(O)([C@@H]2CCCCN2)C1,0.5081967213114754,0.5081967213114754
clintox:15,15,O=c1n(CCC[NH+]2CCN(c3cccc(Cl)c3)CC2)nc2ccccn12,0.7192982456140351,0.7192982456140351
clintox:16,16,O=C(c1ccc2nonc2c1)N1CCCCC1,0.625,0.625
clintox:17,17,[O-]n1ccccc1=S,0.26666666666666666,0.26666666666666666
clintox:18,18,NC(N)=[NH+]CCN1CCCCCCC1,0.4375,0.4375
clintox:19,19,NNc1nncc2ccccc12,0.9615384615384616,0.9615384615384616
clintox:20,20,O=C(C1CCCCC1)N1CC(=O)N2CCc3ccccc3C2C1,1.0,1.0
clintox:21,21,c1ccc2c(CC3=[NH+]CCN3)cccc2c1,0.5,0.5
clintox:22,22,c1ccc2c(c1)CCCC2C1=[NH+]CCN1,0.5227272727272727,0.5227272727272727
clintox:23,23,NC(=O)N1c2ccccc2C=Cc2ccccc21,1.0,1.0
clintox:24,24,NC1=[NH+]CC2c3ccccc3Cc3ccccc3N12,0.5581395348837209,0.5581395348837209
clintox:25,25,NC(=O)N1c2ccccc2CC(=O)c2ccccc21,1.0,1.0
clintox:26,26,NC(N)=[NH+]CCCC(NC(=O)[C@H]([NH3+])CCC[NH+]=C(N)N)C(=O)N1CCCC1C(=O)N1C[C@H](O)CC1C(=O)NCC(=O)N[C@@H](Cc1cccs1)C(=O)N[C@@H](CO)C(=O)N1Cc2ccccc2CC1C(=O)N1C(C(=O)N[C@@H](CCC[NH+]=C(N)N)C(=O)[O-])C[C@@H]2CCCC[C@@H]21,0.24817518248175183,0.2947976878612717
clintox:27,27,O=C([O-])c1cc2ccccc2c(Cc2c(O)c(C(=O)[O-])cc3ccccc23)c1O,0.6578947368421053,0.6578947368421053
clintox:28,28,O=C(CCS)N1CCc2c([nH]c3ccccc23)C1,0.6140350877192983,0.6140350877192983
clintox:29,29,OC1(c2ccc(Cl)cc2)c2ccccc2C2=[NH+]CCN21,0.3157894736842105,0.3157894736842105
clintox:30,30,O=C1O[Bi](O)Oc2ccccc21,1.0,1.0
clintox:31,31,NS(=O)(=O)c1cc(C2(O)NC(=O)c3ccccc32)ccc1Cl,1.0,1.0
clintox:32,32,O=C1Cc2cc(CC[NH+]3CCN(c4nsc5ccccc45)CC3)c(Cl)cc2N1,0.3880597014925373,0.3880597014925373
clintox:33,33,O=C1[C@@H]2[C@H]3CC[C@H](C3)[C@@H]2C(=O)N1C[C@@H]1CCCC[C@H]1C[NH+]1CCN(c2nsc3ccccc23)CC1,0.4027777777777778,0.4142857142857143
clintox:34,34,NS(=O)(=O)Cc1noc2ccccc12,1.0,1.0
clintox:35,35,Clc1ccc(Nc2nnc(Cc3ccncc3)c3ccccc23)cc1,0.37254901960784315,0.37254901960784315
clintox:36,36,O=C(OC1CC2CC3C[C@H](C1)[NH+]2CC3=O)c1c[nH]c2ccccc12,0.5454545454545454,0.5454545454545454
clintox:37,37,Nc1c2c([nH+]c3ccccc13)CCCC2,0.4358974358974359,0.4358974358974359
clintox:38,38,O=c1oc2ccccc2c([O-])c1Cc1c([O-])c2ccccc2oc1=O,0.6363636363636364,0.6363636363636364
clintox:39,39,O=C([O-])C[C@H](O)C[C@H](O)/C=C/c1c(C2CC2)nc2ccccc2c1-c1ccc(F)cc1,0.3974358974358974,0.5205479452054794
clintox:40,40,OCCOCC[NH+]1CCN(C2=[NH+]c3ccccc3Sc3ccccc32)CC1,0.375,0.375
clintox:41,41,O=C(CCC[NH+]1CC=C(n2c(=O)[nH]c3ccccc32)CC1)c1ccc(F)cc1,0.6461538461538462,0.6461538461538462
clintox:42,42,O=c1[nH]c2ccccc2n1C1CC[NH+](CCCC(c2ccc(F)cc2)c2ccc(F)cc2)CC1,0.7192982456140351,0.7192982456140351
clintox:43,43,NC(N)=[NH+]CC1COC2(CCCCC2)O1,0.4594594594594595,0.5882352941176471
clintox:44,44,Nc1ccc(C(=O)Oc2ccccc2)c(O)c1,1.0,1.0
clintox:45,45,O=C(/C=C/c1cccc(S(=O)(=O)Nc2ccccc2)c1)NO,0.4489795918367347,0.4791666666666667
clintox:46,46,Nc1ccc(S(=O)(=O)[N-]c2ccnn2-c2ccccc2)cc1,0.5652173913043478,0.5652173913043478
clintox:47,47,NS(=O)(=O)c1cc2c(cc1Cl)NC(CSCc1ccccc1)=NS2(=O)=O,1.0,1.0
clintox:48,48,O=C(OCc1ccccc1)c1ccccc1,1.0,1.0
clintox:49,49,O=C1N(Cc2ccccc2)C2C[S+]3CCCC3C2N1Cc1ccccc1,0.35,0.35
clintox:50,50,c1ccc(CN(CC2=[NH+]CCN2)c2ccccc2)cc1,0.5365853658536586,0.5365853658536586
clintox:51,51,OCc1cc(C(O)C[NH2+]CCCCCCOCCCCc2ccccc2)ccc1O,0.3728813559322034,0.3728813559322034
clintox:52,52,NS(=O)(=O)c1cc2c(cc1C(F)(F)F)NC(Cc1ccccc1)NS2(=O)=O,1.0,1.0
clintox:53,53,O=C1CN=C(c2ccccc2)c2cc(Cl)ccc2N1CC1CC1,0.5384615384615384,0.5384615384615384
clintox:54,54,O=C([O-])CCc1nc(-c2ccccc2)c(-c2ccccc2)o1,0.7837837837837838,0.7837837837837838
clintox:55,55,NC1=[NH+]C(=O)C(c2ccccc2)O1,0.36363636363636365,0.36363636363636365
clintox:56,56,Nc1nc(N)c2nc(-c3ccccc3)c(N)nc2n1,1.0,1.0
clintox:57,57,O=C(OOC(=O)c1ccccc1)c1ccccc1,1.0,1.0
clintox:58,58,O=C([O-])c1ccc(NC(=O)C(Cc2ccc(O)cc2)NC(=O)c2ccccc2)cc1,0.484375,0.484375
clintox:59,59,O=C(c1ccccc1)c1ccc2n1CCC2C(=O)[O-],0.6382978723404256,0.6382978723404256
clintox:60,60,OC(CCC[NH+]1CCCCC1)(c1ccccc1)c1ccccc1,0.41304347826086957,0.41304347826086957
clintox:61,61,OC(CC[NH+]1CCCCC1)(c1ccccc1)C1CCCCC1,0.5681818181818182,0.5681818181818182
clintox:62,62,OC(CC[NH+]1CCCCC1)(c1ccccc1)C1CCCC1,0.5681818181818182,0.5681818181818182
clintox:63,63,OC(CC[NH+]1CCCCC1)(c1ccccc1)C1CC2C=CC1C2,0.42105263157894735,0.6326530612244898
clintox:64,64,OC(CC[NH+]1CCCC1)(c1ccccc1)C1CCCCC1,0.5681818181818182,0.5681818181818182
clintox:65,65,Clc1ccccc1C(c1ccccc1)(c1ccccc1)n1ccnc1,1.0,1.0
clintox:66,66,O=C(OC1CC2CCC(C1)[N+]21CCCC1)C(O)(c1ccccc1)c1ccccc1,0.9743589743589743,0.9743589743589743
clintox:67,67,NC(=O)C(c1ccccc1)(c1ccccc1)[C@@H]1CC[NH+](CCc2ccc3c(c2)CCO3)C1,0.640625,0.6507936507936508
clintox:68,68,c1ccc([C@H]2CN3CCSC3=[NH+]2)cc1,0.4523809523809524,0.4523809523809524
clintox:69,69,O=C(O[C@H]1C[NH+]2CCC1CC2)N1CCc2ccccc2[C@@H]1c1ccccc1,0.5862068965517241,0.7037037037037037
clintox:70,70,[NH3+][C@@H](C(=O)N[C@@H]1C(=O)N2C(C(=O)[O-])=C(Cl)CC[C@H]12)c1ccccc1,0.6785714285714286,0.6491228070175439
clintox:71,71,Nc1ccc(/N=N/c2ccccc2)c(N)n1,0.65625,0.9629629629629629
clintox:72,72,Fc1ccccc1C1=NCC(=S)N(CC(F)(F)F)c2ccc(Cl)cc21,0.5178571428571429,0.5178571428571429
clintox:73,73,O=C([O-])c1ccc(-n2nc(-c3ccccc3O)nc2-c2ccccc2O)cc1,0.7804878048780488,0.7804878048780488
clintox:74,74,Nc1nc(N)c2nc(CNc3ccc(C(=O)N[C@@H](CCCNC(=O)c4ccccc4C(=O)O)C(=O)O)cc3)cnc2n1,0.6133333333333333,0.704225352112676
clintox:75,75,O=C1c2cccc3c2[C@H](CCC3)CN1[C@@H]1C[NH+]2CCC1CC2,0.27631578947368424,0.29411764705882354
clintox:76,76,Clc1ccc(C(Cn2ccnc2)OCc2csc3c(Cl)cccc23)c(Cl)c1,0.6721311475409836,0.6721311475409836
clintox:77,77,O=C1CCc2cc(OCCCCc3nnnn3C3CCCCC3)ccc2N1,1.0,1.0
clintox:78,78,OC(C[NH2+]CC(O)C1CCc2cc(F)ccc2O1)C1CCc2cc(F)ccc2O1,0.7045454545454546,0.7045454545454546
clintox:79,79,O=c1[nH]c2cc(Cl)ccc2o1,1.0,1.0
clintox:80,80,O=C1Nc2ccc(Cl)cc2[C@@](C#CC2CC2)(C(F)(F)F)O1,0.3230769230769231,0.3230769230769231
clintox:81,81,N#Cc1ccc2[nH]cc(CCCC[NH+]3CCN(c4ccc5oc(C(N)=O)cc5c4)CC3)c2c1,0.7671232876712328,0.7671232876712328
clintox:82,82,O=C1C([O-])=C([C@H]2CC[C@H](c3ccc(Cl)cc3)CC2)C(=O)c2ccccc21,0.7,0.7
clintox:83,83,OC(c1cc(C(F)(F)F)nc2c(C(F)(F)F)cccc12)C1CCCC[NH2+]1,0.6491228070175439,0.6491228070175439
clintox:84,84,O=C([O-])c1cc(=O)c2c(OCC(O)COc3cccc4oc(C(=O)[O-])cc(=O)c34)cccc2o1,0.975,0.975
clintox:85,85,O=C1O[Pt]OC(=O)C12CCC2,0.9473684210526315,0.9473684210526315
clintox:86,86,O=C1OCCN1/N=C/c1ccc([N+](=O)[O-])o1,0.7272727272727273,1.0
clintox:87,87,O=C1CN(/N=C/c2ccc([N+](=O)[O-])o2)C(=O)N1,1.0,1.0
clintox:88,88,NS(=O)(=O)c1cc(C(=O)[O-])c(NCc2ccco2)cc1Cl,0.8163265306122449,0.8163265306122449
clintox:89,89,O=C1CCc2ccc(OCCCCN3CCN(c4cccc(Cl)c4Cl)CC3)cc2N1,1.0,1.0
clintox:90,90,[NH2+]=C(NCCCCCCNC(=[NH2+])NC(=[NH2+])Nc1ccc(Cl)cc1)NC(=[NH2+])Nc1ccc(Cl)cc1,0.5641025641025641,0.5641025641025641
clintox:91,91,O=C(NC[C@H]1CN(c2ccc(N3CCOCC3=O)cc2)C(=O)O1)c1ccc(Cl)s1,0.7704918032786885,0.7704918032786885
clintox:92,92,Clc1ccc(CSC(Cn2ccnc2)c2ccc(Cl)cc2Cl)cc1,0.84,0.84
clintox:93,93,c1cc(C[NH+]2CCCNCC[NH2+]CCCNCC2)ccc1C[NH+]1CCCNCC[NH2+]CCCNCC1,0.29545454545454547,0.29545454545454547
clintox:94,94,O=C1CN(/N=C/c2ccc(-c3ccc([N+](=O)[O-])cc3)o2)C(=O)N1,0.673469387755102,0.673469387755102
clintox:95,95,Oc1ccc(C2C[NH2+]CCc3c2cc(O)c(O)c3Cl)cc1,0.5370370370370371,0.5370370370370371
clintox:96,96,O=C(c1ccc(OCC[NH+]2CCCCC2)cc1)c1c(-c2ccc(O)cc2)sc2cc(O)ccc12,0.6885245901639344,0.6885245901639344
clintox:97,97,O=C([O-])CCNC(=O)c1ccc(N/N=C2/C=CC(=O)C(C(=O)[O-])=C2)cc1,0.4098360655737705,0.4098360655737705
clintox:98,98,Nc1nc(=O)c2nc(CNc3ccc(C(=O)N[C@@H](CCC(=O)[O-])C(=O)[O-])cc3)cnc2[nH]1,0.7692307692307693,0.765625
clintox:99,99,O=C(CCC[NH+]1CCC(O)(c2ccc(Cl)cc2)CC1)c1ccc(F)cc1,0.6538461538461539,0.6538461538461539
clintox:100,100,N#Cc1ccc(C(c2ccc(C#N)cc2)n2cncn2)cc1,1.0,1.0
clintox:101,101,Fc1ccc([C@@H]2CC[NH2+]C[C@H]2COc2ccc3c(c2)OCO3)cc1,0.6491228070175439,0.6607142857142857
clintox:102,102,O=C1[C@H](CC[C@H](O)c2ccc(F)cc2)[C@@H](c2ccc(O)cc2)N1c1ccc(F)cc1,0.5636363636363636,1.0
clintox:103,103,Oc1ccc2c3c1O[C@H]1[C@@H](O)CC[C@@]4(O)[C@@H](C2)[NH+](CC2CCC2)CC[C@]314,0.3048780487804878,0.35443037974683544
clintox:104,104,N.N.O=C(O)C1(C(=O)O)CCC1.[Pt],0.45454545454545453,0.45454545454545453
clintox:105,105,O=C(NCC1CCCC[NH2+]1)c1cc(OCC(F)(F)F)ccc1OCC(F)(F)F,0.65,0.65
clintox:106,106,OC(Cn1cncn1)(Cn1cncn1)c1ccc(F)cc1F,1.0,1.0
clintox:107,107,Clc1ccc(CO/N=C(/Cn2ccnc2)c2ccc(Cl)cc2Cl)c(Cl)c1,0.6440677966101694,0.8653846153846154
clintox:108,108,O=C(NS(=O)(=O)c1ccc(Br)s1)c1ccc(Cl)cc1Cl,0.4791666666666667,0.4791666666666667
clintox:109,109,Clc1ccc(C(Cn2ccnc2)OCc2ccsc2Cl)c(Cl)c1,1.0,1.0
clintox:110,110,O=C(Nc1c(Cl)cncc1Cl)c1ccc(OC(F)F)c(OCC2CC2)c1,1.0,1.0
clintox:111,111,O=C1CCCC(=O)[C-]1C(=O)c1ccc(C(F)(F)F)cc1[N+](=O)[O-],0.4,0.4
clintox:112,112,O=C(Nc1ccc([N+](=O)[O-])cc1Cl)c1cc(Cl)ccc1O,1.0,1.0
clintox:113,113,O=C([O-])c1cc(/N=N/c2ccc(O)c(C(=O)[O-])c2)ccc1O,0.7272727272727273,0.7272727272727273
clintox:114,114,Clc1ccc2nsnc2c1NC1=[NH+]CCN1,0.5833333333333334,0.5833333333333334
clintox:115,115,Brc1c(NC2=[NH+]CCN2)ccc2nccnc12,0.5777777777777777,0.5777777777777777
clintox:116,116,O=C1CN2Cc3c(ccc(Cl)c3Cl)[NH+]=C2N1,0.5333333333333333,0.5333333333333333
clintox:117,117,NC(=O)c1cn(Cc2c(F)cccc2F)nn1,1.0,1.0
clintox:118,118,Clc1ccc(CCC(Cn2ccnc2)Sc2c(Cl)cccc2Cl)cc1,1.0,1.0
clintox:119,119,O=C1CCc2ccc(OCCCC[NH+]3CCN(c4cccc(Cl)c4Cl)CC3)cc2N1,0.746031746031746,0.746031746031746
clintox:120,120,Nc1nnc(-c2cccc(Cl)c2Cl)c(N)n1,1.0,1.0
clintox:121,121,C1=C/C(=C2\N=c3cnc4c(c3=N2)COCC4)NO1,0.25862068965517243,0.23728813559322035
clintox:122,122,NS(=O)(=O)c1cc2c(cc1Cl)NC(C1CC3C=CC1C3)NS2(=O)=O,1.0,1.0
clintox:123,123,[NH3+][C@@H]1CCCCN(c2c(F)cc3c(=O)c(C(=O)[O-])cn(C4CC4)c3c2Cl)C1,0.5970149253731343,0.5970149253731343
clintox:124,124,Oc1ncnc2[nH]ncc12,0.42424242424242425,0.42424242424242425
clintox:125,125,Nc1nc(/C(=C/CC(=O)[O-])C(=O)N[C@@H]2C(=O)N3C(C(=O)[O-])=CCS[C@H]23)cs1,0.7692307692307693,0.7692307692307693
clintox:126,126,O=C(OC[C@H]1O[C@@H](OC(=O)c2cc(O)c(O)c(OC(=O)c3cc(O)c(O)c(O)c3)c2)[C@H](OC(=O)c2cc(O)c(O)c(OC(=O)c3cc(O)c(O)c(O)c3)c2)[C@@H](OC(=O)c2cc(O)c(O)c(OC(=O)c3cc(O)c(O)c(O)c3)c2)[C@@H]1OC(=O)c1cc(O)c(O)c(OC(=O)c2cc(O)c(O)c(O)c2)c1)c1cc(O)c(O)c(OC(=O)c2cc(O)c(O)c(O)c2)c1,0.8604651162790697,1.0
clintox:127,127,[NH3+][C@@H](CC(=O)N1CCn2c(nnc2C(F)(F)F)C1)Cc1cc(F)c(F)cc1F,0.8148148148148148,0.8
clintox:128,128,O=C(CCOCCOCCOCCOCCC(=O)Nc1c(I)cc(I)c(C(=O)[O-])c1I)Nc1c(I)cc(I)c(C(=O)[O-])c1I,0.5581395348837209,0.5581395348837209
clintox:129,129,O=C(CCCCC(=O)Nc1c(I)cc(I)c(C(=O)[O-])c1I)Nc1c(I)cc(I)c(C(=O)[O-])c1I,0.75,0.75
clintox:130,130,NC(=O)[C@@H]1CCCN1C(=O)[C@H](Cc1cnc[nH]1)NC(=O)[C@@H]1CCC(=O)N1,0.746268656716418,0.7352941176470589
clintox:131,131,Nc1cc(N2CCCCC2)nc(N)[n+]1[O-],1.0,1.0
clintox:132,132,O=c1[nH]cnc2c1ncn2[C@H]1CC[C@@H](CO)O1,0.673469387755102,1.0
clintox:133,133,O=C([O-])CCCC[C@@H]1SC[C@@H]2NC(=O)N[C@@H]21,0.775,0.7692307692307693
clintox:134,134,[NH3+][C@@H]1CONC1=O,0.52,0.52
clintox:135,135,O=S(=O)([O-])O[C@@H]1[C@@H](OS(=O)(=O)[O-])[C@H](O[C@@H]2CO[C@@H](O)[C@H](OS(=O)(=O)[O-])[C@H]2OS(=O)(=O)[O-])OC[C@H]1O,0.275,0.2916666666666667
clintox:136,136,O=C([O-])[C@H]1/C(=C/CO)O[C@@H]2CC(=O)N21,0.7631578947368421,0.7631578947368421
clintox:137,137,N#C[C@@H]1C[C@@H]2C[C@@H]2N1C(=O)[C@@H]([NH3+])C12CC3CC(CC(O)(C3)C1)C2,0.7551020408163265,0.7551020408163265
clintox:138,138,C/C=C1\NC(=O)[C@H]2CSSCC/C=C/[C@H](CC(=O)N[C@H](C(C)C)C(=O)N2)OC(=O)[C@H](C(C)C)NC1=O,1.0,1.0
clintox:139,139,C/C=C(C(=C/C)/c1ccc(O)cc1)\c1ccc(O)cc1,0.5909090909090909,1.0
clintox:140,140,C/[NH+]=C1/CN([O-])C(c2ccccc2)=c2cc(Cl)ccc2=N1,0.29508196721311475,0.2830188679245283
clintox:141,141,O=C1O[C@H](CO)[C@@H](O)[C@H](O)[C@H]1O,1.0,1.0
clintox:142,142,OC[C@H]1O[C@@H](O[C@@H]2[C@@H](CO)O[C@](O)(CO)[C@H]2O)[C@H](O)[C@@H](O)[C@H]1O,1.0,1.0
clintox:143,143,O=C1O[C@H]([C@@H](O)CO)C([O-])=C1O,0.4444444444444444,0.6774193548387096
clintox:144,144,C#CCC(Cc1cnc2nc(N)nc(N)c2n1)c1ccc(C(=O)N[C@@H](CCC(=O)[O-])C(=O)[O-])cc1,0.5189873417721519,0.5194805194805194
clintox:145,145,C#CC[NH2+][C@@H]1CCc2ccccc21,0.32558139534883723,0.3333333333333333
clintox:146,146,[H]/[NH+]=C(\N)c1ccc(OCCCCCOc2ccc(/C(N)=[NH+]/[H])cc2)cc1,0.45,0.4418604651162791
clintox:147,147,[H]/[NH+]=C(\N)C1=CC(=O)/C(=C\C=c2ccc(=C(N)[NH3+])cc2)C=C1,0.16666666666666666,0.17307692307692307
clintox:148,148,CC(C)C[C@H](NC(=O)CNC(=O)c1cc(Cl)ccc1Cl)B(O)O,0.5625,0.5625
clintox:149,149,O=C(NCC(O)CO)c1c(I)c(C(=O)NCC(O)CO)c(I)c(N(CCO)C(=O)CO)c1I,1.0,1.0
clintox:150,150,Clc1cc(Cl)c(OCC#CI)cc1Cl,0.32432432432432434,0.32432432432432434
clintox:151,151,N#Cc1cc(NC(=O)C(=O)[O-])c(Cl)c(NC(=O)C(=O)[O-])c1,0.38636363636363635,0.38636363636363635
clintox:152,152,NS(=O)(=O)c1cc(Cl)c(Cl)c(S(N)(=O)=O)c1,0.5862068965517241,0.5862068965517241
clintox:153,153,NC(N)=[NH+]C(=O)Cc1c(Cl)cccc1Cl,0.5277777777777778,0.5277777777777778
clintox:154,154,[NH3+]C[C@H](O)c1ccc(O)c(O)c1,0.6428571428571429,0.6428571428571429
clintox:155,155,[NH3+][C@@H](Cc1ccc(O)c(O)c1)C(=O)[O-],0.5428571428571428,0.5428571428571428
clintox:156,156,[NH3+]CCc1ccc(O)c(O)c1,0.6153846153846154,0.6153846153846154
clintox:157,157,Nc1ccc(O)c(C(=O)[O-])c1,0.6785714285714286,0.6785714285714286
clintox:158,158,Nc1ccc(C(=O)[O-])c(O)c1,0.9583333333333334,0.9583333333333334
clintox:159,159,NC(N)=[NH+]Cc1cccc([131I])c1,0.3142857142857143,0.3142857142857143
clintox:160,160,O=C(N[C@H](CO)[C@H](O)c1ccc([N+](=O)[O-])cc1)[C-](Cl)Cl,0.5102040816326531,0.7209302325581395
clintox:161,161,O=C([O-])CCC(=O)OC[C@@H](NC(=O)[C-](Cl)Cl)[C@H](O)c1ccc([N+](=O)[O-])cc1,0.5833333333333334,0.7592592592592593
clintox:162,162,[NH3+]CC(CC(=O)[O-])c1ccc(Cl)cc1,0.5,0.5
clintox:163,163,Nc1ccc(C(=O)NCC(=O)[O-])cc1,0.7,0.7
clintox:164,164,[NH3+][C@@H](Cc1ccc(N(CCCl)CCCl)cc1)C(=O)[O-],0.5853658536585366,0.5853658536585366
clintox:165,165,[NH3+][C@@H](Cc1ccc(O)cc1)C(=O)[O-],0.48484848484848486,0.48484848484848486
clintox:166,166,NS(=O)(=O)c1ccc(C[NH3+])cc1,0.64,0.64
clintox:167,167,O=C([O-])CCCc1ccc(N(CCCl)CCCl)cc1,0.75,0.75
clintox:168,168,Nc1ccc(S(N)(=O)=O)cc1,1.0,1.0
clintox:169,169,Oc1ccc(O)cc1,1.0,1.0
clintox:170,170,NC(=O)OCC(O)COc1ccc(Cl)cc1,0.5365853658536586,0.5365853658536586
clintox:171,171,O=P([O-])([O-])C(Sc1ccc(Cl)cc1)P(=O)([O-])[O-],0.6551724137931034,0.6551724137931034
clintox:172,172,NC(=O)OCC(COC(N)=O)c1ccccc1,1.0,1.0
clintox:173,173,O=C([O-])c1ccccc1,0.5789473684210527,0.5789473684210527
clintox:174,174,O=C([O-])CNC(=O)c1ccccc1,0.7037037037037037,0.7037037037037037
clintox:175,175,O=C([O-])Cc1ccccc1,0.9473684210526315,0.9473684210526315
clintox:176,176,NC(=O)NC(=O)Cc1ccccc1,1.0,1.0
clintox:177,177,O=C([O-])CCCc1ccccc1,0.9583333333333334,0.9583333333333334
clintox:178,178,NNCCc1ccccc1,1.0,1.0
clintox:179,179,O=C([O-])CN(CCN(CC(=O)[O-])C(COCc1ccccc1)C(=O)[O-])CC[NH+](CC(=O)[O-])CC(=O)[O-],0.35714285714285715,0.35714285714285715
clintox:180,180,O=C(CCCCCCC(=O)Nc1ccccc1)NO,1.0,1.0
clintox:181,181,C[C@H]([NH3+])[C@H](O)c1ccc(O)c(O)c1,0.6551724137931034,0.6551724137931034
clintox:182,182,C[C@H]([NH3+])[C@H](O)c1cccc(O)c1,0.6666666666666666,0.6666666666666666
clintox:183,183,C[NH2+][C@@H](C)[C@@H](O)c1ccccc1,0.5555555555555556,0.5555555555555556
clintox:184,184,C[C@H](O)C(=O)Nc1c(I)c(C(=O)NC(CO)CO)c(I)c(C(=O)NC(CO)CO)c1I,1.0,1.0
clintox:185,185,C[C@H]([NH3+])Cc1ccccc1,0.5,0.5
clintox:186,186,C[C@@H](Cc1ccccc1)NC(=O)[C@@H]([NH3+])CCCC[NH3+],0.39215686274509803,0.4230769230769231
clintox:187,187,C[C@]([NH3+])(Cc1ccc(O)c(O)c1)C(=O)[O-],0.5526315789473685,0.5526315789473685
clintox:188,188,C[C@]([NH3+])(Cc1ccc(O)cc1)C(=O)[O-],0.5142857142857142,0.5142857142857142
clintox:189,189,C[C@@H]([NH3+])[C@@H](O)c1ccccc1,0.6,0.6
clintox:190,190,C#CC[NH+](C)[C@H](C)Cc1ccccc1,0.46153846153846156,0.46153846153846156
clintox:191,191,C#CC[NH+](C)Cc1ccccc1,0.4,0.4
clintox:192,192,C[NH2+]C[C@H](O)c1ccc(O)c(O)c1,0.5806451612903226,0.5806451612903226
clintox:193,193,C[NH2+]C[C@H](O)c1cccc(O)c1,0.5882352941176471,0.5882352941176471
clintox:194,194,COc1ccc(OC)c(C(O)C(C)[NH3+])c1,0.6857142857142857,0.6857142857142857
clintox:195,195,CC([NH2+]C(C)(C)C)C(=O)c1cccc(Cl)c1,0.5853658536585366,0.5853658536585366
clintox:196,196,CC(C)(C)[NH2+]C[C@H](O)c1ccc(O)c(CO)c1,0.5476190476190477,0.625
clintox:197,197,CC(C)(C)[NH2+]CC(O)c1cc(O)cc(O)c1,0.46153846153846156,0.46153846153846156
clintox:198,198,CC(C)(C)[NH2+]CC(O)c1ccc(O)c(CO)c1,0.625,0.625
clintox:199,199,C[NH2+]CC(O)c1ccc(OC(=O)C(C)(C)C)c(OC(=O)C(C)(C)C)c1,0.3220338983050847,0.34615384615384615
clintox:200,200,CC(C)(C)CC(C)(C)c1ccc(O)cc1,0.5416666666666666,0.5416666666666666
clintox:201,201,CC(C)([NH3+])Cc1ccc(Cl)cc1,0.42105263157894735,0.42105263157894735
clintox:202,202,C[NH2+]C(C)(C)Cc1ccccc1,0.5384615384615384,0.5384615384615384
clintox:203,203,CC(C)([NH3+])Cc1ccccc1,0.5833333333333334,0.5833333333333334
clintox:204,204,CC(C)/[NH+]=C(N)/[NH+]=C(\N)Nc1ccc(Cl)cc1,0.3953488372093023,0.3953488372093023
clintox:205,205,COCCCOc1cc(C[C@@H](C[C@H]([NH3+])[C@@H](O)C[C@H](C(=O)NCC(C)(C)C(N)=O)C(C)C)C(C)C)ccc1OC,0.8405797101449275,0.8529411764705882
clintox:206,206,CC(C)[NH2+]C(C)Cc1ccc([123I])cc1,0.3235294117647059,0.3235294117647059
clintox:207,207,CC(C)[NH2+]CC(O)c1cc(O)cc(O)c1,0.5151515151515151,0.5151515151515151
clintox:208,208,CC(C)[NH2+]CC(O)c1ccc(O)c(O)c1,0.5405405405405406,0.5454545454545454
clintox:209,209,CC(C)[NH2+]CC(O)c1ccc(NS(C)(=O)=O)cc1,0.6097560975609756,0.6097560975609756
clintox:210,210,CC(C)[NH2+]CC(O)COc1ccc(CC(N)=O)cc1,0.6444444444444445,0.6444444444444445
clintox:211,211,COC(=O)CCc1ccc(OCC(O)C[NH2+]C(C)C)cc1,0.45614035087719296,0.45614035087719296
clintox:212,212,COCCc1ccc(OCC(O)C[NH2+]C(C)C)cc1,0.5490196078431373,0.5490196078431373
clintox:213,213,CC(C)[NH2+]CC(O)COc1ccc(COCCOC(C)C)cc1,0.5714285714285714,0.5714285714285714
clintox:214,214,C=CCOc1ccccc1OCC(O)C[NH2+]C(C)C,0.4423076923076923,0.4423076923076923
clintox:215,215,CC(C)C(=O)Nc1ccc([N+](=O)[O-])c(C(F)(F)F)c1,1.0,1.0
clintox:216,216,CC(C)c1cccc(C(C)C)c1NC(=O)C[NH+](CC(=O)[O-])CC(=O)[O-],0.5,0.5
clintox:217,217,CC(C)c1cccc(C(C)C)c1O,1.0,1.0
clintox:218,218,CC(C)c1cccc(C(C)C)c1OCOP(=O)([O-])[O-],0.34285714285714286,0.34285714285714286
clintox:219,219,CC(C)Cc1ccc(C(C)C(=O)[O-])cc1,0.7241379310344828,0.7241379310344828
clintox:220,220,CNNCc1ccc(C(=O)NC(C)C)cc1,1.0,1.0
clintox:221,221,CC([NH3+])Cc1ccc(O)cc1,0.6153846153846154,0.6153846153846154
clintox:222,222,C[NH2+]C(C)Cc1ccccc1,0.46153846153846156,0.46153846153846156
clintox:223,223,CC([NH3+])Cc1ccccc1,0.5,0.5
clintox:224,224,CC(=O)N(CC(C)C(=O)[O-])c1c(I)cc(I)c(N)c1I,0.36538461538461536,0.36538461538461536
clintox:225,225,CC(=O)[N-]S(=O)(=O)c1ccc(N)cc1,0.5151515151515151,0.5151515151515151
clintox:226,226,CC(=O)N(CC(O)CO)c1c(I)c(C(=O)NCC(O)CO)c(I)c(C(=O)NCC(O)CO)c1I,0.9,1.0
clintox:227,227,CC(=O)N(CC(O)CO)c1c(I)c(C(=O)NCCO)c(I)c(C(=O)NCC(O)CO)c1I,1.0,1.0
clintox:228,228,COC[C@@H](NC(C)=O)C(=O)NCc1ccccc1,0.7209302325581395,0.7142857142857143
clintox:229,229,CNC(=O)c1c(I)c(NC(C)=O)c(I)c(C(=O)[O-])c1I,0.7352941176470589,0.7352941176470589
clintox:230,230,CC(=O)Nc1c(I)c(C(=O)[O-])c(I)c(N(C)C(C)=O)c1I,0.5,0.5
clintox:231,231,CC(=O)Nc1c(I)c(NC(C)=O)c(I)c(C(=O)[O-])c1I,0.6785714285714286,0.6785714285714286
clintox:232,232,CC(=O)Nc1c(I)cc(I)c(C(=O)[O-])c1I,0.7272727272727273,0.7272727272727273
clintox:233,233,CC(=O)Nc1ccc(O)cc1,1.0,1.0
clintox:234,234,CC(=O)NCc1c(I)c(NC(C)=O)c(I)c(C(=O)[O-])c1I,0.7567567567567568,0.7567567567567568
clintox:235,235,CC(=O)Oc1ccccc1C(=O)[O-],0.6896551724137931,0.6896551724137931
clintox:236,236,CC(=O)Oc1ccccc1C(=O)O,1.0,1.0
clintox:237,237,CNC(=O)c1c(C)c(C(=O)[O-])c(I)c(NC(C)=O)c1I,0.6052631578947368,0.6052631578947368
clintox:238,238,COc1cc(C)c(/C=C/C(C)=C/C=C/C(C)=C/C(=O)[O-])c(C)c1C,0.74,0.74
clintox:239,239,Cc1cc(C)c(NC(=O)C[NH+](CC(=O)[O-])CC(=O)[O-])c(C)c1Br,0.5434782608695652,0.5434782608695652
clintox:240,240,CC(=O)Oc1c(C)cc(OCC(O)C[NH2+]C(C)C)c(C)c1C,0.3389830508474576,0.3389830508474576
clintox:241,241,Cc1ccc(C)c(OCCCC(C)(C)C(=O)[O-])c1,0.7692307692307693,0.7692307692307693
clintox:242,242,Cc1cccc(C)c1NC(=O)C(C)[NH3+],0.7,0.7
clintox:243,243,Cc1cccc(C)c1NC(=O)C[NH+](CC(=O)[O-])CC(=O)[O-],0.4878048780487805,0.4878048780487805
clintox:244,244,Cc1cccc(C)c1OCC(C)[NH3+],0.6551724137931034,0.6551724137931034
clintox:245,245,CC[C@@H](c1cccc(O)c1)[C@@H](C)C[NH+](C)C,0.4444444444444444,0.625
clintox:246,246,CC[N+](C)(C)c1cccc(O)c1,0.96,0.96
clintox:247,247,CC[N+](C)(C)Cc1ccccc1Br,0.375,0.375
clintox:248,248,CC[N+](CC)(CC)CCOc1cccc(OCC[N+](CC)(CC)CC)c1OCC[N+](CC)(CC)CC,1.0,1.0
clintox:249,249,CC[NH+](CC)C(C)C(=O)c1ccccc1,0.3902439024390244,0.3902439024390244
clintox:250,250,CC[NH+](CC)CC(=O)Nc1c(C)cccc1C,0.5526315789473685,0.5526315789473685
clintox:251,251,CC[NH+](CC)CCNC(=O)c1cc(Cl)c(N)cc1OC,0.66,0.66
clintox:252,252,CC[NH+](CC)CCNC(=O)c1ccc(N)cc1,0.6,0.6
clintox:253,253,CC[NH+](CC)CCOC(=O)c1ccc(N)cc1,0.6388888888888888,0.6388888888888888
clintox:254,254,CC[NH+](CC)CCOC(=O)c1ccc(N)cc1Cl,0.4222222222222222,0.4222222222222222
clintox:255,255,CCC([NH2+]C(C)C)C(O)c1ccc(O)c(O)c1,0.5526315789473685,0.5675675675675675
clintox:256,256,C=C(CC)C(=O)c1ccc(OCC(=O)[O-])c(Cl)c1Cl,0.7804878048780488,0.7804878048780488
clintox:257,257,CCC(Cc1c(I)cc(I)c(N)c1I)C(=O)[O-],0.7631578947368421,0.7631578947368421
clintox:258,258,CCC[NH+](CC)C(CC)C(=O)Nc1c(C)cccc1C,0.47619047619047616,0.47619047619047616
clintox:259,259,CCC[NH2+]C(C)C(=O)Nc1ccccc1C,0.5813953488372093,0.5813953488372093
clintox:260,260,CCCC(=O)Nc1c(I)cc(I)c(CC(CC)C(=O)[O-])c1I,0.48,0.48
clintox:261,261,CCCC(=O)Nc1ccc(OCC(O)C[NH2+]C(C)C)c(C(C)=O)c1,0.7142857142857143,0.7142857142857143
clintox:262,262,CCCCC(CC)COC(=O)/C=C/c1ccc(OC)cc1,0.7446808510638298,1.0
clintox:263,263,CCCCCCC[NH+](CC)CCCC(O)c1ccc(NS(C)(=O)=O)cc1,0.48,0.48
clintox:264,264,CCCCCCCCc1ccc(CCC([NH3+])(CO)CO)cc1,0.5454545454545454,0.5454545454545454
clintox:265,265,CCCCCCCCCc1ccc(OCCOCCOCCOCCOCCOCCOCCOCCOCCO)cc1,1.0,1.0
clintox:266,266,CCCCNC(=O)[N-]S(=O)(=O)c1ccc(C)cc1,0.5952380952380952,0.5952380952380952
clintox:267,267,CCCCNc1ccc(C(=O)OCC[NH+](C)C)cc1,0.6666666666666666,0.6666666666666666
clintox:268,268,CCCCNc1ccc(C(=O)OCCOCCOCCOCCOCCOCCOCCOCCOCCOC)cc1,1.0,1.0
clintox:269,269,CCCCOc1cc(C(=O)OCC[NH+](CC)CC)ccc1N,0.66,0.66
clintox:270,270,CCCN(CCC)S(=O)(=O)c1ccc(C(=O)[O-])cc1,0.7575757575757576,0.7575757575757576
clintox:271,271,CCCNC(=O)[N-]S(=O)(=O)c1ccc(Cl)cc1,0.5853658536585366,0.5853658536585366
clintox:272,272,CCCOc1cc(N)ccc1C(=O)OCC[NH+](CC)CC,0.6530612244897959,0.6530612244897959
clintox:273,273,CCCOc1ccc(C(=O)OCC[NH+](CC)CC)cc1N,0.6530612244897959,0.6530612244897959
clintox:274,274,CCN(C)C(=O)Oc1cccc([C@H](C)[NH+](C)C)c1,0.6326530612244898,0.6326530612244898
clintox:275,275,C/C=C/C(=O)N(CC)c1ccccc1C,0.7222222222222222,1.0
clintox:276,276,CCN(CC)C(=O)/C(C#N)=C/c1cc(O)c([O-])c([N+](=O)[O-])c1,0.5818181818181818,0.8125
clintox:277,277,CCN(CC)CC(=O)Nc1c(C)cccc1C,0.9666666666666667,0.9666666666666667
clintox:278,278,CCOC(=O)/C=C(C)/C=C/C=C(C)/C=C/c1c(C)cc(OC)c(C)c1C,1.0,1.0
clintox:279,279,CCOC(=O)[C@@](C)([NH3+])Cc1ccc(O)c(O)c1,0.7,0.7
clintox:280,280,CCOC(=O)C(C)(C)Oc1ccc(Cl)cc1,1.0,1.0
clintox:281,281,CCOC(=O)CCCCCCCCC(C)c1ccccc1I,0.39215686274509803,0.4
clintox:282,282,CCOc1ccc(CC(CN(CC[NH+](CC(=O)[O-])CC(=O)[O-])CC(=O)[O-])[NH+](CC(=O)[O-])CC(=O)[O-])cc1,0.3125,0.3125
clintox:283,283,CN(C)/C=[NH+]/c1c(I)cc(I)c(CCC(=O)[O-])c1I,0.26785714285714285,0.2727272727272727
clintox:284,284,COCC(=O)Nc1c(I)c(C(=O)NCC(O)CO)c(I)c(C(=O)N(C)CC(O)CO)c1I,0.9215686274509803,1.0
clintox:285,285,CN/C(NCc1ccccc1)=[NH+]\C,0.4666666666666667,0.4666666666666667
clintox:286,286,COC(CNC(=O)c1ccccc1OCC(=O)[O-])C[Hg]O,0.3709677419354839,0.3709677419354839
clintox:287,287,COC(=O)c1ccccc1O,0.5862068965517241,0.5862068965517241
clintox:288,288,COc1ccc(OC)c(C(O)CNC(=O)C[NH3+])c1,0.75,0.7674418604651163
clintox:289,289,COc1ccc(O)cc1,1.0,1.0
clintox:290,290,COc1ccccc1OCC(O)CO,1.0,1.0
clintox:291,291,COc1ccccc1OCC(O)COC(N)=O,1.0,1.0
clintox:292,292,COCCCC/C(=N\OCC[NH3+])c1ccc(C(F)(F)F)cc1,0.4666666666666667,0.660377358490566
clintox:293,293,O=C([O-])[C@@H](O)[C@@H](O)[C@H](O)[C@@H](O)C(=O)[O-],0.36363636363636365,0.6190476190476191
clintox:294,294,O=[N+]([O-])[O-],0.2777777777777778,0.2777777777777778
clintox:295,295,[N]=O,0.13333333333333333,0.13333333333333333
clintox:296,296,O=[99Tc](=O)(=O)[O-],0.15384615384615385,0.15384615384615385
clintox:297,297,O=P([O-])([O-])F,0.8888888888888888,0.8888888888888888
clintox:298,298,O=S(=O)([O-])[O-],0.35714285714285715,0.35714285714285715
clintox:299,299,O=S([O-])([O-])=S,0.3125,0.3125
clintox:300,300,[Se],0.07142857142857142,0.07142857142857142
clintox:301,301,C#N,0.125,0.125
clintox:302,302,N#C[Fe-2](C#N)(C#N)(C#N)(C#N)N=O,0.9285714285714286,0.9285714285714286
clintox:303,303,[NH3+][C@@H](CS)C(=O)[O-],0.3076923076923077,0.3076923076923077
clintox:304,304,O=C[C@H](O)[C@@H](O)[C@H](O)CO,0.85,1.0
clintox:305,305,OC[C@@H](O)[C@@H](O)[C@H](O)[C@H](O)CO,1.0,1.0
clintox:306,306,O=C([O-])[C@H](O)[C@@H](O)[C@H](O)[C@H](O)CO,0.625,0.9523809523809523
clintox:307,307,OC[C@@H](O)[C@@H](O)[C@H](O)[C@@H](O)CO,1.0,1.0
clintox:308,308,NC(N)=[NH2+],0.3333333333333333,0.3333333333333333
clintox:309,309,FC(F)(F)C(F)(F)C(F)(F)C(F)(F)C(F)(F)C(F)(F)C(F)(F)C(F)(F)Br,0.27586206896551724,0.27586206896551724
clintox:310,310,FC(F)(F)C(F)(F)C(F)(F)C(F)(F)C(F)(F)C(F)(F)F,0.3333333333333333,0.3333333333333333
clintox:311,311,O=C([O-])C(O)C(O)C(=O)[O-],0.5,0.5
clintox:312,312,O=C([O-])C(S)C(S)C(=O)[O-],0.4375,0.4375
clintox:313,313,O=P([O-])([O-])OCC(Cl)(Cl)Cl,0.2857142857142857,0.2857142857142857
clintox:314,314,[NH3+]C(CO)(CO)CO,0.35714285714285715,0.35714285714285715
clintox:315,315,OCC(O)CO,1.0,1.0
clintox:316,316,O=[N+]([O-])OCC(CO[N+](=O)[O-])O[N+](=O)[O-],0.21739130434782608,0.21739130434782608
clintox:317,317,OCC(S)CS,1.0,1.0
clintox:318,318,FC(F)(F)C(F)(F)C(F)(F)F,0.2727272727272727,0.2727272727272727
clintox:319,319,FC(F)(F)C(Cl)Br,1.0,1.0
clintox:320,320,FC(F)OC(Cl)C(F)(F)F,0.35,0.35
clintox:321,321,FC(F)OC(F)C(F)(F)F,0.2608695652173913,0.2608695652173913
clintox:322,322,FC(F)=C(F)F,0.14285714285714285,0.14285714285714285
clintox:323,323,[NH3+]CC(=O)[O-],0.35,0.35
clintox:324,324,O=C([O-])CC(O)(CC(=O)[O-])C(=O)[O-],0.8888888888888888,0.8888888888888888
clintox:325,325,FC(F)OC(F)(F)C(F)Cl,0.2857142857142857,0.2857142857142857
clintox:326,326,O=C([O-])/C=C/C(=O)[O-],0.5,0.9090909090909091
clintox:327,327,NC(N)=[NH+]CCC[C@H]([NH3+])C(=O)[O-],0.2571428571428571,0.2571428571428571
clintox:328,328,NCC[NH2+]CCNCC[NH2+]CCN,0.42105263157894735,0.42105263157894735
clintox:329,329,[NH3+]CCC(O)(P(=O)([O-])[O-])P(=O)([O-])[O-],0.32142857142857145,0.32142857142857145
clintox:330,330,[NH3+]CCC[NH2+]CCSP(=O)([O-])[O-],0.2727272727272727,0.2727272727272727
clintox:331,331,[NH3+]CCCC([NH3+])(C(=O)[O-])C(F)F,0.275,0.275
clintox:332,332,[NH3+]CCCC(O)(P(=O)([O-])[O-])P(=O)([O-])[O-],0.36666666666666664,0.36666666666666664
clintox:333,333,O=C([O-])CCC(=O)[O-],0.5294117647058824,0.5294117647058824
clintox:334,334,[NH3+]CC(=O)CCC(=O)[O-],0.375,0.375
clintox:335,335,O=C([O-])CCCO,0.9375,0.9375
clintox:336,336,NC(=O)CC[C@H]([NH3+])C(=O)[O-],0.42857142857142855,0.42857142857142855
clintox:337,337,[NH3+][C@@H](CCC(=O)N[C@@H](CSSC[C@H](NC(=O)CC[C@H]([NH3+])C(=O)[O-])C(=O)NCC(=O)[O-])C(=O)NCC(=O)[O-])C(=O)[O-],0.5208333333333334,0.5208333333333334
clintox:338,338,[NH3+]CCCCCC(=O)[O-],0.5483870967741935,0.5483870967741935
clintox:339,339,O=C([O-])CCCCCCCC(=O)[O-],0.6111111111111112,0.6111111111111112
clintox:340,340,O=C([O-])CN(CC[NH+](CC(=O)[O-])CC(=O)[O-])CC(=O)[O-],0.4117647058823529,0.4117647058823529
clintox:341,341,O=C([O-])CN(CC[NH+](CC(=O)[O-])CC(=O)[O-])CC[NH+](CC(=O)[O-])CC(=O)[O-],0.4117647058823529,0.4117647058823529
clintox:342,342,NCC[NH2+]CCNCC[NH3+],0.3333333333333333,0.3333333333333333
clintox:343,343,O=S(=O)([O-])CCS,0.9333333333333333,0.9333333333333333
clintox:344,344,[NH3+]CCS,0.3333333333333333,0.3333333333333333
clintox:345,345,O=C([O-])[O-],0.4166666666666667,0.4166666666666667
clintox:346,346,O=C([O-])P(=O)([O-])[O-],0.9166666666666666,0.9166666666666666
clintox:347,347,NC(N)=O,1.0,1.0
clintox:348,348,NC(=O)NO,1.0,1.0
clintox:349,349,FCOC(C(F)(F)F)C(F)(F)F,1.0,1.0
clintox:350,350,C/C(=N\O)[C@@H](C)[NH2+]CC(C)(C)C[NH2+][C@H](C)/C(C)=N/O,0.26666666666666666,0.26666666666666666
clintox:351,351,C[N+](C)(C)C[C@H](O)CC(=O)[O-],0.9047619047619048,1.0
clintox:352,352,C[N+](C)(C)CC(=O)[O-],0.9375,0.9375
clintox:353,353,C=CC[NH2+]CCCCCC[N+](C)(C)C,0.44,0.44
clintox:354,354,C[N+](C)(C)CCCCCCCCCC[N+](C)(C)C,0.9166666666666666,0.9166666666666666
clintox:355,355,C[N+](C)(C)CCOC(=O)CCC(=O)OCC[N+](C)(C)C,0.782608695652174,0.782608695652174
clintox:356,356,C[N+](C)(C)CCOC(N)=O,1.0,1.0
clintox:357,357,C[NH+](CCCl)CCCl,0.2631578947368421,0.2631578947368421
clintox:358,358,C[NH2+]C[C@H](O)[C@@H](O)[C@H](O)[C@H](O)CO,0.5652173913043478,0.5789473684210527
clintox:359,359,CC(O)C(=O)[O-],0.9230769230769231,0.9230769230769231
clintox:360,360,CC(S)C(=O)NCC(=O)[O-],0.6538461538461539,0.6538461538461539
clintox:361,361,CC(C)(S)[C@@H]([NH3+])C(=O)[O-],0.3333333333333333,0.3333333333333333
clintox:362,362,CC(C)(CO)[C@@H](O)C(=O)NCCC(=O)[O-],0.7352941176470589,0.9666666666666667
clintox:363,363,CC(C)(CO)[C@@H](O)C(=O)NCCCO,1.0,1.0
clintox:364,364,CC(C)C[C@H](C[NH3+])CC(=O)[O-],0.41935483870967744,0.41935483870967744
clintox:365,365,CC(C)O,0.45454545454545453,0.45454545454545453
clintox:366,366,CC(C)OP(=O)(F)OC(C)C,1.0,1.0
clintox:367,367,CC(=O)OC(C)C[N+](C)(C)C,0.9545454545454546,1.0
clintox:368,368,CC(C[N+](C)(C)C)OC(N)=O,0.9565217391304348,1.0
clintox:369,369,CC(O)(P(=O)([O-])[O-])P(=O)([O-])[O-],0.5789473684210527,0.5789473684210527
clintox:370,370,CC(=O)[O-],0.5,0.5
clintox:371,371,CC(=O)N(O)CCCCCNC(=O)CCC(=O)N(O)CCCCCNC(=O)CCC(=O)N(O)CCCCC[NH3+],0.7560975609756098,0.7560975609756098
clintox:372,372,CC(=O)N[C@@H](CS)C(=O)[O-],0.6538461538461539,0.6538461538461539
clintox:373,373,CC(=O)NCCCS(=O)(=O)[O-],0.9583333333333334,0.9583333333333334
clintox:374,374,CC(=O)NO,1.0,1.0
clintox:375,375,CC(=O)OCC[N+](C)(C)C,1.0,1.0
clintox:376,376,CC[C@@H](CO)NCC[NH2+][C@@H](CC)CO,0.5925925925925926,0.5925925925925926
clintox:377,377,C#CC(O)(/C=C/Cl)CC,0.4074074074074074,0.4074074074074074
clintox:378,378,CCC(C)C(C)(COC(N)=O)COC(N)=O,0.45,0.45
clintox:379,379,C=CC([NH3+])CCC(=O)[O-],0.375,0.375
clintox:380,380,CCCC(C)(COC(N)=O)COC(N)=O,0.696969696969697,0.696969696969697
clintox:381,381,CCCC(C)(COC(N)=O)COC(=O)NC(C)C,1.0,1.0
clintox:382,382,CCCC(CCC)C(=O)[O-],0.9444444444444444,0.9444444444444444
clintox:383,383,CCCCC[NH+](C)CCC(O)(P(=O)([O-])[O-])P(=O)([O-])[O-],0.3695652173913043,0.3695652173913043
clintox:384,384,CCCCCCCC(=O)OCC(O)CO,1.0,1.0
clintox:385,385,CCCCCCCC/C=C\CCCCCCCC(=O)[O-],0.6785714285714286,0.8
clintox:386,386,CCCCCCCCCCCCCC(=O)OC[C@H](COP(=O)([O-])OCC[N+](C)(C)C)OC(=O)CCCCCCCCCCCCC,0.78,0.78
clintox:387,387,CCCCCCCCCCCCCCCC(=O)OCC(COP(=O)([O-])OCC[N+](C)(C)C)OC(=O)CCCCCCCCCCCCCCC,0.78,0.78
clintox:388,388,CCCCCCCCCCCCCCCCCCCCCCO,1.0,1.0
clintox:389,389,CCCCCCCCCCCCCCCCO,1.0,1.0
clintox:390,390,CCCCCCCCCCCCCCOS(=O)(=O)[O-],0.44,0.44
clintox:391,391,CCCCCCCCCCCCOCCOCCOCCOCCOCCOCCOCCOCCOCCO,0.5172413793103449,0.5172413793103449
clintox:392,392,CCCCCCOC(=O)CCC(=O)C[NH3+],0.5806451612903226,0.5806451612903226
clintox:393,393,CCN(CC)C(=S)SSC(=S)N(CC)CC,1.0,1.0
clintox:394,394,CCO,0.35714285714285715,0.35714285714285715
clintox:395,395,CCOC(=O)CC(SP(=S)(OC)OC)C(=O)OCC,1.0,1.0
clintox:396,396,CCOCCP(CCOCC)CCP(CCOCC)CCOCC,0.25925925925925924,0.25925925925925924
clintox:397,397,CCOP(=O)(OCC)SCC[N+](C)(C)C,0.3333333333333333,0.3333333333333333
clintox:398,398,Cl[201Tl],0.16666666666666666,0.16666666666666666
clintox:399,399,Cl[Cr](Cl)Cl,0.14285714285714285,0.14285714285714285
clintox:400,400,Cl[Cu]Cl,0.14285714285714285,0.14285714285714285
clintox:401,401,Cl[Mn]Cl,0.14285714285714285,0.14285714285714285
clintox:402,402,Cl[Zn]Cl,0.14285714285714285,0.14285714285714285
clintox:403,403,CN(C)C(=[NH2+])NC(N)=[NH2+],0.34615384615384615,0.34615384615384615
clintox:404,404,CNC(=O)CN(CCN(CC[NH+](CC(=O)[O-])CC(=O)NC)CC(=O)[O-])CC(=O)[O-],0.6666666666666666,0.6666666666666666
clintox:405,405,CO[Si](C)(C)O[Si](C)(C)C,0.6428571428571429,0.6428571428571429
clintox:406,406,COC(F)(F)C(Cl)Cl,0.3,0.3
clintox:407,407,COC(CNC(N)=O)C[Hg]Cl,0.37142857142857144,0.37142857142857144
clintox:408,408,COC(=O)CCC(=O)C[NH3+],0.65,0.65
clintox:409,409,COCCNC(=O)CN(CCN(CC[NH+](CC(=O)[O-])CC(=O)NCCOC)CC(=O)[O-])CC(=O)[O-],0.425531914893617,0.425531914893617
clintox:410,410,COCCO,0.30434782608695654,0.30434782608695654
clintox:411,411,CS(C)=O,0.2222222222222222,0.2222222222222222
clintox:412,412,II,0.2,0.2
clintox:413,413,O=N[O-],0.17647058823529413,0.17647058823529413
clintox:414,414,O=[32P]([O-])([O-])O,0.42857142857142855,0.42857142857142855
clintox:415,415,O=[Al]O[Al]=O,0.14285714285714285,0.14285714285714285
clintox:416,416,O=[Si](O)O,1.0,1.0
clintox:417,417,O=[Ti]=O,0.1111111111111111,0.1111111111111111
clintox:418,418,O=[Zn],0.125,0.125
clintox:419,419,[O-][Cl+3]([O-])([O-])O,0.16666666666666666,0.16666666666666666
clintox:420,420,S=[Se]=S,0.07692307692307693,0.07692307692307693
clintox:421,421,C[C@@H]1C[C@H]2[C@@H]3C[C@H](F)C4=CC(=O)C=C[C@]4(C)[C@@]3(F)[C@@H](O)C[C@]2(C)[C@@]1(O)C(=O)COC(=O)C(C)(C)C,0.4819277108433735,1.0
clintox:422,422,C[C@@H]1C[C@H]2[C@@H]3C[C@H](F)C4=CC(=O)C=C[C@]4(C)[C@@]3(Cl)[C@@H](O)C[C@]2(C)[C@H]1C(=O)COC(=O)C(C)(C)C,0.40229885057471265,0.5512820512820513
clintox:423,423,CC(=O)OCC(=O)[C@@]1(O)[C@H](C)C[C@H]2[C@@H]3C[C@H](F)C4=CC(=O)C=C[C@]4(C)[C@H]3[C@@H](O)C[C@@]21C,0.3953488372093023,0.5526315789473685
clintox:424,424,C[C@@H]1C[C@H]2[C@@H]3CCC4=CC(=O)C=C[C@]4(C)[C@@]3(F)[C@@H](O)C[C@]2(C)[C@@]1(O)C(=O)CO,0.4657534246575342,1.0
clintox:425,425,C[C@@H]1C[C@H]2[C@@H]3CCC4=CC(=O)C=C[C@]4(C)[C@@]3(F)[C@@H](O)C[C@]2(C)[C@@]1(O)C(=O)COP(=O)([O-])[O-],0.5185185185185185,1.0
clintox:426,426,C[C@@H]1C[C@H]2[C@@H]3CCC4=CC(=O)C=C[C@]4(C)[C@@]3(F)[C@@H](O)C[C@]2(C)[C@H]1C(=O)CO,0.5217391304347826,1.0
clintox:427,427,C[C@]12C=CC(=O)C=C1CC[C@H]1[C@@H]3C[C@@H](O)[C@](O)(C(=O)CO)[C@@]3(C)C[C@H](O)[C@@]12F,0.4647887323943662,1.0
clintox:428,428,C[C@]12C=CC(=O)C=C1[C@@H](F)C[C@@H]1[C@@H]2[C@@H](O)C[C@@]2(C)[C@H]1CC[C@]2(O)C(=O)CO,0.45348837209302323,0.8135593220338984
clintox:429,429,C[C@]12C=CC(=O)C=C1CC[C@@H]1[C@@H]2[C@@H](O)C[C@@]2(C)[C@H]1CC[C@]2(O)C(=O)CO,0.6266666666666667,1.0
clintox:430,430,CC(C)(C)CC(=O)OCC(=O)[C@@]1(O)CC[C@H]2[C@@H]3CCC4=CC(=O)C=C[C@]4(C)[C@H]3[C@@H](O)C[C@@]21C,0.65,0.8
clintox:431,431,CC(=O)OCC(=O)[C@@]1(OC(C)=O)[C@@H](C)C[C@H]2[C@@H]3C[C@H](F)C4=CC(=O)C=C[C@]4(C)[C@@]3(F)[C@@H](O)C[C@@]21C,0.4578313253012048,1.0
clintox:432,432,CC(=O)[C@@]1(O)CC[C@H]2[C@@H]3C[C@H](C)C4=CC(=O)C=C[C@]4(C)[C@@]3(F)[C@@H](O)C[C@@]21C,0.4166666666666667,1.0
clintox:433,433,CC(=O)O[C@]1(C(C)=O)CC[C@H]2[C@@H]3C[C@H](C)C4=CC(=O)C=C[C@]4(C)[C@@]3(F)[C@@H](O)C[C@@]21C,0.37662337662337664,0.7377049180327869
clintox:434,434,C[C@H]1C[C@@H]2[C@H]([C@@H](O)C[C@@]3(C)[C@H]2CC[C@]3(O)C(=O)CO)[C@@]2(C)C=CC(=O)C=C12,0.4588235294117647,1.0
clintox:435,435,C[C@H]1C[C@@H]2[C@H]([C@@H](O)C[C@@]3(C)[C@H]2CC[C@]3(O)C(=O)COC(=O)CCC(=O)[O-])[C@@]2(C)C=CC(=O)C=C12,0.5176470588235295,0.9846153846153847
clintox:436,436,C[C@H]1C[C@H]2[C@@H]3CCC4=CC(=O)C=C[C@]4(C)[C@@]3(F)[C@@H](O)C[C@]2(C)[C@@]1(O)C(=O)CO,0.4657534246575342,1.0
clintox:437,437,CC(=O)OCC(=O)[C@@]1(O)[C@@H](C)C[C@H]2[C@@H]3CCC4=CC(=O)C=C[C@]4(C)[C@@]3(F)[C@@H](O)C[C@@]21C,0.5064935064935064,1.0
clintox:438,438,CCC(=O)[C@@]1(C)[C@H](C)CC2C3CCC4=CC(=O)C=C[C@]4(C)C3[C@@H](O)C[C@@]21C,0.41379310344827586,0.609375
clintox:439,439,CCC(=O)O[C@]1(C(=O)SCF)[C@H](C)C[C@H]2[C@@H]3C[C@H](F)C4=CC(=O)C=C[C@]4(C)[C@@]3(F)[C@@H](O)C[C@@]21C,0.4823529411764706,1.0
clintox:440,440,CCC(=O)O[C@]1(C(=O)CCl)[C@@H](C)C[C@H]2[C@@H]3CCC4=CC(=O)C=C[C@]4(C)[C@@]3(F)[C@@H](O)C[C@@]21C,0.5,1.0
clintox:441,441,CCC(=O)O[C@]1(C(=O)CCl)[C@@H](C)CC2C3C[C@H](F)C4=CC(=O)C=CC4(C)[C@@]3(F)C(O)CC21C,0.5641025641025641,0.7746478873239436
clintox:442,442,CCC(=O)OCC(=O)[C@@]1(OC(=O)CC)[C@H](C)C[C@H]2[C@H]3[C@H]([C@@H](O)C[C@@]21C)[C@@]1(C)C=CC(=O)C=C1C[C@H]3Cl,0.42696629213483145,0.5875
clintox:443,443,CCC(=O)OCC(=O)[C@@]1(OC(=O)CC)[C@@H](C)C[C@H]2[C@@H]3CCC4=CC(=O)C=C[C@]4(C)[C@@]3(Cl)[C@@H](O)C[C@@]21C,0.5,1.0
clintox:444,444,CCOC(=O)O[C@]1(C(=O)COC(=O)CC)CC[C@H]2[C@@H]3CCC4=CC(=O)C=C[C@]4(C)[C@H]3[C@@H](O)C[C@@]21C,0.5227272727272727,0.6233766233766234
clintox:445,445,CCCC(=O)O[C@]1(C(=O)COC(C)=O)CC[C@H]2[C@@H]3C[C@H](F)C4=CC(=O)C=C[C@]4(C)[C@@]3(F)[C@@H](O)C[C@@]21C,0.3956043956043956,0.6410256410256411
clintox:446,446,CCCCC(=O)O[C@]1(C(=O)CO)[C@@H](C)C[C@H]2[C@@H]3CCC4=CC(=O)C=C[C@]4(C)[C@@]3(F)[C@@H](O)C[C@@]21C,0.5238095238095238,1.0
clintox:447,447,CCOC(=O)O[C@]1(C(=O)OCCl)CC[C@H]2[C@@H]3CCC4=CC(=O)C=C[C@]4(C)[C@H]3[C@@H](O)C[C@@]21C,0.4777777777777778,0.5733333333333334
clintox:448,448,C[C@]12CC[C@H]3[C@@H](CCC4=CC(=O)CC[C@@]43C)[C@@H]1CC[C@@H]2O,0.4716981132075472,1.0
clintox:449,449,C#C[C@]1(O)CC[C@H]2[C@@H]3CCC4=CC(=O)CC[C@@H]4[C@H]3CC[C@@]21C,0.5172413793103449,1.0
clintox:450,450,C[C@]1(O)CC[C@H]2[C@@H]3CCC4=CC(=O)CC[C@]4(C)[C@@]3(F)[C@@H](O)C[C@@]21C,0.3561643835616438,0.6666666666666666
clintox:451,451,C[C@]12CCC(=O)C=C1CC[C@@H]1[C@@H]2[C@@H](O)C[C@@]2(C)[C@H]1CC[C@]2(O)C(=O)CO,0.4925373134328358,1.0
clintox:452,452,C[C@]12CCC(=O)C=C1CC[C@@H]1[C@@H]2[C@@H](O)C[C@@]2(C)[C@H]1CC[C@]2(O)C(=O)COC(=O)CCC(=O)[O-],0.48314606741573035,0.8615384615384616
clintox:453,453,C[C@]12CCC(=O)C=C1CC[C@@H]1[C@@H]2[C@@H](O)C[C@@]2(C)[C@H]1CC[C@]2(O)C(=O)COP(=O)([O-])[O-],0.5061728395061729,0.90625
clintox:454,454,C[C@]12CCC(=O)C=C1CC[C@@H]1[C@@H]2CC[C@@]2(C)[C@H]1CC[C@]2(C)O,0.45454545454545453,0.7391304347826086
clintox:455,455,CC(=O)O[C@]1(C(C)=O)CC[C@H]2[C@@H]3C[C@H](C)C4=CC(=O)CC[C@]4(C)[C@H]3CC[C@@]21C,0.4411764705882353,1.0
clintox:456,456,CC(=O)[C@H]1CC[C@H]2[C@@H]3C[C@H](C)C4=CC(=O)CC[C@]4(C)[C@H]3[C@@H](O)C[C@]12C,0.42028985507246375,1.0
clintox:457,457,CC(=O)[C@H]1CC[C@H]2[C@@H]3CCC4=CC(=O)CC[C@]4(C)[C@H]3CC[C@]12C,0.47368421052631576,1.0
clintox:458,458,C#C[C@]1(OC(C)=O)CC[C@H]2[C@@H]3CCC4=CC(=O)CC[C@@H]4[C@H]3CC[C@@]21C,0.5151515151515151,1.0
clintox:459,459,CC(=O)OCC(=O)[C@@]1(O)CC[C@H]2[C@@H]3CCC4=CC(=O)CC[C@]4(C)[C@@]3(F)[C@@H](O)C[C@@]21C,0.5294117647058824,1.0
clintox:460,460,CC(=O)OCC(=O)[C@@]1(O)CC[C@H]2[C@@H]3CCC4=CC(=O)CC[C@]4(C)[C@H]3[C@@H](O)C[C@@]21C,0.5757575757575758,1.0
clintox:461,461,CC(=O)OCC(=O)[C@H]1CC[C@H]2[C@@H]3CCC4=CC(=O)CC[C@]4(C)[C@H]3CC[C@]12C,0.5384615384615384,1.0
clintox:462,462,CC(C)(C)C(=O)OCC(=O)C1CCC2C3CCC4=CC(=O)CCC4(C)C3CCC12C,0.8070175438596491,0.8070175438596491
clintox:463,463,C#C[C@]1(O)CC[C@H]2[C@@H]3CCC4=CC(=O)CC[C@@H]4[C@H]3CC[C@@]21CC,0.49206349206349204,1.0
clintox:464,464,CC[NH+](CC)CC(=O)OCC(=O)[C@@]1(O)CC[C@H]2[C@@H]3CCC4=CC(=O)CC[C@]4(C)[C@H]3[C@@H](O)C[C@@]21C,0.46153846153846156,0.7727272727272727
clintox:465,465,CCC(=O)O[C@H]1CC[C@H]2[C@@H]3CCC4=CC(=O)CC[C@]4(C)[C@H]3CC[C@]12C,0.5238095238095238,1.0
clintox:466,466,CCCC(=O)O[C@]1(C(=O)CO)CC[C@H]2[C@@H]3CCC4=CC(=O)CC[C@]4(C)[C@H]3[C@@H](O)C[C@@]21C,0.5324675324675324,1.0
clintox:467,467,CCCC(=O)O[C@]1(C(=O)COC(=O)CC)CC[C@H]2[C@@H]3CCC4=CC(=O)CC[C@]4(C)[C@H]3[C@@H](O)C[C@@]21C,0.4523809523809524,0.8208955223880597
clintox:468,468,CCCCC(=O)O[C@]1(C(=O)CO)CC[C@H]2[C@@H]3CCC4=CC(=O)CC[C@]4(C)[C@H]3[C@@H](O)C[C@@]21C,0.5512820512820513,1.0
clintox:469,469,CCCCCC(=O)O[C@]1(C(C)=O)CC[C@H]2[C@@H]3CCC4=CC(=O)CC[C@]4(C)[C@H]3CC[C@@]21C,0.5571428571428572,1.0
clintox:470,470,CCCCCCC(=O)O[C@H]1CC[C@H]2[C@@H]3CCC4=CC(=O)CC[C@]4(C)[C@H]3CC[C@]12C,0.47297297297297297,0.7894736842105263
clintox:471,471,CCCCCCCCCC(=O)O[C@H]1CC[C@H]2[C@@H]3CCC4=CC(=O)CC[C@@H]4[C@H]3CC[C@]12C,0.3974358974358974,0.5285714285714286
clintox:472,472,Oc1c(Cl)cc(Cl)c(Cl)c1Cc1c(O)c(Cl)cc(Cl)c1Cl,1.0,1.0
clintox:473,473,Clc1ccc(C(c2ccccc2Cl)C(Cl)Cl)cc1,1.0,1.0
clintox:474,474,NC(=O)C[S@@](=O)C(c1ccccc1)c1ccccc1,1.0,1.0
clintox:475,475,NC(=O)CS(=O)C(c1ccccc1)c1ccccc1,1.0,1.0
clintox:476,476,C[NH+](C)CCC(O)(c1ccccc1)c1ccccc1Cl,0.4,0.4
clintox:477,477,C[NH+](C)CCOC(c1ccccc1)c1ccccc1,0.5454545454545454,0.5454545454545454
clintox:478,478,CC(C)[N+](C)(CCC(C(N)=O)(c1ccccc1)c1ccccc1)C(C)C,0.9705882352941176,0.9705882352941176
clintox:479,479,CC(C)C(=O)Oc1ccc(CO)cc1[C@H](CC[NH+](C(C)C)C(C)C)c1ccccc1,0.6166666666666667,0.6440677966101694
clintox:480,480,Cc1ccc(O)c([C@H](CC[NH+](C(C)C)C(C)C)c2ccccc2)c1,0.43859649122807015,0.43859649122807015
clintox:481,481,Cc1ccccc1C(OCC[NH+](C)C)c1ccccc1,0.4807692307692308,0.4807692307692308
clintox:482,482,CC[C@H](OC(C)=O)C(C[C@H](C)[NH+](C)C)(c1ccccc1)c1ccccc1,0.3191489361702128,0.3191489361702128
clintox:483,483,CCC(=O)C(CC(C)[NH+](C)C)(c1ccccc1)c1ccccc1,0.40425531914893614,0.40425531914893614
clintox:484,484,Nc1ncnc2c1ncn2[C@@H]1O[C@H](CO)[C@@H](O)[C@H]1O,1.0,1.0
clintox:485,485,Nc1ncnc2c1ncn2[C@@H]1O[C@H](CO)[C@@H](O)[C@@H]1O,1.0,1.0
clintox:486,486,Nc1nc(Cl)nc2c1ncn2[C@@H]1O[C@H](CO)[C@@H](O)[C@@H]1F,0.8125,0.8125
clintox:487,487,Nc1nc(F)nc2c1ncn2[C@@H]1O[C@H](CO)[C@@H](O)[C@@H]1O,0.9534883720930233,1.0
clintox:488,488,Nc1nc(F)nc2c1ncn2[C@@H]1O[C@H](COP(=O)(O)O)[C@@H](O)[C@@H]1O,1.0,1.0
clintox:489,489,Nc1nc(Cl)nc2c1ncn2[C@@H]1O[C@H](CO)[C@@H](O)[C@@H]1F,0.8125,0.8125
clintox:490,490,Nc1nc(F)nc2c1ncn2[C@@H]1O[C@H](COP(=O)([O-])[O-])[C@@H](O)[C@@H]1O,0.8363636363636363,0.8363636363636363
clintox:491,491,Nc1nc(Cl)nc2c1ncn2[C@H]1C[C@H](O)[C@@H](CO)O1,1.0,1.0
clintox:492,492,COc1nc(N)nc2c1ncn2[C@@H]1O[C@H](CO)[C@@H](O)[C@@H]1O,1.0,1.0
clintox:493,493,COc1ccc2c(c1)N(C[C@H](C)C[NH+](C)C)c1ccccc1S2,0.4489795918367347,0.4489795918367347
clintox:494,494,C[NH+](C)CCCN1c2ccccc2Sc2ccc(C(F)(F)F)cc21,0.6938775510204082,0.6938775510204082
clintox:495,495,C[NH+](C)CCCN1c2ccccc2Sc2ccc(Cl)cc21,0.6739130434782609,0.6739130434782609
clintox:496,496,C[NH+](C)CCCN1c2ccccc2Sc2ccccc21,0.5945945945945946,0.5945945945945946
clintox:497,497,CC(CN1c2ccccc2Sc2ccccc21)[NH+](C)C,0.5945945945945946,0.5945945945945946
clintox:498,498,CC(CN1c2ccccc2Sc2ccccc21)C[NH+](C)C,0.5641025641025641,0.5641025641025641
clintox:499,499,CC[NH+](CC)C(C)CN1c2ccccc2Sc2ccccc21,0.575,0.575
clintox:500,500,CCC(=O)c1ccc2c(c1)N(CC(C)[NH+](C)C)c1ccccc1S2,0.4423076923076923,0.4423076923076923
clintox:501,501,COc1ccc2cc([C@H](C)C(=O)OCCCCO[N+](=O)[O-])ccc2c1,0.46938775510204084,0.5319148936170213
clintox:502,502,COc1ccc2cc([C@H](C)C(=O)[O-])ccc2c1,0.6388888888888888,0.7352941176470589
clintox:503,503,C[NH+](C/C=C/C#CC(C)(C)C)Cc1cccc2ccccc12,0.46296296296296297,0.58
clintox:504,504,CC(C)[NH2+]CC(O)COc1cccc2ccccc12,0.6136363636363636,0.6136363636363636
clintox:505,505,CC(C)NCC(O)COc1cccc2ccccc12,0.9722222222222222,0.9722222222222222
clintox:506,506,COc1ccc2cc(CCC(C)=O)ccc2c1,1.0,1.0
clintox:507,507,Cc1cc(OP(=O)([O-])[O-])c2ccccc2c1OP(=O)([O-])[O-],0.3181818181818182,0.3181818181818182
clintox:508,508,CN(C)c1cccc2cc(S(=O)(=O)[O-])ccc12,0.34615384615384615,0.34615384615384615
clintox:509,509,O=C1Nc2ccc(Cl)cc2C(c2ccccc2Cl)=NC1O,0.6666666666666666,0.6666666666666666
clintox:510,510,O=C1CN=C(c2ccccc2Cl)c2cc([N+](=O)[O-])ccc2N1,0.5283018867924528,0.5283018867924528
clintox:511,511,O=C([O-])C1N=C(c2ccccc2)c2cc(Cl)ccc2NC1=O,0.4915254237288136,0.4915254237288136
clintox:512,512,O=C1Nc2ccc(Cl)cc2C(c2ccccc2)=NC1O,0.5918367346938775,0.5918367346938775
clintox:513,513,O=C1CN=C(c2ccccc2)c2cc(Cl)ccc2N1CC(F)(F)F,0.5384615384615384,0.5384615384615384
clintox:514,514,CC[NH+](CC)CCN1C(=O)CN=C(c2ccccc2F)c2cc(Cl)ccc21,0.4594594594594595,0.4594594594594595
clintox:515,515,CN1C(=O)C(O)N=C(c2ccccc2)c2cc(Cl)ccc21,1.0,1.0
clintox:516,516,CN1C(=O)CN=C(c2ccccc2)c2cc(Cl)ccc21,0.85,0.85
clintox:517,517,Nc1c(CC(=O)[O-])cccc1C(=O)c1ccc(Br)cc1,0.5714285714285714,0.5714285714285714
clintox:518,518,NC(=O)Cc1cccc(C(=O)c2ccccc2)c1N,1.0,1.0
clintox:519,519,CC(C)(Oc1ccc(C(=O)c2ccc(Cl)cc2)cc1)C(=O)[O-],0.7428571428571429,0.7428571428571429
clintox:520,520,CC(C)(Oc1ccc(C(=O)c2ccc(Cl)cc2)cc1)C(=O)NCCS(=O)(=O)[O-],0.5531914893617021,0.5531914893617021
clintox:521,521,CC(C)OC(=O)C(C)(C)Oc1ccc(C(=O)c2ccc(Cl)cc2)cc1,1.0,1.0
clintox:522,522,CC(C(=O)[O-])c1cccc(C(=O)c2ccccc2)c1,0.7575757575757576,0.7575757575757576
clintox:523,523,Cc1ccc(C(=O)c2cc(O)c([O-])c([N+](=O)[O-])c2)cc1,0.47058823529411764,0.47058823529411764
clintox:524,524,COc1ccc(C(=O)c2ccccc2)c(O)c1,1.0,1.0
clintox:525,525,Cl[C@H]1[C@H](Cl)[C@@H](Cl)[C@@H](Cl)[C@H](Cl)[C@H]1Cl,1.0,1.0
clintox:526,526,C#CC1(OC(N)=O)CCCCC1,0.2972972972972973,0.2972972972972973
clintox:527,527,[NH3+]C[C@H]1CC[C@H](C(=O)[O-])CC1,0.36666666666666664,0.36666666666666664
clintox:528,528,N[C@@H]1CCCC[C@H]1[NH3+],0.30434782608695654,0.34375
clintox:529,529,[NH3+]CC1(CC(=O)[O-])CCCCC1,0.40625,0.40625
clintox:530,530,O=NN(CCCl)C(=O)NC1CCCCC1,1.0,1.0
clintox:531,531,CC(C)[C@@H]1CC[C@@H](C)C[C@H]1O,0.4482758620689655,1.0
clintox:532,532,CC(OC(=O)NCC1(CC(=O)[O-])CCCCC1)OC(=O)C(C)C,0.3191489361702128,0.3191489361702128
clintox:533,533,C=CCC1(CC(C)C)C(=O)NC(=O)NC1=O,0.41935483870967744,0.41935483870967744
clintox:534,534,C=CCC1(C(C)C#CCC)C(=O)NC(=O)N(C)C1=O,0.35714285714285715,0.35714285714285715
clintox:535,535,CCC(C)C1(CC)C(=O)NC(=O)NC1=O,0.48148148148148145,0.48148148148148145
clintox:536,536,C=CCC1(C(C)CC)C(=O)NC(=O)NC1=O,0.4666666666666667,0.4666666666666667
clintox:537,537,CCC1(CC)C(=O)NC(=O)N(C)C1=O,0.5,0.5
clintox:538,538,CCCC(C)C1(CC)C(=O)NC(=O)NC1=O,0.5675675675675675,0.5675675675675675
clintox:539,539,C=CCC1(C(C)CCC)C(=O)NC(=O)NC1=O,0.6190476190476191,0.6190476190476191
clintox:540,540,C[NH+](C)CC[C@@H](c1ccc(Br)cc1)c1ccccn1,0.5294117647058824,0.56
clintox:541,541,C[NH+](C)CCC(c1ccc(Br)cc1)c1ccccn1,0.56,0.56
clintox:542,542,C[NH+](C)CCC(c1ccc(Cl)cc1)c1ccccn1,0.56,0.56
clintox:543,543,C[NH+](C)CCC(c1ccccc1)c1ccccn1,0.5111111111111111,0.5111111111111111
clintox:544,544,C[NH+](C)CCOC(c1ccc(Cl)cc1)c1ccccn1,0.5740740740740741,0.5740740740740741
clintox:545,545,CC(C)[NH+](CCC(C(N)=O)(c1ccccc1)c1ccccn1)C(C)C,0.6226415094339622,0.6226415094339622
clintox:546,546,C[NH+](C)CCOC(C)(c1ccccc1)c1ccccn1,0.5625,0.5625
clintox:547,547,COc1cccc2c1C(=O)c1c([O-])c3c(c([O-])c1C2=O)C[C@@](O)(C(=O)CO)C[C@@H]3O[C@H]1C[C@H]([NH3+])[C@@H](O)[C@H](C)O1,0.7073170731707317,0.6823529411764706
clintox:548,548,COc1cccc2c1C(=O)c1c(O)c3c(c(O)c1C2=O)C[C@@](O)(C(C)=O)C[C@@H]3O[C@H]1C[C@H](N)[C@H](O)[C@H](C)O1.Cl,0.9855072463768116,1.0
clintox:549,549,COc1cccc2c1C(=O)c1c(O)c3c(c(O)c1C2=O)C[C@@](O)(C(=O)CO)C[C@@H]3O[C@H]1C[C@H](N)[C@H](O)[C@H](C)O1.Cl,0.9861111111111112,1.0
clintox:550,550,COc1cccc2c1C(=O)c1c([O-])c3c(c([O-])c1C2=O)C[C@@](O)(C(C)=O)C[C@@H]3O[C@H]1C[C@H]([NH3+])[C@H](O)[C@H](C)O1,0.6962025316455697,0.6707317073170732
clintox:551,551,COc1cccc2c1C(=O)c1c([O-])c3c(c([O-])c1C2=O)C[C@@](O)(C(=O)CO)C[C@@H]3O[C@H]1C[C@H]([NH3+])[C@H](O)[C@H](C)O1,0.7073170731707317,0.6823529411764706
clintox:552,552,CC(=O)[C@]1(O)Cc2c([O-])c3c(c([O-])c2[C@@H](O[C@H]2C[C@H]([NH3+])[C@H](O)[C@H](C)O2)C1)C(=O)c1ccccc1C3=O,0.5555555555555556,0.5555555555555556
clintox:553,553,CCCCC(=O)OCC(=O)[C@]1(O)Cc2c([O-])c3c(c([O-])c2[C@@H](OC2CC(NC(=O)C(F)(F)F)C(O)C(C)O2)C1)C(=O)c1c(OC)cccc1C3=O,0.6792452830188679,0.8541666666666666
clintox:554,554,CC1(C)O[C@@H]2C[C@H]3[C@@H]4C[C@H](F)C5=CC(=O)C=C[C@]5(C)[C@@]4(F)[C@@H](O)C[C@]3(C)[C@]2(C(=O)CO)O1,0.4268292682926829,1.0
clintox:555,555,CC1(C)O[C@@H]2C[C@H]3[C@@H]4CCC5=CC(=O)C=C[C@]5(C)[C@@]4(F)[C@@H](O)C[C@]3(C)[C@]2(C(=O)CO)O1,0.4625,1.0
clintox:556,556,CC(C)(C)CC(=O)OCC(=O)[C@@]12OC(C)(C)O[C@@H]1C[C@H]1[C@@H]3CCC4=CC(=O)C=C[C@]4(C)[C@@]3(F)[C@@H](O)C[C@@]12C,0.37755102040816324,0.7534246575342466
clintox:557,557,CC1(C)O[C@@H]2C[C@H]3[C@@H]4C[C@H](F)C5=CC(=O)C=C[C@]5(C)[C@H]4[C@@H](O)C[C@]3(C)[C@]2(C(=O)CO)O1,0.42168674698795183,1.0
clintox:558,558,CC1(C)O[C@@H]2C[C@H]3[C@@H]4CCC5=CC(=O)C=C[C@]5(C)[C@H]4[C@@H](O)C[C@]3(C)[C@]2(C(=O)CO)O1,0.46835443037974683,1.0
clintox:559,559,CC(=O)OCC(=O)[C@@]12OC(C)(C)O[C@@H]1C[C@H]1[C@@H]3C[C@H](F)C4=CC(=O)C=C[C@]4(C)[C@@]3(F)[C@@H](O)C[C@@]12C,0.45977011494252873,1.0
clintox:560,560,CCCC1O[C@@H]2C[C@H]3[C@@H]4CCC5=CC(=O)C=C[C@]5(C)[C@H]4[C@@H](O)C[C@]3(C)[C@]2(C(=O)CO)O1,0.5060240963855421,1.0
clintox:561,561,O=C([O-])c1cccnc1,0.6538461538461539,0.6538461538461539
clintox:562,562,NC(=O)c1cccnc1,1.0,1.0
clintox:563,563,O=P([O-])([O-])C(O)(Cc1cccnc1)P(=O)([O-])[O-],0.7297297297297297,0.7297297297297297
clintox:564,564,NNC(=O)c1ccncc1,1.0,1.0
clintox:565,565,CC(C)(C)[NH2+]CC(O)c1ccc(O)c(CO)n1,0.4473684210526316,0.4473684210526316
clintox:566,566,Cc1ncc(CO)c(CO)c1O,1.0,1.0
clintox:567,567,CCc1cc(C(N)=S)ccn1,1.0,1.0
clintox:568,568,CC1=C(/C=C/C(C)=C/C=C/C(C)=C/C(=O)[O-])C(C)(C)CCC1,0.8,0.8181818181818182
clintox:569,569,CC1=C(/C=C/C(C)=C/C=C/C(C)=C/CO)C(C)(C)CCC1,1.0,1.0
clintox:570,570,CC1=C(/C=C/C(C)=C/C=C/C(C)=C\C(=O)[O-])C(C)(C)CCC1,0.8043478260869565,0.8181818181818182
clintox:571,571,CC1=C(/C=C/C(C)=C\C=C\C(C)=C\C(=O)[O-])C(C)(C)CCC1,0.6078431372549019,0.8181818181818182
clintox:572,572,CCOC(=O)C1=C[C@@H](OC(CC)CC)[C@H](NC(C)=O)[C@@H]([NH3+])C1,0.6415094339622641,0.7755102040816326
clintox:573,573,CCCCCCCCCCCCCCCC(=O)OC/C=C(C)/C=C/C=C(C)/C=C/C1=C(C)CCCC1(C)C,0.5964912280701754,1.0
clintox:574,574,COCCOC(=O)C1=C(C)NC(C)=C(C(=O)OC(C)C)C1c1cccc([N+](=O)[O-])c1,1.0,1.0
clintox:575,575,COC(=O)C1=C(C)NC(C)=C(C(=O)OC)C1c1ccccc1[N+](=O)[O-],1.0,1.0
clintox:576,576,COC(=O)C1=C(C)NC(C)=C(C(=O)OCC(C)C)C1c1ccccc1[N+](=O)[O-],1.0,1.0
clintox:577,577,CCCC(=O)OCOC(=O)C1=C(C)NC(C)=C(C(=O)OC)C1c1cccc(Cl)c1Cl,0.78,0.78
clintox:578,578,CCOC(=O)C1=C(C)NC(C)=C(C(=O)OC)C1c1cccc(Cl)c1Cl,1.0,1.0
clintox:579,579,CCOC(=O)C1=C(COCC[NH3+])NC(C)=C(C(=O)OC)C1c1ccccc1Cl,0.734375,0.734375
clintox:580,580,C[NH+](C)CC(c1ccc(O)cc1)C1(O)CCCCC1,0.5434782608695652,0.5434782608695652
clintox:581,581,COc1ccc(C(C[NH+](C)C)C2(O)CCCCC2)cc1,0.6511627906976745,0.6511627906976745
clintox:582,582,CC[N+](C)(CC)CCOC(=O)C(O)(c1ccccc1)C1CCCCC1,0.9772727272727273,0.9772727272727273
clintox:583,583,CC[N+](CC)(CC)CCC(O)(c1ccccc1)C1CCCCC1,0.5555555555555556,0.5555555555555556
clintox:584,584,CC[NH+](CC)CC#CCOC(=O)C(O)(c1ccccc1)C1CCCCC1,0.6851851851851852,0.6851851851851852
clintox:585,585,COc1ccc(C(CN(C)C)C2(O)CCCCC2)cc1,0.9722222222222222,0.9722222222222222
clintox:586,586,C[C@]12CC[C@@H]3c4ccc(O)cc4C[C@@H](CCCCCCCCCS(=O)CCCC(F)(F)C(F)(F)F)[C@H]3[C@@H]1CC[C@@H]2O,1.0,1.0
clintox:587,587,C[C@]12CC[C@@H]3c4ccc(O)cc4CC[C@H]3[C@@H]1CC[C@@H]2O,0.5490196078431373,1.0
clintox:588,588,C[C@]12CC[C@@H]3c4ccc(OC(=O)N(CCCl)CCCl)cc4CC[C@H]3[C@@H]1CC[C@@H]2OP(=O)([O-])[O-],0.8636363636363636,0.8636363636363636
clintox:589,589,C#C[C@]1(O)CC[C@H]2[C@@H]3CCc4cc(O)ccc4[C@H]3CC[C@@]21C,0.543859649122807,1.0
clintox:590,590,C#C[C@]1(O)CC[C@H]2[C@@H]3CCc4cc(OC)ccc4[C@H]3CC[C@@]21C,0.5573770491803278,1.0
clintox:591,591,CCCCC(=O)O[C@H]1CC[C@H]2[C@@H]3CCc4cc(O)ccc4[C@H]3CC[C@]12C,0.6212121212121212,1.0
clintox:592,592,Nc1ccn([C@@H]2O[C@H](CO)[C@@H](O)[C@@H]2O)c(=O)n1,1.0,1.0
clintox:593,593,Nc1ccn([C@@H]2O[C@H](CO)[C@@H](O)C2(F)F)c(=O)n1,1.0,1.0
clintox:594,594,Cl.Nc1ccn([C@@H]2O[C@H](CO)[C@@H](O)C2(F)F)c(=O)n1,0.9761904761904762,1.0
clintox:595,595,Nc1ccn([C@H]2CC[C@@H](CO)O2)c(=O)n1,1.0,1.0
clintox:596,596,CCCCCOC(=O)Nc1nc(=O)n([C@@H]2O[C@H](C)[C@@H](O)[C@H]2O)cc1F,0.7377049180327869,1.0
clintox:597,597,CCCCCOC(=O)Nc1nc(=O)n([C@@H]2O[C@H](C)[C@@H](O)[C@H]2O)cc1F,0.7377049180327869,1.0
clintox:598,598,OCC[NH+]1CCN(CCCN2c3ccccc3Sc3ccc(C(F)(F)F)cc32)CC1,0.7636363636363637,0.7636363636363637
clintox:599,599,OCC[NH+]1CCN(CCCN2c3ccccc3Sc3ccc(Cl)cc32)CC1,0.7647058823529411,0.7647058823529411
clintox:600,600,C[NH+]1CCN(CCCN2c3ccccc3Sc3ccc(C(F)(F)F)cc32)CC1,0.7692307692307693,0.7692307692307693
clintox:601,601,C[NH+]1CCN(CCCN2c3ccccc3Sc3ccc(Cl)cc32)CC1,0.72,0.72
clintox:602,602,CC(=O)c1ccc2c(c1)N(CCCN1CC[NH+](CCO)CC1)c1ccccc1S2,0.7049180327868853,0.7049180327868853
clintox:603,603,CCSc1ccc2c(c1)N(CCCN1CC[NH+](C)CC1)c1ccccc1S2,0.5254237288135594,0.5254237288135594
clintox:604,604,Nc1cc[nH+]cc1,0.4117647058823529,0.4117647058823529
clintox:605,605,CN(C)C(=O)Oc1ccc[n+](C)c1,1.0,1.0
clintox:606,606,C[n+]1ccccc1/C=N/O,1.0,1.0
clintox:607,607,CC(/N=C(\NC#N)Nc1cc[nH+]cc1)C(C)(C)C,0.3333333333333333,0.38461538461538464
clintox:608,608,CCC(=O)OCCNC(=O)C[n+]1ccccc1,0.3888888888888889,0.3888888888888889
clintox:609,609,CCCCCCCCCCCC(=O)OCCNC(=O)C[n+]1ccccc1,0.4634146341463415,0.4634146341463415
clintox:610,610,[NH3+][C@@H](Cc1cc(I)c(Oc2cc(I)c([O-])c(I)c2)c(I)c1)C(=O)[O-],0.5625,0.5625
clintox:611,611,[NH3+][C@H](Cc1cc(I)c(Oc2cc(I)c([O-])c(I)c2)c(I)c1)C(=O)[O-],0.5625,0.5625
clintox:612,612,Oc1cc(Cl)ccc1Oc1ccc(Cl)cc1Cl,1.0,1.0
clintox:613,613,[NH3+][C@@H](Cc1cc(I)c(Oc2ccc(O)c(I)c2)c(I)c1)C(=O)[O-],0.723404255319149,0.723404255319149
clintox:614,614,CC(C(=O)[O-])c1cccc(Oc2ccccc2)c1,0.7647058823529411,0.7647058823529411
clintox:615,615,CCCCNc1cc(C(=O)[O-])cc(S(N)(=O)=O)c1Oc1ccccc1,0.8431372549019608,0.8431372549019608
clintox:616,616,[NH3+]CCc1cnc[nH]1,0.6153846153846154,0.6153846153846154
clintox:617,617,O=P([O-])([O-])C(O)(Cn1ccnc1)P(=O)([O-])[O-],0.71875,0.71875
clintox:618,618,CN/C(=N\C#N)NCCSCc1nc[nH]c1C,0.72,1.0
clintox:619,619,Cc1ncc([N+](=O)[O-])n1CCO,1.0,1.0
clintox:620,620,CCS(=O)(=O)CCn1c([N+](=O)[O-])cnc1C,1.0,1.0
clintox:621,621,CN(C)/N=N/c1[nH]cnc1C(N)=O,0.6756756756756757,1.0
clintox:622,622,Cc1c(OCC(F)(F)F)ccnc1C[S@@](=O)c1nc2ccccc2[nH]1,1.0,1.0
clintox:623,623,Cc1c(OCC(F)(F)F)ccnc1CS(=O)c1nc2ccccc2[nH]1,1.0,1.0
clintox:624,624,COCCCOc1ccnc(CS(=O)c2nc3ccccc3[nH]2)c1C,0.7192982456140351,0.7192982456140351
clintox:625,625,COc1ccc2nc(S(=O)Cc3ncc(C)c(OC)c3C)[nH]c2c1,1.0,1.0
clintox:626,626,COc1ccnc(CS(=O)c2nc3ccc(OC(F)F)cc3[nH]2)c1OC,0.8596491228070176,0.8596491228070176
clintox:627,627,CC1(C)S[C@@H]2[C@H](NC(=O)[C@H]([NH3+])c3ccc(O)cc3)C(=O)N2[C@H]1C(=O)[O-],0.6964285714285714,0.6379310344827587
clintox:628,628,CC1(C)S[C@@H]2[C@H](NC(=O)[C@H]([NH3+])c3ccccc3)C(=O)N2[C@H]1C(=O)[O-],0.5932203389830508,0.7592592592592593
clintox:629,629,CC1(C)S[C@@H]2[C@H](NC(=O)C(C(=O)[O-])c3ccccc3)C(=O)N2[C@H]1C(=O)[O-],0.5932203389830508,0.9791666666666666
clintox:630,630,CC1(C)S[C@@H]2[C@H](NC(=O)Cc3ccccc3)C(=O)N2[C@H]1C(=O)[O-],0.5689655172413793,0.9782608695652174
clintox:631,631,CCOC(=O)OC(C)OC(=O)[C@@H]1N2C(=O)[C@@H](NC(=O)[C@H]([NH3+])c3ccccc3)[C@H]2SC1(C)C,0.5384615384615384,0.8181818181818182
clintox:632,632,COCC1=C(C(=O)OC(C)OC(=O)OC(C)C)N2C(=O)[C@@H](NC(=O)/C(=N\OC)c3csc(N)n3)[C@H]2SC1,0.6781609195402298,1.0
clintox:633,633,CO/N=C(\C(=O)N[C@@H]1C(=O)N2C(C(=O)[O-])=C(COC(C)=O)CS[C@H]12)c1csc(N)n1,0.6756756756756757,0.9850746268656716
clintox:634,634,C=CC1=C(C(=O)[O-])N2C(=O)[C@@H](NC(=O)/C(=N\O)c3csc(N)n3)[C@H]2SC1,0.8571428571428571,0.8571428571428571
clintox:635,635,C=CC1=C(C(=O)[O-])N2C(=O)[C@@H](NC(=O)/C(=N\OCC(=O)[O-])c3csc(N)n3)[C@H]2SC1,0.7945205479452054,0.7916666666666666
clintox:636,636,CO/N=C(\C(=O)N[C@@H]1C(=O)N2C(C(=O)[O-])=CCS[C@H]12)c1csc(N)n1,0.6571428571428571,0.6571428571428571
clintox:637,637,C[NH+]1CC[C@]23c4c5ccc(O)c4O[C@H]2C(=O)CC[C@@]3(O)[C@H]1C5,0.36486486486486486,0.5538461538461539
clintox:638,638,COc1ccc2c3c1O[C@H]1C(=O)CC[C@@]4(O)[C@@H](C2)[NH+](C)CC[C@]314,0.32432432432432434,0.4444444444444444
clintox:639,639,C[NH+]1CC[C@]23c4c5ccc(O)c4O[C@H]2C(=O)CC[C@H]3[C@H]1C5,0.3466666666666667,0.4027777777777778
clintox:640,640,COc1ccc2c3c1O[C@H]1C(=O)CC[C@H]4[C@@H](C2)[NH+](C)CC[C@]314,0.3108108108108108,0.3108108108108108
clintox:641,641,C=CC[NH+]1CC[C@]23c4c5ccc(O)c4O[C@H]2C(=O)CC[C@@]3(O)[C@H]1C5,0.4155844155844156,0.6029411764705882
clintox:642,642,C[NH+](C)CCCN1c2ccccc2CCc2ccc(Cl)cc21,0.6739130434782609,0.6739130434782609
clintox:643,643,C[NH+](C)CCCN1c2ccccc2CCc2ccccc21,0.5945945945945946,0.5945945945945946
clintox:644,644,C[NH2+]CCCN1c2ccccc2CCc2ccccc21,0.5945945945945946,0.5945945945945946
clintox:645,645,CC(CN1c2ccccc2CCc2ccccc21)C[NH+](C)C,0.5106382978723404,0.5106382978723404
clintox:646,646,CC(=O)O[C@H]1Cc2ccccc2N(C(N)=O)c2ccccc21,0.4375,0.4375
clintox:647,647,C=C1/C(=C\C=C2/CCC[C@]3(C)[C@@H]([C@H](C)/C=C/[C@H](C)C(C)C)CC[C@@H]23)C[C@@H](O)C[C@@H]1O,0.358974358974359,0.7666666666666667
clintox:648,648,C=C1CC[C@H](O)C/C1=C/C=C1\CCC[C@]2(C)[C@@H]([C@H](C)/C=C/[C@H](C)C(C)C)CC[C@@H]12,0.35526315789473684,1.0
clintox:649,649,C=C1/C(=C\C=C2/CCC[C@]3(C)[C@@H]([C@H](C)CCCC(C)(C)O)CC[C@@H]23)C[C@@H](O)C[C@@H]1O,0.3023255813953488,0.6417910447761194
clintox:650,650,C=C1CC[C@H](O)C/C1=C/C=C1\CCC[C@]2(C)[C@@H]([C@H](C)CCCC(C)(C)O)CC[C@@H]12,0.35802469135802467,0.8166666666666667
clintox:651,651,C=C1CC[C@H](O)C/C1=C/C=C1\CCC[C@]2(C)[C@@H]([C@H](C)CCCC(C)C)CC[C@@H]12,0.44594594594594594,1.0
clintox:652,652,C[NH+](C)[C@@H]1C([O-])=C(C(N)=O)C(=O)[C@@]2(O)C([O-])=C3C(=O)c4c([O-])cccc4[C@@](C)(O)[C@H]3[C@H](O)[C@@H]12,0.3902439024390244,0.5
clintox:653,653,C[NH+](C)[C@@H]1C([O-])=C(C(N)=O)C(=O)[C@@]2(O)C([O-])=C3C(=O)c4c([O-])cccc4[C@@](C)(O)[C@H]3C[C@@H]12,0.4,0.5
clintox:654,654,C[C@H]1c2cccc([O-])c2C(=O)C2=C([O-])[C@]3(O)C(=O)C(C(N)=O)=C([O-])[C@@H]([NH+](C)C)[C@@H]3[C@@H](O)[C@@H]21,0.4125,0.5
clintox:655,655,C[NH+](C)[C@@H]1C([O-])=C(C(N)=O)C(=O)[C@@]2(O)C([O-])=C3C(=O)c4c([O-])ccc(Cl)c4[C@@H](O)[C@H]3C[C@@H]12,0.39285714285714285,0.5194805194805194
clintox:656,656,CN(C)c1cc(NC(=O)C[NH2+]C(C)(C)C)c([O-])c2c1C[C@H]1C[C@H]3[C@H]([NH+](C)C)C([O-])=C(C(N)=O)C(=O)[C@@]3(O)C([O-])=C1C2=O,0.46534653465346537,0.494949494949495
clintox:657,657,Oc1c(Cl)cc(Cl)c2cccnc12,1.0,1.0
clintox:658,658,Oc1c(I)cc(Cl)c2cccnc12,1.0,1.0
clintox:659,659,Oc1cccc2cccnc12,0.8076923076923077,0.8076923076923077
clintox:660,660,COc1cc(NC(C)CCC[NH3+])c2ncccc2c1,0.7037037037037037,0.7037037037037037
clintox:661,661,CCCCOc1cc(C(=O)NCC[NH+](CC)CC)c2ccccc2n1,0.7017543859649122,0.7017543859649122
clintox:662,662,Nc1nc(=O)c2c([nH]1)NCC(CNc1ccc(C(=O)N[C@@H](CCC(=O)[O-])C(=O)[O-])cc1)N2C=O.[Ca+2],0.875,1.0
clintox:663,663,Nc1nc(=O)c2c([nH]1)NCC(CNc1ccc(C(=O)N[C@@H](CCC(=O)O)C(=O)O)cc1)N2C=O,0.8714285714285714,1.0
clintox:664,664,Nc1nc(=O)c2c([nH]1)NC[C@H](CNc1ccc(C(=O)N[C@@H](CCC(=O)[O-])C(=O)[O-])cc1)N2C=O,0.7945205479452054,0.9850746268656716
clintox:665,665,Nc1nc(=O)c2c([nH]1)NCC(CNc1ccc(C(=O)N[C@@H](CCC(=O)[O-])C(=O)[O-])cc1)N2C=O,0.8611111111111112,0.9850746268656716
clintox:666,666,CN1c2c([nH]c(N)nc2=O)NC[C@@H]1CNc1ccc(C(=O)N[C@@H](CCC(=O)[O-])C(=O)[O-])cc1,0.6375,0.7945205479452054
clintox:667,667,O=c1[nH]c(=O)n([C@H]2C[C@H](O)[C@@H](CO)O2)cc1C(F)(F)F,1.0,1.0
clintox:668,668,O=c1[nH]c(=O)n([C@H]2C[C@H](O)[C@@H](CO)O2)cc1F,1.0,1.0
clintox:669,669,O=c1[nH]c(=O)n([C@H]2C[C@H](O)[C@@H](CO)O2)cc1I,0.7272727272727273,1.0
clintox:670,670,Cc1cn([C@@H]2C[C@@H](O)[C@H](CO)O2)c(=O)[nH]c1=O,1.0,1.0
clintox:671,671,Cc1cn([C@H]2C[C@H](N=[N+]=[N-])[C@@H](CO)O2)c(=O)[nH]c1=O,1.0,1.0
clintox:672,672,Cc1cccc(C)c1NC(=O)C1CCCC[NH+]1C,0.5106382978723404,0.5106382978723404
clintox:673,673,CCC[NH+]1CCCC[C@H]1C(=O)Nc1c(C)cccc1C,0.5185185185185185,0.4909090909090909
clintox:674,674,CCCC[NH+]1CCCC[C@H]1C(=O)Nc1c(C)cccc1C,0.5555555555555556,0.5272727272727272
clintox:675,675,CCCC[NH+]1CCCCC1C(=O)Nc1c(C)cccc1C,0.5272727272727272,0.5272727272727272
clintox:676,676,Cc1cc(C)c(/C=C2\C(=O)Nc3ccccc32)[nH]1,0.4791666666666667,0.46938775510204084
clintox:677,677,CC[NH+](CC)CCNC(=O)c1c(C)[nH]c(/C=C2\C(=O)Nc3ccc(F)cc32)c1C,0.4153846153846154,0.5
clintox:678,678,CCN(CC)CCNC(=O)c1c(C)[nH]c(/C=C2\C(=O)Nc3ccc(F)cc32)c1C,0.5238095238095238,0.6538461538461539
clintox:679,679,CCN(CC)CCNC(=O)c1c(C)[nH]c(/C=C2\C(=O)Nc3ccc(F)cc32)c1C.O=C(O)C[C@H](O)C(=O)O,0.4838709677419355,0.5909090909090909
clintox:680,680,CC(=O)CCCCn1c(=O)c2c(ncn2C)n(C)c1=O,1.0,1.0
clintox:681,681,Cn1c(=O)c2[nH]cnc2n(C)c1=O,1.0,1.0
clintox:682,682,Cn1c(=O)c2c(ncn2CC(O)CO)n(C)c1=O,1.0,1.0
clintox:683,683,Cn1c(=O)c2c(ncn2C)n(C)c1=O,1.0,1.0
clintox:684,684,C[NH+](C)CCOc1ccc(/C(=C(/CCCl)c2ccccc2)c2ccccc2)cc1,0.375,0.543859649122807
clintox:685,685,CC/C(=C(\c1ccccc1)c1ccc(OCC[NH+](C)C)cc1)c1ccccc1,0.40816326530612246,0.5185185185185185
clintox:686,686,CC[NH+](CC)CCOc1ccc(/C(=C(\Cl)c2ccccc2)c2ccccc2)cc1,0.37254901960784315,0.5
clintox:687,687,COc1ccc(C(Cl)=C(c2ccc(OC)cc2)c2ccc(OC)cc2)cc1,0.5555555555555556,0.5555555555555556
clintox:688,688,C[C@H](Cn1cnc2c(N)ncnc21)OCP(=O)([O-])[O-],0.66,0.7872340425531915
clintox:689,689,CC(C)OC(=O)OCOP(=O)(CO[C@H](C)Cn1cnc2c(N)ncnc21)OCOC(=O)OC(C)C,1.0,1.0
clintox:690,690,CC(C)(C)C(=O)OCOP(=O)(COCCn1cnc2c(N)ncnc21)OCOC(=O)C(C)(C)C,1.0,1.0
clintox:691,691,CC(=O)OCC(CCn1cnc2cnc(N)nc21)COC(C)=O,1.0,1.0
clintox:692,692,CO[C@H]1C[C@@H]2CC[C@@H](C)[C@@](O)(O2)C(=O)C(=O)N2CCCC[C@H]2C(=O)O[C@H]([C@H](C)C[C@@H]2CC[C@@H](O)[C@H](OC)C2)CC(=O)[C@H](C)/C=C(\C)[C@@H](O)[C@@H](OC)C(=O)[C@H](C)C[C@H](C)/C=C/C=C/C=C/1C,1.0,1.0
clintox:693,693,CO[C@H]1C[C@@H]2CC[C@@H](C)[C@@](O)(O2)C(=O)C(=O)N2CCCC[C@H]2C(=O)O[C@H]([C@H](C)C[C@@H]2CC[C@@H](OCCO)[C@H](OC)C2)CC(=O)[C@H](C)/C=C(\C)[C@@H](O)[C@@H](OC)C(=O)[C@H](C)C[C@H](C)/C=C/C=C/C=C/1C,1.0,1.0
clintox:694,694,CO[C@H]1C[C@@H]2CC[C@@H](C)[C@@](O)(O2)C(=O)C(=O)N2CCCC[C@H]2C(=O)O[C@H]([C@H](C)C[C@@H]2CC[C@@H](OCCO)[C@H](OC)C2)CC(=O)[C@H](C)/C=C(\C)[C@@H](O)[C@@H](OC)C(=O)[C@H](C)C[C@H](C)/C=C\C=C\C=C\1C,0.9107142857142857,1.0
clintox:695,695,CO[C@H]1CC2CC[C@@H](C)[C@@](O)(O2)C(=O)C(=O)N2CCCC[C@H]2C(=O)O[C@H]([C@H](C)C[C@@H]2CC[C@@H](OC(=O)C(C)(CO)CO)[C@H](OC)C2)CC(=O)[C@H](C)/C=C(\C)[C@@H](O)[C@@H](OC)C(=O)[C@H](C)C[C@H](C)/C=C/C=C/C=C/1C,0.9821428571428571,1.0
clintox:696,696,Nc1nc(=O)c2ncn(CCC(CO)CO)c2[nH]1,1.0,1.0
clintox:697,697,Nc1nc(=O)c2ncn(COCCO)c2[nH]1,1.0,1.0
clintox:698,698,CC(C)[C@H]([NH3+])C(=O)OCC(CO)OCn1cnc2c(=O)nc(N)[nH]c21,0.7090909090909091,0.7090909090909091
clintox:699,699,CC(C)[C@H](N)C(=O)OCCOCn1cnc2c(=O)nc(N)[nH]c21,0.660377358490566,0.7068965517241379
clintox:700,700,O=C([O-])COCC[NH+]1CCN([C@H](c2ccccc2)c2ccc(Cl)cc2)CC1,0.5614035087719298,0.5614035087719298
clintox:701,701,O=C([O-])COCC[NH+]1CCN(C(c2ccccc2)c2ccc(Cl)cc2)CC1,0.5614035087719298,0.5614035087719298
clintox:702,702,OCCOCC[NH+]1CCN(C(c2ccccc2)c2ccc(Cl)cc2)CC1,0.66,0.66
clintox:703,703,C[NH+]1CCN(C(c2ccccc2)c2ccccc2)CC1,0.6,0.6
clintox:704,704,O=C([O-])c1cn(C2CC2)c2cc(N3CC[NH2+]CC3)c(F)cc2c1=O,0.631578947368421,0.631578947368421
clintox:705,705,C[C@@H]1CN(c2c(F)c(N)c3c(=O)c(C(=O)[O-])cn(C4CC4)c3c2F)C[C@H](C)[NH2+]1,0.6190476190476191,0.65
clintox:706,706,Cc1c(F)c(N2CC[NH2+]C(C)C2)cc2c1c(=O)c(C(=O)[O-])cn2C1CC1,0.3783783783783784,0.3783783783783784
clintox:707,707,COc1c(N2CC[NH2+]C(C)C2)c(F)cc2c(=O)c(C(=O)[O-])cn(C3CC3)c12,0.6285714285714286,0.6285714285714286
clintox:708,708,NS(=O)(=O)c1cc2c(cc1Cl)NC(C(Cl)Cl)NS2(=O)=O,1.0,1.0
clintox:709,709,NS(=O)(=O)c1cc2c(cc1Cl)NCNS2(=O)=O,1.0,1.0
clintox:710,710,CN1C(CCl)Nc2cc(Cl)c(S(N)(=O)=O)cc2S1(=O)=O,1.0,1.0
clintox:711,711,CN1C(CSCC(F)(F)F)Nc2cc(Cl)c(S(N)(=O)=O)cc2S1(=O)=O,0.6851851851851852,0.6851851851851852
clintox:712,712,Nc1nc(=S)c2[nH]cnc2[nH]1,0.5294117647058824,0.5294117647058824
clintox:713,713,S=c1nc[nH]c2nc[nH]c12,0.5384615384615384,0.5384615384615384
clintox:714,714,Nc1nc(=S)c2[nH]cnc2[nH]1,0.5294117647058824,0.5294117647058824
clintox:715,715,S=c1nc[nH]c2nc[nH]c12,0.5384615384615384,0.5384615384615384
clintox:716,716,[NH3+]C[C@H]1O[C@H](O[C@H]2[C@H](O)[C@@H](O[C@H]3O[C@H](CO)[C@@H](O)[C@H]([NH3+])[C@H]3O)[C@H]([NH3+])C[C@@H]2[NH3+])[C@H]([NH3+])C[C@@H]1O,0.3939393939393939,0.41379310344827586
clintox:717,717,[NH3+]CC[C@H](O)C(=O)N[C@@H]1C[C@H]([NH3+])[C@@H](O[C@H]2O[C@H](C[NH3+])[C@@H](O)[C@H](O)[C@H]2O)[C@H](O)[C@H]1O[C@H]1O[C@H](CO)[C@@H](O)[C@H]([NH3+])[C@H]1O,0.5641025641025641,0.547945205479452
clintox:718,718,[NH3+]C[C@H]1O[C@H](O[C@H]2[C@H](O)[C@@H](O[C@H]3O[C@H](CO)[C@@H](O)[C@H]([NH3+])[C@H]3O)[C@H]([NH3+])C[C@@H]2[NH3+])[C@H](O)[C@@H](O)[C@@H]1O,0.4603174603174603,0.5
clintox:719,719,C[NH2+]C(C)C1CCC([NH3+])C(OC2C([NH3+])CC([NH3+])C(OC3OCC(C)(O)C([NH2+]C)C3O)C2O)O1,0.38461538461538464,0.40540540540540543
clintox:720,720,C#Cc1cccc(Nc2ncnc3cc(OCCOC)c(OCCOC)cc23)c1,0.9038461538461539,0.9038461538461539
clintox:721,721,C#Cc1cccc(Nc2ncnc3cc(OCCOC)c(OCCOC)cc23)c1.Cl,0.8867924528301887,0.8867924528301887
clintox:722,722,C#Cc1cccc(Nc2ncnc3cc(OCCOC)c(OCCOC)cc23)c1,0.9038461538461539,0.9038461538461539
clintox:723,723,CCCSc1ccc2[nH]c(NC(=O)OC)nc2c1,0.8260869565217391,0.8260869565217391
clintox:724,724,Cl.Cn1c(CCCC(=O)O)nc2cc(N(CCCl)CCCl)ccc21,1.0,1.0
clintox:725,725,Cn1c(CCCC(=O)[O-])nc2cc(N(CCCl)CCCl)ccc21,0.803921568627451,0.803921568627451
clintox:726,726,CCCCCCC(=O)OCCN1CC[NH+](CCCN2c3ccccc3Sc3ccc(C(F)(F)F)cc32)CC1,0.5205479452054794,0.5205479452054794
clintox:727,727,CCCCCCCCCC(=O)OCCN1CC[NH+](CCCN2c3ccccc3Sc3ccc(C(F)(F)F)cc32)CC1,0.5205479452054794,0.5205479452054794
clintox:728,728,CN1CC[NH+](CCCN2c3ccccc3Sc3ccc(Cl)cc32)CC1,0.5961538461538461,0.5961538461538461
clintox:729,729,CCCCC(C)(O)C/C=C/[C@H]1[C@H](O)CC(=O)[C@@H]1CCCCCCC(=O)OC,0.4,0.4189189189189189
clintox:730,730,CCCCC[C@H](O)/C=C/[C@H]1[C@H](O)CC(=O)[C@@H]1C/C=C\CCCC(=O)[O-],0.8363636363636363,0.8333333333333334
clintox:731,731,CCCCC[C@H](O)/C=C/[C@H]1[C@H](O)CC(=O)[C@@H]1CCCCCCC(=O)[O-],0.6065573770491803,0.6
clintox:732,732,CCC[C@@H]1C[C@@H](C(=O)N[C@@H]([C@H]2O[C@H](SC)[C@H](O)[C@@H](O)[C@H]2O)[C@@H](C)O)[NH+](C)C1,0.6507936507936508,0.6612903225806451
clintox:733,733,CCC[C@@H]1C[C@@H](C(=O)NC(C(C)Cl)[C@H]2O[C@H](SC)[C@H](O)[C@@H](O)[C@H]2O)[NH+](C)C1,0.5142857142857142,0.65625
clintox:734,734,CCCCCCCCCCCCCCCC(=O)O[C@@H]1[C@@H](O)[C@@H](O)[C@@H](C(NC(=O)[C@@H]2C[C@@H](CCC)C[NH+]2C)C(C)Cl)O[C@@H]1SC,0.5903614457831325,0.7105263157894737
clintox:735,735,CC[C@H]1OC(=O)[C@H](C)[C@@H](O[C@H]2C[C@@](C)(OC)[C@@H](O)[C@H](C)O2)[C@H](C)[C@@H](O[C@@H]2O[C@H](C)C[C@H]([NH+](C)C)[C@H]2O)[C@](C)(O)C[C@@H](C)C(=O)[C@H](C)[C@@H](O)[C@]1(C)O,0.8170731707317073,0.8072289156626506
clintox:736,736,CC[C@H]1OC(=O)[C@H](C)[C@@H](O[C@H]2C[C@@](C)(OC)[C@@H](O)[C@H](C)O2)[C@H](C)[C@@H](O[C@@H]2O[C@H](C)C[C@H]([NH+](C)C)[C@H]2O)[C@](C)(OC)C[C@@H](C)C(=O)[C@H](C)[C@@H](O)[C@]1(C)O,0.8148148148148148,0.8024691358024691
clintox:737,737,CCC(=O)O[C@H]1[C@H](O[C@@H]2[C@@H](C)[C@H](O[C@H]3C[C@@](C)(OC)[C@@H](O)[C@H](C)O3)[C@@H](C)C(=O)O[C@H](CC)[C@@](C)(O)[C@H](O)[C@@H](C)C(=O)[C@H](C)C[C@@]2(C)O)O[C@H](C)C[C@@H]1[NH+](C)C,0.8390804597701149,0.8202247191011236
clintox:738,738,Cc1nc2n(c(=O)c1CC[NH+]1CCC(c3noc4cc(F)ccc34)CC1)CCCC2O,0.7777777777777778,0.7777777777777778
clintox:739,739,Cc1nc2n(c(=O)c1CC[NH+]1CCC(c3noc4cc(F)ccc34)CC1)CCCC2,0.7714285714285715,0.7714285714285715
clintox:740,740,CCCCCCCCCCCCCCCC(=O)O[C@@H]1CCCn2c1nc(C)c(CC[NH+]1CCC(c3noc4cc(F)ccc34)CC1)c2=O,0.5604395604395604,0.5604395604395604
clintox:741,741,Cc1onc(-c2c(Cl)cccc2Cl)c1C(=O)N[C@@H]1C(=O)N2[C@@H]1SC(C)(C)[C@@H]2C(=O)[O-],0.6617647058823529,0.9827586206896551
clintox:742,742,Cc1onc(-c2ccccc2)c1C(=O)N[C@@H]1C(=O)N2[C@@H]1SC(C)(C)[C@@H]2C(=O)[O-],0.6417910447761194,0.9821428571428571
clintox:743,743,Cc1onc(-c2ccccc2Cl)c1C(=O)N[C@@H]1C(=O)N2[C@@H]1SC(C)(C)[C@@H]2C(=O)[O-],0.6714285714285714,1.0
clintox:744,744,CC(=O)Oc1c(C)c(C)c2c(c1C)CC[C@@](C)(CCC[C@H](C)CCC[C@H](C)CCCC(C)C)O2,0.8113207547169812,1.0
clintox:745,745,CC(=O)Oc1c(C)c(C)c2c(c1C)CCC(C)(CCCC(C)CCCC(C)CCCC(C)C)O2,1.0,1.0
clintox:746,746,Cc1c(C)c2c(c(C)c1O)CC[C@@](C)(CCC[C@H](C)CCC[C@H](C)CCCC(C)C)O2,0.8043478260869565,1.0
clintox:747,747,CC(=O)O[C@H]1C[C@@H]2CC[C@@H]3[C@H](CC[C@@]4(C)[C@H]3C[C@H]([N+]3(C)CCCCC3)[C@@H]4OC(C)=O)[C@@]2(C)C[C@@H]1[N+]1(C)CCCCC1,1.0,1.0
clintox:748,748,CC(=O)O[C@H]1C[C@@H]2CC[C@@H]3[C@H](CC[C@@]4(C)[C@H]3C[C@H]([N+]3(C)CCCCC3)[C@@H]4OC(C)=O)[C@@]2(C)C[C@@H]1[NH+]1CCCCC1,0.7903225806451613,0.8166666666666667
clintox:749,749,C=CC[N+]1([C@H]2C[C@H]3[C@@H]4CC[C@H]5C[C@H](OC(C)=O)[C@@H]([NH+]6CCCCC6)C[C@]5(C)[C@H]4CC[C@]3(C)[C@H]2OC(=O)CC)CCCCC1,0.5569620253164557,0.5795454545454546
clintox:750,750,CC(C)C[C@H](NC(=O)[C@@H](COC(C)(C)C)NC(=O)[C@H](Cc1ccc(O)cc1)NC(=O)[C@H](CO)NC(=O)[C@H](Cc1c[nH]c2ccccc12)NC(=O)[C@H](Cc1cnc[nH]1)NC(=O)[C@@H]1CCC(=O)N1)C(=O)N[C@@H](CCCN=C(N)N)C(=O)N1CCC[C@H]1C(=O)NNC(N)=O,0.8661417322834646,0.8661417322834646
clintox:751,751,CC(C)CC(NC(=O)C(COC(C)(C)C)NC(=O)C(Cc1ccc(O)cc1)NC(=O)C(CO)NC(=O)C(Cc1c[nH]c2ccccc12)NC(=O)C(Cc1cnc[nH]1)NC(=O)C1CCC(=O)N1)C(=O)NC(CCC[NH+]=C(N)N)C(=O)N1CCCC1C(=O)NNC(N)=O,0.5460526315789473,0.88
clintox:752,752,CCNC(=O)[C@@H]1CCCN1C(=O)[C@H](CCCNC(N)=[NH2+])NC(=O)[C@H](CC(C)C)NC(=O)[C@@H](CC(C)C)NC(=O)[C@H](Cc1ccc(O)cc1)NC(=O)[C@H](CO)NC(=O)[C@H](Cc1c[nH]c2ccccc12)NC(=O)[C@H](Cc1cnc[nH]1)NC(=O)[C@@H]1CCC(=O)N1,0.9152542372881356,0.9210526315789473
clintox:753,753,CC(C)[NH2+]CC(O)COc1cccc2[nH]ccc12,0.6595744680851063,0.6595744680851063
clintox:754,754,CCCCCNC(=[NH2+])N/N=C/c1c[nH]c2ccc(OC)cc12,0.582089552238806,0.7096774193548387
clintox:755,755,CNS(=O)(=O)Cc1ccc2[nH]cc(CC[NH+](C)C)c2c1,0.7083333333333334,0.7083333333333334
clintox:756,756,COc1ccc2c(c1)[C@]13CCCC[C@@H]1[C@H](C2)[NH+](C)CC3,0.5,0.5849056603773585
clintox:757,757,C[NH+]1CC[C@]23CCCC[C@H]2[C@H]1Cc1ccc(O)cc13,0.3225806451612903,0.3898305084745763
clintox:758,758,C=CC[NH+]1CC[C@]23CCCC[C@H]2[C@H]1Cc1ccc(O)cc13,0.2898550724637681,0.3484848484848485
clintox:759,759,C[N+]1(C)C2CCC1CC(OC(=O)C(O)c1ccccc1)C2,0.972972972972973,0.972972972972973
clintox:760,760,C[NH+]1[C@@H]2CC[C@H]1C[C@@H](OC(=O)C(CO)c1ccccc1)C2,0.6595744680851063,0.6739130434782609
clintox:761,761,CC(C)[N+]1(C)[C@@H]2CC[C@@H]1CC(OC(=O)C(CO)c1ccccc1)C2,0.9318181818181818,0.9767441860465116
clintox:762,762,CC(=O)N[C@H](Cc1ccc2ccccc2c1)C(=O)N[C@H](Cc1ccc(Cl)cc1)C(=O)N[C@H](Cc1cccnc1)C(=O)N[C@@H](CO)C(=O)N(C)[C@@H](Cc1ccc(O)cc1)C(=O)N[C@H](CC(N)=O)C(=O)N[C@@H](CC(C)C)C(=O)N[C@@H](CCCC[NH2+]C(C)C)C(=O)N1CCC[C@H]1C(=O)N[C@H](C)C(N)=O,0.8951612903225806,0.9
clintox:763,763,CC(=O)N[C@H](Cc1ccc2ccccc2c1)C(=O)N[C@H](Cc1ccc(Cl)cc1)C(=O)N[C@H](Cc1cccnc1)C(=O)N[C@@H](CO)C(=O)N[C@@H](Cc1ccc(O)cc1)C(=O)N[C@H](CCCNC(N)=O)C(=O)N[C@@H](CC(C)C)C(=O)N[C@@H](CCCNC(N)=[NH2+])C(=O)N1CCC[C@H]1C(=O)N[C@H](C)C(N)=O,0.9137931034482759,0.9090909090909091
clintox:764,764,CCNC(NCC)=[NH+]CCCC[C@H](NC(=O)[C@H](CC(C)C)NC(=O)[C@@H](CCCC[NH+]=C(NCC)NCC)NC(=O)[C@H](Cc1ccc(O)cc1)NC(=O)[C@H](CO)NC(=O)[C@@H](Cc1cccnc1)NC(=O)[C@@H](Cc1ccc(Cl)cc1)NC(=O)[C@@H](Cc1ccc2ccccc2c1)NC(C)=O)C(=O)N1CCC[C@H]1C(=O)N[C@H](C)C(N)=O,0.8130081300813008,0.7966101694915254
clintox:765,765,C[C@H]1O[C@@H](O[C@H]2[C@@H](O)C[C@H](O[C@H]3[C@@H](O)C[C@H](O[C@H]4CC[C@@]5(C)[C@H](CC[C@@H]6[C@@H]5C[C@@H](O)[C@]5(C)[C@@H](C7=CC(=O)OC7)CC[C@]65O)C4)O[C@@H]3C)O[C@@H]2C)C[C@H](O)[C@@H]1O,1.0,1.0
clintox:766,766,C[C@H]1O[C@@H](O[C@H]2[C@@H](O)C[C@H](O[C@H]3[C@@H](O)C[C@H](O[C@H]4CC[C@@]5(C)[C@H](CC[C@@H]6[C@@H]5CC[C@]5(C)[C@@H](C7=CC(=O)OC7)CC[C@]65O)C4)O[C@@H]3C)O[C@@H]2C)C[C@H](O)[C@@H]1O,1.0,1.0
clintox:767,767,CC(=O)O[C@H]1C[C@H](OC2[C@@H](O)C[C@H](O[C@H]3[C@@H](O)C[C@H](OC4CC[C@@]5(C)[C@H](CC[C@@H]6[C@@H]5CC[C@]5(C)[C@@H](C7=CC(=O)OC7)CC[C@]65O)C4)O[C@@H]3C)O[C@@H]2C)O[C@H](C)[C@H]1O,0.8255813953488372,0.8461538461538461
clintox:768,768,C[C@H]([NH2+]CCc1ccc(O)cc1)[C@H](O)c1ccc(O)cc1,0.4523809523809524,0.525
clintox:769,769,COc1ccc(C[C@@H](C)[NH2+]C[C@H](O)c2ccc(O)c(NC=O)c2)cc1,0.38333333333333336,0.38333333333333336
clintox:770,770,COc1ccc(CC(C)[NH2+]CC(O)c2ccc(O)c(NC=O)c2)cc1,0.38333333333333336,0.38333333333333336
clintox:771,771,Nc1ccc(S(=O)(=O)[N-]c2ncccn2)cc1,0.5121951219512195,0.5121951219512195
clintox:772,772,Cc1ccnc([N-]S(=O)(=O)c2ccc(N)cc2)n1,0.5348837209302325,0.5348837209302325
clintox:773,773,COc1cnc([N-]S(=O)(=O)c2ccc(N)cc2)nc1,0.5714285714285714,0.5714285714285714
clintox:774,774,Oc1ccc(OCc2ccccc2)cc1,1.0,1.0
clintox:775,775,C[NH2+]CCC(Oc1ccc(C(F)(F)F)cc1)c1ccccc1,0.6590909090909091,0.6590909090909091
clintox:776,776,C[NH2+]CC[C@@H](Oc1ccccc1C)c1ccccc1,0.4772727272727273,0.625
clintox:777,777,[NH3+]CCCC[C@H]([NH2+][C@@H](CCc1ccccc1)C(=O)[O-])C(=O)N1CCC[C@H]1C(=O)[O-],0.44776119402985076,0.4647887323943662
clintox:778,778,C[C@H]([NH2+][C@@H](CCc1ccccc1)C(=O)[O-])C(=O)N1CCC[C@H]1C(=O)[O-],0.5333333333333333,0.5161290322580645
clintox:779,779,CCOC(=O)[C@H](CCc1ccccc1)[NH2+][C@@H](C)C(=O)N1CCC[C@H]1C(=O)[O-],0.5076923076923077,0.5428571428571428
clintox:780,780,NC(=[NH2+])NCCC[C@@H](NC(=O)[C@@H]1CCCN1C(=O)[C@@H]1CSSCCC(=O)N[C@@H](Cc2ccc(O)cc2)C(=O)N[C@@H](Cc2ccccc2)C(=O)N[C@@H](CCC(N)=O)C(=O)N[C@@H](CC(N)=O)C(=O)N1)C(=O)NCC(N)=O,0.8130841121495327,0.900990099009901
clintox:781,781,NC(=O)CCC1NC(=O)C(Cc2ccccc2)NC(=O)C(Cc2ccc(O)cc2)NC(=O)C([NH3+])CSSCC(C(=O)N2CCCC2C(=O)NC(CCC[NH+]=C(N)N)C(=O)NCC(N)=O)NC(=O)C(CC(N)=O)NC1=O,0.4603174603174603,0.7864077669902912
clintox:782,782,NC(=O)CCC1NC(=O)C(Cc2ccccc2)NC(=O)C(Cc2ccc(O)cc2)NC(=O)C([NH3+])CSSCC(C(=O)N2CCCC2C(=O)NC(CCCC[NH3+])C(=O)NCC(N)=O)NC(=O)C(CC(N)=O)NC1=O,0.4796747967479675,0.8118811881188119
clintox:783,783,Clc1ccc2c(c1)C(c1ccccc1)=NCc1nncn1-2,0.7608695652173914,0.7608695652173914
clintox:784,784,Cc1nnc2n1-c1ccc(Cl)cc1C(c1ccccc1)=NC2,0.7058823529411765,0.7058823529411765
clintox:785,785,Cc1nnc2n1-c1ccc(Cl)cc1C(c1ccccc1Cl)=NC2,0.7959183673469388,0.7959183673469388
clintox:786,786,N#CC(CC[NH+]1CCC(C(=O)[O-])(c2ccccc2)CC1)(c1ccccc1)c1ccccc1,0.32653061224489793,0.32653061224489793
clintox:787,787,CCOC(=O)C1(c2ccccc2)CC[NH+](CCC(C#N)(c2ccccc2)c2ccccc2)CC1,0.33783783783783783,0.33783783783783783
clintox:788,788,CN(C)C(=O)C(CC[NH+]1CCC(O)(c2ccc(Cl)cc2)CC1)(c1ccccc1)c1ccccc1,0.6666666666666666,0.6666666666666666
clintox:789,789,[NH3+]Cc1ccccc1CC(=O)N[C@@H]1C(=O)N2C(C(=O)[O-])=C(CSc3nnnn3CC(=O)[O-])CS[C@H]12,0.5465116279069767,0.6962025316455697
clintox:790,790,O=C([O-])C1=C(CSc2nnnn2CS(=O)(=O)[O-])CS[C@@H]2[C@H](NC(=O)[C@H](O)c3ccccc3)C(=O)N12,0.6987951807228916,0.9859154929577465
clintox:791,791,Cn1nnnc1SCC1=C(C(=O)[O-])N2C(=O)[C@@H](NC(=O)[C@H](O)c3ccccc3)[C@H]2SC1,0.6794871794871795,0.9848484848484849
clintox:792,792,O=C([O-])Cc1ccccc1Nc1c(Cl)cccc1Cl,0.9696969696969697,0.9696969696969697
clintox:793,793,Cc1ccc(Cl)c(Nc2ccccc2C(=O)[O-])c1Cl,0.9722222222222222,0.9722222222222222
clintox:794,794,Cc1cccc(Nc2ccccc2C(=O)[O-])c1C,0.7352941176470589,0.7352941176470589
clintox:795,795,NC(=O)N/N=C/c1ccc([N+](=O)[O-])o1,1.0,1.0
clintox:796,796,C[NH2+]/C(=C\[N+](=O)[O-])NCCSCc1ccc(C[NH+](C)C)o1,0.4603174603174603,0.5166666666666667
clintox:797,797,CN/C(=C\[N+](=O)[O-])[NH2+]CCSCc1ccc(C[NH+](C)C)o1,0.4307692307692308,0.47619047619047616
clintox:798,798,Nc1cccc2c1C(=O)N(C1CCC(=O)NC1=O)C2=O,0.7619047619047619,1.0
clintox:799,799,O=C1CCC(N2C(=O)c3ccccc3C2=O)C(=O)N1,1.0,1.0
clintox:800,800,O=C1CCC(N2C(=O)c3ccccc3C2=O)C(=O)N1,1.0,1.0
clintox:801,801,[NH3+]C12CC3CC(CC(C3)C1)C2,0.42105263157894735,0.42105263157894735
clintox:802,802,CC([NH3+])C12CC3CC(CC(C3)C1)C2,0.5652173913043478,0.5652173913043478
clintox:803,803,CC12CC3CC(C)(C1)CC([NH3+])(C3)C2,0.52,0.52
clintox:804,804,O=c1[nH]cc(F)c(=O)[nH]1,1.0,1.0
clintox:805,805,O=c1[nH]cc(N(CCCl)CCCl)c(=O)[nH]1,0.45,0.45
clintox:806,806,O=c1[nH]cc(F)c(=O)[nH]1,1.0,1.0
clintox:807,807,Nc1ncn([C@H]2C[C@H](O)[C@@H](CO)O2)c(=O)n1,1.0,1.0
clintox:808,808,Nc1ncn([C@@H]2O[C@H](CO)[C@@H](O)[C@H]2O)c(=O)n1,1.0,1.0
clintox:809,809,Nc1ncn([C@H]2C[C@H](O)[C@@H](CO)O2)c(=O)n1,1.0,1.0
clintox:810,810,OCC[NH+]1C[C@H](O)[C@@H](O)[C@H](O)[C@H]1CO,0.2972972972972973,0.3055555555555556
clintox:811,811,CCCC[NH+]1C[C@H](O)[C@@H](O)[C@H](O)[C@H]1CO,0.4,0.375
clintox:812,812,CCCCCCCCC[NH+]1C[C@H](O)[C@@H](O)[C@H](O)[C@H]1CO,0.38095238095238093,0.35714285714285715
clintox:813,813,O=[N+]([O-])O[C@@H]1CO[C@H]2[C@@H]1OC[C@@H]2O,1.0,1.0
clintox:814,814,O[C@@H]1CO[C@H]2[C@@H]1OC[C@@H]2O,0.4482758620689655,0.48148148148148145
clintox:815,815,O=[N+]([O-])O[C@H]1CO[C@H]2[C@@H]1OC[C@H]2O[N+](=O)[O-],0.6774193548387096,1.0
clintox:816,816,OC[C@H]1O[C@H](O)[C@H](F)[C@@H](O)[C@@H]1O,0.625,0.6521739130434783
clintox:817,817,CCP(CC)(CC)=[Au]S[C@@H]1O[C@H](COC(C)=O)[C@@H](OC(C)=O)[C@H](OC(C)=O)[C@H]1OC(C)=O,0.48,0.48
clintox:818,818,CN(N=O)C(=O)N[C@@H]1[C@@H](O)[C@H](O)[C@@H](CO)O[C@@H]1O,0.6511627906976745,1.0
clintox:819,819,CS(=O)(=O)CCNCc1ccc(-c2ccc3ncnc(Nc4ccc(OCc5cccc(F)c5)c(Cl)c4)c3c2)o1,1.0,1.0
clintox:820,820,CS(=O)(=O)CCNCc1ccc(-c2ccc3ncnc(Nc4ccc(OCc5cccc(F)c5)c(Cl)c4)c3c2)o1,1.0,1.0
clintox:821,821,C=C[C@H]1C[NH+]2CC[C@H]1C[C@@H]2[C@@H](O)c1ccnc2ccc(OC)cc12,0.5138888888888888,0.6268656716417911
clintox:822,822,C=C[C@H]1C[NH+]2CC[C@H]1C[C@H]2[C@H](O)c1ccnc2ccc(OC)cc12,0.5138888888888888,0.6268656716417911
clintox:823,823,COC(=O)[C@H]1[C@H]2C[C@@H]3c4[nH]c5ccccc5c4CC[NH+]3C[C@H]2C[C@@H](OC(=O)c2cc(OC)c(OC)c(OC)c2)[C@@H]1OC,0.4742268041237113,0.5777777777777777
clintox:824,824,COC(=O)[C@H]1[C@H]2C[C@@H]3c4[nH]c5cc(OC)ccc5c4CC[NH+]3C[C@H]2C[C@@H](OC(=O)c2cc(OC)c(OC)c(OC)c2)[C@@H]1OC,0.5760869565217391,0.6941176470588235
clintox:825,825,COC(=O)[C@H](c1ccccc1)[C@H]1CCCC[NH2+]1,0.46,0.5531914893617021
clintox:826,826,COC(=O)C(c1ccccc1)C1CCCC[NH2+]1,0.5531914893617021,0.5531914893617021
clintox:827,827,CNC(=O)c1cc(Oc2ccc(NC(=O)Nc3ccc(Cl)c(C(F)(F)F)c3)cc2)ccn1,0.5,0.5
clintox:828,828,CNC(=O)c1cc(Oc2ccc(NC(=O)Nc3ccc(Cl)c(C(F)(F)F)c3)cc2)ccn1,0.5,0.5
clintox:829,829,CN(CCOc1ccc(CC2SC(=O)NC2=O)cc1)c1ccccn1,0.8727272727272727,0.8727272727272727
clintox:830,830,CN(CCOc1ccc(CC2SC(=O)NC2=O)cc1)c1ccccn1.O=C(O)/C=C\C(=O)O,0.896551724137931,1.0
clintox:831,831,CN(Cc1cnc2nc(N)nc(N)c2n1)c1ccc(C(=O)N[C@@H](CCC(=O)[O-])C(=O)[O-])cc1,0.7727272727272727,0.7727272727272727
clintox:832,832,CN(Cc1cnc2nc(N)nc(N)c2n1)c1ccc(C(=O)N[C@@H](CCC(=O)O)C(=O)O)cc1,1.0,1.0
clintox:833,833,CCOC(=O)[C@H](CCc1ccccc1)[NH2+][C@@H](C)C(=O)N1Cc2cc(OC)c(OC)cc2C[C@H]1C(=O)[O-],0.5584415584415584,0.6216216216216216
clintox:834,834,CCOC(=O)[C@H](CCc1ccccc1)[NH2+][C@@H](C)C(=O)N1Cc2ccccc2C[C@H]1C(=O)[O-],0.5285714285714286,0.5970149253731343
clintox:835,835,CCn1cc(C(=O)[O-])c(=O)c2cc(F)c(N3CC[NH2+]C(C)C3)c(F)c21,0.6153846153846154,0.6153846153846154
clintox:836,836,CCn1cc(C(=O)[O-])c(=O)c2cc(F)c(N3CC[NH2+]CC3)cc21,0.631578947368421,0.631578947368421
clintox:837,837,CCN(CC)c1ccc(C(=C2C=CC(=[N+](CC)CC)C=C2)c2cc(S(=O)(=O)[O-])ccc2S(=O)(=O)[O-])cc1,0.3918918918918919,0.3918918918918919
clintox:838,838,CN(C)c1ccc(C(=C2C=CC(=[N+](C)C)C=C2)c2ccc(N(C)C)cc2)cc1,0.9642857142857143,0.9642857142857143
clintox:839,839,CCCS(=O)(=O)Nc1ccc(F)c(C(=O)c2c[nH]c3ncc(-c4ccc(Cl)cc4)cc23)c1F,0.7538461538461538,0.7538461538461538
clintox:840,840,CCCS(=O)(=O)Nc1ccc(F)c(C(=O)c2c[nH]c3ncc(-c4ccc(Cl)cc4)cc23)c1F,0.7538461538461538,0.7538461538461538
clintox:841,841,CCCCC[C@H](O)/C=C/[C@@H]1[C@@H](C/C=C\CCCC(=O)[O-])[C@@H](O)C[C@H]1O,0.546875,0.5483870967741935
clintox:842,842,CCCCCCCC(=O)CC[C@@H]1[C@@H](C/C=C\CCCC(=O)OC(C)C)[C@@H](O)C[C@H]1O,0.46,0.4791666666666667
clintox:843,843,CCCCc1oc2ccc(NS(C)(=O)=O)cc2c1C(=O)c1ccc(OCCC[NH+](CCCC)CCCC)cc1,0.796875,0.796875
clintox:844,844,CCCCc1oc2ccccc2c1C(=O)c1cc(I)c(OCC[NH+](CC)CC)c(I)c1,0.75,0.75
clintox:845,845,CCC1(c2ccc(N)cc2)CCC(=O)NC1=O,1.0,1.0
clintox:846,846,CCC1(c2ccccc2)CCC(=O)NC1=O,0.7222222222222222,0.7222222222222222
clintox:847,847,CCC1(c2ccccc2)NC(=O)N(C)C1=O,1.0,1.0
clintox:848,848,CCN1C(=O)NC(c2ccccc2)C1=O,0.45714285714285713,0.45714285714285713
clintox:849,849,CCC(=O)O[C@@](Cc1ccccc1)(c1ccccc1)[C@@H](C)C[NH+](C)C,0.3333333333333333,0.3333333333333333
clintox:850,850,CCC(=O)O[C@](Cc1ccccc1)(c1ccccc1)[C@H](C)C[NH+](C)C,0.36538461538461536,0.3333333333333333
clintox:851,851,CC[NH+](CC)CCCC(C)Nc1cc[nH+]c2cc(Cl)ccc12,0.38235294117647056,0.38235294117647056
clintox:852,852,CC[NH+](CCO)CCCC(C)Nc1cc[nH+]c2cc(Cl)ccc12,0.3918918918918919,0.3918918918918919
clintox:853,853,CC[C@H](C)C(=O)O[C@H]1C[C@@H](C)C=C2C=C[C@H](C)[C@H](CC[C@@H]3C[C@@H](O)CC(=O)O3)[C@H]21,0.4625,1.0
clintox:854,854,CCC(C)(C)C(=O)O[C@H]1C[C@@H](C)C=C2C=C[C@H](C)[C@H](CC[C@@H]3C[C@@H](O)CC(=O)O3)[C@H]21,0.5333333333333333,1.0
clintox:855,855,CC[C@H](C)[C@@H]1NC(=O)[C@H](Cc2ccc(O)cc2)NC(=O)[C@@H]([NH3+])CSSC[C@@H](C(=O)N2CCC[C@H]2C(=O)N[C@@H](CC(C)C)C(=O)NCC(N)=O)NC(=O)[C@H](CC(N)=O)NC(=O)[C@H](CCC(N)=O)NC1=O,0.6548672566371682,0.6517857142857143
clintox:856,856,CCC(C)C1NC(=O)C(Cc2ccc(O)cc2)NC(=O)C([NH3+])CSSCC(C(=O)N2CCCC2C(=O)NC(CC(C)C)C(=O)NCC(N)=O)NC(=O)C(CC(N)=O)NC(=O)C(C(C)O)NC1=O,0.4142857142857143,0.5775862068965517
clintox:857,857,C#C[C@]1(O)CC[C@H]2[C@@H]3CCC4=C/C(=N/O)CC[C@@H]4[C@H]3CC[C@@]21CC,0.352112676056338,0.7454545454545455
clintox:858,858,C#C[C@]1(OC(C)=O)CC[C@H]2[C@@H]3CCC4=C/C(=N/O)CC[C@@H]4[C@H]3CC[C@@]21CC,0.4177215189873418,1.0
clintox:859,859,CC[C@@H](CO)NC(=O)[C@@H]1C=C2c3cccc4[nH]cc(c34)C[C@H]2[NH+](C)C1,0.43902439024390244,0.4936708860759494
clintox:860,860,CC[C@@H](CO)NC(=O)[C@@H]1C=C2c3cccc4c3c(cn4C)C[C@H]2[NH+](C)C1,0.5657894736842105,0.6388888888888888
clintox:861,861,CC[C@@H](C(N)=O)N1CCCC1=O,0.7272727272727273,1.0
clintox:862,862,C=CN1CCCC1=O,1.0,1.0
clintox:863,863,CC[C@]1(O)C[C@H]2CN(CCc3c([nH]c4ccccc34)[C@@](C(=O)OC)(c3cc4c(cc3OC)N(C=O)[C@H]3[C@@](O)(C(=O)OC)[C@H](OC(C)=O)[C@]5(CC)C=CCN6CC[C@]43[C@@H]65)C2)C1,0.8584905660377359,0.9702970297029703
clintox:864,864,CC[C@]1(O)C[C@H]2CN(CCc3c([nH]c4ccccc34)[C@@](C(=O)OC)(c3cc4c(cc3OC)N(C=O)[C@H]3[C@@](O)(C(=O)OC)[C@H](OC(C)=O)[C@]5(CC)C=CCN6CC[C@]43[C@@H]65)C2)C1.O=S(=O)(O)O,0.8962264150943396,1.0
clintox:865,865,Cc1ccc(/C(=C\C[NH+]2CCCC2)c2cccc(/C=C/C(=O)[O-])n2)cc1,0.5645161290322581,0.5645161290322581
clintox:866,866,Cc1ccc(/C(=C\C[NH+]2CCCC2)c2ccccn2)cc1,0.46296296296296297,0.6122448979591837
clintox:867,867,Cc1cc2nc3c(=O)[nH]c(=O)nc-3n(C[C@H](O)[C@H](O)[C@H](O)CO)c2cc1C,1.0,1.0
clintox:868,868,Cc1cc2nc3c(=O)[nH]c(=O)nc-3n(C[C@H](O)[C@H](O)[C@H](O)COP(=O)([O-])[O-])c2cc1C,0.847457627118644,0.896551724137931
clintox:869,869,Cc1cc2cc3c(C)cc(=O)oc3c(C)c2o1,1.0,1.0
clintox:870,870,COc1c2occc2cc2ccc(=O)oc12,1.0,1.0
clintox:871,871,CC(=O)O[C@@]12CO[C@@H]1C[C@H](O)[C@@]1(C)C(=O)[C@H](O)C3=C(C)[C@@H](OC(=O)[C@H](O)[C@@H](NC(=O)OC(C)(C)C)c4ccccc4)C[C@@](O)([C@@H](OC(=O)c4ccccc4)[C@H]21)C3(C)C,0.7628865979381443,0.9888888888888889
clintox:872,872,CO[C@H]1C(=O)[C@]2(C)[C@@H](OC)C[C@H]3OC[C@@]3(OC(C)=O)[C@H]2[C@H](OC(=O)c2ccccc2)[C@]2(O)C[C@H](OC(=O)[C@H](O)[C@@H](NC(=O)OC(C)(C)C)c3ccccc3)C(C)=C1C2(C)C,0.6055045871559633,1.0
clintox:873,873,Cc1ccc(NC(=O)c2ccc(CN3CCN(C)CC3)cc2)cc1Nc1nccc(-c2cccnc2)n1,1.0,1.0
clintox:874,874,CS(=O)(=O)O.Cc1ccc(NC(=O)c2ccc(CN3CCN(C)CC3)cc2)cc1Nc1nccc(-c2cccnc2)n1,0.9420289855072463,0.9420289855072463
clintox:875,875,Cc1cn(-c2cc(NC(=O)c3ccc(C)c(Nc4nccc(-c5cccnc5)n4)c3)cc(C(F)(F)F)c2)cn1,1.0,1.0
clintox:876,876,Cc1cn(-c2cc(NC(=O)c3ccc(C)c(Nc4nccc(-c5cccnc5)n4)c3)cc(C(F)(F)F)c2)cn1,1.0,1.0
clintox:877,877,CC1=C(C/C=C(\C)CCC[C@H](C)CCC[C@H](C)CCCC(C)C)C(=O)c2ccccc2C1=O,0.75,1.0
clintox:878,878,CC1=CC(=O)c2ccccc2C1=O,1.0,1.0
clintox:879,879,CN1C(=O)CC(C)(c2ccccc2)C1=O,1.0,1.0
clintox:880,880,CN1C(=O)CC(c2ccccc2)C1=O,1.0,1.0
clintox:881,881,CN1C(=O)OC(C)(C)C1=O,1.0,1.0
clintox:882,882,CCC1(C)OC(=O)N(C)C1=O,1.0,1.0
clintox:883,883,CC/C(=C(/CC)c1ccc(O)cc1)c1ccc(O)cc1,0.6363636363636364,1.0
clintox:884,884,CC/C(=C(/CC)c1ccc(OP(=O)([O-])[O-])cc1)c1ccc(OP(=O)([O-])[O-])cc1,0.35714285714285715,0.45161290322580644
clintox:885,885,CO/N=C(\C(=O)N[C@@H]1C(=O)N2C(C(=O)OC(C)OC(C)=O)=C(COC(N)=O)CS[C@H]12)c1ccco1,1.0,1.0
clintox:886,886,CO/N=C(\C(=O)N[C@@H]1C(=O)N2C(C(=O)[O-])=C(COC(N)=O)CS[C@H]12)c1ccco1,0.7692307692307693,0.9848484848484849
clintox:887,887,CC(=O)OCC1=C(C(=O)[O-])N2C(=O)[C@@H](NC(=O)Cc3cccs3)[C@H]2SC1,0.7384615384615385,0.9824561403508771
clintox:888,888,CO[C@@]1(NC(=O)Cc2cccs2)C(=O)N2C(C(=O)[O-])=C(COC(N)=O)CS[C@@H]21,0.7464788732394366,0.9841269841269841
clintox:889,889,C#C[C@]1(OC(C)=O)CC[C@H]2[C@@H]3CCC4=C[C@@H](OC(C)=O)CC[C@@H]4[C@H]3CC[C@@]21C,0.4305555555555556,1.0
clintox:890,890,CC[C@]1(O)CC[C@H]2[C@@H]3CCC4=CCCC[C@@H]4[C@H]3CC[C@@]21C,0.3968253968253968,0.76
clintox:891,891,CC(=O)O[C@H]1CC[C@@]2(C)C(=CC[C@@H]3[C@@H]2CC[C@]2(C)C(c4cccnc4)=CC[C@@H]32)C1,0.4583333333333333,0.711864406779661
clintox:892,892,CC(=O)O[C@H]1CC[C@@]2(C)C(=CC[C@@H]3[C@@H]2CC[C@]2(C)C(c4cccnc4)=CC[C@@H]32)C1,0.4583333333333333,0.711864406779661
clintox:893,893,CC(=O)N1CCN(c2ccc(OC[C@H]3CO[C@](Cn4ccnc4)(c4ccc(Cl)cc4Cl)O3)cc2)CC1,0.8378378378378378,1.0
clintox:894,894,CC(=O)N1CCN(c2ccc(OC[C@H]3CO[C@](Cn4ccnc4)(c4ccc(Cl)cc4Cl)O3)cc2)CC1,0.8378378378378378,1.0
clintox:895,895,CC(=O)CC(c1ccccc1)c1c([O-])c2ccccc2oc1=O,0.7674418604651163,0.7674418604651163
clintox:896,896,CCC(c1ccccc1)c1c([O-])c2ccccc2oc1=O,0.5319148936170213,0.5319148936170213
clintox:897,897,CC(=O)[C@H]1CC[C@H]2[C@@H]3C=CC4=CC(=O)CC[C@@]4(C)[C@@H]3CC[C@]12C,0.35714285714285715,0.5925925925925926
clintox:898,898,CC(=O)O[C@]1(C(C)=O)CC[C@H]2[C@@H]3C=C(C)C4=CC(=O)CC[C@]4(C)[C@H]3CC[C@@]21C,0.49230769230769234,1.0
clintox:899,899,CC(CCc1ccc(O)cc1)[NH2+]CCc1ccc(O)c(O)c1,0.5813953488372093,0.5813953488372093
clintox:900,900,CC(CCc1ccccc1)[NH2+]CC(O)c1ccc(O)c(C(N)=O)c1,0.6545454545454545,0.6545454545454545
clintox:901,901,CC(C)CN(C[C@@H](O)[C@H](Cc1ccccc1)NC(=O)O[C@H]1CCOC1)S(=O)(=O)c1ccc(N)cc1,1.0,1.0
clintox:902,902,CC(C)CN(C[C@@H](OP(=O)([O-])[O-])[C@H](Cc1ccccc1)NC(=O)O[C@H]1CCOC1)S(=O)(=O)c1ccc(N)cc1,0.8918918918918919,0.8918918918918919
clintox:903,903,CC(C)[NH2+]C[C@H](O)COc1ccc(CCOCC2CC2)cc1,0.3870967741935484,0.3870967741935484
clintox:904,904,CC(C)[NH2+]CC(O)COc1ccc(CCOCC2CC2)cc1,0.3870967741935484,0.3870967741935484
clintox:905,905,CC(C)[N+](C)(CCOC(=O)C1c2ccccc2Oc2ccccc21)C(C)C,0.975,0.975
clintox:906,906,CC[N+](C)(CC)CCOC(=O)C1c2ccccc2Oc2ccccc21,0.6956521739130435,0.6956521739130435
clintox:907,907,CC(C)(C)c1ccc(C[NH+]2CCN(C(c3ccccc3)c3ccc(Cl)cc3)CC2)cc1,0.45454545454545453,0.45454545454545453
clintox:908,908,Cc1cccc(C[NH+]2CCN(C(c3ccccc3)c3ccc(Cl)cc3)CC2)c1,0.6666666666666666,0.6666666666666666
clintox:909,909,CC(C)(C#N)c1cc(Cn2cncn2)cc(C(C)(C)C#N)c1,1.0,1.0
clintox:910,910,CC(C)(C#N)c1cc(Cn2cncn2)cc(C(C)(C)C#N)c1,1.0,1.0
clintox:911,911,CC(O)C(=O)O.CN1CCN(c2ccc3c(c2)N/C(=C2/C(=O)N=c4cccc(F)c4=C2N)N3)CC1.O,0.28735632183908044,0.2840909090909091
clintox:912,912,CN1CCN(c2ccc3c(c2)N/C(=C2\C(=O)N=c4cccc(F)c4=C2N)N3)CC1,0.3,0.30434782608695654
clintox:913,913,CC#C[C@]1(O)CC[C@H]2[C@@H]3CCC4=CC(=O)CCC4=C3[C@@H](c3ccc(N(C)C)cc3)C[C@@]21C,0.6027397260273972,1.0
clintox:914,914,CC(=O)O[C@]1(C(C)=O)CC[C@H]2[C@@H]3CCC4=CC(=O)CCC4=C3[C@@H](c3ccc(N(C)C)cc3)C[C@@]21C,0.4634146341463415,0.6666666666666666
clintox:915,915,C[NH2+]CC[C@H](Oc1cccc2ccccc12)c1cccs1,0.5576923076923077,0.6875
clintox:916,916,CNCC[C@H](Oc1cccc2ccccc12)c1cccs1,0.7608695652173914,0.975609756097561
clintox:917,917,C[NH+]1CCCCC1CCN1c2ccccc2Sc2ccc(S(C)=O)cc21,0.44776119402985076,0.44776119402985076
clintox:918,918,CSc1ccc2c(c1)N(CCC1CCCC[NH+]1C)c1ccccc1S2,0.6440677966101694,0.6440677966101694
clintox:919,919,C[NH+]1[C@@H]2C[C@@H](OC(=O)[C@H](CO)c3ccccc3)C[C@H]1[C@@H]1O[C@@H]12,0.5,0.68
clintox:920,920,C[NH+]1C2CC(OC(=O)C(CO)c3ccccc3)CC1C1OC12,0.68,0.68
clintox:921,921,C[NH+](CCOc1ccc(NS(C)(=O)=O)cc1)CCc1ccc(NS(C)(=O)=O)cc1,0.3728813559322034,0.3728813559322034
clintox:922,922,CCOc1ccccc1OCC[NH2+][C@H](C)Cc1ccc(OC)c(S(N)(=O)=O)c1,0.6896551724137931,0.6896551724137931
clintox:923,923,COc1ccc(CN(CC[NH+](C)C)c2ccccn2)cc1,0.6346153846153846,0.6346153846153846
clintox:924,924,C[NH+](C)CCN(Cc1ccccc1)c1ccccn1,0.5681818181818182,0.5681818181818182
clintox:925,925,C[NH+](C)CCC[C@@]1(c2ccc(F)cc2)OCc2cc(C#N)ccc21,0.6964285714285714,0.7272727272727273
clintox:926,926,C[NH+](C)CCCC1(c2ccc(F)cc2)OCc2cc(C#N)ccc21,0.7272727272727273,0.7272727272727273
clintox:927,927,COc1cccc([C@@]2(O)CCCC[C@@H]2C[NH+](C)C)c1,0.509090909090909,0.6938775510204082
clintox:928,928,COc1cccc([C@@]2(O)CCCC[C@@H]2CN(C)C)c1,0.66,0.9761904761904762
clintox:929,929,COc1ccc2cc1Oc1cc3c(cc1OC)CC[N+](C)(C)[C@H]3Cc1ccc(cc1)Oc1c(OC)c(OC)cc3c1[C@@H](C2)[N+](C)(C)CC3,0.6,0.6233766233766234
clintox:930,930,COc1cc2c3cc1Oc1cc(ccc1O)C[C@@H]1c4c(cc(OC)c(O)c4Oc4ccc(cc4)C[C@@H]3[NH+](C)CC2)CC[N+]1(C)C,0.7341772151898734,0.7341772151898734
clintox:931,931,COc1ccc(CC2c3cc(OC)c(OC)cc3CC[N+]2(C)CCC(=O)OCCCCCOC(=O)CC[N+]2(C)CCc3cc(OC)c(OC)cc3C2Cc2ccc(OC)c(OC)c2)cc1OC,0.8095238095238095,1.0
clintox:932,932,COc1ccc(C[C@@H]2c3cc(OC)c(OC)cc3CC[N@+]2(C)CCC(=O)OCCCCCOC(=O)CC[N@@+]2(C)CCc3cc(OC)c(OC)cc3[C@H]2Cc2ccc(OC)c(OC)c2)cc1OC,1.0,1.0
clintox:933,933,C[C@H]1COc2c(N3CC[NH+](C)CC3)c(F)cc3c(=O)c(C(=O)[O-])cn1c23,0.5757575757575758,0.6774193548387096
clintox:934,934,CC1COc2c(N3CC[NH+](C)CC3)c(F)cc3c(=O)c(C(=O)[O-])cn1c23,0.6774193548387096,0.6774193548387096
clintox:935,935,C[NH2+][C@H](CC(C)C)C(=O)N[C@H]1C(=O)N[C@@H](CC(N)=O)C(=O)N[C@H]2C(=O)N[C@H]3C(=O)N[C@H](C(=O)N[C@H](C(=O)[O-])c4cc(O)cc(O)c4-c4cc3ccc4O)[C@H](O)c3ccc(c(Cl)c3)Oc3cc2cc(c3O[C@@H]2O[C@H](CO)[C@@H](O)[C@H](O)[C@H]2O[C@H]2C[C@](C)([NH3+])[C@H](O)[C@H](C)O2)Oc2ccc(cc2Cl)[C@H]1O,0.773972602739726,0.7862068965517242
clintox:936,936,CCCCCCCCCCNCC[NH2+][C@@]1(C)C[C@H](O[C@H]2[C@H](Oc3c4cc5cc3Oc3ccc(cc3Cl)[C@@H](O)[C@@H](NC(=O)[C@@H](CC(C)C)[NH2+]C)C(=O)N[C@@H](CC(N)=O)C(=O)N[C@H]5C(=O)N[C@H]3C(=O)N[C@H](C(=O)N[C@H](C(=O)[O-])c5cc(O)c(C[NH2+]CP(=O)([O-])[O-])c(O)c5-c5cc3ccc5O)[C@H](O)c3ccc(c(Cl)c3)O4)O[C@H](CO)[C@@H](O)[C@@H]2O)O[C@@H](C)[C@H]1O,0.6374269005847953,0.6242774566473989
clintox:937,937,C[C@H](CCC(=O)[O-])[C@H]1CC[C@H]2[C@@H]3[C@H](O)C[C@@H]4C[C@H](O)CC[C@]4(C)[C@H]3CC[C@]12C,0.5428571428571428,0.8235294117647058
clintox:938,938,C[C@H](CCC(=O)[O-])[C@H]1CC[C@H]2[C@@H]3[C@@H](O)C[C@@H]4C[C@H](O)CC[C@]4(C)[C@H]3CC[C@]12C,0.4794520547945205,0.8235294117647058
clintox:939,939,CC1(C)O[C@@H]2C[C@H]3[C@@H]4C[C@H](F)C5=CC(=O)CC[C@]5(C)[C@H]4[C@@H](O)C[C@]3(C)[C@]2(C(=O)CO)O1,0.33707865168539325,0.7
clintox:940,940,CC1(C)O[C@@H]2C[C@H]3[C@@H]4CCC5=CC(=O)CC[C@]5(C)[C@@]4(F)[C@@H](O)C[C@]3(C)[C@]2(C(=O)CCl)O1,0.475,1.0
clintox:941,941,C[C@]12C=CC(=O)N[C@@H]1CC[C@@H]1[C@@H]2CC[C@]2(C)[C@@H](C(=O)Nc3cc(C(F)(F)F)ccc3C(F)(F)F)CC[C@@H]12,1.0,1.0
clintox:942,942,C[C@]12C=CC(=O)N[C@@H]1CC[C@@H]1[C@@H]2CC[C@]2(C)[C@@H](C(=O)Nc3cc(C(F)(F)F)ccc3C(F)(F)F)CC[C@@H]12,1.0,1.0
clintox:943,943,C[C@]12CC[C@@H]3c4ccc(O)cc4CC[C@H]3[C@@H]1CCC2=O,0.6,1.0
clintox:944,944,C[C@]12CC[C@@H]3c4ccc(OS(=O)(=O)[O-])cc4CC[C@H]3[C@@H]1CCC2=O,0.4696969696969697,0.7454545454545455
clintox:945,945,C[C@]12C=CC(=O)C=C1CC[C@@H]1[C@@H]2C(=O)C[C@@]2(C)[C@H]1CC[C@]2(O)C(=O)CO,0.4925373134328358,1.0
clintox:946,946,C[C@H]1C[C@H]2[C@@H]3CCC4=CC(=O)C=C[C@]4(C)[C@H]3C(=O)C[C@]2(C)[C@@]1(O)C(=O)CO,0.45714285714285713,0.7
clintox:947,947,COc1cc([C@@H]2c3cc4c(cc3[C@@H](O[C@@H]3O[C@@H]5CO[C@@H](C)O[C@H]5[C@H](O)[C@H]3O)[C@H]3COC(=O)[C@H]23)OCO4)cc(OC)c1O,1.0,1.0
clintox:948,948,COc1cc([C@@H]2c3cc4c(cc3[C@@H](O[C@@H]3O[C@@H]5CO[C@@H](C)O[C@H]5[C@H](O)[C@H]3O)[C@H]3COC(=O)[C@H]23)OCO4)cc(OC)c1O,1.0,1.0
clintox:949,949,C[C@@H]1C[C@H]2[C@@H]3C[C@H](F)C4=CC(=O)C=C[C@]4(C)[C@@]3(F)[C@@H](O)C[C@]2(C)[C@@]1(OC(=O)c1ccco1)C(=O)SCF,0.3673469387755102,0.7532467532467533
clintox:950,950,C[C@@H]1C[C@H]2[C@@H]3CCC4=CC(=O)C=C[C@]4(C)[C@@]3(Cl)[C@@H](O)C[C@]2(C)[C@@]1(OC(=O)c1ccco1)C(=O)CCl,0.5280898876404494,1.0
clintox:951,951,C=CC[C@@H]1/C=C(\C)C[C@H](C)C[C@H](OC)[C@H]2O[C@@](O)(C(=O)C(=O)N3CCCC[C@H]3C(=O)O[C@H](/C(C)=C/[C@@H]3CC[C@@H](O)[C@H](OC)C3)[C@H](C)[C@@H](O)CC1=O)[C@H](C)C[C@@H]2OC,0.7961165048543689,1.0
clintox:952,952,CC[C@@H]1/C=C(/C)C[C@H](C)C[C@H](OC)[C@H]2O[C@@](O)(C(=O)C(=O)N3CCCC[C@H]3C(=O)O[C@H](/C(C)=C/[C@@H]3CC[C@H](Cl)[C@H](OC)C3)[C@H](C)[C@@H](O)CC1=O)[C@H](C)C[C@@H]2OC,0.8775510204081632,1.0
clintox:953,953,C[C@@H](O)[C@H]1C(=O)N2C(C(=O)[O-])=C(S[C@@H]3C[NH2+][C@H](C(=O)N(C)C)C3)[C@H](C)[C@H]12,0.38666666666666666,0.5757575757575758
clintox:954,954,C[C@@H](O)[C@H]1C(=O)N2C(C(=O)[O-])=C(S[C@@H]3C[NH2+][C@H](CNS(N)(=O)=O)C3)[C@H](C)[C@H]12,0.32558139534883723,0.4805194805194805
clintox:955,955,Nc1nc2c(ncn2COC(CO)CO)c(=O)[nH]1,0.975609756097561,0.975609756097561
clintox:956,956,CC(C)[C@H]([NH3+])C(=O)OCCOCn1cnc2c(=O)[nH]c(N)nc21,0.7857142857142857,0.7857142857142857
clintox:957,957,O=C1CCO1,1.0,1.0
clintox:958,958,CCCCCCCCCCC[C@@H](C[C@@H]1OC(=O)[C@H]1CCCCCC)OC(=O)[C@H](CC(C)C)NC=O,0.5909090909090909,1.0
clintox:959,959,Nc1cc(-c2ccncc2)c[nH]c1=O,1.0,1.0
clintox:960,960,Cc1[nH]c(=O)c(C#N)cc1-c1ccncc1,1.0,1.0
clintox:961,961,C1C[NH2+]CCN1,0.4166666666666667,0.4166666666666667
clintox:962,962,CCN(CC)C(=O)N1CC[NH+](C)CC1,0.6206896551724138,0.6206896551724138
clintox:963,963,O=P1(NCCCl)OCCCN1CCCl,1.0,1.0
clintox:964,964,O=P1(N(CCCl)CCCl)NCCCO1,0.9642857142857143,0.9642857142857143
clintox:965,965,O=C([O-])CN1CCN(C(CO)C(O)CO)CCN(CC(=O)[O-])CC[NH+](CC(=O)[O-])CC1,0.391304347826087,0.391304347826087
clintox:966,966,CC(O)CN1CCN(CC(=O)[O-])CCN(CC(=O)[O-])CC[NH+](CC(=O)[O-])CC1,0.7142857142857143,0.7142857142857143
clintox:967,967,Clc1ccc2c(c1)C(N1CC[NH2+]CC1)=[NH+]c1ccccc1O2,0.44642857142857145,0.44642857142857145
clintox:968,968,C[NH+]1CCN(C2=[NH+]c3ccccc3Oc3ccc(Cl)cc32)CC1,0.45614035087719296,0.45614035087719296
clintox:969,969,c1ccc(CC2=[NH+]CCN2)cc1,0.4166666666666667,0.4166666666666667
clintox:970,970,Cc1cc(C(C)(C)C)c(O)c(C)c1CC1=[NH+]CCN1,0.5714285714285714,0.5714285714285714
clintox:971,971,[NH3+][C@@H]1CC1c1ccccc1,0.4482758620689655,0.5652173913043478
clintox:972,972,CCN(CC)C(=O)[C@]1(c2ccccc2)C[C@@H]1C[NH3+],0.5106382978723404,0.7317073170731707
clintox:973,973,O=C1c2ccccc2C(=O)C1c1ccccc1,1.0,1.0
clintox:974,974,COc1ccc(C2C(=O)c3ccccc3C2=O)cc1,1.0,1.0
clintox:975,975,O=C1NC(c2ccccc2)(c2ccccc2)C(=O)N1COP(=O)([O-])[O-],0.7142857142857143,0.7142857142857143
clintox:976,976,O=C1NC(=O)C(c2ccccc2)(c2ccccc2)N1,0.46875,0.46875
clintox:977,977,Clc1ccccc1C[NH+]1CCc2sccc2C1,0.4791666666666667,0.4791666666666667
clintox:978,978,COC(=O)[C@H](c1ccccc1Cl)[NH+]1CCc2sccc2C1,0.5166666666666667,0.5166666666666667
clintox:979,979,Clc1ccc2c(c1)CCc1cccnc1C2=C1CC[NH2+]CC1,0.7333333333333333,0.7333333333333333
clintox:980,980,C[NH+]1CCC(=C2c3ccccc3CCc3cccnc32)CC1,0.48,0.48
clintox:981,981,Nc1nc2ccc(OC(F)(F)F)cc2s1,1.0,1.0
clintox:982,982,CCOc1ccc2nc(S(N)(=O)=O)sc2c1,1.0,1.0
clintox:983,983,Nc1cccc2c1CN(C1CCC(=O)NC1=O)C2=O,1.0,1.0
clintox:984,984,Nc1cccc2c1CN(C1CCC(=O)NC1=O)C2=O,1.0,1.0
clintox:985,985,Nc1ccc(S(=O)(=O)c2ccc(N)cc2)cc1,1.0,1.0
clintox:986,986,O=S([O-])CNc1ccc(S(=O)(=O)c2ccc(NCS(=O)[O-])cc2)cc1,0.4166666666666667,0.4166666666666667
clintox:987,987,Oc1ccc(CCCC[NH2+]C[C@H](O)c2ccc(O)c(O)c2)cc1,0.42857142857142855,0.42857142857142855
clintox:988,988,COc1ccc(CC[NH+](C)CCCC(C#N)(c2ccc(OC)c(OC)c2)C(C)C)cc1OC,0.6666666666666666,0.6666666666666666
clintox:989,989,Nc1nc(=O)c2c(CCc3ccc(C(=O)N[C@@H](CCC(=O)[O-])C(=O)[O-])cc3)c[nH]c2[nH]1,0.8387096774193549,0.9824561403508771
clintox:990,990,Nc1nc(=O)c2c(CCc3ccc(C(=O)N[C@@H](CCC(=O)O)C(=O)O)cc3)c[nH]c2[nH]1,0.6865671641791045,0.75
clintox:991,991,O=C1CC[C@@]2(O)[C@H]3Cc4ccc(O)c5c4[C@@]2(CC[NH+]3CC2CC2)[C@H]1O5,0.40789473684210525,0.5970149253731343
clintox:992,992,C[N+]1(CC2CC2)CC[C@]23c4c5ccc(O)c4O[C@H]2C(=O)CC[C@@]3(O)[C@H]1C5,0.3974358974358974,0.6029411764705882
clintox:993,993,O=C1c2c([O-])ccc([O-])c2C(=O)c2c(NCC[NH2+]CCO)ccc(NCC[NH2+]CCO)c21,0.4444444444444444,0.4444444444444444
clintox:994,994,O=C1c2c(O)ccc(O)c2C(=O)c2c(NCCNCCO)ccc(NCCNCCO)c21,1.0,1.0
clintox:995,995,[NH3+][C@@H]1[C@H]2CN(c3nc4c(cc3F)c(=O)c(C(=O)[O-])cn4-c3ccc(F)cc3F)C[C@@H]12,0.676923076923077,0.6984126984126984
clintox:996,996,C[C@H]([NH3+])C(=O)N[C@@H](C)C(=O)NC1[C@H]2CN(c3nc4c(cc3F)c(=O)c(C(=O)[O-])cn4-c3ccc(F)cc3F)C[C@@H]12,0.5569620253164557,0.5714285714285714
clintox:997,997,Clc1ccc(COC(Cn2ccnc2)c2ccc(Cl)cc2Cl)c(Cl)c1,0.84,0.84
clintox:998,998,Clc1ccc(COC(Cn2ccnc2)c2ccc(Cl)cc2Cl)cc1,0.84,0.84
clintox:999,999,O=C([O-])c1cc(-c2ccc(F)cc2F)ccc1O,0.75,0.75
clintox:1000,1000,CC(C(=O)[O-])c1ccc(-c2ccccc2)c(F)c1,0.7777777777777778,0.7777777777777778
clintox:1001,1001,[NH3+]CCc1cc[nH]n1,0.3055555555555556,0.3055555555555556
clintox:1002,1002,Cc1cn[nH]c1,1.0,1.0
clintox:1003,1003,O=C1OC2(c3cc([131I])c([O-])c([131I])c3Oc3c2cc([131I])c([O-])c3[131I])c2c(Cl)c(Cl)c(Cl)c(Cl)c21,0.27906976744186046,0.27906976744186046
clintox:1004,1004,O=C1OC2(c3ccc(O)cc3Oc3cc(O)ccc32)c2ccccc21,1.0,1.0
clintox:1005,1005,ClCC1CO1,0.34782608695652173,0.34782608695652173
clintox:1006,1006,C[C@@H]1O[C@@H]1P(=O)([O-])[O-],0.5238095238095238,0.9411764705882353
clintox:1007,1007,NC(CCSCc1csc([NH+]=C(N)N)n1)=NS(N)(=O)=O,0.68,0.68
clintox:1008,1008,CN/C(=C\[N+](=O)[O-])[NH2+]CCSCc1csc(C[NH+](C)C)n1,0.47058823529411764,0.5151515151515151
clintox:1009,1009,Nc1cc(Cl)c(NC2=[NH+]CCN2)c(Cl)c1,0.21428571428571427,0.21428571428571427
clintox:1010,1010,Clc1cccc(Cl)c1NC1=[NH+]CCN1,0.3333333333333333,0.3333333333333333
clintox:1011,1011,Nc1nc(=O)n([C@@H]2CS[C@H](CO)O2)cc1F,1.0,1.0
clintox:1012,1012,Nc1ccn([C@@H]2CS[C@H](CO)O2)c(=O)n1,1.0,1.0
clintox:1013,1013,Nc1[nH]c(=O)ncc1F,0.4,0.4
clintox:1014,1014,Nc1ccn(C[C@@H](CO)OCP(=O)([O-])[O-])c(=O)n1,0.8,0.8
clintox:1015,1015,[NH3+]C[C@@H]1O[C@H](O[C@H]2[C@@H](O)[C@H](O[C@@H]3[C@@H](O)[C@H]([NH3+])C[C@H]([NH3+])[C@H]3O[C@H]3O[C@H](C[NH3+])[C@@H](O)[C@H](O)[C@H]3[NH3+])O[C@@H]2CO)[C@H]([NH3+])[C@@H](O)[C@@H]1O,0.39473684210526316,0.4375
clintox:1016,1016,[NH3+]C[C@@H]1O[C@H](O[C@H]2[C@@H](O)[C@H](O[C@@H]3[C@@H](O)[C@H]([NH3+])C[C@H]([NH3+])[C@H]3O[C@H]3O[C@H](CO)[C@@H](O)[C@H](O)[C@H]3[NH3+])O[C@@H]2CO)[C@H]([NH3+])[C@@H](O)[C@@H]1O,0.39473684210526316,0.4583333333333333
clintox:1017,1017,NC(=O)N/C=C1\NC(=O)[C@H](CO)NC(=O)[C@H](CO)NC(=O)[C@@H](NC(=O)C[C@@H]([NH3+])CCC[NH3+])CNC(=O)[C@H]([C@H]2C[C@H](O)[NH+]=C(N)N2)NC1=O,0.3050847457627119,0.5555555555555556
clintox:1018,1018,NC(=O)N/C=C1/NC(=O)[C@H](CNC(=O)C[C@@H]([NH3+])CCC[NH3+])NC(=O)[C@H](CO)NC(=O)[C@@H]([NH3+])CNC(=O)[C@H]([C@H]2CC[NH+]=C(N)N2)NC1=O,0.46788990825688076,0.5233644859813084
clintox:1019,1019,NC(=[NH2+])NC(=O)c1nc(Cl)c(N)nc1N,0.7058823529411765,0.7058823529411765
clintox:1020,1020,NC(=O)c1cnccn1,1.0,1.0
clintox:1021,1021,C/C=C/C1=C(C(=O)[O-])N2C(=O)[C@@H](NC(=O)[C@H]([NH3+])c3ccc(O)cc3)[C@H]2SC1,0.703125,0.676923076923077
clintox:1022,1022,CC(=O)OCC1=C(C(=O)[O-])N2C(=O)[C@@H](NC(=O)[C@H]([NH3+])c3ccccc3)[C@H]2SC1,0.5131578947368421,0.6285714285714286
clintox:1023,1023,O=S(=O)(OC[C@H]1O[C@@H](O[C@]2(COS(=O)(=O)O[Al](O)O)O[C@H](OS(=O)(=O)O[Al](O)O)[C@@H](OS(=O)(=O)O[Al](O)O)[C@@H]2OS(=O)(=O)O[Al](O)O)[C@H](OS(=O)(=O)O[Al](O)O)[C@@H](OS(=O)(=O)O[Al](O)O)[C@@H]1OS(=O)(=O)O[Al](O)O)O[Al](O)O,0.5967741935483871,0.8490566037735849
clintox:1024,1024,OC[C@H]1O[C@@](CO)(O[C@H]2O[C@H](CO)[C@@H](O)[C@H](O)[C@H]2O)[C@@H](O)[C@@H]1O,1.0,1.0
clintox:1025,1025,CC(C)C[C@H](NC(=O)[C@H](Cc1ccccc1)NC(=O)c1cnccn1)B(O)O,0.46153846153846156,0.46153846153846156
clintox:1026,1026,CC(C)C[C@H](NC(=O)[C@H](Cc1ccccc1)NC(=O)c1cnccn1)B(O)O,0.46153846153846156,0.46153846153846156
clintox:1027,1027,O1[As]2O[As]1O2,0.15384615384615385,0.15384615384615385
clintox:1028,1028,CS(=O)(=O)O.Nc1ncnc2c1ncn2CCOC[P@@]1(=O)OCC[C@@H](c2cccc(Cl)c2)O1,0.40789473684210525,0.40789473684210525
clintox:1029,1029,CS(=O)(=O)c1ccc(C2=C(c3ccccc3)C(=O)OC2)cc1,0.42,0.42
clintox:1030,1030,COc1ccccc1OCC[NH2+]CC(O)COc1cccc2[nH]c3ccccc3c12,0.7090909090909091,0.7090909090909091
clintox:1031,1031,COC(=O)[C@H]1[C@H]2C[C@@H]3c4[nH]c5cc(OC)ccc5c4CC[NH+]3C[C@H]2C[C@@H](OC(=O)/C=C/c2cc(OC)c(OC)c(OC)c2)[C@@H]1OC,0.47058823529411764,0.5578947368421052
clintox:1032,1032,COc1ccc(-c2ccc3cc(C(=O)[O-])ccc3c2)cc1C12CC3CC(CC(C3)C1)C2,0.8125,0.8125
clintox:1033,1033,COc1ccc(Cl)cc1C(=O)NCCc1ccc(S(=O)(=O)[N-]C(=O)NC2CCCCC2)cc1,0.746268656716418,0.746268656716418
clintox:1034,1034,COc1cc2ncnc(Nc3ccc(F)c(Cl)c3)c2cc1OCCC[NH+]1CCOCC1,0.7391304347826086,0.7391304347826086
clintox:1035,1035,COc1cc2nc(N3CCN(C(=O)C4COc5ccccc5O4)CC3)nc(N)c2cc1OC,0.9193548387096774,0.9193548387096774
clintox:1036,1036,COc1cc2nc(N3CCN(C(=O)C4CCCO4)CC3)nc(N)c2cc1OC,0.9811320754716981,0.9811320754716981
clintox:1037,1037,COc1cc2c(cc1OC)C(=O)C(CC1CC[NH+](Cc3ccccc3)CC1)C2,0.6666666666666666,0.6666666666666666
clintox:1038,1038,COC1=CC(=O)OC(/C=C/C2=CCCC=C2)C1,0.46153846153846156,0.5833333333333334
clintox:1039,1039,COc1cc(Cc2cnc(N)nc2N)cc(OC)c1OC,1.0,1.0
clintox:1040,1040,COc1cc([C@@H]2c3cc4c(cc3[C@H](O)[C@H]3COC(=O)[C@H]23)OCO4)cc(OC)c1OC,0.7692307692307693,1.0
clintox:1041,1041,COc1cc([C@@H]2c3cc4c(cc3[C@@H](O[C@@H]3O[C@@H]5COC(c6cccs6)O[C@H]5[C@H](O)[C@H]3O)[C@H]3COC(=O)[C@H]23)OCO4)cc(OC)c1O,0.7530864197530864,1.0
clintox:1042,1042,COc1cc(N)c(Cl)cc1C(=O)NC1CC[NH+](CCCOc2ccc(F)cc2)CC1OC,0.358974358974359,0.358974358974359
clintox:1043,1043,COc1c(N2C[C@@H]3CCC[NH2+][C@@H]3C2)c(F)cc2c(=O)c(C(=O)[O-])cn(C3CC3)c12,0.6216216216216216,0.6216216216216216
clintox:1044,1044,COc1ncnc([N-]S(=O)(=O)c2ccc(N)cc2)c1OC,0.574468085106383,0.574468085106383
clintox:1045,1045,COc1cc2ncnc(Nc3ccc(F)c(Cl)c3)c2cc1OCCCN1CCOCC1,1.0,1.0
clintox:1046,1046,COC(=O)Nc1nc2cc(C(=O)c3ccccc3)ccc2[nH]1,1.0,1.0
clintox:1047,1047,CO[C@H]1O[C@H](COS(=O)(=O)[O-])[C@@H](O[C@@H]2O[C@@H](C(=O)[O-])[C@@H](O[C@H]3O[C@H](COS(=O)(=O)[O-])[C@@H](O[C@@H]4O[C@H](C(=O)[O-])[C@@H](O[C@H]5O[C@H](COS(=O)(=O)[O-])[C@@H](O)[C@H](O)[C@H]5NS(=O)(=O)[O-])[C@H](O)[C@H]4O)[C@H](OS(=O)(=O)[O-])[C@H]3NS(=O)(=O)[O-])[C@H](O)[C@H]2OS(=O)(=O)[O-])[C@H](O)[C@H]1NS(=O)(=O)[O-],0.6588235294117647,0.6578947368421053
clintox:1048,1048,CO/N=C1\CN(c2nc3c(cc2F)c(=O)c(C(=O)[O-])cn3C2CC2)CC1C[NH3+],0.6756756756756757,0.7361111111111112
clintox:1049,1049,CNS(=O)(=O)CCc1ccc2[nH]cc(C3CC[NH+](C)CC3)c2c1,0.4426229508196721,0.4426229508196721
clintox:1050,1050,CNC1=[NH+]c2ccc(Cl)cc2C(c2ccccc2)=[N+]([O-])C1,0.2786885245901639,0.2786885245901639
clintox:1051,1051,CNC(=O)c1cnn(-c2nc(N)c3ncn([C@@H]4O[C@H](CO)[C@@H](O)[C@H]4O)c3n2)c1,1.0,1.0
clintox:1052,1052,Cn1cncc1[C@@](N)(c1ccc(Cl)cc1)c1ccc2c(c1)c(-c1cccc(Cl)c1)cc(=O)n2C,1.0,1.0
clintox:1053,1053,Cn1cnc([N+](=O)[O-])c1Sc1ncnc2nc[nH]c12,0.5849056603773585,0.5849056603773585
clintox:1054,1054,Cn1cnc([N+](=O)[O-])c1C[N+](C)(C)C/C=C/C(=O)Nc1cc2c(Nc3ccc(Cl)c(Br)c3)ncnc2cn1,0.2857142857142857,0.26881720430107525
clintox:1055,1055,CN1CCC[NH+]=C1COC(=O)C(O)(c1ccccc1)C1CCCCC1,0.6551724137931034,0.6551724137931034
clintox:1056,1056,CN1CCC(CNc2ccc3ncc(-c4cccc(OC(F)(F)F)c4)n3n2)CC1,1.0,1.0
clintox:1057,1057,Cn1cc[nH]c1=S,1.0,1.0
clintox:1058,1058,COc1ccc2c3c1O[C@H]1C[C@@H](O)C=C[C@@]31CCN(C)C2,0.6101694915254238,1.0
clintox:1059,1059,CN1CC(=O)N2[C@H](c3ccc4c(c3)OCO4)c3[nH]c4ccccc4c3C[C@@H]2C1=O,0.8032786885245902,1.0
clintox:1060,1060,Cn1nc(C(=O)NC2CC3CCCC(C2)[NH+]3C)c2ccccc21,0.7254901960784313,0.7254901960784313
clintox:1061,1061,CN1C(=O)CCS(=O)(=O)C1c1ccc(Cl)cc1,1.0,1.0
clintox:1062,1062,Cn1nnc2c(C(N)=O)ncn2c1=O,1.0,1.0
clintox:1063,1063,CO/N=C(\C(=O)N[C@@H]1C(=O)N2C(C(=O)[O-])=C(CSc3nnnn3C)CS[C@H]12)c1csc(N)n1,0.8860759493670886,0.8860759493670886
clintox:1064,1064,CO[C@@]1(NC(=O)CSCC#N)C(=O)N2C(C(=O)[O-])=C(CSc3nnnn3C)CS[C@@H]21,0.7692307692307693,0.9857142857142858
clintox:1065,1065,CO[C@@]1(NC(=O)C2SC(=C(C(N)=O)C(=O)[O-])S2)C(=O)N2C(C(=O)[O-])=C(CSc3nnnn3C)CS[C@@H]21,0.632183908045977,0.810126582278481
clintox:1066,1066,CO[C@@]1(NC(=O)C(C(=O)[O-])c2ccc(O)cc2)C(=O)N2C(C(=O)[O-])=C(CSc3nnnn3C)CO[C@@H]21,0.8076923076923077,0.9863013698630136
clintox:1067,1067,CO/N=C(\C(=O)N[C@@H]1C(=O)N2C(C(=O)[O-])=C(CSc3nc(=O)c(=O)[nH]n3C)CS[C@H]12)c1csc(N)n1,0.6777777777777778,0.7727272727272727
clintox:1068,1068,CN1C(C(=O)Nc2ccccn2)=C(O)c2ccccc2S1(=O)=O,1.0,1.0
clintox:1069,1069,CN(CCOc1ccc(CC2SC(=O)[N-]C2=O)cc1)c1ccccn1,0.6349206349206349,0.6349206349206349
clintox:1070,1070,COc1cc2nc(N(C)CCCNC(=O)C3CCCO3)nc(N)c2cc1OC,0.9830508474576272,0.9830508474576272
clintox:1071,1071,CN(CCCCCCCCCCN(C)C(=O)Oc1cccc([N+](C)(C)C)c1)C(=O)Oc1cccc([N+](C)(C)C)c1,1.0,1.0
clintox:1072,1072,CN(C(=O)CC(=O)N(C)c1c(I)c(C(=O)NC(CO)C(O)CO)c(I)c(C(=O)NC(CO)C(O)CO)c1I)c1c(I)c(C(=O)NC(CO)C(O)CO)c(I)c(C(=O)NC(CO)C(O)CO)c1I,0.39215686274509803,0.39215686274509803
clintox:1073,1073,CN(C)N/N=C1/N=CN=C1C(N)=O,0.2653061224489796,0.2708333333333333
clintox:1074,1074,CN(C)c1nc(N(C)C)nc(N(C)C)n1,1.0,1.0
clintox:1075,1075,CCOCCn1c(N2CCC[NH+](C)CC2)nc2ccccc21,0.6065573770491803,0.6065573770491803
clintox:1076,1076,CCOc1nc2cccc(C(=O)OCc3oc(=O)oc3C)c2n1Cc1ccc(-c2ccccc2-c2nc(=O)o[nH]2)cc1,0.7560975609756098,0.7560975609756098
clintox:1077,1077,CCOc1ccc2ccccc2c1C(=O)N[C@@H]1C(=O)N2[C@@H]1SC(C)(C)[C@@H]2C(=O)[O-],0.6617647058823529,0.9824561403508771
clintox:1078,1078,CCOc1ccc(-c2cc(C)cn2-c2ccc(S(N)(=O)=O)cc2)cc1,0.6,0.6
clintox:1079,1079,CCOc1cc(CC(=O)N[C@@H](CC(C)C)c2ccccc2N2CCCCC2)ccc1C(=O)[O-],0.7164179104477612,0.8548387096774194
clintox:1080,1080,CCOC(=O)Nc1ccc2c(c1)N(C(=O)CC[NH+]1CCOCC1)c1ccccc1S2,0.6617647058823529,0.6617647058823529
clintox:1081,1081,CCOC(=O)Nc1ccc(NCc2ccc(F)cc2)cc1N,0.5862068965517241,0.5862068965517241
clintox:1082,1082,CCOC(=O)N1CCC(=C2c3ccc(Cl)cc3CCc3cccnc32)CC1,1.0,1.0
clintox:1083,1083,CCOC(=O)c1cncn1C(C)c1ccccc1,1.0,1.0
clintox:1084,1084,CCOC(=O)c1ccc(C#Cc2ccc3c(c2)C(C)(C)CCS3)nc1,1.0,1.0
clintox:1085,1085,CCOC(=O)c1ncn2c1CN(C)C(=O)c1cc(F)ccc1-2,1.0,1.0
clintox:1086,1086,CCOC(=O)C1(c2ccccc2)CC[NH+](CCc2ccc(N)cc2)CC1,0.35294117647058826,0.35294117647058826
clintox:1087,1087,CCOC(=O)C1(c2ccccc2)CC[NH+](C)CC1,0.42592592592592593,0.42592592592592593
clintox:1088,1088,CCOC(=O)[C@H](CCc1ccccc1)[NH2+][C@H]1CCc2ccccc2N(CC(=O)[O-])C1=O,0.5774647887323944,0.5774647887323944
clintox:1089,1089,CCOC(=O)[C@H](CCc1ccccc1)[NH2+][C@@H](C)C(=O)N1CC2(C[C@H]1C(=O)[O-])SCCS2,0.375,0.3875
clintox:1090,1090,CCOC(=O)[C@H](CCc1ccccc1)[NH2+][C@@H](C)C(=O)N1[C@H](C(=O)[O-])C[C@H]2CCCC[C@@H]21,0.47368421052631576,0.6176470588235294
clintox:1091,1091,CCOC(=O)[C@H](CCc1ccccc1)[NH2+][C@@H](C)C(=O)N1[C@H](C(=O)[O-])C[C@@H]2CCC[C@@H]21,0.47368421052631576,0.6086956521739131
clintox:1092,1092,CCO/N=C(\C(=O)N[C@@H]1C(=O)N2C(C(=O)[O-])=C(Sc3nc(-c4cc[n+](C)cc4)cs3)CS[C@H]12)c1nsc(NP(=O)([O-])[O-])n1,0.37815126050420167,0.3793103448275862
clintox:1093,1093,CCNC(=O)CCC/C=C\C[C@@H]1[C@@H](/C=C/[C@@H](O)CCc2ccccc2)[C@H](O)C[C@@H]1O,0.42105263157894735,0.4189189189189189
clintox:1094,1094,CCNC(=O)[C@@H]1CCCN1C(=O)[C@H](CCCNC(N)=[NH2+])NC(=O)[C@H](CC(C)C)NC(=O)[C@@H](Cc1cn(Cc2ccccc2)cn1)NC(=O)[C@H](Cc1ccc(O)cc1)NC(=O)[C@H](CO)NC(=O)[C@H](Cc1c[nH]c2ccccc12)NC(=O)[C@H](Cc1cnc[nH]1)NC(=O)[C@@H]1CCC(=O)N1,0.7851851851851852,0.813953488372093
clintox:1095,1095,CCN1CCN(C(=O)N[C@@H](C(=O)N[C@@H]2C(=O)N3[C@@H]2SC(C)(C)[C@@H]3C(=O)[O-])c2ccccc2)C(=O)C1=O,0.9206349206349206,0.9841269841269841
clintox:1096,1096,CCN1CCN(C(=O)N[C@@H](C(=O)N[C@@H]2C(=O)N3C(C(=O)[O-])=C(CSc4nnnn4C)CS[C@H]23)c2ccc(O)cc2)C(=O)C1=O,0.6428571428571429,0.8941176470588236
clintox:1097,1097,CCn1ccc([N-]S(=O)(=O)c2ccc(N)cc2)nc1=O,0.43137254901960786,0.43137254901960786
clintox:1098,1098,CCn1cc(C(=O)[O-])c(=O)c2ccc(C)nc21,0.7804878048780488,0.7804878048780488
clintox:1099,1099,CCn1cc(C(=O)[O-])c(=O)c2cc(F)c(N3CC[NH2+]CC3)nc21,0.6440677966101694,0.6440677966101694
clintox:1100,1100,CCN1CC(CC[NH+]2CCOCC2)C(c2ccccc2)(c2ccccc2)C1=O,0.660377358490566,0.660377358490566
clintox:1101,1101,CCn1nc(C(=O)[O-])c(=O)c2cc3c(cc21)OCO3,0.7954545454545454,0.7954545454545454
clintox:1102,1102,CCN(Cc1ccncc1)C(=O)C(CO)c1ccccc1,1.0,1.0
clintox:1103,1103,CCN(CC)CCS(=O)(=O)[C@@H]1CCN2C(=O)c3coc(n3)CC(=O)C[C@H](O)/C=C(C)/C=C/CNC(=O)/C=C/[C@@H](C)[C@@H](C(C)C)OC(=O)C12,0.7115384615384616,1.0
clintox:1104,1104,CCN(CC)C(=O)C1C[NH+]2CCc3cc(OC)c(OC)cc3C2CC1OC(C)=O,0.35064935064935066,0.35064935064935066
clintox:1105,1105,CCN(C(C)=O)c1cccc(-c2ccnc3c(C#N)cnn23)c1,1.0,1.0
clintox:1106,1106,CCCSc1nc(N[C@@H]2C[C@H]2c2ccc(F)c(F)c2)c2nnn([C@@H]3C[C@H](OCCO)[C@@H](O)[C@H]3O)c2n1,1.0,1.0
clintox:1107,1107,CCCOC(=O)Cn1cc(I)c(=O)c(I)c1,0.3617021276595745,0.3617021276595745
clintox:1108,1108,CCCCS(=O)(=O)N[C@@H](Cc1ccc(OCCCCC2CC[NH2+]CC2)cc1)C(=O)[O-],0.34782608695652173,0.34782608695652173
clintox:1109,1109,CCCCOCCOCCOCc1cc2c(cc1CCC)OCO2,1.0,1.0
clintox:1110,1110,CCCCOc1ccc(OCCC[NH+]2CCOCC2)cc1,0.525,0.525
clintox:1111,1111,CCCCOc1ccc(C(=O)CC[NH+]2CCCCC2)cc1,0.5957446808510638,0.5957446808510638
clintox:1112,1112,CCCCN1C(=O)[C@@H]([C@H](O)C2CCCCC2)NC(=O)C12CCN(Cc1ccc(Oc3ccc(C(=O)O)cc3)cc1)CC2,0.32941176470588235,0.3333333333333333
clintox:1113,1113,CCCCCOc1ccc(-c2ccc(-c3ccc(C(=O)N[C@H]4C[C@@H](O)[C@@H](O)NC(=O)[C@@H]5[C@@H](O)[C@@H](C)CN5C(=O)[C@H]([C@@H](C)O)NC(=O)[C@H]([C@H](O)[C@@H](O)c5ccc(O)cc5)NC(=O)[C@@H]5C[C@@H](O)CN5C(=O)[C@H]([C@@H](C)O)NC4=O)cc3)cc2)cc1,1.0,1.0
clintox:1114,1114,CCCCCOc1ccc(-c2cc(-c3ccc(C(=O)N[C@H]4C[C@@H](O)[C@@H](O)NC(=O)[C@@H]5[C@@H](O)[C@@H](C)CN5C(=O)[C@H]([C@H](O)CC(N)=O)NC(=O)[C@H]([C@H](O)[C@@H](O)c5ccc(O)c(OS(=O)(=O)[O-])c5)NC(=O)[C@@H]5C[C@@H](O)CN5C(=O)[C@H]([C@@H](C)O)NC4=O)cc3)no2)cc1,0.7062937062937062,0.9435483870967742
clintox:1115,1115,CCCCCCOC(=O)/[NH+]=C(/N)c1ccc(NCc2nc3cc(C(=O)N(CCC(=O)OCC)c4ccccn4)ccc3n2C)cc1,0.8202247191011236,0.8
clintox:1116,1116,CCCCCCCCCCCCCCCC[N+](C)(C)CCN(Cc1ccc(OC)cc1)c1ncccn1,1.0,1.0
clintox:1117,1117,CCCCCCCCCC(=O)N[C@@H](Cc1c[nH]c2ccccc12)C(=O)N[C@H](CC(N)=O)C(=O)N[C@@H](CC(=O)[O-])C(=O)N[C@@H]1C(=O)NCC(=O)N[C@@H](CCC[NH3+])C(=O)N[C@@H](CC(=O)[O-])C(=O)N[C@H](C)C(=O)N[C@@H](CC(=O)[O-])C(=O)NCC(=O)N[C@H](CO)C(=O)N[C@@H]([C@H](C)CC(=O)[O-])C(=O)N[C@@H](CC(=O)c2ccccc2N)C(=O)O[C@@H]1C,0.8309859154929577,0.8270676691729323
clintox:1118,1118,CCCCCCC(C)(C)c1cc(O)c2c(c1)OC(C)(C)[C@@H]1CCC(=O)C[C@@H]21,0.2857142857142857,0.2857142857142857
clintox:1119,1119,CCCCCc1cc(O)c2c(c1)OC(C)(C)[C@@H]1CCC(C)=C[C@@H]21,0.5084745762711864,0.5714285714285714
clintox:1120,1120,CCCCC[C@@H](O)CC[C@H]1[C@@H]2Cc3cccc(OCC(=O)[O-])c3C[C@@H]2C[C@@H]1O,0.3333333333333333,0.3561643835616438
clintox:1121,1121,CCCCc1[nH+]cc(/C=C(\Cc2cccs2)C(=O)[O-])n1Cc1ccc(C(=O)[O-])cc1,0.3076923076923077,0.3125
clintox:1122,1122,CCCCC(=O)N(Cc1ccc(-c2ccccc2-c2nnn[n-]2)cc1)[C@H](C(=O)[O-])C(C)C,0.5633802816901409,0.5633802816901409
clintox:1123,1123,CCCCC(CC)COC(=O)C(C#N)=C(c1ccccc1)c1ccccc1,1.0,1.0
clintox:1124,1124,CCCCC(F)(F)[C@@]1(O)CC[C@@H]2[C@H](CCCCCCC(=O)[O-])C(=O)C[C@H]2O1,0.26666666666666666,0.30303030303030304
clintox:1125,1125,CCCC[NH+](CCCC)CCC(O)c1cc2c(Cl)cc(Cl)cc2c2cc(C(F)(F)F)ccc12,0.6333333333333333,0.7192982456140351
clintox:1126,1126,CCCC[NH+](CCCC)CC(O)c1cc(Cl)cc2c1-c1ccc(Cl)cc1/C2=C/c1ccc(Cl)cc1,0.5,0.6842105263157895
clintox:1127,1127,CCCc1nc2c(C)cc(-c3nc4ccccc4n3C)cc2n1Cc1ccc(-c2ccccc2C(=O)[O-])cc1,0.8636363636363636,0.8636363636363636
clintox:1128,1128,CCCc1nc(C)c2c(=O)nc(-c3cc(S(=O)(=O)N4CC[NH+](CC)CC4)ccc3OCC)[nH]n12,0.575,0.575
clintox:1129,1129,CCCc1nc(C(C)(C)O)c(C(=O)OCc2oc(=O)oc2C)n1Cc1ccc(-c2ccccc2-c2nn[n-]n2)cc1,0.7804878048780488,0.7804878048780488
clintox:1130,1130,CCCc1cc(=O)[nH]c(=S)[nH]1,1.0,1.0
clintox:1131,1131,CCCc1c2oc(C(=O)[O-])cc(=O)c2cc2c(=O)cc(C(=O)[O-])n(CC)c12,0.2898550724637681,0.2898550724637681
clintox:1132,1132,CCCc1nn(C)c2c(=O)[nH]c(-c3cc(S(=O)(=O)N4CC[NH+](C)CC4)ccc3OCC)nc12,0.7215189873417721,0.7215189873417721
clintox:1133,1133,CCCC(CCC)C(=O)O[C@H]1C[C@H]2CC[C@@H](C1)[N+]2(C)C,0.4583333333333333,0.5
clintox:1134,1134,CCCC(C)C1(CC)C(=O)NC(=S)NC1=O,0.5384615384615384,0.5384615384615384
clintox:1135,1135,C=CCC1(C(C)CCC)C(=O)NC(S)=[NH+]C1=O,0.5306122448979592,0.5306122448979592
clintox:1136,1136,CCC[NH2+]CC(O)COc1ccccc1C(=O)CCc1ccccc1,0.6545454545454545,0.6545454545454545
clintox:1137,1137,CCC[NH2+]C(C)C(=O)Nc1c(C)csc1C(=O)OC,0.4482758620689655,0.4482758620689655
clintox:1138,1138,CCC[NH2+][C@H]1CCc2nc(N)sc2C1,0.5434782608695652,0.5434782608695652
clintox:1139,1139,CCC[NH+]1C[C@H](CSC)C[C@@H]2c3cccc4[nH]cc(c34)C[C@H]21,0.4722222222222222,0.5588235294117647
clintox:1140,1140,CCC[NH+](CCc1cccs1)[C@H]1CCc2c(O)cccc2C1,0.5833333333333334,0.5833333333333334
clintox:1141,1141,CCC[NH+](CCC)CCc1cccc2c1CC(=O)N2,0.6222222222222222,0.6222222222222222
clintox:1142,1142,CCC[C@@]1(CCc2ccccc2)CC([O-])=C([C@H](CC)c2cccc([N-]S(=O)(=O)c3ccc(C(F)(F)F)cn3)c2)C(=O)O1,0.5368421052631579,0.5368421052631579
clintox:1143,1143,CCC[C@H]([NH2+][C@@H](C)C(=O)N1[C@H](C(=O)[O-])C[C@@H]2CCCC[C@@H]21)C(=O)OCC,0.36486486486486486,0.5151515151515151
clintox:1144,1144,CCC[C@H](NC(=O)[C@@H]1[C@H]2CCC[C@H]2CN1C(=O)[C@@H](NC(=O)[C@@H](NC(=O)c1cnccn1)C1CCCCC1)C(C)(C)C)C(=O)C(=O)NC1CC1,1.0,1.0
clintox:1145,1145,CCc1nn(CCC[NH+]2CCN(c3cccc(Cl)c3)CC2)c(=O)n1CCOc1ccccc1,0.7727272727272727,0.7727272727272727
clintox:1146,1146,CCC1NC(=O)c2cc(S(N)(=O)=O)c(Cl)cc2N1,1.0,1.0
clintox:1147,1147,CCc1ccc(CCOc2ccc(CC3SC(=O)NC3=O)cc2)nc1,0.9782608695652174,0.9782608695652174
clintox:1148,1148,CCc1cccc2c3c([nH]c12)C(CC)(CC(=O)[O-])OCC3,0.82,0.82
clintox:1149,1149,CCc1ccc(CCOc2ccc(CC3SC(=O)[N-]C3=O)cc2)nc1,0.6851851851851852,0.6851851851851852
clintox:1150,1150,CCC1=CC2C[NH+](C1)Cc1c([nH]c3ccccc13)[C@@](C(=O)OC)(c1cc3c(cc1OC)N(C)[C@H]1[C@@](O)(C(=O)OC)[C@H](OC(C)=O)[C@]4(CC)C=CC[NH+]5CC[C@]31[C@@H]54)C2,0.5,0.5426356589147286
clintox:1151,1151,CCc1cc2c(cc1CC)CC([NH2+]C[C@H](O)c1ccc(O)c3[nH]c(=O)ccc13)C2,0.24193548387096775,0.24193548387096775
clintox:1152,1152,CCC1=C[C@@H]2CN(C1)Cc1c([nH]c3ccccc13)[C@@](C(=O)OC)(c1cc3c(cc1OC)N(C)[C@H]1[C@@](O)(C(=O)OC)[C@H](OC(C)=O)[C@]4(CC)C=CCN5CC[C@]31[C@@H]54)C2,0.6333333333333333,0.7130434782608696
clintox:1153,1153,CCc1c2c(nc3ccc(OC(=O)N4CCC(N5CCCCC5)CC4)cc13)-c1cc3c(c(=O)n1C2)COC(=O)[C@]3(O)CC,0.49473684210526314,0.5106382978723404
clintox:1154,1154,CCc1c2c(nc3ccc(OC(=O)N4CCC([NH+]5CCCCC5)CC4)cc13)-c1cc3c(c(=O)n1C2)COC(=O)[C@]3(O)CC,0.49473684210526314,0.5106382978723404
clintox:1155,1155,CCC1=C(C)CN(C(=O)NCCc2ccc(S(=O)(=O)[N-]C(=O)NC3CCC(C)CC3)cc2)C1=O,0.75,0.75
clintox:1156,1156,CCc1nc(N)nc(N)c1-c1ccc(Cl)cc1,1.0,1.0
clintox:1157,1157,CCc1c(Cl)c([O-])c(Cl)c(O)c1C(=O)O[C@H]1[C@H](O)[C@H](OC)[C@H](OC/C2=C\C=C\C[C@H](O)/C(C)=C/[C@H](CC)[C@@H](O[C@@H]3OC(C)(C)[C@@H](OC(=O)C(C)C)[C@H](O)[C@@H]3O)/C(C)=C/C(C)=C/C[C@@H]([C@@H](C)O)OC2=O)O[C@@H]1C,0.9304347826086956,0.9298245614035088
clintox:1158,1158,CCc1c(C)[nH]c2c1C(=O)C(C[NH+]1CCOCC1)CC2,0.6346153846153846,0.6346153846153846
clintox:1159,1159,CCC1(C)CC(=O)NC1=O,1.0,1.0
clintox:1160,1160,CCC1(c2ccccc2)C(=O)NCNC1=O,1.0,1.0
clintox:1161,1161,CCC1(c2ccccc2)SCC(=O)NC1=O,0.45,0.45
clintox:1162,1162,CCC1(CC)C(=O)NCC(C)C1=O,0.4,0.4
clintox:1163,1163,CCC(=O)OC(OP(=O)(CCCCc1ccccc1)CC(=O)N1C[C@H](C2CCCCC2)C[C@H]1C(=O)[O-])C(C)C,0.8591549295774648,0.9852941176470589
clintox:1164,1164,CCC(=O)O[C@H]1CC[C@H]2[C@@H]3CC[C@H]4CC(=O)[C@H](C)C[C@]4(C)[C@H]3CC[C@]12C,0.4375,0.7037037037037037
clintox:1165,1165,CCC(=O)NCC[C@@H]1CCc2ccc3c(c21)CCO3,0.7959183673469388,1.0
clintox:1166,1166,CCC(=O)N(c1ccccc1)C1CC[NH+](CCc2ccccc2)CC1,0.391304347826087,0.391304347826087
clintox:1167,1167,CCC(=O)N(c1ccccc1)C1(COC)CC[NH+](CCn2nnn(CC)c2=O)CC1,0.29508196721311475,0.29508196721311475
clintox:1168,1168,CCC(=O)N(c1ccccc1)C1(COC)CC[NH+](CCc2cccs2)CC1,0.38333333333333336,0.38333333333333336
clintox:1169,1169,CCC(=O)N(c1ccccc1)C1(C(=O)OC)CC[NH+](CCC(=O)OC)CC1,0.34615384615384615,0.34615384615384615
clintox:1170,1170,CCC(C)n1ncn(-c2ccc(N3CCN(c4ccc(OC[C@H]5CO[C@](Cn6cncn6)(c6ccc(Cl)cc6Cl)O5)cc4)CC3)cc2)c1=O,0.9024390243902439,1.0
clintox:1171,1171,CCC(C)CCCCC(=O)NC(CC[NH3+])C(=O)NC(C(=O)NC(CC[NH3+])C(=O)NC1CCNC(=O)C(C(C)O)NC(=O)C(CC[NH3+])NC(=O)C(CC[NH3+])NC(=O)C(CC(C)C)NC(=O)C(Cc2ccccc2)NC(=O)C(CC[NH3+])NC1=O)C(C)O,0.8163265306122449,0.851063829787234
clintox:1172,1172,CCC(C)CCCC(=O)N[C@@H](CC[NH3+])C(=O)N[C@H](C(=O)N[C@@H](CC[NH3+])C(=O)N[C@H]1CCNC(=O)[C@H]([C@@H](C)O)NC(=O)[C@H](CC[NH3+])NC(=O)[C@H](CC[NH3+])NC(=O)[C@H](CC(C)C)NC(=O)[C@@H](CC(C)C)NC(=O)[C@H](CC[NH3+])NC1=O)[C@@H](C)O,0.8202247191011236,0.8313253012048193
clintox:1173,1173,CCC(C)C([NH3+])C1=NC(C(=O)NC(CC(C)C)C(=O)NC(CCC(=O)[O-])C(=O)NC(C(=O)NC2CCCCNC(=O)C(CC(N)=O)NC(=O)C(CC(=O)[O-])NC(=O)C(CC3C=NC=[NH+]3)NC(=O)C(Cc3ccccc3)NC(=O)C(C(C)CC)NC(=O)C(CCC[NH3+])NC2=O)C(C)CC)CS1,0.5125,0.6405228758169934
clintox:1174,1174,CCC(C)(C)C1C(=O)N2CCCC2C2(O)OC(NC(=O)C3CC4c5cccc6[nH]cc(c56)CC4[NH+](C)C3)(C(C)C)C(=O)N12,0.4180327868852459,0.6074766355140186
clintox:1175,1175,CC1=C(CC(=O)[O-])c2cc(F)ccc2/C1=C\c1ccc(S(C)=O)cc1,0.6481481481481481,0.8333333333333334
clintox:1176,1176,CC[NH2+][C@H]1CN(CCCOC)S(=O)(=O)c2sc(S(N)(=O)=O)cc21,0.7,0.7
clintox:1177,1177,CC[NH2+][C@H]1C[C@H](C)S(=O)(=O)c2sc(S(N)(=O)=O)cc21,0.5471698113207547,0.64
clintox:1178,1178,CC[NH2+][C@@H]1C[C@H]([NH3+])[C@@H](O[C@H]2OC(C[NH3+])=CC[C@H]2[NH3+])[C@H](O)[C@H]1O[C@H]1OC[C@](C)(O)[C@H]([NH2+]C)[C@H]1O,0.3793103448275862,0.3902439024390244
clintox:1179,1179,CC[NH+](CC)CCOC(=O)C1(C2CCCCC2)CCCCC1,0.6136363636363636,0.6136363636363636
clintox:1180,1180,CC[NH+](CC)Cc1cc(Nc2ccnc3cc(Cl)ccc23)ccc1O,0.6101694915254238,0.6101694915254238
clintox:1181,1181,CC[N+](CC)(CCNC(=O)C(=O)NCC[N+](CC)(CC)Cc1ccccc1Cl)Cc1ccccc1Cl,0.3877551020408163,0.3877551020408163
clintox:1182,1182,CC[C@H]1CCC[C@H](O[C@H]2CC[C@H]([NH+](C)C)[C@@H](C)O2)[C@@H](C)C(=O)C2=C[C@@H]3[C@@H](C=C(C)[C@@H]4C[C@@H](O[C@@H]5O[C@@H](C)[C@H](OC)[C@@H](OC)[C@H]5OC)C[C@@H]34)[C@@H]2CC(=O)O1,0.2463768115942029,0.2318840579710145
clintox:1183,1183,C/C=C/C[C@@H](C)[C@@H](O)[C@H]1C(=O)N[C@@H](CC)C(=O)N(C)CC(=O)N(C)[C@@H](CC(C)C)C(=O)N[C@@H](C(C)C)C(=O)N(C)[C@@H](CC(C)C)C(=O)N[C@@H](C)C(=O)N[C@H](C)C(=O)N(C)[C@@H](CC(C)C)C(=O)N(C)[C@@H](CC(C)C)C(=O)N(C)[C@@H](C(C)C)C(=O)N1C,0.9146341463414634,1.0
clintox:1184,1184,CC[C@@H]1C(=O)OC[C@@H]1Cc1cncn1C,0.5686274509803921,0.8372093023255814
clintox:1185,1185,CC[C@H](C)C(=O)O[C@H]1C[C@H](O)C=C2C=C[C@H](C)[C@H](CC[C@@H](O)C[C@@H](O)CC(=O)[O-])[C@H]21,0.5256410256410257,0.9833333333333333
clintox:1186,1186,CC[C@H](C)[C@H]1O[C@]2(CC[C@@H]1C)C[C@@H]1C[C@@H](C/C=C(\C)[C@@H](O[C@H]3C[C@H](OC)[C@@H](O[C@H]4C[C@H](OC)[C@@H](O)[C@H](C)O4)[C@H](C)O3)[C@@H](C)/C=C/C=C3\CO[C@@H]4[C@H](O)C(C)=C[C@@H](C(=O)O1)[C@]34O)O2,1.0,1.0
clintox:1187,1187,C#C[C@]1(O)CC[C@H]2[C@@H]3CCC4=CC(=O)CC[C@@H]4[C@H]3C(=C)C[C@@]21CC,0.43478260869565216,0.7166666666666667
clintox:1188,1188,CC[C@H]1NC(=O)[C@@H](NC(=O)c2ncccc2O)[C@@H](C)OC(=O)[C@H](c2ccccc2)NC(=O)C2CC(=O)C(CS[C@@H]3C[NH+]4CCC3CC4)CN2C(=O)[C@H](Cc2ccc(N(C)C)cc2)N(C)C(=O)[C@@H]2CCCN2C1=O,0.2911392405063291,0.29936305732484075
clintox:1189,1189,CC[C@H]1OC(=O)[C@H](C)[C@@H](O[C@H]2C[C@@](C)(OC)[C@@H](O)[C@H](C)O2)C(C)[C@@H](O[C@@H]2O[C@H](C)C[C@H]([NH+](C)C)[C@H]2O)[C@](C)(O)C[C@@H](C)C[NH+](C)[C@H](C)[C@@H](O)[C@]1(C)O,0.6224489795918368,0.6326530612244898
clintox:1190,1190,CC[C@@H](C)C(=O)O[C@H]1[C@H](O)[C@H]2[C@@H](C[NH+]3C[C@@H](C)CC[C@H]3[C@@]2(C)O)[C@@H]2C[C@]34O[C@]5(O)[C@@H](OC(=O)[C@@](C)(O)CC)CC[C@@]3(C)[C@@H]5[C@@H](OC(C)=O)[C@@H](OC(C)=O)[C@H]4[C@@]21O,0.6862745098039216,0.776595744680851
clintox:1191,1191,CC[C@@H]([C@H](C)O)n1ncn(-c2ccc(N3CCN(c4ccc(OC[C@@H]5CO[C@@](Cn6cncn6)(c6ccc(F)cc6F)C5)cc4)CC3)cc2)c1=O,0.723404255319149,1.0
clintox:1192,1192,CC[C@@]1(O)C(=O)OCc2c1cc1n(c2=O)Cc2cc3c(C[NH+](C)C)c(O)ccc3nc2-1,0.7638888888888888,0.7887323943661971
clintox:1193,1193,CC1=NS(=O)(=O)c2cc(Cl)ccc2N1,0.4634146341463415,0.4634146341463415
clintox:1194,1194,Cc1nnc(SCC2=C(C(=O)[O-])N3C(=O)[C@@H](NC(=O)Cn4cnnn4)[C@H]3SC2)s1,0.8695652173913043,0.9848484848484849
clintox:1195,1195,Cc1nnc([N-]S(=O)(=O)c2ccc(N)cc2)s1,0.5365853658536586,0.5365853658536586
clintox:1196,1196,Cc1nnc(C(=O)NC(C)(C)c2nc(C(=O)NCc3ccc(F)cc3)c([O-])c(=O)n2C)o1,0.5217391304347826,0.5217391304347826
clintox:1197,1197,Cc1nccn1CC1CCc2c(c3ccccc3n2C)C1=O,1.0,1.0
clintox:1198,1198,C/C(=C\c1csc(C)n1)[C@@H]1C[C@@H]2O[C@]2(C)CCC[C@H](C)[C@H](O)[C@@H](C)C(=O)C(C)(C)[C@@H](O)CC(=O)N1,0.2087912087912088,0.21782178217821782
clintox:1199,1199,Cc1cnc(NC(=O)C2=C(O)c3ccccc3S(=O)(=O)N2C)s1,1.0,1.0
clintox:1200,1200,Cc1cnc(C(=O)NCCc2ccc(S(=O)(=O)[N-]C(=O)NC3CCCCC3)cc2)cn1,0.7258064516129032,0.7258064516129032
clintox:1201,1201,Cc1cn([C@H]2C=C[C@@H](CO)O2)c(=O)[nH]c1=O,1.0,1.0
clintox:1202,1202,Cc1ccsc1C(=CCC[NH+]1CCC[C@@H](C(=O)[O-])C1)c1sccc1C,0.2923076923076923,0.2923076923076923
clintox:1203,1203,Cc1ccnc2c1NC(=O)c1cccnc1N2C1CC1,1.0,1.0
clintox:1204,1204,CO[C@H]1/C=C/O[C@@]2(C)Oc3c(C)c(O)c4c(O)c(c5c(nc6cc(C)ccn65)c4c3C2=O)NC(=O)/C(C)=C\C=C\[C@H](C)[C@H](O)[C@@H](C)[C@@H](O)[C@@H](C)[C@H](OC(C)=O)[C@@H]1C,0.6428571428571429,1.0
clintox:1205,1205,Cc1cccn2c(=O)c(-c3nnn[n-]3)cnc12,0.975,0.975
clintox:1206,1206,COc1cc(C(=O)[N-]S(=O)(=O)c2ccccc2C)ccc1Cc1cn(C)c2ccc(NC(=O)OC3CCCC3)cc12,0.8,0.8
clintox:1207,1207,Cc1ccccc1N1CC[NH+](CCc2nnc3n2CCCC3)CC1,0.5,0.5
clintox:1208,1208,Cc1ccccc1N1C(=O)c2cc(S(N)(=O)=O)c(Cl)cc2NC1C,1.0,1.0
clintox:1209,1209,Cc1ccccc1C(=O)Nc1ccc(C(=O)N2CCCC(O)c3cc(Cl)ccc32)c(C)c1,1.0,1.0
clintox:1210,1210,Cc1cccc(C)c1OCC(=O)N[C@@H](Cc1ccccc1)[C@@H](O)C[C@H](Cc1ccccc1)NC(=O)[C@H](C(C)C)N1CCCNC1=O,0.6962025316455697,1.0
clintox:1211,1211,COc1ccccc1OCC(O)CN1CC[NH+](CC(=O)Nc2c(C)cccc2C)CC1,0.7457627118644068,0.7457627118644068
clintox:1212,1212,Cc1nc(Nc2ncc(C(=O)Nc3c(C)cccc3Cl)s2)cc(N2CC[NH+](CCO)CC2)n1,0.7837837837837838,0.7837837837837838
clintox:1213,1213,Cc1cccc(Nc2ccncc2S(=O)(=O)[N-]C(=O)NC(C)C)c1,0.6964285714285714,0.6964285714285714
clintox:1214,1214,Cc1ccc(Nc2nccc(N(C)c3ccc4c(C)n(C)nc4c3)n2)cc1S(N)(=O)=O,1.0,1.0
clintox:1215,1215,Cc1ccc(NC(=O)c2ccc(CN3CC[NH+](C)CC3)cc2)cc1Nc1nccc(-c2cccnc2)n1,0.8333333333333334,0.8333333333333334
clintox:1216,1216,Cc1ccc(-n2[nH]c(C)c(N/N=C3\C=CC=C(c4cccc(C(=O)[O-])c4)C3=O)c2=O)cc1C,0.3333333333333333,0.3488372093023256
clintox:1217,1217,CNC(=O)c1cc(Oc2ccc(NC(=O)Nc3ccc(Cl)c(C(F)(F)F)c3)cc2)ccn1.Cc1ccc(S(=O)(=O)O)cc1,0.5217391304347826,0.5217391304347826
clintox:1218,1218,Cc1ccc(S(=O)(=O)[N-]C(=O)N[NH+]2CCCCCC2)cc1,0.3902439024390244,0.3902439024390244
clintox:1219,1219,Cc1ccc(N(CC2=[NH+]CCN2)c2cccc(O)c2)cc1,0.6078431372549019,0.6078431372549019
clintox:1220,1220,Cc1ccc(-c2cc(C(F)(F)F)nn2-c2ccc(S(N)(=O)=O)cc2)cc1,1.0,1.0
clintox:1221,1221,Cc1ccc(-c2nc3ccc(C)cn3c2CC(=O)N(C)C)cc1,1.0,1.0
clintox:1222,1222,Cc1ccc(C(=O)c2ccc(CC(=O)[O-])n2C)cc1,0.9705882352941176,0.9705882352941176
clintox:1223,1223,Cc1c2oc3c(C)ccc(C(=O)NC4C(=O)NC(C(C)C)C(=O)N5CCCC5C(=O)N(C)CC(=O)N(C)C(C(C)C)C(=O)OC4C)c3nc-2c(C(=O)NC2C(=O)NC(C(C)C)C(=O)N3CCCC3C(=O)N(C)CC(=O)N(C)C(C(C)C)C(=O)OC2C)c(N)c1=O,0.6923076923076923,1.0
clintox:1224,1224,C=C1CC[C@@]2(O)[C@H]3Cc4ccc(O)c5c4[C@@]2(CC[NH+]3CC2CC2)[C@H]1O5,0.3375,0.4657534246575342
clintox:1225,1225,CC1Cc2ccccc2N1NC(=O)c1ccc(Cl)c(S(N)(=O)=O)c1,1.0,1.0
clintox:1226,1226,Cc1cc2c(s1)Nc1ccccc1[NH+]=C2N1CC[NH+](C)CC1,0.4576271186440678,0.4576271186440678
clintox:1227,1227,Cc1cc2c(s1)=Nc1ccccc1NC=2N1CC[NH+](C)CC1,0.4576271186440678,0.4576271186440678
clintox:1228,1228,C/C1=C2/N=C(/C=C3\N/C(=C(/C)C4=N[C@@](C)(C5N=C1[C@](C)(CCC(=O)NC[C@H](C)OP(=O)([O-])O[C@H]1[C@@H](O)[C@@H](n6cnc7cc(C)c(C)cc76)O[C@@H]1CO)[C@H]5CC(N)=O)[C@@](C)(CC(N)=O)[C@@H]4CCC(N)=O)[C@@](C)(CC(N)=O)[C@@H]3CCC(N)=O)C(C)(C)[C@@H]2CCC(N)=O,0.5961538461538461,0.6490066225165563
clintox:1229,1229,C=C(c1ccc(C(=O)[O-])cc1)c1cc2c(cc1C)C(C)(C)CCC2(C)C,0.7692307692307693,0.7692307692307693
clintox:1230,1230,Cc1cc(C(=O)NNCc2ccccc2)no1,0.574468085106383,0.574468085106383
clintox:1231,1231,COC(c1ccccc1)(c1ccccc1)[C@H](Oc1nc(C)cc(C)n1)C(=O)[O-],0.3387096774193548,0.36065573770491804
clintox:1232,1232,Cc1cc(C2CCCCC2)n([O-])c(=O)c1,0.5476190476190477,0.5476190476190477
clintox:1233,1233,Cc1cc(C#N)cc(C)c1Oc1nc(Nc2ccc(C#N)cc2)nc(N)c1Br,0.34545454545454546,0.34545454545454546
clintox:1234,1234,Cc1cc(/C=C/C#N)cc(C)c1Nc1ccnc(Nc2ccc(C#N)cc2)n1,0.5142857142857142,0.5070422535211268
clintox:1235,1235,Cc1cc(C)cc(OCC2CNC(=O)O2)c1,1.0,1.0
clintox:1236,1236,Cc1cc(/C=C/c2ccc3cc(N(C)C)ccc3[n+]2C)c(C)n1-c1ccccc1,0.5454545454545454,0.6388888888888888
clintox:1237,1237,Cc1cc(O)c(C(=O)N[C@@H](C(=O)N[C@@H]2C(=O)N3C(C(=O)[O-])=C(CSc4nnnn4C)CS[C@H]23)c2ccc(O)cc2)cn1,0.7127659574468085,0.8941176470588236
clintox:1238,1238,C=CC1=C(C)c2cc3[nH]c(cc4nc(cc5[nH]c(cc1n2)c(C)c5CCC(=O)[O-])C(CCC(=O)OC)=C4C)[C@@]1(C)C3=CC=C(C(=O)OC)[C@H]1C(=O)OC,0.8604651162790697,0.8620689655172413
clintox:1239,1239,CC1=C(CCC(=O)[O-])c2cc3nc(cc4[nH]c(cc5[nH]c(cc1n2)c(C)c5C(C)O)c(C)c4C(C)OC(C)c1c(C)c2cc4nc(cc5nc(cc6[nH]c(cc1[nH]2)c(C)c6C(C)O)C(C)=C5CCC(=O)[O-])C(CCC(=O)[O-])=C4C)C(C)=C3CCC(=O)[O-],0.578125,0.578125
clintox:1240,1240,COc1c(C)c2c(c([O-])c1C/C=C(\C)CCC(=O)OCC[NH+]1CCOCC1)C(=O)OC2,0.5061728395061729,0.6266666666666667
clintox:1241,1241,COc1c(C)c2c(c([O-])c1C/C=C(\C)CCC(=O)[O-])C(=O)OC2,0.5161290322580645,0.6785714285714286
clintox:1242,1242,CC(=O)O[C@H]1C(=O)[C@@]2(C)[C@H]([C@H](OC(=O)c3ccccc3)[C@]3(O)C[C@H](OC(=O)[C@H](O)[C@@H](NC(=O)c4ccccc4)c4ccccc4)C(C)=C1C3(C)C)[C@]1(OC(C)=O)CO[C@@H]1C[C@@H]2O,0.7872340425531915,1.0
clintox:1243,1243,Cc1ncc(C[n+]2csc(CCO)c2C)c(N)n1,0.9523809523809523,0.9523809523809523
clintox:1244,1244,Cc1nc(-c2ccc(OCC(C)C)c(C#N)c2)sc1C(=O)[O-],0.8301886792452831,0.8301886792452831
clintox:1245,1245,CC1[NH2+]CCOC1c1ccccc1,0.3333333333333333,0.3181818181818182
clintox:1246,1246,Cc1c(-c2ccccc2)oc2c(C(=O)OCC[NH+]3CCCCC3)cccc2c1=O,0.5,0.5
clintox:1247,1247,CC(=O)N(c1onc(C)c1C)S(=O)(=O)c1ccc(N)cc1,0.4791666666666667,0.4791666666666667
clintox:1248,1248,Cc1noc([N-]S(=O)(=O)c2ccc(N)cc2)c1C,0.5476190476190477,0.5476190476190477
clintox:1249,1249,Cc1[nH]cnc1CN1CCc2c(c3ccccc3n2C)C1=O,0.40298507462686567,0.40298507462686567
clintox:1250,1250,Cc1c(N)nc([C@H](CC(N)=O)[NH2+]C[C@H](N)C(N)=O)nc1C(=O)N[C@H](C(=O)N[C@H](C)[C@@H](O)[C@H](C)C(=O)N[C@H](C(=O)NCCc1nc(-c2nc(C(=O)NCCC[S+](C)C)cs2)cs1)[C@@H](C)O)[C@@H](O[C@@H]1O[C@@H](CO)[C@@H](O)[C@H](O)[C@@H]1O[C@H]1O[C@H](CO)[C@@H](O)[C@H](OC(N)=O)[C@@H]1O)c1c[nH]cn1,0.7530864197530864,0.87248322147651
clintox:1251,1251,CC1=C(C(=O)[O-])N2C(=O)[C@@H](NC(=O)[C@H]([NH3+])C3=CCC=CC3)[C@H]2SC1,0.6666666666666666,0.6666666666666666
clintox:1252,1252,Cc1oncc1C(=O)Nc1ccc(C(F)(F)F)cc1,1.0,1.0
clintox:1253,1253,Cc1c(O)cccc1C(=O)N[C@@H](CSc1ccccc1)[C@H](O)C[NH+]1C[C@H]2CCCC[C@H]2C[C@H]1C(=O)NC(C)(C)C,0.2920353982300885,0.3008849557522124
clintox:1254,1254,CO[C@@H]1[C@@H](OC(N)=O)[C@@H](O)[C@H](Oc2ccc3c([O-])c(NC(=O)c4ccc(O)c(CC=C(C)C)c4)c(=O)oc3c2C)OC1(C)C,0.7802197802197802,0.9876543209876543
clintox:1255,1255,COc1cc(NCc2ccc3nc(N)nc(N)c3c2C)cc(OC)c1OC,0.39285714285714285,0.39285714285714285
clintox:1256,1256,Cc1cc(-c2ccc(N/N=C3/C(=O)c4c(N)cc(S(=O)(=O)[O-])cc4C=C3S(=O)(=O)[O-])c(C)c2)ccc1N/N=C1/C(=O)c2c(N)cc(S(=O)(=O)[O-])cc2C=C1S(=O)(=O)[O-],0.35714285714285715,0.39705882352941174
clintox:1257,1257,CO[C@H](C(=O)[C@@H](O)[C@@H](C)O)[C@@H]1Cc2cc3cc(O[C@H]4C[C@@H](O[C@H]5C[C@@H](O)[C@H](O)[C@@H](C)O5)[C@H](O)[C@@H](C)O4)c(C)c(O)c3c([O-])c2C(=O)[C@H]1O[C@H]1C[C@@H](O[C@H]2C[C@@H](O[C@H]3C[C@](C)(O)[C@H](O)[C@@H](C)O3)[C@@H](O)[C@@H](C)O2)[C@H](O)[C@@H](C)O1,0.9032258064516129,0.9021739130434783
clintox:1258,1258,Cc1ccc(C(=O)Nc2ccc(CN3CCN(C)CC3)c(C(F)(F)F)c2)cc1C#Cc1cnc2cccnn12,0.4948453608247423,0.4948453608247423
clintox:1259,1259,Cc1[nH]c2ccccc2c1CCNCc1ccc(/C=C/C(=O)NO)cc1,0.4074074074074074,0.41509433962264153
clintox:1260,1260,COc1ccc2c(c1)c(CC(=O)[O-])c(C)n2C(=O)c1ccc(Cl)cc1,0.82,0.82
clintox:1261,1261,CO[C@H]1/C=C/O[C@@]2(C)Oc3c(C)c([O-])c4c(c3C2=O)C2=NC3(CC[NH+](CC(C)C)CC3)[NH2+]C2=C(NC(=O)/C(C)=C\C=C\[C@H](C)[C@H](O)[C@@H](C)[C@@H](O)[C@@H](C)[C@H](OC(C)=O)[C@@H]1C)C4=O,0.39849624060150374,0.5333333333333333
clintox:1262,1262,CO[C@H]1/C=C/O[C@@]2(C)Oc3c(C)c(O)c4c(O)c(c(/C=N/N5CC[NH+](C6CCCC6)CC5)c(O)c4c3C2=O)NC(=O)/C(C)=C\C=C\[C@H](C)[C@H](O)[C@@H](C)[C@@H](O)[C@@H](C)[C@H](OC(C)=O)[C@@H]1C,0.6083333333333333,0.8476190476190476
clintox:1263,1263,CO[C@H]1/C=C/O[C@@]2(C)Oc3c(C)c(O)c4c(O)c(c(/C=N/N5CC[NH+](C)CC5)c(O)c4c3C2=O)NC(=O)/C(C)=C\C=C\[C@H](C)[C@H](O)[C@@H](C)[C@@H](O)[C@@H](C)[C@H](OC(C)=O)[C@@H]1C,0.6260869565217392,0.8775510204081632
clintox:1264,1264,Cc1c(C)c2c(c(C)c1O)CCC(C)(COc1ccc(CC3SC(=O)[N-]C3=O)cc1)O2,0.375,0.375
clintox:1265,1265,Cc1nc2n(c(=O)c1CCN1CCC(c3noc4cc(F)ccc34)CC1)CCCC2,1.0,1.0
clintox:1266,1266,C=C/C=C/CC1=C(C)[C@@H](OC(=O)[C@@H]2[C@@H](C=C(C)C)C2(C)C)CC1=O,0.8076923076923077,1.0
clintox:1267,1267,CO[C@@]12[C@H](COC(N)=O)C3=C(C(=O)C(C)=C(N)C3=O)N1C[C@@H]1N[C@@H]12,1.0,1.0
clintox:1268,1268,CO[C@@]12[C@H](COC(N)=O)C3=C(C(=O)C(C)=C([NH3+])C3=O)[NH+]1C[C@@H]1N[C@@H]12,0.43661971830985913,0.43661971830985913
clintox:1269,1269,Cc1onc(-c2ccccc2)c1-c1ccc(S(N)(=O)=O)cc1,0.6521739130434783,0.6521739130434783
clintox:1270,1270,Cc1nc(Nc2ncc(C(=O)Nc3c(C)cccc3Cl)s2)cc(N2CCN(CCO)CC2)n1,1.0,1.0
clintox:1271,1271,Cc1cccc(C)c1N(CC(=O)Nc1ccc(-c2ncon2)cc1)C(=O)C1CCS(=O)(=O)CC1,1.0,1.0
clintox:1272,1272,CC1=C(/C=C/C(C)=C/C=C/C(C)=C/C=C/C=C(C)/C=C/C=C(C)/C=C/C2=C(C)CCCC2(C)C)C(C)(C)CCC1,1.0,1.0
clintox:1273,1273,Cc1ncc(COP(=O)([O-])[O-])c(CN(CC[NH+](CC(=O)[O-])Cc2c(COP(=O)([O-])[O-])cnc(C)c2O)CC(=O)[O-])c1O,0.3382352941176471,0.3382352941176471
clintox:1274,1274,COc1c(C)c2c(c(O)c1C/C=C(\C)CCC(=O)OCCN1CCOCC1)C(=O)OC2,0.8181818181818182,1.0
clintox:1275,1275,COC(=O)C1=C(C)NC(C)=C(C(=O)OCC[NH+](C)Cc2ccccc2)C1c1cccc([N+](=O)[O-])c1,0.7058823529411765,0.7058823529411765
clintox:1276,1276,COC(=O)C1=C(C)NC(C)=C(C(=O)OC(C)C)C1c1cccc2nonc12,1.0,1.0
clintox:1277,1277,Cc1nc2c([nH]1)CCN(C(=O)c1ccc(NC(=O)c3ccccc3-c3ccccc3)cc1)c1ccccc1-2,0.38961038961038963,0.38961038961038963
clintox:1278,1278,Cc1[nH+]cc2n1-c1ccc(Cl)cc1C(c1ccccc1F)=NC2,0.4603174603174603,0.4603174603174603
clintox:1279,1279,C=C1[C@H](CO)[C@@H](O)C[C@@H]1n1cnc2c(=O)[nH]c(N)nc21,0.6491228070175439,0.9791666666666666
clintox:1280,1280,CC1(C)O[C@@H]2[C@@H](CO[C@@]3(COS(N)(=O)=O)OC(C)(C)O[C@@H]23)O1,1.0,1.0
clintox:1281,1281,CC1(O)CC(c2nc(-c3ccc4ccc(-c5ccccc5)nc4c3)c3c(N)nccn23)C1,0.36666666666666664,0.3516483516483517
clintox:1282,1282,CC1(C)C[C@@H]1C(=O)N/C(=C\CCCCSC[C@H]([NH3+])C(=O)[O-])C(=O)[O-],0.2033898305084746,0.2033898305084746
clintox:1283,1283,C[NH2+]C1(C)C2CCC(C2)C1(C)C,0.42857142857142855,0.42857142857142855
clintox:1284,1284,CC1(C)C2CCC1(CS(=O)(=O)[O-])C(=O)/C2=C\c1ccc(/C=C2\C(=O)C3(CS(=O)(=O)[O-])CCC2C3(C)C)cc1,0.3114754098360656,0.32075471698113206
clintox:1285,1285,CC1(C)NC(=O)N(c2ccc([N+](=O)[O-])c(C(F)(F)F)c2)C1=O,1.0,1.0
clintox:1286,1286,CC1(C)C(C=C(Cl)Cl)C1C(=O)OCc1cccc(Oc2ccccc2)c1,1.0,1.0
clintox:1287,1287,C=C1N(CCCCCC(=O)O)c2ccccc2C1(C)C,0.41304347826086957,0.41304347826086957
clintox:1288,1288,CC1(C)SC(C(NC(=O)Cc2ccccc2)C(=O)NCCCCCC(=O)[O-])[NH2+]C1C(=O)[O-],0.39473684210526316,0.39473684210526316
clintox:1289,1289,CC(C)(C)NC(=O)N[C@H](C(=O)N1C[C@H]2[C@@H]([C@H]1C(=O)NC(CC1CCC1)C(=O)C(N)=O)C2(C)C)C(C)(C)C,0.4523809523809524,0.42528735632183906
clintox:1290,1290,CC1(C)S[C@@H]2[C@H](NC(=O)COc3ccccc3)C(=O)N2[C@H]1C(=O)[O-],0.5901639344262295,0.9795918367346939
clintox:1291,1291,COc1cccc(OC)c1C(=O)N[C@@H]1C(=O)N2[C@@H]1SC(C)(C)[C@@H]2C(=O)[O-],0.5932203389830508,0.9791666666666666
clintox:1292,1292,CC1(C)S[C@@H]2[C@H](NC(=O)C3([NH3+])CCCCC3)C(=O)N2[C@H]1C(=O)[O-],0.6415094339622641,0.6111111111111112
clintox:1293,1293,CC1(C)S[C@@H]2[C@H](NC(=O)[C@H](C(=O)[O-])c3ccsc3)C(=O)N2[C@H]1C(=O)[O-],0.578125,0.9803921568627451
clintox:1294,1294,CC1(C)S[C@@H]2[C@H](NC(=O)[C@H](NC(=O)N3CCNC3=O)c3ccccc3)C(=O)N2[C@H]1C(=O)[O-],0.9166666666666666,0.9833333333333333
clintox:1295,1295,CC1(C)S[C@@H]2[C@H](N3C(=O)[C@@H](c4ccccc4)[NH2+]C3(C)C)C(=O)N2[C@H]1C(=O)[O-],0.4,0.631578947368421
clintox:1296,1296,CC1(C)S[C@@H]2[C@H](/[NH+]=C/N3CCCCCC3)C(=O)N2[C@H]1C(=O)[O-],0.4117647058823529,0.4426229508196721
clintox:1297,1297,CC1(C)[C@H](C(=O)[O-])N2C(=O)C[C@H]2S1(=O)=O,0.7352941176470589,0.7352941176470589
clintox:1298,1298,CC(=O)S[C@@H]1CC2=CC(=O)CC[C@]2(C)[C@H]2CC[C@@]3(C)[C@@H](CC[C@@]34CCC(=O)O4)[C@H]12,0.5217391304347826,1.0
clintox:1299,1299,CC(=O)OCC1=C(C(=O)[O-])N2C(=O)[C@@H](NC(=O)CSc3ccncc3)[C@H]2SC1,0.8571428571428571,0.9833333333333333
clintox:1300,1300,CC(=O)OCC(=O)[C@@]1(O)CC[C@H]2[C@@H]3CCC4=CC(=O)CC[C@]4(C)[C@H]3C(=O)C[C@@]21C,0.5846153846153846,1.0
clintox:1301,1301,CC(=O)OCC(=O)[C@@]12OC3(CCCC3)O[C@@H]1C[C@H]1[C@@H]3CCC4=CC(=O)C=C[C@]4(C)[C@@]3(F)[C@@H](O)C[C@@]12C,0.5113636363636364,1.0
clintox:1302,1302,CC(=O)Oc1ccccc1C(=O)Nc1ncc([N+](=O)[O-])s1,1.0,1.0
clintox:1303,1303,CC(=O)Oc1ccc(C(c2ccc(OC(C)=O)cc2)c2ccccn2)cc1,1.0,1.0
clintox:1304,1304,CC(=O)Oc1cc2c(s1)CC[NH+](C(C(=O)C1CC1)c1ccccc1F)C2,0.6212121212121212,0.6212121212121212
clintox:1305,1305,CC(=O)O[C@H]1C[C@@H]2CC[C@@H]3[C@H](CC[C@@]4(C)[C@H]3C[C@H](N3CC[N+](C)(C)CC3)[C@@H]4OC(C)=O)[C@@]2(C)C[C@@H]1N1CC[N+](C)(C)CC1,0.7121212121212122,0.7230769230769231
clintox:1306,1306,C=CC[N+]1([C@H]2C[C@H]3[C@@H]4CC[C@H]5C[C@H](O)[C@@H]([NH+]6CCOCC6)C[C@]5(C)[C@H]4CC[C@]3(C)[C@H]2OC(C)=O)CCCC1,0.5125,0.7468354430379747
clintox:1307,1307,COc1ccc([C@@H]2Sc3ccccc3N(CC[NH+](C)C)C(=O)[C@@H]2OC(C)=O)cc1,0.5507246376811594,0.7540983606557377
clintox:1308,1308,CC(=O)NC[C@H]1CN(c2ccc(N3CCOCC3)c(F)c2)C(=O)O1,0.8363636363636363,1.0
clintox:1309,1309,CC(=O)Nc1nnc(S(N)(=O)=O)s1,1.0,1.0
clintox:1310,1310,CC(=O)Nc1c(I)c(C(=O)N[C@H]2C(O)O[C@H](CO)[C@@H](O)[C@@H]2O)c(I)c(N(C)C(C)=O)c1I,0.8545454545454545,1.0
clintox:1311,1311,COc1cc2c(c(OC)c1OC)-c1ccc(OC)c(=O)cc1[C@@H](NC(C)=O)CC2,0.8461538461538461,1.0
clintox:1312,1312,CC(=O)N[C@H]1[C@H]([C@H](O)[C@H](O)CO)OC(C(=O)[O-])=C[C@@H]1[NH+]=C(N)N,0.55,0.559322033898305
clintox:1313,1313,CC(=O)N[C@@H]1[C@@H](O[C@@H]2O[C@H](C(=O)[O-])[C@@H](O)[C@H](O)[C@H]2O)[C@@H](O)[C@@H](OS(=O)(=O)[O-])O[C@H]1O,0.35185185185185186,0.3333333333333333
clintox:1314,1314,CC(=O)N(CC(O)CN(C(C)=O)c1c(I)c(C(=O)NCC(O)CO)c(I)c(C(=O)NCC(O)CO)c1I)c1c(I)c(C(=O)NCC(O)CO)c(I)c(C(=O)NCC(O)CO)c1I,0.9,0.9487179487179487
clintox:1315,1315,CNC(=O)c1c(I)c(C(=O)NCC(=O)Nc2c(I)c(C(=O)[O-])c(I)c(C(=O)NCCO)c2I)c(I)c(N(C)C(C)=O)c1I,0.8363636363636363,0.8363636363636363
clintox:1316,1316,CC(=O)c1ccc2c(c1)N(CCC[NH+]1CCC(CCO)CC1)c1ccccc1S2,0.5671641791044776,0.5671641791044776
clintox:1317,1317,CC(=O)c1ccc(S(=O)(=O)[N-]C(=O)NC2CCCCC2)cc1,0.6222222222222222,0.6222222222222222
clintox:1318,1318,COc1cc(C(C)=O)ccc1OCCC[NH+]1CCC(c2noc3cc(F)ccc23)CC1,0.49382716049382713,0.49382716049382713
clintox:1319,1319,CC(=O)/N=c1\sc(S(N)(=O)=O)nn1C,1.0,1.0
clintox:1320,1320,CC(O)(CS(=O)(=O)c1ccc(F)cc1)C(=O)Nc1ccc(C#N)c(C(F)(F)F)c1,1.0,1.0
clintox:1321,1321,CC(COc1ccccc1)[NH+](CCCl)Cc1ccccc1,0.46808510638297873,0.46808510638297873
clintox:1322,1322,CC(Cc1ccccc1)[NH+](C)Cc1ccccc1,0.41379310344827586,0.41379310344827586
clintox:1323,1323,CC(Cc1ccc2c(c1)OCO2)[NH2+]CC(O)c1ccc(O)c(O)c1,0.46,0.46
clintox:1324,1324,CC(C[NH2+]C1CCCCC1)OC(=O)c1ccccc1,0.4074074074074074,0.4074074074074074
clintox:1325,1325,CC(C(=O)[O-])c1ccc(C(=O)c2cccs2)cc1,0.5,0.5
clintox:1326,1326,CC(c1cc2ccccc2s1)N(O)C(N)=O,1.0,1.0
clintox:1327,1327,CC(O)C(CO)NC(=O)C1CSSCC(NC(=O)C([NH3+])Cc2ccccc2)C(=O)NC(Cc2ccccc2)C(=O)NC(Cc2c[nH]c3ccccc23)C(=O)NC(CCCC[NH3+])C(=O)NC(C(C)O)C(=O)N1,0.3602941176470588,0.5775862068965517
clintox:1328,1328,CC(C)OC(=O)CCC/C=C\C[C@@H]1[C@@H](CC[C@@H](O)CCc2ccccc2)[C@H](O)C[C@@H]1O,0.3283582089552239,0.3384615384615385
clintox:1329,1329,CC(C)OC(=O)CCC/C=C\C[C@@H]1[C@@H](/C=C/[C@@H](O)COc2cccc(C(F)(F)F)c2)[C@H](O)C[C@@H]1O,0.2976190476190476,0.3170731707317073
clintox:1330,1330,CC(C)Nc1cccnc1N1CCN(C(=O)c2cc3cc(NS(C)(=O)=O)ccc3[nH]2)CC1,0.3918918918918919,0.3918918918918919
clintox:1331,1331,CC(C)n1c(/C=C/[C@H](O)C[C@H](O)CC(=O)[O-])c(-c2ccc(F)cc2)c2ccccc21,0.6984126984126984,0.9814814814814815
clintox:1332,1332,CC(C)COCC(CN(Cc1ccccc1)c1ccccc1)[NH+]1CCCC1,0.5961538461538461,0.5961538461538461
clintox:1333,1333,CSCC[C@H](NC(=O)[C@H](Cc1c[nH]c2ccccc12)NC(=O)CCNC(=O)OCC(C)C)C(=O)N[C@@H](CC(=O)[O-])C(=O)N[C@@H](Cc1ccccc1)C(N)=O,0.611764705882353,0.7586206896551724
clintox:1334,1334,CC(C)CNCc1ccc(-c2ccccc2S(=O)(=O)N2CCCC2)cc1,0.3898305084745763,0.3898305084745763
clintox:1335,1335,CC(C)Cn1cnc2c(N)nc3ccccc3c21,0.9736842105263158,0.9736842105263158
clintox:1336,1336,CC(C)CN(C[C@@H](O)[C@H](Cc1ccccc1)NC(=O)O[C@H]1CO[C@H]2OCC[C@H]21)S(=O)(=O)c1ccc(N)cc1,1.0,1.0
clintox:1337,1337,COc1cc2c(cc1OC)C1CC(=O)C(CC(C)C)C[NH+]1CC2,0.5818181818181818,0.5818181818181818
clintox:1338,1338,CC(C)CC([NH+](C)C)C1(c2ccc(Cl)cc2)CCC1,0.6410256410256411,0.6410256410256411
clintox:1339,1339,CC(C)CC(NC(=O)C(Cc1ccc2ccccc2c1)NC(=O)C(Cc1ccc(O)cc1)NC(=O)C(CO)NC(=O)C(Cc1c[nH]c2ccccc12)NC(=O)C(Cc1c[nH]cn1)NC(=O)C1CCC(=O)N1)C(=O)NC(CCCNC(N)=[NH2+])C(=O)N1CCCC1C(=O)NCC(N)=O,0.46496815286624205,0.751937984496124
clintox:1340,1340,CC(C)C[C@H]1C(=O)N2CCC[C@H]2[C@]2(O)O[C@](NC(=O)[C@@H]3C=C4c5cccc6[nH]c(Br)c(c56)C[C@H]4[NH+](C)C3)(C(C)C)C(=O)N12,0.7835051546391752,0.7835051546391752
clintox:1341,1341,CC(C)C[C@H](NC(=O)CNC(=O)[C@H](Cc1ccc(O)cc1)NC(=O)[C@H](CO)NC(=O)[C@H](Cc1c[nH]c2ccccc12)NC(=O)[C@H](Cc1c[nH]cn1)NC(=O)[C@@H]1CCC(=O)N1)C(=O)N[C@@H](CCCNC(N)=[NH2+])C(=O)N1CCC[C@H]1C(=O)NCC(N)=O,0.732824427480916,0.7698412698412699
clintox:1342,1342,CC(C)C[C@H](NC(=O)[C@@H](Cc1c[nH]c2ccccc12)NC(=O)[C@H](Cc1ccc(O)cc1)NC(=O)[C@H](CO)NC(=O)[C@H](Cc1c[nH]c2ccccc12)NC(=O)[C@H](Cc1cnc[nH]1)NC(=O)[C@@H]1CCC(=O)N1)C(=O)N[C@@H](CCC[NH+]=C(N)N)C(=O)N1CCC[C@H]1C(=O)NCC(N)=O,0.8760330578512396,0.8803418803418803
clintox:1343,1343,CC(C)C[C@H](NC(=O)[C@H](CCc1ccccc1)NC(=O)CN1CCOCC1)C(=O)N[C@@H](Cc1ccccc1)C(=O)N[C@@H](CC(C)C)C(=O)[C@@]1(C)CO1,1.0,1.0
clintox:1344,1344,CC(C)c1nc(CN(C)C(=O)N[C@H](C(=O)N[C@@H](Cc2ccccc2)C[C@H](O)[C@H](Cc2ccccc2)NC(=O)OCc2cncs2)C(C)C)cs1,1.0,1.0
clintox:1345,1345,CC(C)c1ccc2oc3nc(N)c(C(=O)[O-])cc3c(=O)c2c1,0.8125,0.8125
clintox:1346,1346,CC(C)c1nc(N(C)S(C)(=O)=O)nc(-c2ccc(F)cc2)c1/C=C/[C@@H](O)C[C@@H](O)CC(=O)[O-],0.7313432835820896,0.9830508474576272
clintox:1347,1347,CC(C)c1c(C(=O)Nc2ccccc2)c(-c2ccccc2)c(-c2ccc(F)cc2)n1CC[C@@H](O)C[C@@H](O)CC(=O)[O-],0.9193548387096774,0.9833333333333333
clintox:1348,1348,COCc1c(C(C)C)nc(C(C)C)c(/C=C/[C@@H](O)C[C@@H](O)CC(=O)[O-])c1-c1ccc(F)cc1,0.425,0.5753424657534246
clintox:1349,1349,CC(C)[NH2+]CCCC1(C(N)=O)c2ccccc2-c2ccccc21,0.2962962962962963,0.2978723404255319
clintox:1350,1350,CC(C)[NH2+]CC1CCc2cc(CO)c([N+](=O)[O-])cc2N1,0.29508196721311475,0.29508196721311475
clintox:1351,1351,CC(C)[NH+]1CCN(c2ccc(OC[C@H]3CO[C@](Cn4cncn4)(c4ccc(Cl)cc4Cl)O3)cc2)CC1,0.7093023255813954,0.8133333333333334
clintox:1352,1352,CC(C)[C@@]1(C(=O)N[C@H]2CC(=O)O[C@]2(O)CF)CC(c2nccc3ccccc23)=NO1,0.2804878048780488,0.27710843373493976
clintox:1353,1353,CC(C)/N=c1\cc2n(-c3ccc(Cl)cc3)c3ccccc3nc-2cc1Nc1ccc(Cl)cc1,0.7543859649122807,1.0
clintox:1354,1354,CC(C)(C(=O)c1cccnc1)c1cccnc1,1.0,1.0
clintox:1355,1355,CC(C)(O)c1ccccc1CC[C@@H](SCC1(CC(=O)[O-])CC1)c1cccc(/C=C/c2ccc3ccc(Cl)cc3n2)c1,0.8831168831168831,0.9864864864864865
clintox:1356,1356,CC(C)(C(=O)[O-])c1ccc(C(O)CCC[NH+]2CCC(C(O)(c3ccccc3)c3ccccc3)CC2)cc1,0.5806451612903226,0.5901639344262295
clintox:1357,1357,CC(C)(C)NC(=O)[C@@H]1CN(Cc2cccnc2)CC[NH+]1C[C@@H](O)C[C@@H](Cc1ccccc1)C(=O)N[C@H]1c2ccccc2C[C@H]1O,0.7303370786516854,0.7333333333333333
clintox:1358,1358,CC(C)(C)NC(=O)[C@@H]1C[C@@H]2CCCC[C@@H]2C[NH+]1C[C@@H](O)[C@H](Cc1ccccc1)NC(=O)[C@H](CC(N)=O)NC(=O)c1ccc2ccccc2n1,0.7222222222222222,0.7142857142857143
clintox:1359,1359,COc1ccccc1Oc1c([N-]S(=O)(=O)c2ccc(C(C)(C)C)cc2)nc(-c2ncccn2)nc1OCCO,0.4,0.4
clintox:1360,1360,COc1ccc(C(=O)CC(=O)c2ccc(C(C)(C)C)cc2)cc1,1.0,1.0
clintox:1361,1361,CC(C)(Sc1cc(C(C)(C)C)c(O)c(C(C)(C)C)c1)Sc1cc(C(C)(C)C)c(O)c(C(C)(C)C)c1,1.0,1.0
clintox:1362,1362,CC(C)(C)[NH2+]CC(O)COc1cccc2c1CCC(=O)N2,0.36507936507936506,0.36507936507936506
clintox:1363,1363,CC(C)(C)[NH2+]CC(O)COc1cccc2c1C[C@H](O)[C@H](O)C2,0.5357142857142857,0.68
clintox:1364,1364,CC(C)(C)[NH2+]C[C@H](O)COc1ccccc1C1CCCC1,0.6037735849056604,0.6037735849056604
clintox:1365,1365,CC(C)(C)[NH2+]C[C@H](O)COc1cccc2c1CCCC2=O,0.36507936507936506,0.36507936507936506
clintox:1366,1366,CC(C)(C)[NH2+]C[C@H](O)COc1nsnc1N1CCOCC1,0.6,0.6
clintox:1367,1367,COC(=O)N[C@H](C(=O)N[C@@H](Cc1ccccc1)[C@@H](O)CN(Cc1ccc(-c2ccccn2)cc1)NC(=O)[C@@H](NC(=O)OC)C(C)(C)C)C(C)(C)C,0.6455696202531646,0.9402985074626866
clintox:1368,1368,CC(C)(O/N=C(\C(=O)N[C@@H]1C(=O)N2C(C(=O)[O-])=C(C[n+]3ccccc3)CS[C@H]12)c1csc(N)n1)C(=O)[O-],0.8354430379746836,0.9342105263157895
clintox:1369,1369,Cn1c(=O)n(-c2ccc(C(C)(C)C#N)cc2)c2c3cc(-c4cnc5ccccc5c4)ccc3ncc21,0.4722222222222222,0.4722222222222222
clintox:1370,1370,CC(C)[C@H]1CC[C@H](C(=O)N[C@H](Cc2ccccc2)C(=O)[O-])CC1,0.6956521739130435,0.813953488372093
clintox:1371,1371,CC#CCn1c(N2CCC[C@@H]([NH3+])C2)nc2c1c(=O)n(Cc1nc(C)c3ccccc3n1)c(=O)n2C,0.8333333333333334,0.8333333333333334
clintox:1372,1372,CC#CCC(C)[C@H](O)/C=C/[C@@H]1[C@H]2C/C(=C/CCCC(=O)[O-])C[C@H]2C[C@H]1O,0.734375,0.85
clintox:1373,1373,C[NH2+]CCCC1c2ccccc2C=Cc2ccccc21,0.6,0.6
clintox:1374,1374,C[NH2+]CCCC12CCC(c3ccccc31)c1ccccc12,0.6428571428571429,0.6428571428571429
clintox:1375,1375,C[NH2+]C1(c2ccccc2Cl)CCCCC1=O,0.3090909090909091,0.3090909090909091
clintox:1376,1376,C[NH2+][C@H]1CC[C@@H](c2ccc(Cl)c(Cl)c2)c2ccccc21,0.6341463414634146,0.6585365853658537
clintox:1377,1377,C[NH2+][C@@H]1CCc2[nH]c3ccc(C(N)=O)cc3c2C1,0.42592592592592593,0.42592592592592593
clintox:1378,1378,C[NH+]1CCN2c3ncccc3Cc3ccccc3C2C1,0.625,0.625
clintox:1379,1379,CN(C)S(=O)(=O)c1ccc2c(c1)/C(=C\CCN1CC[NH+](C)CC1)c1ccccc1S2,0.42857142857142855,0.42857142857142855
clintox:1380,1380,C[NH+]1CCN(C2=[NH+]c3cc(Cl)ccc3Nc3ccccc32)CC1,0.4482758620689655,0.4482758620689655
clintox:1381,1381,C[NH+]1CCN(C(=O)O[C@H]2c3nccnc3C(=O)N2c2ccc(Cl)cn2)CC1,0.6507936507936508,0.7931034482758621
clintox:1382,1382,C[NH+]1CCCC(n2nc(Cc3ccc(Cl)cc3)c3ccccc3c2=O)CC1,0.6896551724137931,0.6896551724137931
clintox:1383,1383,C[NH+]1CCCC(CC2c3ccccc3Sc3ccccc32)C1,0.5777777777777777,0.5777777777777777
clintox:1384,1384,C[NH+]1CCC[C@H]1c1cccnc1,0.43902439024390244,0.43902439024390244
clintox:1385,1385,C[NH+]1CCC[C@@H]1Cc1c[nH]c2ccc(CCS(=O)(=O)c3ccccc3)cc12,0.6461538461538462,0.6461538461538462
clintox:1386,1386,C[NH+]1CCc2cccc3c2[C@H]1Cc1ccc(O)c(O)c1-3,0.5490196078431373,0.5490196078431373
clintox:1387,1387,C[NH+]1CCC(OC(c2ccccc2)c2ccccc2)CC1,0.6,0.6
clintox:1388,1388,COc1cc2c(Nc3ccc(Br)cc3F)ncnc2cc1OCC1CC[NH+](C)CC1,0.59375,0.59375
clintox:1389,1389,C[NH+]1CCC(=C2c3ccccc3CCn3c(C=O)c[nH+]c32)CC1,0.4745762711864407,0.4745762711864407
clintox:1390,1390,C[NH+]1CCC(=C2c3ccccc3C=Cc3ccccc32)CC1,0.5714285714285714,0.5714285714285714
clintox:1391,1391,C[NH+]1CCC(=C2c3ccccc3CC(=O)c3sccc32)CC1,0.6111111111111112,0.6111111111111112
clintox:1392,1392,C[NH+]1CCC(CN2c3ccccc3Sc3ccccc32)C1,0.41304347826086957,0.41304347826086957
clintox:1393,1393,COc1ccc2c3c1O[C@H]1[C@@H](O)CC[C@H]4[C@@H](C2)[NH+](C)CC[C@@]341,0.3333333333333333,0.3333333333333333
clintox:1394,1394,C[NH+]1CC[C@]23c4c5ccc(O)c4O[C@H]2[C@@H](O)C=C[C@H]3[C@H]1C5,0.2692307692307692,0.2857142857142857
clintox:1395,1395,COc1ccc2c3c1O[C@H]1C[C@@H](O)C=C[C@@]31CC[NH+](C)C2,0.39705882352941174,0.6551724137931034
clintox:1396,1396,C[NH+]1C[C@@H]2c3ccccc3Oc3ccc(Cl)cc3[C@H]2C1,0.34545454545454546,0.34545454545454546
clintox:1397,1397,C[NH+]1[C@@H]2CC[C@@H]1CC(OC(c1ccccc1)c1ccccc1)C2,0.5263157894736842,0.5263157894736842
clintox:1398,1398,C[NH+](C/C=C/c1ccccc1)Cc1cccc2ccccc12,0.40816326530612246,0.5333333333333333
clintox:1399,1399,COc1cc(C(=O)NCc2ccc(OCC[NH+](C)C)cc2)cc(OC)c1OC,0.7115384615384616,0.7115384615384616
clintox:1400,1400,C[NH+](C)CCOC(=O)C(c1ccccc1)C1(O)CCCC1,0.6739130434782609,0.6739130434782609
clintox:1401,1401,C[NH+](C)CCn1nnnc1SCC1=C(C(=O)[O-])N2C(=O)[C@@H](NC(=O)Cc3csc(N)n3)[C@H]2SC1,0.5154639175257731,0.5154639175257731
clintox:1402,1402,C[NH+](C)CCC=C1c2ccccc2CCc2ccccc21,0.6111111111111112,0.6111111111111112
clintox:1403,1403,C[NH+](C)CCc1c[nH]c2ccc(CS(=O)(=O)N3CCCC3)cc12,0.4576271186440678,0.4576271186440678
clintox:1404,1404,C[NH+](C)CCc1c[nH]c2ccc(Cn3cncn3)cc12,0.39622641509433965,0.39622641509433965
clintox:1405,1405,C[NH+](C)CCc1c[nH]c2ccc(C[C@H]3COC(=O)N3)cc12,0.5932203389830508,0.7407407407407407
clintox:1406,1406,C[NH+](C)CC/C=C1/c2ccccc2Sc2ccc(Cl)cc21,0.6888888888888889,0.7045454545454546
clintox:1407,1407,C[NH+](C)CC/C=C1/c2ccccc2COc2ccc(CC(=O)[O-])cc21,0.4696969696969697,0.6271186440677966
clintox:1408,1408,C=C1c2cccc([O-])c2C(=O)C2=C([O-])[C@]3(O)C(=O)C(C(N)=O)=C([O-])[C@@H]([NH+](C)C)[C@@H]3[C@@H](O)[C@H]12,0.49333333333333335,0.5
clintox:1409,1409,C[N+]12CCC(CC1)C(OC(=O)C(O)(c1ccccc1)c1ccccc1)C2,0.9743589743589743,0.9743589743589743
clintox:1410,1410,C[N+]1(C)CCN(CC(O)(c2ccccc2)C2CCCCC2)CC1,0.5531914893617021,0.5531914893617021
clintox:1411,1411,C[N+]1(CCCCC[N+]2(C)CCCC2)CCCC1,0.5333333333333333,0.5333333333333333
clintox:1412,1412,CO/N=C(\C(=O)N[C@@H]1C(=O)N2C(C(=O)[O-])=C(C[N+]3(C)CCCC3)CS[C@H]12)c1csc(N)n1,0.8767123287671232,0.8767123287671232
clintox:1413,1413,C[N+]1(C)CCCC(OC(=O)C(O)(c2ccccc2)c2ccccc2)C1,0.9736842105263158,0.9736842105263158
clintox:1414,1414,COc1cc2c(cc1OC)[C@@H](Cc1cc(OC)c(OC)c(OC)c1)[N+](C)(CCCOC(=O)CC/C=C/CCC(=O)OCCC[N+]1(C)CCc3cc(OC)c(OC)cc3[C@H]1Cc1cc(OC)c(OC)c(OC)c1)CC2,0.5882352941176471,0.6825396825396826
clintox:1415,1415,COc1cc(C[C@@H]2c3c(cc(OC)c(OC)c3OC)CC[N+]2(C)CCCOC(=O)CCC(=O)OCCC[N+]2(C)CCc3cc(OC)c(OC)c(OC)c3[C@@H]2Cc2cc(OC)c(OC)c(OC)c2)cc(OC)c1OC,0.4931506849315068,0.59375
clintox:1416,1416,C[N+]1(C)CCC(OC(=O)C(O)(c2ccccc2)C2CCCC2)C1,0.975609756097561,0.975609756097561
clintox:1417,1417,C[N+]1(C)CCC(=C(c2ccccc2)c2ccccc2)CC1,0.3103448275862069,0.3103448275862069
clintox:1418,1418,C[N+]1(C)[C@@H]2CC(OC(=O)C(O)(c3cccs3)c3cccs3)C[C@H]1[C@@H]1O[C@@H]12,0.34375,0.4576271186440678
clintox:1419,1419,C[N+](C)(CCCCCC[N+](C)(C)C1c2ccccc2-c2ccccc21)C1c2ccccc2-c2ccccc21,0.375,0.375
clintox:1420,1420,CC(C)[C@@H](CN1CC[C@@](C)(c2cccc(O)c2)[C@@H](C)C1)NC(=O)[C@H]1Cc2ccc(O)cc2CN1,0.3707865168539326,0.4878048780487805
clintox:1421,1421,C=C(C)[C@@H]1CC[C@@]2(C1)C(C)=CCC[C@@H]2C,0.35714285714285715,0.35714285714285715
clintox:1422,1422,C[C@H]1C[NH+](C[C@H](Cc2ccccc2)C(=O)NCC(=O)[O-])CC[C@@]1(C)c1cccc(O)c1,0.5,0.5733333333333334
clintox:1423,1423,C[C@H]1C[C@H]2[C@@H]3CCC4=CC(=O)C=C[C@]4(C)[C@@]3(F)[C@@H](O)C[C@]2(C)[C@@]1(OC(=O)c1ccccc1)C(=O)CO,0.391304347826087,0.7671232876712328
clintox:1424,1424,CC(C)=CC[NH+]1CC[C@@]2(C)c3cc(O)ccc3C[C@@H]1[C@@H]2C,0.28125,0.2835820895522388
clintox:1425,1425,C[C@H]1[C@H](NC(=O)/C(=N\OC(C)(C)C(=O)[O-])c2csc(N)n2)C(=O)N1S(=O)(=O)[O-],0.765625,0.7777777777777778
clintox:1426,1426,C[NH2+][C@@H]1[C@H](O[C@H]2[C@H](O[C@H]3[C@H](O)[C@@H](O)[C@H](NC(N)=[NH2+])[C@@H](O)[C@@H]3NC(N)=[NH2+])O[C@@H](C)[C@]2(O)C=O)O[C@@H](CO)[C@H](O)[C@H]1O,0.676056338028169,0.6714285714285714
clintox:1427,1427,C[C@@H]1[C@H](O)[C@@H](C)/C=C/C=C/C=C/C=C/C=C/C=C/C=C/[C@H](O[C@@H]2O[C@H](C)[C@@H](O)[C@H]([NH3+])[C@@H]2O)C[C@@H]2O[C@](O)(C[C@@H](O)C[C@@H](O)[C@H](O)CC[C@@H](O)C[C@@H](O)CC(=O)O[C@H]1C)C[C@H](O)[C@H]2C(=O)[O-],0.5471698113207547,0.7727272727272727
clintox:1428,1428,C[C@H](Cc1ccc(O)c(O)c1)[C@@H](C)Cc1ccc(O)c(O)c1,0.6785714285714286,1.0
clintox:1429,1429,C[C@H](Cc1cc2c(c(C(N)=O)c1)N(CCCO)CC2)[NH2+]CCOc1ccccc1OCC(F)(F)F,0.2948717948717949,0.2948717948717949
clintox:1430,1430,C[C@@H]([NH2+]CCCc1cccc(C(F)(F)F)c1)c1cccc2ccccc12,0.6415094339622641,0.6415094339622641
clintox:1431,1431,C[C@@H](O[C@H]1OCC[NH+](Cc2n[nH]c(=O)[nH]2)[C@H]1c1ccc(F)cc1)c1cc(C(F)(F)F)cc(C(F)(F)F)c1,0.47619047619047616,0.5061728395061729
clintox:1432,1432,C[C@@H](Oc1cc(-c2cnn(C3CC[NH2+]CC3)c2)cnc1N)c1c(Cl)ccc(F)c1Cl,0.2857142857142857,0.28888888888888886
clintox:1433,1433,CC(=O)N[C@H](Cc1ccc2ccccc2c1)C(=O)N[C@H](Cc1ccc(Cl)cc1)C(=O)N[C@H](Cc1cccnc1)C(=O)N[C@@H](CO)C(=O)N[C@@H](Cc1ccc(NC(=O)[C@@H]2CC(=O)NC(=O)N2)cc1)C(=O)N[C@H](Cc1ccc(NC(N)=O)cc1)C(=O)N[C@@H](CC(C)C)C(=O)N[C@@H](CCCC[NH2+]C(C)C)C(=O)N1CCC[C@H]1C(=O)N[C@H](C)C(N)=O,0.8992248062015504,0.9024390243902439
clintox:1434,1434,C/C(=C\C(=O)OCCCCCCCCC(=O)[O-])C[C@@H]1OC[C@H](C[C@@H]2O[C@H]2[C@@H](C)[C@H](C)O)[C@@H](O)[C@H]1O,0.8571428571428571,0.8571428571428571
clintox:1435,1435,C[C@@H](O)[C@H]1C(=O)N2C(C(=O)[O-])=C(SCC/[NH+]=C/N)C[C@H]12,0.532258064516129,0.532258064516129
clintox:1436,1436,CSCC[C@H](NC(=O)[C@H](Cc1c[nH]c2ccccc12)NC(=O)CNC(=O)[C@@H](NC(=O)[C@H](Cc1ccc(OS(=O)(=O)[O-])cc1)NC(=O)[C@H](CC(=O)[O-])NC(=O)[C@H](CCC(N)=O)NC(=O)[C@@H]1CCC(=O)N1)[C@@H](C)O)C(=O)N[C@@H](CC(=O)[O-])C(=O)N[C@@H](Cc1ccccc1)C(N)=O,0.8648648648648649,0.8660714285714286
clintox:1437,1437,CC(C)[C@@H]1NC(=O)[C@H](CCCC[NH3+])NC(=O)[C@@H](Cc2c[nH]c3ccccc23)NC(=O)[C@H](Cc2ccc(O)cc2)NC(=O)[C@@H](NC(=O)[C@H]([NH3+])Cc2ccc3ccccc3c2)CSSC[C@@H](C(=O)N[C@H](C(N)=O)[C@@H](C)O)NC1=O,0.45985401459854014,0.4772727272727273
clintox:1438,1438,C=C1/C(=C\C=C2/CCC[C@]3(C)[C@@H]([C@H](C)/C=C/[C@@H](O)C4CC4)CC[C@@H]23)C[C@@H](O)C[C@@H]1O,0.47297297297297297,0.6119402985074627
clintox:1439,1439,C[C@H](/C=C/[C@H](C)C(C)(C)O)[C@H]1CC[C@H]2/C(=C/C=C3C[C@@H](O)C[C@H](O)C3)CCC[C@]12C,0.3333333333333333,0.5454545454545454
clintox:1440,1440,C[C@@]12CCCCC[C@@H](Cc3ccc(O)cc31)[C@@H]2[NH3+],0.288135593220339,0.3103448275862069
clintox:1441,1441,C[C@]12CCC3=C4CCC(=O)C=C4CC[C@H]3[C@@H]1CC[C@@]2(O)CC#N,0.3472222222222222,0.4696969696969697
clintox:1442,1442,C[C@]12CCC(=O)C=C1CC[C@@H]1[C@@H]2[C@@H](O)C[C@@]2(C)[C@H]1CC[C@]2(O)C(=O)COC(=O)CCC1CCCC1,0.45652173913043476,0.8088235294117647
clintox:1443,1443,COC(=O)[C@@H]1CC2=CC(=O)CC[C@]2(C)[C@@]23O[C@@H]2C[C@@]2(C)[C@@H](CC[C@@]24CCC(=O)O4)[C@H]13,0.5,1.0
clintox:1444,1444,C[C@]12CCC(=O)C=C1[C@@H]1C[C@@H]1[C@H]1[C@@H]3[C@@H]4C[C@@H]4[C@@]4(CCC(=O)O4)[C@@]3(C)CC[C@@H]12,0.3698630136986301,1.0
clintox:1445,1445,C=C1C[C@@H]2[C@H](CC[C@]3(C)C(=O)CC[C@@H]23)[C@@]2(C)C=CC(=O)C=C12,0.509090909090909,1.0
clintox:1446,1446,C[C@]12C=CC(=O)C=C1CC[C@@H]1[C@@H]2CC[C@]2(C)OC(=O)CC[C@@H]12,0.42592592592592593,0.6595744680851063
clintox:1447,1447,C[C@]12COC(=O)C[C@@H]1CC[C@@H]1[C@@H]2CC[C@@]2(C)[C@H]1CC[C@]2(C)O,0.3333333333333333,0.43859649122807015
clintox:1448,1448,C[C@]12Cc3cn[nH]c3C[C@@H]1CC[C@@H]1[C@@H]2CC[C@@]2(C)[C@H]1CC[C@]2(C)O,0.26153846153846155,0.36231884057971014
clintox:1449,1449,C[C@]12C/C(=C/[O-])C(=O)C[C@@H]1CC[C@@H]1[C@@H]2CC[C@@]2(C)[C@H]1CC[C@]2(C)O,0.3114754098360656,0.4098360655737705
clintox:1450,1450,C#C[C@]1(O)CC[C@H]2[C@@H]3CCC4=Cc5oncc5C[C@]4(C)[C@H]3CC[C@@]21C,0.5538461538461539,1.0
clintox:1451,1451,C#C[C@]1(O)CC[C@H]2[C@@H]3CCC4=C(CCC(=O)C4)[C@H]3CC[C@@]21C,0.5357142857142857,1.0
clintox:1452,1452,C[C@]12CC[C@H]3[C@@H](CCC4=CC(=O)CC[C@@H]43)[C@@H]1CC[C@@H]2OC(=O)CCc1ccccc1,0.34615384615384615,0.4657534246575342
clintox:1453,1453,C[C@]12CC[C@H]3[C@@H](CC[C@@]45O[C@@H]4C(O)=C(C#N)C[C@]35C)[C@@H]1CC[C@@H]2O,0.4153846153846154,1.0
clintox:1454,1454,CC(C)(C)NC(=O)[C@H]1CC[C@H]2[C@@H]3CC[C@H]4NC(=O)C=C[C@]4(C)[C@H]3CC[C@]12C,0.6376811594202898,1.0
clintox:1455,1455,C#C[C@]1(O)CC[C@H]2[C@@H]3CCc4cc(OC5CCCC5)ccc4[C@H]3CC[C@@]21C,0.5846153846153846,1.0
clintox:1456,1456,CO[C@]12CC[C@@]3(C[C@@H]1[C@](C)(O)C(C)(C)C)[C@H]1Cc4ccc(O)c5c4[C@@]3(CC[NH+]1CC1CC1)[C@H]2O5,0.2826086956521739,0.3146067415730337
clintox:1457,1457,C[C@@H]1O[C@@]2(CS1)C[NH+]1CCC2CC1,0.21052631578947367,0.21621621621621623
clintox:1458,1458,C[C@@H]1CCN(C(=O)[C@H](CCC[NH+]=C(N)N)NS(=O)(=O)c2cccc3c2NC[C@H](C)C3)[C@@H](C(=O)[O-])C1,0.6867469879518072,0.6867469879518072
clintox:1459,1459,CO[C@H]1O[C@@H]2O[C@@]3(C)CC[C@H]4[C@H](C)CC[C@@H]([C@H]1C)[C@@]24OO3,0.41818181818181815,1.0
clintox:1460,1460,C=C[C@]1(C)C[C@@H](OC(=O)CSC2C[C@H]3CC[C@@H](C2)[NH+]3C)[C@]2(C)[C@H](C)CC[C@]3(CCC(=O)[C@H]32)[C@@H](C)[C@@H]1O,0.7631578947368421,0.7777777777777778
clintox:1461,1461,COC1=CC(=O)C[C@@H](C)[C@]12Oc1c(Cl)c(OC)cc(OC)c1C2=O,0.8333333333333334,1.0
clintox:1462,1462,C[NH2+][C@@H]1[C@H](O)[C@H]([NH2+]C)[C@H]2O[C@@]3(O)C(=O)C[C@@H](C)O[C@H]3O[C@@H]2[C@H]1O,0.5918367346938775,0.6
clintox:1463,1463,C=C1C[C@@H]2CC[C@@]34C[C@H]5O[C@H]6[C@@H](O3)[C@H]3O[C@H](CC[C@@H]3O[C@H]6[C@H]5O4)CC(=O)C[C@@H]3[C@@H](OC)[C@@H](C[C@H](O)CN)O[C@H]3C[C@H]3O[C@@H](CC[C@@H]1O2)C[C@@H](C)C3=C,1.0,1.0
clintox:1464,1464,CO[C@H]1C[C@H](O[C@H]2[C@H](C)[C@@H](O[C@@H]3O[C@H](C)C[C@H]([NH+](C)C)[C@H]3OC(C)=O)[C@@H](C)C[C@@]3(CO3)C(=O)[C@H](C)[C@@H](OC(C)=O)[C@@H](C)[C@@H](C)OC(=O)[C@@H]2C)O[C@@H](C)[C@@H]1OC(C)=O,0.5274725274725275,0.5930232558139535
clintox:1465,1465,C[C@@H]1C/C=C/C=C/C=C/C=C/[C@H](OC2O[C@H](C)[C@@H](O)[C@H]([NH3+])[C@@H]2O)C[C@@H]2O[C@](O)(C[C@@H](O)C[C@H]3O[C@@H]3/C=C/C(=O)O1)C[C@H](O)[C@H]2C(=O)[O-],0.2926829268292683,0.7674418604651163
clintox:1466,1466,C[C@H]1O[C@@H](O[C@H]2CC[C@@]3(C)[C@H](CC[C@@H]4[C@@H]3C[C@@H](O)[C@]3(C)[C@@H](C5=CC(=O)OC5)CC[C@]43O)C2)C[C@H](O)[C@@H]1O[C@H]1C[C@H](O)[C@H](O[C@H]2C[C@H](O)[C@H](O[C@@H]3O[C@H](CO)[C@@H](O)[C@H](O)[C@H]3O)[C@@H](C)O2)[C@@H](C)O1,0.8181818181818182,0.8863636363636364
clintox:1467,1467,C[C@H]1O[C@H](O[C@H]2[C@H](O)[C@@H](O)[C@@H](O[C@H]3[C@H](O)[C@@H](O)[C@H](O)O[C@@H]3CO)O[C@@H]2CO)[C@H](O)[C@@H](O)[C@@H]1[NH2+][C@H]1C=C(CO)[C@H](O)[C@H](O)[C@H]1O,0.5454545454545454,0.639344262295082
clintox:1468,1468,CC1/C=C/C=C/CC/C=C/C=C/C=C/C=C/C(OC2O[C@H](C)[C@@H](O)[C@H]([NH3+])[C@@H]2O)CC(O)C(C(=O)[O-])C(O)CC(=O)CC(O)C(O)CCC(O)CC(O)CC(O)CC(=O)OC(C)C(C)C1O,0.42342342342342343,0.625
clintox:1469,1469,CC1C=CC=CC=CC=CC=CC=CC=CC(OC2O[C@H](C)[C@@H](O)[C@H]([NH3+])[C@@H]2O)CC2OC(O)(CC(O)CC(O)CC(O)CC(=O)CCCC(=O)CC(=O)OC1C(C)CC(C)C(O)CC(=O)c1ccc(N)cc1)CC(O)C2C(=O)[O-],0.6379310344827587,0.6875
clintox:1470,1470,C[C@@H](O)[C@H]1C(=O)N2C(C(=O)[O-])=C(S[C@@H]3C[NH2+][C@H](C(=O)Nc4cccc(C(=O)[O-])c4)C3)[C@H](C)[C@H]12,0.3522727272727273,0.475
clintox:1471,1471,C[C@@H](CN1CC(=O)NC(=O)C1)[NH+]1CC(=O)NC(=O)C1,0.5588235294117647,0.5588235294117647
clintox:1472,1472,C[C@H](OC(=O)c1ccccc1)C1=CCC23OCC[NH+](C)CC12C[C@@H](O)C12O[C@@]4(O)CC[C@@]1(C)[C@H](CC=C32)C4,0.22807017543859648,0.23404255319148937
clintox:1473,1473,C[C@@H](c1ncncc1F)[C@](O)(Cn1cncn1)c1ccc(F)cc1F,0.8490566037735849,1.0
clintox:1474,1474,CC(C)C[C@@H](NC(=O)[C@H](C)NC(=O)CNC(=O)[C@@H](NC=O)C(C)C)C(=O)N[C@@H](C)C(=O)N[C@@H](C(=O)N[C@H](C(=O)N[C@H](C(=O)N[C@@H](Cc1c[nH]c2ccccc12)C(=O)N[C@H](CC(C)C)C(=O)N[C@@H](Cc1c[nH]c2ccccc12)C(=O)N[C@H](CC(C)C)C(=O)N[C@@H](Cc1c[nH]c2ccccc12)C(=O)N[C@H](CC(C)C)C(=O)N[C@@H](Cc1c[nH]c2ccccc12)C(=O)NCCO)C(C)C)C(C)C)C(C)C,0.5204081632653061,1.0
clintox:1475,1475,C[C@H](O)[C@H](O)[C@H]1CNc2[nH]c(N)nc(=O)c2N1,1.0,1.0
clintox:1476,1476,C[NH+]1C[C@H](C(=O)N[C@]2(C)O[C@@]3(O)[C@@H]4CCCN4C(=O)[C@H](Cc4ccccc4)N3C2=O)C=C2c3cccc4[nH]cc(c34)C[C@H]21,0.776595744680851,0.7789473684210526
