row_id,source_row,SMILES,target,original_split,Mean_HepG2_Toxicity,Mean_HSkMC_Toxicity,Mean_IMR90_Toxicity,Max_Tox_Score,glaxo,dundee,bms,surechembl,mlsmr,inpharmatica,lint,max_of_three_task_scores,valid_label_score,structure_valid_for_alerts,recomputed_glaxo,recomputed_dundee,recomputed_bms,recomputed_brenk,recomputed_surechembl,recomputed_mlsmr,recomputed_inpharmatica,recomputed_lint
clintox:0,0,C[NH+]1C[C@H](C(=O)N[C@]2(C)O[C@@]3(O)[C@@H]4CCCN4C(=O)[C@H](Cc4ccccc4)N3C2=O)C[C@@H]2c3cccc4[nH]cc(c34)C[C@H]21,0,test,0.053258802,0.059755894,0.021824685,0.059755894,0,0,0,1,1,0,0,0.059755894,True,True,0,0,0,0,1,1,0,0
clintox:1,1,C[C@]1(Cn2ccnn2)[C@H](C(=O)[O-])N2C(=O)C[C@H]2S1(=O)=O,0,test,0.008551566,0.00767813,0.059744059,0.059744059,1,0,1,0,1,0,0,0.059744059,True,True,1,0,1,0,0,1,0,0
clintox:2,2,C[NH+]1CCC[C@@H]1CCO[C@](C)(c1ccccc1)c1ccc(Cl)cc1,0,test,0.805191695,0.634542305,0.787639615,0.805191695,0,0,0,0,0,0,0,0.805191695,True,True,0,0,0,0,0,0,0,0
clintox:3,3,Nc1nc(NC2CC2)c2ncn([C@H]3C=C[C@@H](CO)C3)c2n1,0,test,0.11249443,0.075396059,0.116675273,0.116675273,0,1,0,0,0,0,1,0.116675273,True,True,0,1,0,1,0,0,0,1
clintox:4,4,OC[C@H]1O[C@@H](n2cnc3c2NC=[NH+]C[C@H]3O)C[C@@H]1O,0,test,0.022529307,0.009692211,0.045810345,0.045810345,0,0,0,1,1,0,0,0.045810345,True,True,0,0,0,0,1,1,0,0
clintox:5,5,NC(=O)c1ncn([C@@H]2O[C@H](CO)[C@@H](O)[C@H]2O)n1,0,test,0.007397729,0.003415227,0.05007693,0.05007693,0,0,0,0,0,0,0,0.05007693,True,True,0,0,0,0,0,0,0,0
clintox:6,6,c1cnc2cc3c(cc2n1)[C@@H]1C[NH2+]C[C@H]3C1,0,test,0.028099737,0.012733018,0.043237961,0.043237961,0,0,0,0,0,0,0,0.043237961,True,True,0,0,0,0,0,0,0,0
clintox:7,7,O=C1CC2(CCCC2)CC(=O)N1CCCC[NH+]1CCN(c2ncccn2)CC1,0,test,0.102901957,0.05246369,0.034769726,0.102901957,1,1,0,0,1,0,0,0.102901957,True,True,1,1,0,1,0,1,0,0
clintox:8,8,S=P(N1CC1)(N1CC1)N1CC1,0,test,0.028992869,0.037276212,0.059190487,0.059190487,1,1,1,1,1,1,1,0.059190487,True,True,1,1,1,1,1,1,1,1
clintox:9,9,O=C(Nc1cnccc1Cl)N1CCN(Cc2ccc3c(c2)OC(F)(F)O3)CC1,1,test,0.134508145,0.07301291,0.069621475,0.134508145,0,0,0,0,1,0,0,0.134508145,True,True,0,0,0,0,0,1,0,0
clintox:10,10,O=C(CCBr)N1CCN(C(=O)CCBr)CC1,0,test,0.03548584,0.040096209,0.128459917,0.128459917,1,1,1,1,1,1,1,0.128459917,True,True,1,1,1,1,1,1,1,1
clintox:11,11,Nc1ccc(S(=O)(=O)[N-]c2ccccn2)cc1,0,test,0.036230891,0.020888247,0.110979307,0.110979307,0,1,0,1,1,0,1,0.110979307,True,True,0,1,0,1,1,1,0,1
clintox:12,12,O=C([O-])c1cc(/N=N/c2ccc(S(=O)(=O)[N-]c3ccccn3)cc2)ccc1O,0,test,0.012317653,0.0128161,0.037304253,0.037304253,0,1,1,1,1,1,1,0.037304253,True,True,0,1,1,1,1,1,1,1
clintox:13,13,O=C([O-])CCC[NH+]1CCC(O[C@@H](c2ccc(Cl)cc2)c2ccccn2)CC1,0,test,0.045038673,0.018261668,0.064739535,0.064739535,0,0,0,0,0,0,0,0.064739535,True,True,0,0,0,0,0,0,0,0
clintox:14,14,O=C(c1ccc(F)c(F)c1Nc1ccc(I)cc1F)N1CC(O)([C@@H]2CCCCN2)C1,1,test,0.601547602,0.507398425,0.6865406,0.6865406,0,1,0,0,1,0,1,0.6865406,True,True,0,1,0,1,0,1,0,1
clintox:15,15,O=c1n(CCC[NH+]2CCN(c3cccc(Cl)c3)CC2)nc2ccccn12,0,test,0.110567376,0.099220506,0.016317396,0.110567376,0,0,0,0,0,0,0,0.110567376,True,True,0,0,0,0,0,0,0,0
clintox:16,16,O=C(c1ccc2nonc2c1)N1CCCCC1,1,test,0.026073213,0.014682104,0.063264924,0.063264924,0,0,0,0,0,0,0,0.063264924,True,True,0,0,0,0,0,0,0,0
clintox:17,17,[O-]n1ccccc1=S,0,test,0.105661348,0.052051423,0.175690483,0.175690483,0,1,0,0,0,0,0,0.175690483,True,True,0,1,0,1,0,0,0,0
clintox:18,18,NC(N)=[NH+]CCN1CCCCCCC1,0,test,0.031403577,0.013418386,0.037764724,0.037764724,0,1,0,1,1,0,0,0.037764724,True,True,0,1,0,1,1,1,0,0
clintox:19,19,NNc1nncc2ccccc12,0,test,0.03061758,0.01135887,0.046583295,0.046583295,0,1,1,0,0,1,1,0.046583295,True,True,0,1,1,1,0,0,1,1
clintox:20,20,O=C(C1CCCCC1)N1CC(=O)N2CCc3ccccc3C2C1,0,test,0.068213012,0.071506397,0.05278754,0.071506397,0,0,0,0,0,0,0,0.071506397,True,True,0,0,0,0,0,0,0,0
clintox:21,21,c1ccc2c(CC3=[NH+]CCN3)cccc2c1,0,test,0.025257105,0.013791842,0.084301177,0.084301177,0,0,0,1,1,0,0,0.084301177,True,True,0,0,0,0,1,1,0,0
clintox:22,22,c1ccc2c(c1)CCCC2C1=[NH+]CCN1,0,test,0.017420118,0.009163978,0.055039656,0.055039656,0,0,0,1,1,0,0,0.055039656,True,True,0,0,0,0,1,1,0,0
clintox:23,23,NC(=O)N1c2ccccc2C=Cc2ccccc21,0,test,0.046880266,0.027802458,0.13897174,0.13897174,0,1,0,0,0,0,0,0.13897174,True,True,0,1,0,1,0,0,0,0
clintox:24,24,NC1=[NH+]CC2c3ccccc3Cc3ccccc3N12,0,test,0.076336661,0.034975587,0.120307133,0.120307133,0,0,0,1,1,0,0,0.120307133,True,True,0,0,0,0,1,1,0,0
clintox:25,25,NC(=O)N1c2ccccc2CC(=O)c2ccccc21,0,test,0.029363775,0.01908977,0.120287627,0.120287627,0,0,0,0,1,0,0,0.120287627,True,True,0,0,0,0,0,1,0,0
clintox:26,26,NC(N)=[NH+]CCCC(NC(=O)[C@H]([NH3+])CCC[NH+]=C(N)N)C(=O)N1CCCC1C(=O)N1C[C@H](O)CC1C(=O)NCC(=O)N[C@@H](Cc1cccs1)C(=O)N[C@@H](CO)C(=O)N1Cc2ccccc2CC1C(=O)N1C(C(=O)N[C@@H](CCC[NH+]=C(N)N)C(=O)[O-])C[C@@H]2CCCC[C@@H]21,0,test,0.019457416,0.008741708,0.032958138,0.032958138,1,1,0,1,1,0,0,0.032958138,True,True,1,1,0,1,1,1,0,0
clintox:27,27,O=C([O-])c1cc2ccccc2c(Cc2c(O)c(C(=O)[O-])cc3ccccc23)c1O,0,test,0.108145272,0.102368306,0.155049388,0.155049388,0,0,0,0,0,0,0,0.155049388,True,True,0,0,0,0,0,0,0,0
clintox:28,28,O=C(CCS)N1CCc2c([nH]c3ccccc23)C1,0,test,0.036117915,0.02391042,0.084498592,0.084498592,1,1,0,1,1,1,1,0.084498592,True,True,1,1,0,1,1,1,1,1
clintox:29,29,OC1(c2ccc(Cl)cc2)c2ccccc2C2=[NH+]CCN21,0,test,0.192039193,0.14369073,0.187503925,0.192039193,0,0,0,1,1,0,0,0.192039193,True,True,0,0,0,0,1,1,0,0
clintox:30,30,O=C1O[Bi](O)Oc2ccccc21,0,test,0.01544931,0.009165553,0.039246322,0.039246322,0,0,1,1,1,1,0,0.039246322,True,True,0,0,1,0,1,1,1,0
clintox:31,31,NS(=O)(=O)c1cc(C2(O)NC(=O)c3ccccc32)ccc1Cl,0,test,0.056269971,0.053125236,0.158738038,0.158738038,0,0,0,0,1,0,0,0.158738038,True,True,0,0,0,0,0,1,0,0
clintox:32,32,O=C1Cc2cc(CC[NH+]3CCN(c4nsc5ccccc45)CC3)c(Cl)cc2N1,0,test,0.294217412,0.335515023,0.14792844,0.335515023,0,0,0,0,0,0,0,0.335515023,True,True,0,0,0,0,0,0,0,0
clintox:33,33,O=C1[C@@H]2[C@H]3CC[C@H](C3)[C@@H]2C(=O)N1C[C@@H]1CCCC[C@H]1C[NH+]1CCN(c2nsc3ccccc23)CC1,0,test,0.278949942,0.341534387,0.080844443,0.341534387,1,1,0,0,1,1,0,0.341534387,True,True,1,1,0,1,0,1,1,0
clintox:34,34,NS(=O)(=O)Cc1noc2ccccc12,0,test,0.020955581,0.013884138,0.060141866,0.060141866,0,0,0,0,0,0,0,0.060141866,True,True,0,0,0,0,0,0,0,0
clintox:35,35,Clc1ccc(Nc2nnc(Cc3ccncc3)c3ccccc23)cc1,1,test,0.236503748,0.215600132,0.11162758,0.236503748,0,0,0,0,0,0,0,0.236503748,True,True,0,0,0,0,0,0,0,0
clintox:36,36,O=C(OC1CC2CC3C[C@H](C1)[NH+]2CC3=O)c1c[nH]c2ccccc12,0,test,0.132218973,0.098705424,0.130485703,0.132218973,1,0,0,1,1,0,0,0.132218973,True,True,1,0,0,0,1,1,0,0
clintox:37,37,Nc1c2c([nH+]c3ccccc13)CCCC2,0,test,0.094649169,0.030380306,0.105077172,0.105077172,0,0,0,0,0,0,1,0.105077172,True,True,0,0,0,0,0,0,0,1
clintox:38,38,O=c1oc2ccccc2c([O-])c1Cc1c([O-])c2ccccc2oc1=O,0,test,0.03316443,0.067905512,0.071969332,0.071969332,0,1,0,0,0,1,0,0.071969332,True,True,0,1,0,1,0,0,1,0
clintox:39,39,O=C([O-])C[C@H](O)C[C@H](O)/C=C/c1c(C2CC2)nc2ccccc2c1-c1ccc(F)cc1,0,test,0.088563155,0.073458448,0.203473797,0.203473797,0,0,0,0,1,0,0,0.203473797,True,True,0,0,0,0,0,1,0,0
clintox:40,40,OCCOCC[NH+]1CCN(C2=[NH+]c3ccccc3Sc3ccccc32)CC1,0,test,0.195150372,0.159390952,0.061633898,0.195150372,0,1,0,1,1,0,0,0.195150372,True,True,0,1,0,1,1,1,0,0
clintox:41,41,O=C(CCC[NH+]1CC=C(n2c(=O)[nH]c3ccccc32)CC1)c1ccc(F)cc1,0,test,0.203531467,0.126932094,0.150397607,0.203531467,0,0,0,0,1,0,0,0.203531467,True,True,0,0,0,0,0,1,0,0
clintox:42,42,O=c1[nH]c2ccccc2n1C1CC[NH+](CCCC(c2ccc(F)cc2)c2ccc(F)cc2)CC1,0,test,0.689710062,0.464739905,0.6470424,0.689710062,0,0,0,0,0,0,0,0.689710062,True,True,0,0,0,0,0,0,0,0
clintox:43,43,NC(N)=[NH+]CC1COC2(CCCCC2)O1,0,test,0.017657233,0.013141074,0.046491235,0.046491235,0,1,0,1,1,0,0,0.046491235,True,True,0,1,0,1,1,1,0,0
clintox:44,44,Nc1ccc(C(=O)Oc2ccccc2)c(O)c1,0,test,0.073287823,0.040481302,0.100118623,0.100118623,0,1,0,1,1,0,1,0.100118623,True,True,0,1,0,1,1,1,0,1
clintox:45,45,O=C(/C=C/c1cccc(S(=O)(=O)Nc2ccccc2)c1)NO,1,test,0.259929067,0.305542235,0.413583465,0.413583465,0,1,1,1,1,1,1,0.413583465,True,True,0,1,1,1,1,1,1,1
clintox:46,46,Nc1ccc(S(=O)(=O)[N-]c2ccnn2-c2ccccc2)cc1,0,test,0.059820035,0.069756631,0.118591346,0.118591346,0,1,0,1,1,0,1,0.118591346,True,True,0,1,0,1,1,1,0,1
clintox:47,47,NS(=O)(=O)c1cc2c(cc1Cl)NC(CSCc1ccccc1)=NS2(=O)=O,0,test,0.034602107,0.048977224,0.133838337,0.133838337,0,0,0,0,0,0,0,0.133838337,True,True,0,0,0,0,0,0,0,0
clintox:48,48,O=C(OCc1ccccc1)c1ccccc1,0,test,0.030044679,0.0237113,0.109254134,0.109254134,0,0,0,0,1,0,0,0.109254134,True,True,0,0,0,0,0,1,0,0
clintox:49,49,O=C1N(Cc2ccccc2)C2C[S+]3CCCC3C2N1Cc1ccccc1,0,test,0.133045693,0.161912352,0.039313375,0.161912352,1,1,1,1,1,1,0,0.161912352,True,True,1,1,1,1,1,1,1,0
clintox:50,50,c1ccc(CN(CC2=[NH+]CCN2)c2ccccc2)cc1,0,test,0.05035053,0.030100964,0.070719276,0.070719276,0,0,0,1,1,0,0,0.070719276,True,True,0,0,0,0,1,1,0,0
clintox:51,51,OCc1cc(C(O)C[NH2+]CCCCCCOCCCCc2ccccc2)ccc1O,0,test,0.687118995,0.538468793,0.574513235,0.687118995,0,1,0,0,1,0,1,0.687118995,True,True,0,1,0,1,0,1,0,1
clintox:52,52,NS(=O)(=O)c1cc2c(cc1C(F)(F)F)NC(Cc1ccccc1)NS2(=O)=O,0,test,0.041566912,0.050993471,0.103945058,0.103945058,0,0,0,0,0,0,0,0.103945058,True,True,0,0,0,0,0,0,0,0
clintox:53,53,O=C1CN=C(c2ccccc2)c2cc(Cl)ccc2N1CC1CC1,0,test,0.074389092,0.117553169,0.055513767,0.117553169,0,0,0,0,0,0,0,0.117553169,True,True,0,0,0,0,0,0,0,0
clintox:54,54,O=C([O-])CCc1nc(-c2ccccc2)c(-c2ccccc2)o1,0,test,0.020883852,0.021460771,0.054768175,0.054768175,0,0,0,0,0,0,0,0.054768175,True,True,0,0,0,0,0,0,0,0
clintox:55,55,NC1=[NH+]C(=O)C(c2ccccc2)O1,0,test,0.006312183,0.003787836,0.024614251,0.024614251,0,0,0,1,1,0,0,0.024614251,True,True,0,0,0,0,1,1,0,0
clintox:56,56,Nc1nc(N)c2nc(-c3ccccc3)c(N)nc2n1,0,test,0.199229732,0.129438243,0.217177635,0.217177635,0,0,0,0,0,0,1,0.217177635,True,True,0,0,0,0,0,0,0,1
clintox:57,57,O=C(OOC(=O)c1ccccc1)c1ccccc1,0,test,0.060553704,0.067130086,0.173073635,0.173073635,1,1,1,1,1,1,1,0.173073635,True,True,1,1,1,1,1,1,1,1
clintox:58,58,O=C([O-])c1ccc(NC(=O)C(Cc2ccc(O)cc2)NC(=O)c2ccccc2)cc1,0,test,0.023954285,0.019604881,0.060878403,0.060878403,0,0,0,0,1,0,0,0.060878403,True,True,0,0,0,0,0,1,0,0
clintox:59,59,O=C(c1ccccc1)c1ccc2n1CCC2C(=O)[O-],0,test,0.0327984,0.028375444,0.100990437,0.100990437,0,0,0,0,1,0,0,0.100990437,True,True,0,0,0,0,0,1,0,0
clintox:60,60,OC(CCC[NH+]1CCCCC1)(c1ccccc1)c1ccccc1,0,test,0.195998278,0.095143731,0.146349155,0.195998278,0,0,0,0,1,0,0,0.195998278,True,True,0,0,0,0,0,1,0,0
clintox:61,61,OC(CC[NH+]1CCCCC1)(c1ccccc1)C1CCCCC1,0,test,0.164458108,0.079358354,0.156769045,0.164458108,0,0,0,0,0,0,0,0.164458108,True,True,0,0,0,0,0,0,0,0
clintox:62,62,OC(CC[NH+]1CCCCC1)(c1ccccc1)C1CCCC1,0,test,0.118276041,0.059465934,0.138036687,0.138036687,0,0,0,0,0,0,0,0.138036687,True,True,0,0,0,0,0,0,0,0
clintox:63,63,OC(CC[NH+]1CCCCC1)(c1ccccc1)C1CC2C=CC1C2,0,test,0.149991692,0.070369291,0.152107588,0.152107588,0,1,0,0,0,0,0,0.152107588,True,True,0,1,0,1,0,0,0,0
clintox:64,64,OC(CC[NH+]1CCCC1)(c1ccccc1)C1CCCCC1,0,test,0.131694661,0.059459323,0.181475438,0.181475438,0,0,0,0,0,0,0,0.181475438,True,True,0,0,0,0,0,0,0,0
clintox:65,65,Clc1ccccc1C(c1ccccc1)(c1ccccc1)n1ccnc1,0,test,0.333147537,0.416450043,0.161077917,0.416450043,0,1,0,0,1,1,0,0.416450043,True,True,0,1,0,1,0,1,1,0
clintox:66,66,O=C(OC1CC2CCC(C1)[N+]21CCCC1)C(O)(c1ccccc1)c1ccccc1,0,test,0.200034812,0.181187318,0.093341069,0.200034812,0,1,0,0,1,0,0,0.200034812,True,True,0,1,0,1,0,1,0,0
clintox:67,67,NC(=O)C(c1ccccc1)(c1ccccc1)[C@@H]1CC[NH+](CCc2ccc3c(c2)CCO3)C1,0,test,0.272566783,0.174604488,0.122323364,0.272566783,0,0,0,0,1,0,0,0.272566783,True,True,0,0,0,0,0,1,0,0
clintox:68,68,c1ccc([C@H]2CN3CCSC3=[NH+]2)cc1,0,test,0.009353729,0.005645734,0.016106913,0.016106913,1,0,0,1,1,0,0,0.016106913,True,True,1,0,0,0,1,1,0,0
clintox:69,69,O=C(O[C@H]1C[NH+]2CCC1CC2)N1CCc2ccccc2[C@@H]1c1ccccc1,0,test,0.20198939,0.143546488,0.05838913,0.20198939,0,0,0,0,0,0,1,0.20198939,True,True,0,0,0,0,0,0,0,1
clintox:70,70,[NH3+][C@@H](C(=O)N[C@@H]1C(=O)N2C(C(=O)[O-])=C(Cl)CC[C@H]12)c1ccccc1,0,test,0.006102095,0.007469894,0.026697131,0.026697131,1,0,1,1,1,1,0,0.026697131,True,True,1,0,1,0,1,1,1,0
clintox:71,71,Nc1ccc(/N=N/c2ccccc2)c(N)n1,0,test,0.2704135,0.113884405,0.263434957,0.2704135,0,1,1,1,1,1,1,0.2704135,True,True,0,1,1,1,1,1,1,1
clintox:72,72,Fc1ccccc1C1=NCC(=S)N(CC(F)(F)F)c2ccc(Cl)cc21,0,test,0.146826572,0.204463438,0.119430577,0.204463438,0,1,0,1,1,0,1,0.204463438,True,True,0,1,0,1,1,1,0,1
clintox:73,73,O=C([O-])c1ccc(-n2nc(-c3ccccc3O)nc2-c2ccccc2O)cc1,0,test,0.166943482,0.217794063,0.157404512,0.217794063,0,0,0,0,0,0,0,0.217794063,True,True,0,0,0,0,0,0,0,0
clintox:74,74,Nc1nc(N)c2nc(CNc3ccc(C(=O)N[C@@H](CCCNC(=O)c4ccccc4C(=O)O)C(=O)O)cc3)cnc2n1,1,test,0.422293402,0.306998783,0.529714497,0.529714497,0,1,0,0,1,0,1,0.529714497,True,True,0,1,0,1,0,1,0,1
clintox:75,75,O=C1c2cccc3c2[C@H](CCC3)CN1[C@@H]1C[NH+]2CCC1CC2,0,test,0.080131155,0.044143501,0.069500782,0.080131155,0,0,0,0,0,0,0,0.080131155,True,True,0,0,0,0,0,0,0,0
clintox:76,76,Clc1ccc(C(Cn2ccnc2)OCc2csc3c(Cl)cccc23)c(Cl)c1,0,test,0.341824457,0.36162565,0.209408343,0.36162565,0,0,0,0,0,0,0,0.36162565,True,True,0,0,0,0,0,0,0,0
clintox:77,77,O=C1CCc2cc(OCCCCc3nnnn3C3CCCCC3)ccc2N1,0,test,0.126934007,0.125012436,0.102244599,0.126934007,0,1,0,0,0,0,0,0.126934007,True,True,0,1,0,1,0,0,0,0
clintox:78,78,OC(C[NH2+]CC(O)C1CCc2cc(F)ccc2O1)C1CCc2cc(F)ccc2O1,0,test,0.541166,0.462442352,0.363905558,0.541166,0,0,0,0,1,0,0,0.541166,True,True,0,0,0,0,0,1,0,0
clintox:79,79,O=c1[nH]c2cc(Cl)ccc2o1,0,test,0.02359829,0.014157171,0.059827384,0.059827384,0,0,0,0,0,0,0,0.059827384,True,True,0,0,0,0,0,0,0,0
clintox:80,80,O=C1Nc2ccc(Cl)cc2[C@@](C#CC2CC2)(C(F)(F)F)O1,0,test,0.096537274,0.11435415,0.144227198,0.144227198,0,1,0,0,0,0,1,0.144227198,True,True,0,1,0,1,0,0,0,1
clintox:81,81,N#Cc1ccc2[nH]cc(CCCC[NH+]3CCN(c4ccc5oc(C(N)=O)cc5c4)CC3)c2c1,0,test,0.650438047,0.55254694,0.38237619,0.650438047,0,1,0,0,0,0,0,0.650438047,True,True,0,1,0,1,0,0,0,0
clintox:82,82,O=C1C([O-])=C([C@H]2CC[C@H](c3ccc(Cl)cc3)CC2)C(=O)c2ccccc21,0,test,0.124624659,0.110752855,0.404274032,0.404274032,1,0,0,0,1,1,1,0.404274032,True,True,1,0,0,0,0,1,1,1
clintox:83,83,OC(c1cc(C(F)(F)F)nc2c(C(F)(F)F)cccc12)C1CCCC[NH2+]1,0,test,0.490872037,0.366587203,0.58237644,0.58237644,0,0,0,0,0,0,1,0.58237644,True,True,0,0,0,0,0,0,0,1
clintox:84,84,O=C([O-])c1cc(=O)c2c(OCC(O)COc3cccc4oc(C(=O)[O-])cc(=O)c34)cccc2o1,0,test,0.02606599,0.01729167,0.038525156,0.038525156,0,0,0,0,0,1,0,0.038525156,True,True,0,0,0,0,0,0,1,0
clintox:85,85,O=C1O[Pt]OC(=O)C12CCC2,0,test,0.018642646,0.016706936,0.062146637,0.062146637,0,1,1,1,1,1,0,0.062146637,True,True,0,1,1,1,1,1,1,0
clintox:86,86,O=C1OCCN1/N=C/c1ccc([N+](=O)[O-])o1,0,test,0.066950494,0.025984503,0.094509033,0.094509033,0,1,0,0,1,0,1,0.094509033,True,True,0,1,0,1,0,1,0,1
clintox:87,87,O=C1CN(/N=C/c2ccc([N+](=O)[O-])o2)C(=O)N1,0,test,0.057426253,0.030885747,0.091876443,0.091876443,0,1,0,0,1,0,1,0.091876443,True,True,0,1,0,1,0,1,0,1
clintox:88,88,NS(=O)(=O)c1cc(C(=O)[O-])c(NCc2ccco2)cc1Cl,0,test,0.011152954,0.013540577,0.048403172,0.048403172,0,0,0,0,0,0,0,0.048403172,True,True,0,0,0,0,0,0,0,0
clintox:89,89,O=C1CCc2ccc(OCCCCN3CCN(c4cccc(Cl)c4Cl)CC3)cc2N1,1,test,0.484195312,0.311674832,0.083472825,0.484195312,0,1,0,0,0,0,0,0.484195312,True,True,0,1,0,1,0,0,0,0
clintox:90,90,[NH2+]=C(NCCCCCCNC(=[NH2+])NC(=[NH2+])Nc1ccc(Cl)cc1)NC(=[NH2+])Nc1ccc(Cl)cc1,0,test,0.686523468,0.691945623,0.716020557,0.716020557,0,1,0,0,1,0,1,0.716020557,True,True,0,1,0,1,0,1,0,1
clintox:91,91,O=C(NC[C@H]1CN(c2ccc(N3CCOCC3=O)cc2)C(=O)O1)c1ccc(Cl)s1,0,test,0.093373053,0.090720413,0.123713734,0.123713734,0,0,0,0,0,0,0,0.123713734,True,True,0,0,0,0,0,0,0,0
clintox:92,92,Clc1ccc(CSC(Cn2ccnc2)c2ccc(Cl)cc2Cl)cc1,0,test,0.31344235,0.364010262,0.129814397,0.364010262,0,0,0,0,0,0,0,0.364010262,True,True,0,0,0,0,0,0,0,0
clintox:93,93,c1cc(C[NH+]2CCCNCC[NH2+]CCCNCC2)ccc1C[NH+]1CCCNCC[NH2+]CCCNCC1,0,test,0.654685142,0.38877426,0.5740056,0.654685142,1,0,1,1,1,0,0,0.654685142,True,True,1,0,1,0,1,1,0,0
clintox:94,94,O=C1CN(/N=C/c2ccc(-c3ccc([N+](=O)[O-])cc3)o2)C(=O)N1,0,test,0.082404996,0.06508212,0.126970223,0.126970223,0,1,0,0,1,0,1,0.126970223,True,True,0,1,0,1,0,1,0,1
clintox:95,95,Oc1ccc(C2C[NH2+]CCc3c2cc(O)c(O)c3Cl)cc1,0,test,0.306383583,0.081511329,0.346656227,0.346656227,0,1,0,0,0,0,0,0.346656227,True,True,0,1,0,1,0,0,0,0
clintox:96,96,O=C(c1ccc(OCC[NH+]2CCCCC2)cc1)c1c(-c2ccc(O)cc2)sc2cc(O)ccc12,0,test,0.739788433,0.640113192,0.676703677,0.739788433,0,0,0,0,1,0,0,0.739788433,True,True,0,0,0,0,0,1,0,0
clintox:97,97,O=C([O-])CCNC(=O)c1ccc(N/N=C2/C=CC(=O)C(C(=O)[O-])=C2)cc1,0,test,0.026613004,0.021624978,0.048470863,0.048470863,0,1,0,1,1,1,1,0.048470863,True,True,0,1,0,1,1,1,1,1
clintox:98,98,Nc1nc(=O)c2nc(CNc3ccc(C(=O)N[C@@H](CCC(=O)[O-])C(=O)[O-])cc3)cnc2[nH]1,0,test,0.025866453,0.015964551,0.072603601,0.072603601,0,0,0,0,1,0,1,0.072603601,True,True,0,0,0,0,0,1,0,1
clintox:99,99,O=C(CCC[NH+]1CCC(O)(c2ccc(Cl)cc2)CC1)c1ccc(F)cc1,0,test,0.471921882,0.262528357,0.211082825,0.471921882,0,0,0,0,1,0,0,0.471921882,True,True,0,0,0,0,0,1,0,0
clintox:100,100,N#Cc1ccc(C(c2ccc(C#N)cc2)n2cncn2)cc1,1,test,0.078593706,0.095331595,0.105370178,0.105370178,0,0,0,0,0,0,1,0.105370178,True,True,0,0,0,0,0,0,0,1
clintox:101,101,Fc1ccc([C@@H]2CC[NH2+]C[C@H]2COc2ccc3c(c2)OCO3)cc1,0,test,0.781117405,0.541485443,0.662155052,0.781117405,0,0,0,0,0,1,0,0.781117405,True,True,0,0,0,0,0,0,1,0
clintox:102,102,O=C1[C@H](CC[C@H](O)c2ccc(F)cc2)[C@@H](c2ccc(O)cc2)N1c1ccc(F)cc1,0,test,0.167257708,0.178878037,0.156511526,0.178878037,1,0,1,0,1,0,0,0.178878037,True,True,1,0,1,0,0,1,0,0
clintox:103,103,Oc1ccc2c3c1O[C@H]1[C@@H](O)CC[C@@]4(O)[C@@H](C2)[NH+](CC2CCC2)CC[C@]314,0,test,0.135853944,0.035952209,0.107499148,0.135853944,0,0,0,0,0,0,0,0.135853944,True,True,0,0,0,0,0,0,0,0
clintox:104,104,N.N.O=C(O)C1(C(=O)O)CCC1.[Pt],1,test,0.020857897,0.007351447,0.192688077,0.192688077,0,1,1,1,1,1,0,0.192688077,True,True,0,1,1,1,1,1,0,1
clintox:105,105,O=C(NCC1CCCC[NH2+]1)c1cc(OCC(F)(F)F)ccc1OCC(F)(F)F,0,test,0.079211873,0.047668697,0.097692613,0.097692613,0,0,0,0,0,0,1,0.097692613,True,True,0,0,0,0,0,0,0,1
clintox:106,106,OC(Cn1cncn1)(Cn1cncn1)c1ccc(F)cc1F,0,test,0.041904393,0.05209755,0.110263012,0.110263012,0,0,0,0,0,0,0,0.110263012,True,True,0,0,0,0,0,0,0,0
clintox:107,107,Clc1ccc(CO/N=C(/Cn2ccnc2)c2ccc(Cl)cc2Cl)c(Cl)c1,0,test,0.408669785,0.409328637,0.18519522,0.409328637,0,1,0,1,0,1,1,0.409328637,True,True,0,1,0,1,1,0,1,1
clintox:108,108,O=C(NS(=O)(=O)c1ccc(Br)s1)c1ccc(Cl)cc1Cl,1,test,0.040505021,0.064601261,0.134411053,0.134411053,0,0,0,0,1,0,1,0.134411053,True,True,0,0,0,0,0,1,0,1
clintox:109,109,Clc1ccc(C(Cn2ccnc2)OCc2ccsc2Cl)c(Cl)c1,0,test,0.256368642,0.21329602,0.088849466,0.256368642,0,0,0,0,0,0,0,0.256368642,True,True,0,0,0,0,0,0,0,0
clintox:110,110,O=C(Nc1c(Cl)cncc1Cl)c1ccc(OC(F)F)c(OCC2CC2)c1,0,test,0.189131008,0.207551703,0.203957858,0.207551703,0,0,0,0,0,0,1,0.207551703,True,True,0,0,0,0,0,0,0,1
clintox:111,111,O=C1CCCC(=O)[C-]1C(=O)c1ccc(C(F)(F)F)cc1[N+](=O)[O-],0,test,0.07181387,0.072791209,0.181339305,0.181339305,0,1,0,0,1,0,1,0.181339305,True,True,0,1,0,1,0,1,0,1
clintox:112,112,O=C(Nc1ccc([N+](=O)[O-])cc1Cl)c1cc(Cl)ccc1O,0,test,0.594662195,0.572167038,0.698551047,0.698551047,0,1,0,0,1,0,1,0.698551047,True,True,0,1,0,1,0,1,0,1
clintox:113,113,O=C([O-])c1cc(/N=N/c2ccc(O)c(C(=O)[O-])c2)ccc1O,0,test,0.01932774,0.01567393,0.049811531,0.049811531,0,1,1,1,1,1,1,0.049811531,True,True,0,1,1,1,1,1,1,1
clintox:114,114,Clc1ccc2nsnc2c1NC1=[NH+]CCN1,0,test,0.069449929,0.048499812,0.10925959,0.10925959,0,0,0,1,1,0,0,0.10925959,True,True,0,0,0,0,1,1,0,0
clintox:115,115,Brc1c(NC2=[NH+]CCN2)ccc2nccnc12,0,test,0.062985521,0.030507038,0.059758335,0.062985521,0,0,0,1,1,0,1,0.062985521,True,True,0,0,0,0,1,1,0,1
clintox:116,116,O=C1CN2Cc3c(ccc(Cl)c3Cl)[NH+]=C2N1,0,test,0.069196864,0.071483451,0.151770384,0.151770384,0,0,0,1,1,0,0,0.151770384,True,True,0,0,0,0,1,1,0,0
clintox:117,117,NC(=O)c1cn(Cc2c(F)cccc2F)nn1,0,test,0.012353056,0.007563408,0.075028202,0.075028202,0,0,0,0,0,0,0,0.075028202,True,True,0,0,0,0,0,0,0,0
clintox:118,118,Clc1ccc(CCC(Cn2ccnc2)Sc2c(Cl)cccc2Cl)cc1,0,test,0.207001417,0.234131553,0.06500286,0.234131553,0,0,0,0,0,0,0,0.234131553,True,True,0,0,0,0,0,0,0,0
clintox:119,119,O=C1CCc2ccc(OCCCC[NH+]3CCN(c4cccc(Cl)c4Cl)CC3)cc2N1,0,test,0.601017165,0.410399715,0.137116678,0.601017165,0,1,0,0,0,0,0,0.601017165,True,True,0,1,0,1,0,0,0,0
clintox:120,120,Nc1nnc(-c2cccc(Cl)c2Cl)c(N)n1,0,test,0.085710719,0.066195202,0.14088149,0.14088149,0,0,0,0,0,0,1,0.14088149,True,True,0,0,0,0,0,0,0,1
clintox:121,121,C1=C/C(=C2\N=c3cnc4c(c3=N2)COCC4)NO1,0,test,0.291045242,0.175457113,0.246724685,0.291045242,0,0,0,0,0,0,0,0.291045242,True,True,0,0,0,0,0,0,0,0
clintox:122,122,NS(=O)(=O)c1cc2c(cc1Cl)NC(C1CC3C=CC1C3)NS2(=O)=O,0,test,0.033750233,0.032520063,0.125756107,0.125756107,0,1,0,0,0,0,0,0.125756107,True,True,0,1,0,1,0,0,0,0
clintox:123,123,[NH3+][C@@H]1CCCCN(c2c(F)cc3c(=O)c(C(=O)[O-])cn(C4CC4)c3c2Cl)C1,0,test,0.022210678,0.022518499,0.05136953,0.05136953,0,0,0,0,0,1,0,0.05136953,True,True,0,0,0,0,0,0,1,0
clintox:124,124,Oc1ncnc2[nH]ncc12,0,test,0.021231102,0.012902479,0.044892983,0.044892983,0,0,0,0,0,0,0,0.044892983,True,True,0,0,0,0,0,0,0,0
clintox:125,125,Nc1nc(/C(=C/CC(=O)[O-])C(=O)N[C@@H]2C(=O)N3C(C(=O)[O-])=CCS[C@H]23)cs1,0,test,0.002239292,0.002016013,0.00975944,0.00975944,1,1,1,1,1,1,1,0.00975944,True,True,1,1,1,1,1,1,1,1
clintox:126,126,O=C(OC[C@H]1O[C@@H](OC(=O)c2cc(O)c(O)c(OC(=O)c3cc(O)c(O)c(O)c3)c2)[C@H](OC(=O)c2cc(O)c(O)c(OC(=O)c3cc(O)c(O)c(O)c3)c2)[C@@H](OC(=O)c2cc(O)c(O)c(OC(=O)c3cc(O)c(O)c(O)c3)c2)[C@@H]1OC(=O)c1cc(O)c(O)c(OC(=O)c2cc(O)c(O)c(O)c2)c1)c1cc(O)c(O)c(OC(=O)c2cc(O)c(O)c(O)c2)c1,0,test,0.129066389,0.058406351,0.059690623,0.129066389,1,1,1,1,1,0,0,0.129066389,True,True,1,1,1,1,1,1,0,0
clintox:127,127,[NH3+][C@@H](CC(=O)N1CCn2c(nnc2C(F)(F)F)C1)Cc1cc(F)c(F)cc1F,0,test,0.031788941,0.018604571,0.05753418,0.05753418,0,1,0,1,1,0,1,0.05753418,True,True,0,1,0,1,1,1,0,1
clintox:128,128,O=C(CCOCCOCCOCCOCCC(=O)Nc1c(I)cc(I)c(C(=O)[O-])c1I)Nc1c(I)cc(I)c(C(=O)[O-])c1I,0,test,0.006279672,0.005178109,0.025768327,0.025768327,0,1,1,1,1,0,1,0.025768327,True,True,0,1,1,1,1,1,0,1
clintox:129,129,O=C(CCCCC(=O)Nc1c(I)cc(I)c(C(=O)[O-])c1I)Nc1c(I)cc(I)c(C(=O)[O-])c1I,0,test,0.004124767,0.006413259,0.014094675,0.014094675,0,1,1,1,1,0,1,0.014094675,True,True,0,1,1,1,1,1,0,1
clintox:130,130,NC(=O)[C@@H]1CCCN1C(=O)[C@H](Cc1cnc[nH]1)NC(=O)[C@@H]1CCC(=O)N1,0,test,0.009359507,0.006374398,0.085967197,0.085967197,0,0,0,0,0,0,0,0.085967197,True,True,0,0,0,0,0,0,0,0
clintox:131,131,Nc1cc(N2CCCCC2)nc(N)[n+]1[O-],0,test,0.026036771,0.009632621,0.077817972,0.077817972,0,1,0,0,0,0,1,0.077817972,True,True,0,1,0,1,0,0,0,1
clintox:132,132,O=c1[nH]cnc2c1ncn2[C@H]1CC[C@@H](CO)O1,0,test,0.007557052,0.003788124,0.027179164,0.027179164,0,0,0,0,0,0,0,0.027179164,True,True,0,0,0,0,0,0,0,0
clintox:133,133,O=C([O-])CCCC[C@@H]1SC[C@@H]2NC(=O)N[C@@H]21,0,test,0.006654184,0.004680836,0.031277199,0.031277199,0,1,0,1,1,0,0,0.031277199,True,True,0,1,0,1,1,1,0,0
clintox:134,134,[NH3+][C@@H]1CONC1=O,0,test,0.003760227,0.001790158,0.014879924,0.014879924,1,0,0,1,0,0,0,0.014879924,True,True,1,0,0,0,1,0,0,0
clintox:135,135,O=S(=O)([O-])O[C@@H]1[C@@H](OS(=O)(=O)[O-])[C@H](O[C@@H]2CO[C@@H](O)[C@H](OS(=O)(=O)[O-])[C@H]2OS(=O)(=O)[O-])OC[C@H]1O,0,test,0.042561808,0.024012539,0.087921702,0.087921702,0,1,0,1,1,0,1,0.087921702,True,True,0,1,0,1,1,1,0,1
clintox:136,136,O=C([O-])[C@H]1/C(=C/CO)O[C@@H]2CC(=O)N21,0,test,0.004448223,0.003464156,0.030149495,0.030149495,1,0,1,0,1,0,0,0.030149495,True,True,1,0,1,0,0,1,0,0
clintox:137,137,N#C[C@@H]1C[C@@H]2C[C@@H]2N1C(=O)[C@@H]([NH3+])C12CC3CC(CC(O)(C3)C1)C2,0,test,0.027636404,0.021827194,0.135968638,0.135968638,1,0,0,1,0,0,1,0.135968638,True,True,1,0,0,0,1,0,0,1
clintox:138,138,C/C=C1\NC(=O)[C@H]2CSSCC/C=C/[C@H](CC(=O)N[C@H](C(C)C)C(=O)N2)OC(=O)[C@H](C(C)C)NC1=O,0,test,0.916129707,0.827756092,0.921938282,0.921938282,1,1,0,1,1,1,1,0.921938282,True,True,1,1,0,1,1,1,1,1
clintox:139,139,C/C=C(C(=C/C)/c1ccc(O)cc1)\c1ccc(O)cc1,0,test,0.220855767,0.14820769,0.227505583,0.227505583,0,1,0,1,0,0,0,0.227505583,True,True,0,1,0,1,1,0,0,0
clintox:140,140,C/[NH+]=C1/CN([O-])C(c2ccccc2)=c2cc(Cl)ccc2=N1,0,test,0.203645357,0.200450505,0.205726833,0.205726833,0,1,0,1,1,0,1,0.205726833,True,True,0,1,0,1,1,1,0,1
clintox:141,141,O=C1O[C@H](CO)[C@@H](O)[C@H](O)[C@H]1O,0,test,0.003744196,0.002192712,0.020008301,0.020008301,0,0,0,0,1,0,0,0.020008301,True,True,0,0,0,0,0,1,0,0
clintox:142,142,OC[C@H]1O[C@@H](O[C@@H]2[C@@H](CO)O[C@](O)(CO)[C@H]2O)[C@H](O)[C@@H](O)[C@H]1O,0,test,0.011375658,0.00628639,0.039613029,0.039613029,0,0,1,0,1,0,0,0.039613029,True,True,0,0,1,0,0,1,0,0
clintox:143,143,O=C1O[C@H]([C@@H](O)CO)C([O-])=C1O,0,test,0.006021606,0.002571922,0.024869944,0.024869944,0,0,0,0,1,1,0,0.024869944,True,True,0,0,0,0,0,1,1,0
clintox:144,144,C#CCC(Cc1cnc2nc(N)nc(N)c2n1)c1ccc(C(=O)N[C@@H](CCC(=O)[O-])C(=O)[O-])cc1,0,test,0.264867035,0.078218342,0.448865008,0.448865008,0,1,0,1,1,0,1,0.448865008,True,True,0,1,0,1,1,1,0,1
clintox:145,145,C#CC[NH2+][C@@H]1CCc2ccccc21,0,test,0.012627542,0.005839544,0.033086416,0.033086416,1,1,0,1,1,0,0,0.033086416,True,True,1,1,0,1,1,1,0,0
clintox:146,146,[H]/[NH+]=C(\N)c1ccc(OCCCCCOc2ccc(/C(N)=[NH+]/[H])cc2)cc1,0,test,0.0904517,0.071302564,0.110853782,0.110853782,0,1,0,0,1,0,0,0.110853782,True,True,0,1,0,1,0,1,0,0
clintox:147,147,[H]/[NH+]=C(\N)C1=CC(=O)/C(=C\C=c2ccc(=C(N)[NH3+])cc2)C=C1,0,test,0.250149968,0.091547502,0.284737735,0.284737735,0,1,0,0,1,1,0,0.284737735,True,True,0,1,0,1,0,1,1,0
clintox:148,148,CC(C)C[C@H](NC(=O)CNC(=O)c1cc(Cl)ccc1Cl)B(O)O,1,train,0.541457898,0.622979577,0.69029175,0.69029175,0,1,1,0,1,1,1,0.69029175,True,True,0,1,1,1,0,1,1,1
clintox:149,149,O=C(NCC(O)CO)c1c(I)c(C(=O)NCC(O)CO)c(I)c(N(CCO)C(=O)CO)c1I,0,train,0.017964714,0.01451916,0.054968616,0.054968616,0,1,1,1,1,0,1,0.054968616,True,True,0,1,1,1,1,1,0,1
clintox:150,150,Clc1cc(Cl)c(OCC#CI)cc1Cl,0,train,0.381589045,0.505289713,0.6218885,0.6218885,0,1,0,0,1,0,1,0.6218885,True,True,0,1,0,1,0,1,0,1
clintox:151,151,N#Cc1cc(NC(=O)C(=O)[O-])c(Cl)c(NC(=O)C(=O)[O-])c1,0,train,0.051134036,0.053039366,0.126060803,0.126060803,0,1,1,0,1,1,1,0.126060803,True,True,0,1,1,1,0,1,1,1
clintox:152,152,NS(=O)(=O)c1cc(Cl)c(Cl)c(S(N)(=O)=O)c1,0,train,0.031152745,0.023686497,0.119999201,0.119999201,0,0,0,0,0,0,0,0.119999201,True,True,0,0,0,0,0,0,0,0
clintox:153,153,NC(N)=[NH+]C(=O)Cc1c(Cl)cccc1Cl,0,train,0.039096406,0.034346475,0.113197246,0.113197246,0,1,1,1,1,0,0,0.113197246,True,True,0,1,1,1,1,1,0,0
clintox:154,154,[NH3+]C[C@H](O)c1ccc(O)c(O)c1,0,train,0.016521009,0.004308008,0.049171603,0.049171603,0,1,0,0,0,0,0,0.049171603,True,True,0,1,0,1,0,0,0,0
clintox:155,155,[NH3+][C@@H](Cc1ccc(O)c(O)c1)C(=O)[O-],0,train,0.009105535,0.003254986,0.041192572,0.041192572,1,1,0,1,0,0,0,0.041192572,True,True,1,1,0,1,1,0,0,0
clintox:156,156,[NH3+]CCc1ccc(O)c(O)c1,0,train,0.022321978,0.006241019,0.047998064,0.047998064,0,1,0,0,0,0,0,0.047998064,True,True,0,1,0,1,0,0,0,0
clintox:157,157,Nc1ccc(O)c(C(=O)[O-])c1,0,train,0.015928587,0.004866228,0.044520944,0.044520944,0,1,0,1,0,0,1,0.044520944,True,True,0,1,0,1,1,0,0,1
clintox:158,158,Nc1ccc(C(=O)[O-])c(O)c1,0,train,0.010136104,0.00326723,0.035083395,0.035083395,0,1,0,1,0,0,1,0.035083395,True,True,0,1,0,1,1,0,0,1
clintox:159,159,NC(N)=[NH+]Cc1cccc([131I])c1,0,train,0.02985146,0.017071476,0.077559192,0.077559192,1,1,0,1,1,0,1,0.077559192,True,True,1,1,0,1,1,1,0,1
clintox:160,160,O=C(N[C@H](CO)[C@H](O)c1ccc([N+](=O)[O-])cc1)[C-](Cl)Cl,0,train,0.048335341,0.028646311,0.149745167,0.149745167,0,1,0,0,1,0,1,0.149745167,True,True,0,1,0,1,0,1,0,1
clintox:161,161,O=C([O-])CCC(=O)OC[C@@H](NC(=O)[C-](Cl)Cl)[C@H](O)c1ccc([N+](=O)[O-])cc1,0,train,0.014597704,0.010004603,0.036977478,0.036977478,0,1,0,0,1,0,1,0.036977478,True,True,0,1,0,1,0,1,0,1
clintox:162,162,[NH3+]CC(CC(=O)[O-])c1ccc(Cl)cc1,0,train,0.006943508,0.004307545,0.047188613,0.047188613,0,0,0,0,0,0,0,0.047188613,True,True,0,0,0,0,0,0,0,0
clintox:163,163,Nc1ccc(C(=O)NCC(=O)[O-])cc1,0,train,0.004771986,0.002233598,0.027732249,0.027732249,0,1,0,1,0,0,1,0.027732249,True,True,0,1,0,1,1,0,0,1
clintox:164,164,[NH3+][C@@H](Cc1ccc(N(CCCl)CCCl)cc1)C(=O)[O-],0,train,0.09875964,0.080533151,0.275650005,0.275650005,1,1,1,1,1,1,1,0.275650005,True,True,1,1,1,1,1,1,1,1
clintox:165,165,[NH3+][C@@H](Cc1ccc(O)cc1)C(=O)[O-],0,train,0.005141478,0.00256441,0.029587063,0.029587063,1,0,0,1,0,0,0,0.029587063,True,True,1,0,0,0,1,0,0,0
clintox:166,166,NS(=O)(=O)c1ccc(C[NH3+])cc1,0,train,0.009434695,0.003522474,0.035780291,0.035780291,1,0,0,1,1,0,0,0.035780291,True,True,1,0,0,0,1,1,0,0
clintox:167,167,O=C([O-])CCCc1ccc(N(CCCl)CCCl)cc1,0,train,0.072017562,0.061883698,0.18735025,0.18735025,1,1,1,1,1,1,1,0.18735025,True,True,1,1,1,1,1,1,1,1
clintox:168,168,Nc1ccc(S(N)(=O)=O)cc1,0,train,0.007911966,0.002895553,0.028083132,0.028083132,0,1,0,1,0,0,1,0.028083132,True,True,0,1,0,1,1,0,0,1
clintox:169,169,Oc1ccc(O)cc1,0,train,0.026663915,0.010206429,0.053369434,0.053369434,0,1,1,0,1,0,0,0.053369434,True,True,0,1,1,1,0,1,0,0
clintox:170,170,NC(=O)OCC(O)COc1ccc(Cl)cc1,0,train,0.045862,0.033303126,0.09669455,0.09669455,0,0,0,0,1,0,1,0.09669455,True,True,0,0,0,0,0,1,0,1
clintox:171,171,O=P([O-])([O-])C(Sc1ccc(Cl)cc1)P(=O)([O-])[O-],0,train,0.045822826,0.06721075,0.155001565,0.155001565,0,1,1,1,0,0,1,0.155001565,True,True,0,1,1,1,1,0,0,1
clintox:172,172,NC(=O)OCC(COC(N)=O)c1ccccc1,0,train,0.025914772,0.023999977,0.075054907,0.075054907,0,0,0,0,1,0,1,0.075054907,True,True,0,0,0,0,0,1,0,1
clintox:173,173,O=C([O-])c1ccccc1,0,train,0.011594389,0.006072229,0.033329469,0.033329469,0,0,0,0,0,0,0,0.033329469,True,True,0,0,0,0,0,0,0,0
clintox:174,174,O=C([O-])CNC(=O)c1ccccc1,0,train,0.006340778,0.004203243,0.031640924,0.031640924,0,0,0,0,0,0,0,0.031640924,True,True,0,0,0,0,0,0,0,0
clintox:175,175,O=C([O-])Cc1ccccc1,0,train,0.005203716,0.003065491,0.024911348,0.024911348,0,0,0,0,0,0,0,0.024911348,True,True,0,0,0,0,0,0,0,0
clintox:176,176,NC(=O)NC(=O)Cc1ccccc1,0,train,0.008771071,0.007034908,0.049094112,0.049094112,0,0,0,0,0,1,0,0.049094112,True,True,0,0,0,0,0,0,1,0
clintox:177,177,O=C([O-])CCCc1ccccc1,0,train,0.004042056,0.002497371,0.024163614,0.024163614,0,0,0,0,0,0,0,0.024163614,True,True,0,0,0,0,0,0,0,0
clintox:178,178,NNCCc1ccccc1,0,train,0.010871173,0.004605988,0.031683011,0.031683011,0,1,1,0,0,1,1,0.031683011,True,True,0,1,1,1,0,0,1,1
clintox:179,179,O=C([O-])CN(CCN(CC(=O)[O-])C(COCc1ccccc1)C(=O)[O-])CC[NH+](CC(=O)[O-])CC(=O)[O-],0,train,0.009611557,0.01214732,0.02429839,0.02429839,1,0,1,1,1,0,0,0.02429839,True,True,1,0,1,0,1,1,0,0
clintox:180,180,O=C(CCCCCCC(=O)Nc1ccccc1)NO,1,train,0.084627182,0.063164486,0.128674307,0.128674307,0,1,1,1,1,0,1,0.128674307,True,True,0,1,1,1,1,1,0,1
clintox:181,181,C[C@H]([NH3+])[C@H](O)c1ccc(O)c(O)c1,0,train,0.020181364,0.005477689,0.064723266,0.064723266,0,1,0,0,0,0,0,0.064723266,True,True,0,1,0,1,0,0,0,0
clintox:182,182,C[C@H]([NH3+])[C@H](O)c1cccc(O)c1,0,train,0.005845906,0.002035445,0.026624056,0.026624056,0,0,0,0,0,0,0,0.026624056,True,True,0,0,0,0,0,0,0,0
clintox:183,183,C[NH2+][C@@H](C)[C@@H](O)c1ccccc1,0,train,0.006722599,0.002812162,0.026148478,0.026148478,0,0,0,0,0,0,0,0.026148478,True,True,0,0,0,0,0,0,0,0
clintox:184,184,C[C@H](O)C(=O)Nc1c(I)c(C(=O)NC(CO)CO)c(I)c(C(=O)NC(CO)CO)c1I,0,train,0.013031507,0.008006401,0.036249226,0.036249226,0,1,1,1,1,0,1,0.036249226,True,True,0,1,1,1,1,1,0,1
clintox:185,185,C[C@H]([NH3+])Cc1ccccc1,0,train,0.008386049,0.004032438,0.03011576,0.03011576,0,0,0,0,0,0,0,0.03011576,True,True,0,0,0,0,0,0,0,0
clintox:186,186,C[C@@H](Cc1ccccc1)NC(=O)[C@@H]([NH3+])CCCC[NH3+],0,train,0.017664699,0.014372321,0.047950183,0.047950183,1,1,0,1,1,0,0,0.047950183,True,True,1,1,0,1,1,1,0,0
clintox:187,187,C[C@]([NH3+])(Cc1ccc(O)c(O)c1)C(=O)[O-],0,train,0.011054,0.003937628,0.041389262,0.041389262,1,1,0,1,0,0,0,0.041389262,True,True,1,1,0,1,1,0,0,0
clintox:188,188,C[C@]([NH3+])(Cc1ccc(O)cc1)C(=O)[O-],0,train,0.005260145,0.002668715,0.027802202,0.027802202,1,0,0,1,0,0,0,0.027802202,True,True,1,0,0,0,1,0,0,0
clintox:189,189,C[C@@H]([NH3+])[C@@H](O)c1ccccc1,0,train,0.006923574,0.0028998,0.029928128,0.029928128,0,0,0,0,0,0,0,0.029928128,True,True,0,0,0,0,0,0,0,0
clintox:190,190,C#CC[NH+](C)[C@H](C)Cc1ccccc1,0,train,0.017753783,0.010207504,0.036232911,0.036232911,0,1,0,1,0,0,0,0.036232911,True,True,0,1,0,1,1,0,0,0
clintox:191,191,C#CC[NH+](C)Cc1ccccc1,0,train,0.010009886,0.005607319,0.030476896,0.030476896,1,1,0,1,1,0,0,0.030476896,True,True,1,1,0,1,1,1,0,0
clintox:192,192,C[NH2+]C[C@H](O)c1ccc(O)c(O)c1,0,train,0.014128218,0.003887429,0.04010356,0.04010356,0,1,0,0,0,0,0,0.04010356,True,True,0,1,0,1,0,0,0,0
clintox:193,193,C[NH2+]C[C@H](O)c1cccc(O)c1,0,train,0.005866685,0.002118287,0.023999411,0.023999411,0,0,0,0,0,0,0,0.023999411,True,True,0,0,0,0,0,0,0,0
clintox:194,194,COc1ccc(OC)c(C(O)C(C)[NH3+])c1,0,train,0.018163872,0.00529711,0.050438668,0.050438668,0,0,0,0,0,0,0,0.050438668,True,True,0,0,0,0,0,0,0,0
clintox:195,195,CC([NH2+]C(C)(C)C)C(=O)c1cccc(Cl)c1,0,train,0.077365261,0.075225079,0.225863817,0.225863817,1,0,0,1,1,0,0,0.225863817,True,True,1,0,0,0,1,1,0,0
clintox:196,196,CC(C)(C)[NH2+]C[C@H](O)c1ccc(O)c(CO)c1,0,train,0.028936433,0.014996165,0.070760072,0.070760072,0,0,0,0,0,0,0,0.070760072,True,True,0,0,0,0,0,0,0,0
clintox:197,197,CC(C)(C)[NH2+]CC(O)c1cc(O)cc(O)c1,0,train,0.013521667,0.007049364,0.047858768,0.047858768,0,0,0,0,0,0,0,0.047858768,True,True,0,0,0,0,0,0,0,0
clintox:198,198,CC(C)(C)[NH2+]CC(O)c1ccc(O)c(CO)c1,0,train,0.028936433,0.014996165,0.070760072,0.070760072,0,0,0,0,0,0,0,0.070760072,True,True,0,0,0,0,0,0,0,0
clintox:199,199,C[NH2+]CC(O)c1ccc(OC(=O)C(C)(C)C)c(OC(=O)C(C)(C)C)c1,0,train,0.089047243,0.070022038,0.143294003,0.143294003,0,1,0,1,1,0,0,0.143294003,True,True,0,1,0,1,1,1,0,0
clintox:200,200,CC(C)(C)CC(C)(C)c1ccc(O)cc1,0,train,0.122873245,0.062903436,0.25605089,0.25605089,0,0,0,0,0,0,0,0.25605089,True,True,0,0,0,0,0,0,0,0
clintox:201,201,CC(C)([NH3+])Cc1ccc(Cl)cc1,0,train,0.022625543,0.014685203,0.066295193,0.066295193,0,0,0,0,0,0,0,0.066295193,True,True,0,0,0,0,0,0,0,0
clintox:202,202,C[NH2+]C(C)(C)Cc1ccccc1,0,train,0.010318687,0.005434461,0.033831752,0.033831752,0,0,0,0,0,0,0,0.033831752,True,True,0,0,0,0,0,0,0,0
clintox:203,203,CC(C)([NH3+])Cc1ccccc1,0,train,0.009002675,0.004676007,0.03293515,0.03293515,0,0,0,0,0,0,0,0.03293515,True,True,0,0,0,0,0,0,0,0
clintox:204,204,CC(C)/[NH+]=C(N)/[NH+]=C(\N)Nc1ccc(Cl)cc1,0,train,0.062307807,0.039823799,0.086843318,0.086843318,0,1,0,1,1,0,0,0.086843318,True,True,0,1,0,1,1,1,0,0
clintox:205,205,COCCCOc1cc(C[C@@H](C[C@H]([NH3+])[C@@H](O)C[C@H](C(=O)NCC(C)(C)C(N)=O)C(C)C)C(C)C)ccc1OC,0,train,0.034971797,0.018699113,0.063424086,0.063424086,0,1,1,0,1,0,0,0.063424086,True,True,0,1,1,1,0,1,0,0
clintox:206,206,CC(C)[NH2+]C(C)Cc1ccc([123I])cc1,0,train,0.147359648,0.097815294,0.161238132,0.161238132,0,1,0,0,1,0,1,0.161238132,True,True,0,1,0,1,0,1,0,1
clintox:207,207,CC(C)[NH2+]CC(O)c1cc(O)cc(O)c1,0,train,0.00827602,0.003645205,0.030965055,0.030965055,0,0,0,0,0,0,0,0.030965055,True,True,0,0,0,0,0,0,0,0
clintox:208,208,CC(C)[NH2+]CC(O)c1ccc(O)c(O)c1,0,train,0.024677537,0.008442403,0.052765566,0.052765566,0,1,0,0,0,0,0,0.052765566,True,True,0,1,0,1,0,0,0,0
clintox:209,209,CC(C)[NH2+]CC(O)c1ccc(NS(C)(=O)=O)cc1,0,train,0.014737148,0.007182626,0.047202359,0.047202359,0,0,0,0,1,0,0,0.047202359,True,True,0,0,0,0,0,1,0,0
clintox:210,210,CC(C)[NH2+]CC(O)COc1ccc(CC(N)=O)cc1,0,train,0.018661052,0.012623879,0.047570615,0.047570615,0,0,0,0,1,0,0,0.047570615,True,True,0,0,0,0,0,1,0,0
clintox:211,211,COC(=O)CCc1ccc(OCC(O)C[NH2+]C(C)C)cc1,0,train,0.038394173,0.024508933,0.044664754,0.044664754,0,0,0,0,1,0,0,0.044664754,True,True,0,0,0,0,0,1,0,0
clintox:212,212,COCCc1ccc(OCC(O)C[NH2+]C(C)C)cc1,0,train,0.032130547,0.02006468,0.042875564,0.042875564,0,0,0,0,1,0,0,0.042875564,True,True,0,0,0,0,0,1,0,0
clintox:213,213,CC(C)[NH2+]CC(O)COc1ccc(COCCOC(C)C)cc1,0,train,0.054815414,0.034565011,0.056627492,0.056627492,0,1,0,0,1,0,0,0.056627492,True,True,0,1,0,1,0,1,0,0
clintox:214,214,C=CCOc1ccccc1OCC(O)C[NH2+]C(C)C,0,train,0.049363226,0.029295956,0.054030307,0.054030307,0,1,0,1,1,0,1,0.054030307,True,True,0,1,0,1,1,1,0,1
clintox:215,215,CC(C)C(=O)Nc1ccc([N+](=O)[O-])c(C(F)(F)F)c1,0,train,0.087179342,0.057151938,0.150099885,0.150099885,0,1,0,0,1,0,1,0.150099885,True,True,0,1,0,1,0,1,0,1
clintox:216,216,CC(C)c1cccc(C(C)C)c1NC(=O)C[NH+](CC(=O)[O-])CC(=O)[O-],0,train,0.023838853,0.039917006,0.081837449,0.081837449,1,0,0,1,1,0,0,0.081837449,True,True,1,0,0,0,1,1,0,0
clintox:217,217,CC(C)c1cccc(C(C)C)c1O,0,train,0.028534038,0.011753906,0.071899116,0.071899116,0,0,0,0,0,0,0,0.071899116,True,True,0,0,0,0,0,0,0,0
clintox:218,218,CC(C)c1cccc(C(C)C)c1OCOP(=O)([O-])[O-],0,train,0.037651986,0.037515869,0.073331924,0.073331924,0,1,1,0,1,0,1,0.073331924,True,True,0,1,1,1,0,1,0,1
clintox:219,219,CC(C)Cc1ccc(C(C)C(=O)[O-])cc1,0,train,0.008514685,0.006162395,0.05030433,0.05030433,0,0,0,0,0,0,0,0.05030433,True,True,0,0,0,0,0,0,0,0
clintox:220,220,CNNCc1ccc(C(=O)NC(C)C)cc1,0,train,0.014331725,0.007697734,0.032347143,0.032347143,0,1,1,0,1,1,1,0.032347143,True,True,0,1,1,1,0,1,1,1
clintox:221,221,CC([NH3+])Cc1ccc(O)cc1,0,train,0.012915424,0.005524973,0.039016878,0.039016878,0,0,0,0,0,0,0,0.039016878,True,True,0,0,0,0,0,0,0,0
clintox:222,222,C[NH2+]C(C)Cc1ccccc1,0,train,0.009839322,0.004775014,0.030220164,0.030220164,0,0,0,0,0,0,0,0.030220164,True,True,0,0,0,0,0,0,0,0
clintox:223,223,CC([NH3+])Cc1ccccc1,0,train,0.008386049,0.004032438,0.03011576,0.03011576,0,0,0,0,0,0,0,0.03011576,True,True,0,0,0,0,0,0,0,0
clintox:224,224,CC(=O)N(CC(C)C(=O)[O-])c1c(I)cc(I)c(N)c1I,0,train,0.019045311,0.02093776,0.075369946,0.075369946,0,1,1,1,1,0,1,0.075369946,True,True,0,1,1,1,1,1,0,1
clintox:225,225,CC(=O)[N-]S(=O)(=O)c1ccc(N)cc1,0,train,0.005263292,0.003119335,0.038243588,0.038243588,0,1,0,1,1,0,1,0.038243588,True,True,0,1,0,1,1,1,0,1
clintox:226,226,CC(=O)N(CC(O)CO)c1c(I)c(C(=O)NCC(O)CO)c(I)c(C(=O)NCC(O)CO)c1I,0,train,0.01972082,0.015921011,0.065628563,0.065628563,0,1,1,1,1,0,1,0.065628563,True,True,0,1,1,1,1,1,0,1
clintox:227,227,CC(=O)N(CC(O)CO)c1c(I)c(C(=O)NCCO)c(I)c(C(=O)NCC(O)CO)c1I,0,train,0.015479467,0.01138656,0.054698679,0.054698679,0,1,1,1,1,0,1,0.054698679,True,True,0,1,1,1,1,1,0,1
clintox:228,228,COC[C@@H](NC(C)=O)C(=O)NCc1ccccc1,0,train,0.011493038,0.008586792,0.049496415,0.049496415,0,0,0,0,1,0,0,0.049496415,True,True,0,0,0,0,0,1,0,0
clintox:229,229,CNC(=O)c1c(I)c(NC(C)=O)c(I)c(C(=O)[O-])c1I,0,train,0.003388469,0.003768625,0.02377819,0.02377819,0,1,1,1,1,0,1,0.02377819,True,True,0,1,1,1,1,1,0,1
clintox:230,230,CC(=O)Nc1c(I)c(C(=O)[O-])c(I)c(N(C)C(C)=O)c1I,0,train,0.003520417,0.004208022,0.01911142,0.01911142,0,1,1,1,1,0,1,0.01911142,True,True,0,1,1,1,1,1,0,1
clintox:231,231,CC(=O)Nc1c(I)c(NC(C)=O)c(I)c(C(=O)[O-])c1I,0,train,0.003250963,0.00394261,0.021216724,0.021216724,0,1,1,1,1,0,1,0.021216724,True,True,0,1,1,1,1,1,0,1
clintox:232,232,CC(=O)Nc1c(I)cc(I)c(C(=O)[O-])c1I,0,train,0.006003395,0.008138744,0.0319085,0.0319085,0,1,1,1,1,0,1,0.0319085,True,True,0,1,1,1,1,1,0,1
clintox:233,233,CC(=O)Nc1ccc(O)cc1,0,train,0.011037045,0.003815376,0.025326886,0.025326886,0,1,0,0,0,0,0,0.025326886,True,True,0,1,0,1,0,0,0,0
clintox:234,234,CC(=O)NCc1c(I)c(NC(C)=O)c(I)c(C(=O)[O-])c1I,0,train,0.002372933,0.002269075,0.019485195,0.019485195,0,1,1,1,1,0,1,0.019485195,True,True,0,1,1,1,1,1,0,1
clintox:235,235,CC(=O)Oc1ccccc1C(=O)[O-],0,train,0.008726853,0.004991119,0.037262027,0.037262027,0,1,0,1,1,0,0,0.037262027,True,True,0,1,0,1,1,1,0,0
clintox:236,236,CC(=O)Oc1ccccc1C(=O)O,1,train,0.008603266,0.004889325,0.036029254,0.036029254,0,1,0,1,1,0,0,0.036029254,True,True,0,1,0,1,1,1,0,0
clintox:237,237,CNC(=O)c1c(C)c(C(=O)[O-])c(I)c(NC(C)=O)c1I,0,train,0.006934699,0.007412177,0.03790085,0.03790085,0,1,0,1,1,0,1,0.03790085,True,True,0,1,0,1,1,1,0,1
clintox:238,238,COc1cc(C)c(/C=C/C(C)=C/C=C/C(C)=C/C(=O)[O-])c(C)c1C,0,train,0.037667468,0.051526703,0.075265648,0.075265648,1,1,1,1,1,1,0,0.075265648,True,True,1,1,1,1,1,1,1,0
clintox:239,239,Cc1cc(C)c(NC(=O)C[NH+](CC(=O)[O-])CC(=O)[O-])c(C)c1Br,0,train,0.020157852,0.031466182,0.083921947,0.083921947,1,0,0,1,1,0,1,0.083921947,True,True,1,0,0,0,1,1,0,1
clintox:240,240,CC(=O)Oc1c(C)cc(OCC(O)C[NH2+]C(C)C)c(C)c1C,0,train,0.044021123,0.030988306,0.078681549,0.078681549,0,1,0,1,1,0,0,0.078681549,True,True,0,1,0,1,1,1,0,0
clintox:241,241,Cc1ccc(C)c(OCCCC(C)(C)C(=O)[O-])c1,0,train,0.038664594,0.03023327,0.070327612,0.070327612,0,1,0,0,1,0,0,0.070327612,True,True,0,1,0,1,0,1,0,0
clintox:242,242,Cc1cccc(C)c1NC(=O)C(C)[NH3+],0,train,0.004328802,0.001986547,0.025007948,0.025007948,1,0,0,1,0,0,0,0.025007948,True,True,1,0,0,0,1,0,0,0
clintox:243,243,Cc1cccc(C)c1NC(=O)C[NH+](CC(=O)[O-])CC(=O)[O-],0,train,0.013460793,0.018307215,0.104928967,0.104928967,1,0,0,1,1,0,0,0.104928967,True,True,1,0,0,0,1,1,0,0
clintox:244,244,Cc1cccc(C)c1OCC(C)[NH3+],0,train,0.011536828,0.004571041,0.031990345,0.031990345,0,0,0,0,0,0,0,0.031990345,True,True,0,0,0,0,0,0,0,0
clintox:245,245,CC[C@@H](c1cccc(O)c1)[C@@H](C)C[NH+](C)C,0,train,0.045259703,0.014709506,0.155352195,0.155352195,0,0,0,0,1,0,0,0.155352195,True,True,0,0,0,0,0,1,0,0
clintox:246,246,CC[N+](C)(C)c1cccc(O)c1,0,train,0.025235147,0.008750925,0.061621586,0.061621586,0,1,0,0,0,0,0,0.061621586,True,True,0,1,0,1,0,0,0,0
clintox:247,247,CC[N+](C)(C)Cc1ccccc1Br,0,train,0.045170567,0.025814767,0.144983872,0.144983872,1,1,0,1,1,0,1,0.144983872,True,True,1,1,0,1,1,1,0,1
clintox:248,248,CC[N+](CC)(CC)CCOc1cccc(OCC[N+](CC)(CC)CC)c1OCC[N+](CC)(CC)CC,0,train,0.159586683,0.055576543,0.367696077,0.367696077,0,1,1,0,0,0,0,0.367696077,True,True,0,1,1,1,0,0,0,0
clintox:249,249,CC[NH+](CC)C(C)C(=O)c1ccccc1,0,train,0.029767923,0.016150889,0.064301476,0.064301476,1,0,0,1,1,0,0,0.064301476,True,True,1,0,0,0,1,1,0,0
clintox:250,250,CC[NH+](CC)CC(=O)Nc1c(C)cccc1C,0,train,0.022562755,0.017583202,0.052709007,0.052709007,1,0,0,1,0,0,0,0.052709007,True,True,1,0,0,0,1,0,0,0
clintox:251,251,CC[NH+](CC)CCNC(=O)c1cc(Cl)c(N)cc1OC,0,train,0.046040816,0.017504685,0.048058068,0.048058068,0,1,0,1,1,0,1,0.048058068,True,True,0,1,0,1,1,1,0,1
clintox:252,252,CC[NH+](CC)CCNC(=O)c1ccc(N)cc1,0,train,0.02165335,0.009351518,0.037127222,0.037127222,0,1,0,1,1,0,1,0.037127222,True,True,0,1,0,1,1,1,0,1
clintox:253,253,CC[NH+](CC)CCOC(=O)c1ccc(N)cc1,0,train,0.075136759,0.039409372,0.09585085,0.09585085,0,1,0,1,1,0,1,0.09585085,True,True,0,1,0,1,1,1,0,1
clintox:254,254,CC[NH+](CC)CCOC(=O)c1ccc(N)cc1Cl,0,train,0.097941494,0.053754071,0.113738287,0.113738287,0,1,0,1,1,0,1,0.113738287,True,True,0,1,0,1,1,1,0,1
clintox:255,255,CCC([NH2+]C(C)C)C(O)c1ccc(O)c(O)c1,0,train,0.045014935,0.017598607,0.120433152,0.120433152,0,1,0,0,0,0,0,0.120433152,True,True,0,1,0,1,0,0,0,0
clintox:256,256,C=C(CC)C(=O)c1ccc(OCC(=O)[O-])c(Cl)c1Cl,0,train,0.01804667,0.022735074,0.078058449,0.078058449,0,1,1,1,1,1,0,0.078058449,True,True,0,1,1,1,1,1,1,0
clintox:257,257,CCC(Cc1c(I)cc(I)c(N)c1I)C(=O)[O-],0,train,0.029061462,0.042189233,0.075368038,0.075368038,0,1,1,1,1,0,1,0.075368038,True,True,0,1,1,1,1,1,0,1
clintox:258,258,CCC[NH+](CC)C(CC)C(=O)Nc1c(C)cccc1C,0,train,0.026112023,0.024824307,0.044743362,0.044743362,1,0,0,1,1,0,0,0.044743362,True,True,1,0,0,0,1,1,0,0
clintox:259,259,CCC[NH2+]C(C)C(=O)Nc1ccccc1C,0,train,0.011033438,0.007016819,0.032166272,0.032166272,1,0,0,1,1,0,0,0.032166272,True,True,1,0,0,0,1,1,0,0
clintox:260,260,CCCC(=O)Nc1c(I)cc(I)c(CC(CC)C(=O)[O-])c1I,0,train,0.018583114,0.023311381,0.074399199,0.074399199,0,1,1,1,1,0,1,0.074399199,True,True,0,1,1,1,1,1,0,1
clintox:261,261,CCCC(=O)Nc1ccc(OCC(O)C[NH2+]C(C)C)c(C(C)=O)c1,0,train,0.030804743,0.012508383,0.043941911,0.043941911,0,0,0,0,1,0,0,0.043941911,True,True,0,0,0,0,0,1,0,0
clintox:262,262,CCCCC(CC)COC(=O)/C=C/c1ccc(OC)cc1,0,train,0.08117714,0.066094923,0.127685729,0.127685729,0,1,0,1,1,1,1,0.127685729,True,True,0,1,0,1,1,1,1,1
clintox:263,263,CCCCCCC[NH+](CC)CCCC(O)c1ccc(NS(C)(=O)=O)cc1,0,train,0.19631265,0.125038984,0.123003642,0.19631265,0,1,0,0,1,0,1,0.19631265,True,True,0,1,0,1,0,1,0,1
clintox:264,264,CCCCCCCCc1ccc(CCC([NH3+])(CO)CO)cc1,0,train,0.295834185,0.223885673,0.324513437,0.324513437,1,1,0,0,1,0,1,0.324513437,True,True,1,1,0,1,0,1,0,1
clintox:265,265,CCCCCCCCCc1ccc(OCCOCCOCCOCCOCCOCCOCCOCCOCCO)cc1,0,train,0.228547822,0.146132503,0.166802075,0.228547822,1,1,1,0,1,0,1,0.228547822,True,True,1,1,1,1,0,1,0,1
clintox:266,266,CCCCNC(=O)[N-]S(=O)(=O)c1ccc(C)cc1,0,train,0.020592362,0.019324759,0.110800356,0.110800356,0,1,0,0,1,0,0,0.110800356,True,True,0,1,0,1,0,1,0,0
clintox:267,267,CCCCNc1ccc(C(=O)OCC[NH+](C)C)cc1,0,train,0.122577003,0.072061234,0.135853441,0.135853441,0,1,0,0,1,0,0,0.135853441,True,True,0,1,0,1,0,1,0,0
clintox:268,268,CCCCNc1ccc(C(=O)OCCOCCOCCOCCOCCOCCOCCOCCOCCOC)cc1,0,train,0.130233727,0.113418689,0.088417962,0.130233727,0,1,0,0,1,0,1,0.130233727,True,True,0,1,0,1,0,1,0,1
clintox:269,269,CCCCOc1cc(C(=O)OCC[NH+](CC)CC)ccc1N,0,train,0.152905058,0.082504914,0.129518057,0.152905058,0,1,0,1,1,0,1,0.152905058,True,True,0,1,0,1,1,1,0,1
clintox:270,270,CCCN(CCC)S(=O)(=O)c1ccc(C(=O)[O-])cc1,0,train,0.045145282,0.04045637,0.113497059,0.113497059,0,0,0,0,1,0,0,0.113497059,True,True,0,0,0,0,0,1,0,0
clintox:271,271,CCCNC(=O)[N-]S(=O)(=O)c1ccc(Cl)cc1,0,train,0.022791353,0.025016044,0.141261988,0.141261988,0,0,0,0,1,0,0,0.141261988,True,True,0,0,0,0,0,1,0,0
clintox:272,272,CCCOc1cc(N)ccc1C(=O)OCC[NH+](CC)CC,0,train,0.089766767,0.038466088,0.09075746,0.09075746,0,1,0,1,1,0,1,0.09075746,True,True,0,1,0,1,1,1,0,1
clintox:273,273,CCCOc1ccc(C(=O)OCC[NH+](CC)CC)cc1N,0,train,0.117736747,0.064668534,0.100642248,0.117736747,0,1,0,1,1,0,1,0.117736747,True,True,0,1,0,1,1,1,0,1
clintox:274,274,CCN(C)C(=O)Oc1cccc([C@H](C)[NH+](C)C)c1,0,train,0.024672249,0.013981947,0.048547659,0.048547659,1,0,0,1,1,0,1,0.048547659,True,True,1,0,0,0,1,1,0,1
clintox:275,275,C/C=C/C(=O)N(CC)c1ccccc1C,0,train,0.018869104,0.011137385,0.076325041,0.076325041,0,1,0,0,1,1,1,0.076325041,True,True,0,1,0,1,0,1,1,1
clintox:276,276,CCN(CC)C(=O)/C(C#N)=C/c1cc(O)c([O-])c([N+](=O)[O-])c1,0,train,0.152892762,0.04451918,0.249565145,0.249565145,0,1,1,0,1,1,1,0.249565145,True,True,0,1,1,1,0,1,1,1
clintox:277,277,CCN(CC)CC(=O)Nc1c(C)cccc1C,1,train,0.02049712,0.015958503,0.053720407,0.053720407,1,0,0,1,0,0,0,0.053720407,True,True,0,0,0,0,0,0,0,0
clintox:278,278,CCOC(=O)/C=C(C)/C=C/C=C(C)/C=C/c1c(C)cc(OC)c(C)c1C,0,train,0.079296822,0.071516177,0.121926861,0.121926861,1,1,1,1,1,1,1,0.121926861,True,True,1,1,1,1,1,1,1,1
clintox:279,279,CCOC(=O)[C@@](C)([NH3+])Cc1ccc(O)c(O)c1,0,train,0.032920719,0.013043775,0.062223736,0.062223736,1,1,0,1,1,0,1,0.062223736,True,True,1,1,0,1,1,1,0,1
clintox:280,280,CCOC(=O)C(C)(C)Oc1ccc(Cl)cc1,0,train,0.036053918,0.025163409,0.078067045,0.078067045,0,0,0,0,1,0,1,0.078067045,True,True,0,0,0,0,0,1,0,1
clintox:281,281,CCOC(=O)CCCCCCCCC(C)c1ccccc1I,0,train,0.111106722,0.12017897,0.133610807,0.133610807,1,1,1,0,1,0,1,0.133610807,True,True,1,1,1,1,0,1,0,1
clintox:282,282,CCOc1ccc(CC(CN(CC[NH+](CC(=O)[O-])CC(=O)[O-])CC(=O)[O-])[NH+](CC(=O)[O-])CC(=O)[O-])cc1,0,train,0.014992566,0.016783041,0.043785121,0.043785121,1,0,1,1,1,0,0,0.043785121,True,True,1,0,1,0,1,1,0,0
clintox:283,283,CN(C)/C=[NH+]/c1c(I)cc(I)c(CCC(=O)[O-])c1I,0,train,0.038340887,0.049621793,0.052758092,0.052758092,0,1,1,1,1,0,1,0.052758092,True,True,0,1,1,1,1,1,0,1
clintox:284,284,COCC(=O)Nc1c(I)c(C(=O)NCC(O)CO)c(I)c(C(=O)N(C)CC(O)CO)c1I,0,train,0.012762504,0.007888438,0.048422197,0.048422197,0,1,1,1,1,0,1,0.048422197,True,True,0,1,1,1,1,1,0,1
clintox:285,285,CN/C(NCc1ccccc1)=[NH+]\C,0,train,0.008019848,0.003643278,0.016596871,0.016596871,0,1,0,1,1,0,0,0.016596871,True,True,0,1,0,1,1,1,0,0
clintox:286,286,COC(CNC(=O)c1ccccc1OCC(=O)[O-])C[Hg]O,0,train,0.142379348,0.118953187,0.341681177,0.341681177,0,1,1,0,1,1,0,0.341681177,True,True,0,1,1,1,0,1,1,0
clintox:287,287,COC(=O)c1ccccc1O,0,train,0.016622762,0.006725848,0.032978671,0.032978671,0,0,0,0,1,0,0,0.032978671,True,True,0,0,0,0,0,1,0,0
clintox:288,288,COc1ccc(OC)c(C(O)CNC(=O)C[NH3+])c1,0,train,0.012779579,0.00679686,0.038751169,0.038751169,1,0,0,1,1,0,0,0.038751169,True,True,1,0,0,0,1,1,0,0
clintox:289,289,COc1ccc(O)cc1,0,train,0.016015334,0.005291828,0.029336102,0.029336102,0,0,0,0,0,0,0,0.029336102,True,True,0,0,0,0,0,0,0,0
clintox:290,290,COc1ccccc1OCC(O)CO,0,train,0.010028702,0.003497598,0.022926663,0.022926663,0,0,0,0,0,0,0,0.022926663,True,True,0,0,0,0,0,0,0,0
clintox:291,291,COc1ccccc1OCC(O)COC(N)=O,0,train,0.025300918,0.012711928,0.064926678,0.064926678,0,0,0,0,1,0,1,0.064926678,True,True,0,0,0,0,0,1,0,1
clintox:292,292,COCCCC/C(=N\OCC[NH3+])c1ccc(C(F)(F)F)cc1,0,train,0.335786653,0.19732196,0.413103877,0.413103877,0,1,0,1,1,1,1,0.413103877,True,True,0,1,0,1,1,1,1,1
clintox:293,293,O=C([O-])[C@@H](O)[C@@H](O)[C@H](O)[C@@H](O)C(=O)[O-],0,train,0.00941368,0.007194548,0.038925322,0.038925322,0,0,0,0,1,0,0,0.038925322,True,True,0,0,0,0,0,1,0,0
clintox:294,294,O=[N+]([O-])[O-],0,train,0.030843719,0.021972834,0.093821846,0.093821846,0,1,0,0,0,0,0,0.093821846,True,True,0,1,0,1,0,0,0,0
clintox:295,295,[N]=O,0,train,0.036616783,0.019292887,0.085380306,0.085380306,0,0,0,0,0,0,0,0.085380306,True,True,0,0,0,0,0,0,0,0
clintox:296,296,O=[99Tc](=O)(=O)[O-],0,train,0.025190675,0.017318729,0.085102026,0.085102026,0,0,1,1,1,1,0,0.085102026,True,True,0,0,1,0,1,1,1,0
clintox:297,297,O=P([O-])([O-])F,0,train,0.01255682,0.007217653,0.04820632,0.04820632,1,1,1,1,1,1,1,0.04820632,True,True,1,1,1,1,1,1,1,1
clintox:298,298,O=S(=O)([O-])[O-],0,train,0.010434097,0.005691041,0.047969847,0.047969847,0,1,0,0,0,0,1,0.047969847,True,True,0,1,0,1,0,0,0,1
clintox:299,299,O=S([O-])([O-])=S,0,train,0.01546656,0.009603095,0.055233618,0.055233618,0,0,0,0,0,1,1,0.055233618,True,True,0,0,0,0,0,0,1,1
clintox:300,300,[Se],1,train,0.033520272,0.015935347,0.094614651,0.094614651,0,1,1,1,1,0,1,0.094614651,True,True,0,1,1,1,1,1,0,1
clintox:301,301,C#N,0,train,0.02682689,0.015884764,0.069354682,0.069354682,0,0,0,0,0,0,0,0.069354682,True,True,0,0,0,0,0,0,0,0
clintox:302,302,N#C[Fe-2](C#N)(C#N)(C#N)(C#N)N=O,0,train,0.163052305,0.270457328,0.306323845,0.306323845,1,1,1,1,1,1,1,0.306323845,True,True,1,1,1,1,1,1,1,1
clintox:303,303,[NH3+][C@@H](CS)C(=O)[O-],0,train,0.006676969,0.004244375,0.029416005,0.029416005,1,1,1,1,1,1,1,0.029416005,True,True,1,1,1,1,1,1,1,1
clintox:304,304,O=C[C@H](O)[C@@H](O)[C@H](O)CO,0,train,0.007262238,0.004347401,0.034550417,0.034550417,0,1,1,1,1,1,1,0.034550417,True,True,0,1,1,1,1,1,1,1
clintox:305,305,OC[C@@H](O)[C@@H](O)[C@H](O)[C@H](O)CO,0,train,0.006476413,0.003696598,0.029977558,0.029977558,0,0,0,0,1,0,0,0.029977558,True,True,0,0,0,0,0,1,0,0
clintox:306,306,O=C([O-])[C@H](O)[C@@H](O)[C@H](O)[C@H](O)CO,0,train,0.00583096,0.003644281,0.031316508,0.031316508,0,0,0,0,1,0,0,0.031316508,True,True,0,0,0,0,0,1,0,0
clintox:307,307,OC[C@@H](O)[C@@H](O)[C@H](O)[C@@H](O)CO,0,train,0.006476413,0.003696598,0.029977558,0.029977558,0,0,0,0,1,0,0,0.029977558,True,True,0,0,0,0,0,1,0,0
clintox:308,308,NC(N)=[NH2+],0,train,0.00809896,0.003364186,0.027402311,0.027402311,0,1,0,0,0,0,0,0.027402311,True,True,0,1,0,1,0,0,0,0
clintox:309,309,FC(F)(F)C(F)(F)C(F)(F)C(F)(F)C(F)(F)C(F)(F)C(F)(F)C(F)(F)Br,0,train,0.078531827,0.121969645,0.228576067,0.228576067,0,1,1,1,1,1,1,0.228576067,True,True,0,1,1,1,1,1,1,1
clintox:310,310,FC(F)(F)C(F)(F)C(F)(F)C(F)(F)C(F)(F)C(F)(F)F,0,train,0.099365097,0.151914766,0.19671332,0.19671332,0,1,0,1,0,1,1,0.19671332,True,True,0,1,0,1,1,0,1,1
clintox:311,311,O=C([O-])C(O)C(O)C(=O)[O-],0,train,0.008231622,0.006034777,0.03082593,0.03082593,0,0,0,0,0,0,0,0.03082593,True,True,0,0,0,0,0,0,0,0
clintox:312,312,O=C([O-])C(S)C(S)C(=O)[O-],0,train,0.025384963,0.035295498,0.099794103,0.099794103,1,1,0,1,1,1,1,0.099794103,True,True,1,1,0,1,1,1,1,1
clintox:313,313,O=P([O-])([O-])OCC(Cl)(Cl)Cl,0,train,0.034661948,0.036685296,0.102804152,0.102804152,0,1,0,0,1,1,1,0.102804152,True,True,0,1,0,1,0,1,1,1
clintox:314,314,[NH3+]C(CO)(CO)CO,0,train,0.00698439,0.003579271,0.027224376,0.027224376,0,0,0,0,0,0,0,0.027224376,True,True,0,0,0,0,0,0,0,0
clintox:315,315,OCC(O)CO,0,train,0.005424669,0.002454093,0.020014345,0.020014345,0,0,0,0,0,0,0,0.020014345,True,True,0,0,0,0,0,0,0,0
clintox:316,316,O=[N+]([O-])OCC(CO[N+](=O)[O-])O[N+](=O)[O-],0,train,0.062481138,0.060655073,0.187108485,0.187108485,0,1,0,1,1,1,0,0.187108485,True,True,0,1,0,1,1,1,1,0
clintox:317,317,OCC(S)CS,0,train,0.015615373,0.010040722,0.052248718,0.052248718,1,1,0,1,1,1,1,0.052248718,True,True,1,1,0,1,1,1,1,1
clintox:318,318,FC(F)(F)C(F)(F)C(F)(F)F,0,train,0.047172015,0.053309001,0.124483106,0.124483106,0,1,0,1,0,1,1,0.124483106,True,True,0,1,0,1,1,0,1,1
clintox:319,319,FC(F)(F)C(Cl)Br,0,train,0.062588943,0.068572681,0.177660017,0.177660017,1,1,1,1,1,1,1,0.177660017,True,True,1,1,1,1,1,1,1,1
clintox:320,320,FC(F)OC(Cl)C(F)(F)F,0,train,0.034437541,0.037708897,0.096410822,0.096410822,1,1,1,1,1,0,1,0.096410822,True,True,1,1,1,1,1,1,0,1
clintox:321,321,FC(F)OC(F)C(F)(F)F,0,train,0.024827465,0.022011997,0.068857921,0.068857921,0,0,1,0,0,0,1,0.068857921,True,True,0,0,1,0,0,0,0,1
clintox:322,322,FC(F)=C(F)F,0,train,0.039191827,0.026247246,0.103457686,0.103457686,0,0,0,0,0,0,1,0.103457686,True,True,0,0,0,0,0,0,0,1
clintox:323,323,[NH3+]CC(=O)[O-],0,train,0.006183028,0.003231889,0.023451939,0.023451939,1,0,0,1,0,0,0,0.023451939,True,True,1,0,0,0,1,0,0,0
clintox:324,324,O=C([O-])CC(O)(CC(=O)[O-])C(=O)[O-],0,train,0.009073876,0.006912881,0.043045917,0.043045917,0,0,1,0,1,0,0,0.043045917,True,True,0,0,1,0,0,1,0,0
clintox:325,325,FC(F)OC(F)(F)C(F)Cl,0,train,0.026434038,0.028048685,0.083597162,0.083597162,1,1,1,1,1,1,1,0.083597162,True,True,1,1,1,1,1,1,1,1
clintox:326,326,O=C([O-])/C=C/C(=O)[O-],0,train,0.00952069,0.006739413,0.035188816,0.035188816,0,1,0,0,1,1,1,0.035188816,True,True,0,1,0,1,0,1,1,1
clintox:327,327,NC(N)=[NH+]CCC[C@H]([NH3+])C(=O)[O-],0,train,0.004710671,0.002276943,0.026394201,0.026394201,1,1,0,1,1,0,0,0.026394201,True,True,1,1,0,1,1,1,0,0
clintox:328,328,NCC[NH2+]CCNCC[NH2+]CCN,0,train,0.02620806,0.016547727,0.051711495,0.051711495,0,1,1,0,1,0,0,0.051711495,True,True,0,1,1,1,0,1,0,0
clintox:329,329,[NH3+]CCC(O)(P(=O)([O-])[O-])P(=O)([O-])[O-],0,train,0.008125772,0.005779239,0.046692759,0.046692759,0,1,1,1,0,0,1,0.046692759,True,True,0,1,1,1,1,0,0,1
clintox:330,330,[NH3+]CCC[NH2+]CCSP(=O)([O-])[O-],0,train,0.01245008,0.008679963,0.044743105,0.044743105,0,1,1,0,1,1,1,0.044743105,True,True,0,1,1,1,0,1,1,1
clintox:331,331,[NH3+]CCCC([NH3+])(C(=O)[O-])C(F)F,0,train,0.005256637,0.003274854,0.026032401,0.026032401,1,0,0,1,1,0,0,0.026032401,True,True,1,0,0,0,1,1,0,0
clintox:332,332,[NH3+]CCCC(O)(P(=O)([O-])[O-])P(=O)([O-])[O-],0,train,0.009634899,0.006999489,0.051243237,0.051243237,0,1,1,1,0,0,1,0.051243237,True,True,0,1,1,1,1,0,0,1
clintox:333,333,O=C([O-])CCC(=O)[O-],0,train,0.006118808,0.004876151,0.033435148,0.033435148,0,0,0,0,0,0,0,0.033435148,True,True,0,0,0,0,0,0,0,0
clintox:334,334,[NH3+]CC(=O)CCC(=O)[O-],0,train,0.003292954,0.00189741,0.01979805,0.01979805,1,0,0,1,1,0,1,0.01979805,True,True,1,0,0,0,1,1,0,1
clintox:335,335,O=C([O-])CCCO,0,train,0.004093191,0.002177466,0.020602046,0.020602046,0,0,0,0,0,0,0,0.020602046,True,True,0,0,0,0,0,0,0,0
clintox:336,336,NC(=O)CC[C@H]([NH3+])C(=O)[O-],0,train,0.002224552,0.001087396,0.018640944,0.018640944,1,0,0,1,1,0,0,0.018640944,True,True,1,0,0,0,1,1,0,0
clintox:337,337,[NH3+][C@@H](CCC(=O)N[C@@H](CSSC[C@H](NC(=O)CC[C@H]([NH3+])C(=O)[O-])C(=O)NCC(=O)[O-])C(=O)NCC(=O)[O-])C(=O)[O-],0,train,0.015253291,0.013428656,0.028469178,0.028469178,1,1,1,1,1,1,1,0.028469178,True,True,1,1,1,1,1,1,1,1
clintox:338,338,[NH3+]CCCCCC(=O)[O-],0,train,0.003961411,0.001798037,0.020325323,0.020325323,0,1,0,0,1,0,0,0.020325323,True,True,0,1,0,1,0,1,0,0
clintox:339,339,O=C([O-])CCCCCCCC(=O)[O-],0,train,0.009755436,0.005843484,0.045542494,0.045542494,1,1,0,0,1,0,1,0.045542494,True,True,1,1,0,1,0,1,0,1
clintox:340,340,O=C([O-])CN(CC[NH+](CC(=O)[O-])CC(=O)[O-])CC(=O)[O-],0,train,0.013640728,0.012945081,0.067591829,0.067591829,1,0,1,1,1,0,0,0.067591829,True,True,1,0,1,0,1,1,0,0
clintox:341,341,O=C([O-])CN(CC[NH+](CC(=O)[O-])CC(=O)[O-])CC[NH+](CC(=O)[O-])CC(=O)[O-],0,train,0.014588889,0.016664979,0.048202458,0.048202458,1,0,1,1,1,0,0,0.048202458,True,True,1,0,1,0,1,1,0,0
clintox:342,342,NCC[NH2+]CCNCC[NH3+],0,train,0.011128711,0.005372472,0.027567925,0.027567925,0,1,1,0,1,0,0,0.027567925,True,True,0,1,1,1,0,1,0,0
clintox:343,343,O=S(=O)([O-])CCS,0,train,0.009797927,0.006518435,0.076110111,0.076110111,1,1,0,1,1,1,1,0.076110111,True,True,1,1,0,1,1,1,1,1
clintox:344,344,[NH3+]CCS,0,train,0.011085802,0.005133649,0.036233792,0.036233792,1,1,0,1,1,1,1,0.036233792,True,True,1,1,0,1,1,1,1,1
clintox:345,345,O=C([O-])[O-],0,train,0.017367559,0.011205101,0.054326235,0.054326235,0,0,0,0,0,1,0,0.054326235,True,True,0,0,0,0,0,0,1,0
clintox:346,346,O=C([O-])P(=O)([O-])[O-],0,train,0.009541283,0.006117968,0.039845223,0.039845223,0,1,0,0,0,0,1,0.039845223,True,True,0,1,0,1,0,0,0,1
clintox:347,347,NC(N)=O,0,train,0.008019336,0.003368842,0.02650985,0.02650985,0,0,0,0,0,0,0,0.02650985,True,True,0,0,0,0,0,0,0,0
clintox:348,348,NC(=O)NO,0,train,0.007681232,0.003344884,0.031450533,0.031450533,0,1,1,1,0,0,1,0.031450533,True,True,0,1,1,1,1,0,0,1
clintox:349,349,FCOC(C(F)(F)F)C(F)(F)F,0,train,0.026531327,0.027871201,0.068917144,0.068917144,0,0,1,0,0,1,1,0.068917144,True,True,0,0,1,0,0,0,1,1
clintox:350,350,C/C(=N\O)[C@@H](C)[NH2+]CC(C)(C)C[NH2+][C@H](C)/C(C)=N/O,0,train,0.055169976,0.057601323,0.104132892,0.104132892,0,1,1,1,1,1,1,0.104132892,True,True,0,1,1,1,1,1,1,1
clintox:351,351,C[N+](C)(C)C[C@H](O)CC(=O)[O-],0,train,0.002544466,0.001488885,0.01930852,0.01930852,0,1,0,0,1,0,0,0.01930852,True,True,0,1,0,1,0,1,0,0
clintox:352,352,C[N+](C)(C)CC(=O)[O-],0,train,0.004264153,0.002763146,0.019381813,0.019381813,1,1,0,1,0,0,0,0.019381813,True,True,1,1,0,1,1,0,0,0
clintox:353,353,C=CC[NH2+]CCCCCC[N+](C)(C)C,0,train,0.060320849,0.030816715,0.156276709,0.156276709,0,1,0,1,1,0,1,0.156276709,True,True,0,1,0,1,1,1,0,1
clintox:354,354,C[N+](C)(C)CCCCCCCCCC[N+](C)(C)C,0,train,0.284120255,0.148262758,0.413944607,0.413944607,1,1,1,0,1,0,1,0.413944607,True,True,1,1,1,1,0,1,0,1
clintox:355,355,C[N+](C)(C)CCOC(=O)CCC(=O)OCC[N+](C)(C)C,0,train,0.048101542,0.041691571,0.123233835,0.123233835,0,1,1,0,1,0,1,0.123233835,True,True,0,1,1,1,0,1,0,1
clintox:356,356,C[N+](C)(C)CCOC(N)=O,0,train,0.005095416,0.00248247,0.021704509,0.021704509,0,1,0,0,1,0,1,0.021704509,True,True,0,1,0,1,0,1,0,1
clintox:357,357,C[NH+](CCCl)CCCl,0,train,0.03553036,0.026124659,0.086458943,0.086458943,1,1,1,1,1,1,1,0.086458943,True,True,1,1,1,1,1,1,1,1
clintox:358,358,C[NH2+]C[C@H](O)[C@@H](O)[C@H](O)[C@H](O)CO,0,train,0.005038546,0.002530746,0.026058232,0.026058232,0,0,0,0,1,0,0,0.026058232,True,True,0,0,0,0,0,1,0,0
clintox:359,359,CC(O)C(=O)[O-],0,train,0.005047175,0.002793056,0.021120527,0.021120527,0,0,0,0,0,0,0,0.021120527,True,True,0,0,0,0,0,0,0,0
clintox:360,360,CC(S)C(=O)NCC(=O)[O-],0,train,0.003558458,0.00288309,0.027914549,0.027914549,1,1,0,1,1,1,1,0.027914549,True,True,1,1,0,1,1,1,1,1
clintox:361,361,CC(C)(S)[C@@H]([NH3+])C(=O)[O-],0,train,0.005316083,0.00347419,0.028277924,0.028277924,1,1,1,1,1,1,1,0.028277924,True,True,1,1,1,1,1,1,1,1
clintox:362,362,CC(C)(CO)[C@@H](O)C(=O)NCCC(=O)[O-],0,train,0.003261471,0.001817246,0.032242888,0.032242888,0,0,0,0,1,0,0,0.032242888,True,True,0,0,0,0,0,1,0,0
clintox:363,363,CC(C)(CO)[C@@H](O)C(=O)NCCCO,0,train,0.003571523,0.002329866,0.028086718,0.028086718,0,1,0,0,1,0,0,0.028086718,True,True,0,1,0,1,0,1,0,0
clintox:364,364,CC(C)C[C@H](C[NH3+])CC(=O)[O-],0,train,0.00437838,0.002102451,0.030169628,0.030169628,0,0,0,0,1,0,0,0.030169628,True,True,0,0,0,0,0,1,0,0
clintox:365,365,CC(C)O,0,train,0.006951753,0.002922639,0.024442833,0.024442833,0,0,0,0,0,0,0,0.024442833,True,True,0,0,0,0,0,0,0,0
clintox:366,366,CC(C)OP(=O)(F)OC(C)C,0,train,0.013102688,0.010208135,0.040880176,0.040880176,1,1,1,1,1,1,1,0.040880176,True,True,1,1,1,1,1,1,1,1
clintox:367,367,CC(=O)OC(C)C[N+](C)(C)C,0,train,0.004737841,0.002311098,0.024618891,0.024618891,0,1,0,0,1,0,0,0.024618891,True,True,0,1,0,1,0,1,0,0
clintox:368,368,CC(C[N+](C)(C)C)OC(N)=O,0,train,0.004352463,0.001811853,0.024350233,0.024350233,0,1,0,0,1,0,1,0.024350233,True,True,0,1,0,1,0,1,0,1
clintox:369,369,CC(O)(P(=O)([O-])[O-])P(=O)([O-])[O-],0,train,0.010154385,0.008577871,0.051622499,0.051622499,0,1,1,1,0,0,1,0.051622499,True,True,0,1,1,1,1,0,0,1
clintox:370,370,CC(=O)[O-],0,train,0.007517605,0.00366623,0.026391026,0.026391026,0,0,0,0,0,0,0,0.026391026,True,True,0,0,0,0,0,0,0,0
clintox:371,371,CC(=O)N(O)CCCCCNC(=O)CCC(=O)N(O)CCCCCNC(=O)CCC(=O)N(O)CCCCC[NH3+],0,train,0.043843894,0.02513385,0.099006422,0.099006422,0,1,0,1,1,1,1,0.099006422,True,True,0,1,0,1,1,1,1,1
clintox:372,372,CC(=O)N[C@@H](CS)C(=O)[O-],0,train,0.004323169,0.003295618,0.034470126,0.034470126,1,1,1,1,1,1,1,0.034470126,True,True,1,1,1,1,1,1,1,1
clintox:373,373,CC(=O)NCCCS(=O)(=O)[O-],0,train,0.002283636,0.001212335,0.020262,0.020262,0,1,0,1,1,0,1,0.020262,True,True,0,1,0,1,1,1,0,1
clintox:374,374,CC(=O)NO,0,train,0.007899337,0.003701539,0.028884542,0.028884542,0,1,1,1,0,0,1,0.028884542,True,True,0,1,1,1,1,0,0,1
clintox:375,375,CC(=O)OCC[N+](C)(C)C,0,train,0.004980673,0.002734923,0.021810571,0.021810571,0,1,0,0,1,0,1,0.021810571,True,True,0,1,0,1,0,1,0,1
clintox:376,376,CC[C@@H](CO)NCC[NH2+][C@@H](CC)CO,0,train,0.018786602,0.011135998,0.047959851,0.047959851,0,1,0,0,1,0,0,0.047959851,True,True,0,1,0,1,0,1,0,0
clintox:377,377,C#CC(O)(/C=C/Cl)CC,0,train,0.023422228,0.014400031,0.083152297,0.083152297,0,1,0,1,1,0,1,0.083152297,True,True,0,1,0,1,1,1,0,1
clintox:378,378,CCC(C)C(C)(COC(N)=O)COC(N)=O,0,train,0.026415745,0.02278737,0.072970537,0.072970537,0,0,0,0,1,0,1,0.072970537,True,True,0,0,0,0,0,1,0,1
clintox:379,379,C=CC([NH3+])CCC(=O)[O-],0,train,0.002992369,0.001530523,0.018706018,0.018706018,0,1,0,1,0,0,1,0.018706018,True,True,0,1,0,1,1,0,0,1
clintox:380,380,CCCC(C)(COC(N)=O)COC(N)=O,0,train,0.021855339,0.01803608,0.060490163,0.060490163,0,0,0,0,1,0,1,0.060490163,True,True,0,0,0,0,0,1,0,1
clintox:381,381,CCCC(C)(COC(N)=O)COC(=O)NC(C)C,0,train,0.03995596,0.035822751,0.081662609,0.081662609,0,0,0,0,1,0,1,0.081662609,True,True,0,0,0,0,0,1,0,1
clintox:382,382,CCCC(CCC)C(=O)[O-],0,train,0.006454545,0.004074781,0.030221564,0.030221564,0,0,0,0,1,0,0,0.030221564,True,True,0,0,0,0,0,1,0,0
clintox:383,383,CCCCC[NH+](C)CCC(O)(P(=O)([O-])[O-])P(=O)([O-])[O-],0,train,0.016062878,0.012250607,0.066769378,0.066769378,0,1,1,1,1,0,1,0.066769378,True,True,0,1,1,1,1,1,0,1
clintox:384,384,CCCCCCCC(=O)OCC(O)CO,0,train,0.013256069,0.010310437,0.050565816,0.050565816,0,1,0,0,1,0,1,0.050565816,True,True,0,1,0,1,0,1,0,1
clintox:385,385,CCCCCCCC/C=C\CCCCCCCC(=O)[O-],0,train,0.034201389,0.031018461,0.07652939,0.07652939,1,1,0,0,1,0,1,0.07652939,True,True,1,1,0,1,0,1,0,1
clintox:386,386,CCCCCCCCCCCCCC(=O)OC[C@H](COP(=O)([O-])OCC[N+](C)(C)C)OC(=O)CCCCCCCCCCCCC,0,train,0.052368778,0.048622967,0.100686572,0.100686572,1,1,1,0,1,1,1,0.100686572,True,True,1,1,1,1,0,1,1,1
clintox:387,387,CCCCCCCCCCCCCCCC(=O)OCC(COP(=O)([O-])OCC[N+](C)(C)C)OC(=O)CCCCCCCCCCCCCCC,0,train,0.035782865,0.033812216,0.08774493,0.08774493,1,1,1,0,1,1,1,0.08774493,True,True,1,1,1,1,0,1,1,1
clintox:388,388,CCCCCCCCCCCCCCCCCCCCCCO,0,train,0.052711259,0.046999839,0.130799952,0.130799952,1,1,1,0,1,1,1,0.130799952,True,True,1,1,1,1,0,1,1,1
clintox:389,389,CCCCCCCCCCCCCCCCO,0,train,0.072553203,0.047729543,0.146112687,0.146112687,1,1,1,0,1,1,1,0.146112687,True,True,1,1,1,1,0,1,1,1
clintox:390,390,CCCCCCCCCCCCCCOS(=O)(=O)[O-],0,train,0.042907083,0.035910526,0.175543915,0.175543915,1,1,1,1,1,1,1,0.175543915,True,True,1,1,1,1,1,1,1,1
clintox:391,391,CCCCCCCCCCCCOCCOCCOCCOCCOCCOCCOCCOCCOCCO,0,train,0.190765352,0.129138466,0.145015315,0.190765352,1,1,1,0,1,1,1,0.190765352,True,True,1,1,1,1,0,1,1,1
clintox:392,392,CCCCCCOC(=O)CCC(=O)C[NH3+],0,train,0.021421231,0.016605716,0.061031368,0.061031368,1,1,0,1,1,0,1,0.061031368,True,True,1,1,0,1,1,1,0,1
clintox:393,393,CCN(CC)C(=S)SSC(=S)N(CC)CC,0,train,0.714823238,0.828378107,0.718132522,0.828378107,1,1,1,1,1,1,1,0.828378107,True,True,1,1,1,1,1,1,1,1
clintox:394,394,CCO,0,train,0.007620404,0.003174241,0.026843052,0.026843052,0,0,0,0,0,0,0,0.026843052,True,True,0,0,0,0,0,0,0,0
clintox:395,395,CCOC(=O)CC(SP(=S)(OC)OC)C(=O)OCC,0,train,0.091398777,0.177416895,0.111435727,0.177416895,0,1,1,1,1,1,1,0.177416895,True,True,0,1,1,1,1,1,1,1
clintox:396,396,CCOCCP(CCOCC)CCP(CCOCC)CCOCC,0,train,0.047652128,0.052888633,0.040990829,0.052888633,0,1,1,0,0,1,0,0.052888633,True,True,0,1,1,1,0,0,1,0
clintox:397,397,CCOP(=O)(OCC)SCC[N+](C)(C)C,0,train,0.031120285,0.023285054,0.071772838,0.071772838,0,1,1,0,1,1,1,0.071772838,True,True,0,1,1,1,0,1,1,1
clintox:398,398,Cl[201Tl],0,train,0.03863424,0.027952898,0.116736273,0.116736273,0,0,1,1,1,1,0,0.116736273,True,True,0,0,1,0,1,1,1,0
clintox:399,399,Cl[Cr](Cl)Cl,0,train,0.082925528,0.068372918,0.212823465,0.212823465,0,0,1,1,1,1,0,0.212823465,True,True,0,0,1,0,1,1,1,0
clintox:400,400,Cl[Cu]Cl,0,train,0.084320379,0.054326997,0.217880048,0.217880048,0,0,1,0,1,1,0,0.217880048,True,True,0,0,1,0,0,1,1,0
clintox:401,401,Cl[Mn]Cl,0,train,0.028051154,0.019983582,0.089736109,0.089736109,0,0,1,0,1,1,0,0.089736109,True,True,0,0,1,0,0,1,1,0
clintox:402,402,Cl[Zn]Cl,0,train,0.058858334,0.039243897,0.167573495,0.167573495,0,1,1,0,0,1,0,0.167573495,True,True,0,1,1,1,0,0,1,0
clintox:403,403,CN(C)C(=[NH2+])NC(N)=[NH2+],0,train,0.00312109,0.001167975,0.01287716,0.01287716,0,1,0,0,0,0,0,0.01287716,True,True,0,1,0,1,0,0,0,0
clintox:404,404,CNC(=O)CN(CCN(CC[NH+](CC(=O)[O-])CC(=O)NC)CC(=O)[O-])CC(=O)[O-],0,train,0.014085862,0.012900586,0.041200693,0.041200693,1,0,1,1,1,0,0,0.041200693,True,True,1,0,1,0,1,1,0,0
clintox:405,405,CO[Si](C)(C)O[Si](C)(C)C,0,train,0.01642198,0.016246171,0.039404188,0.039404188,0,1,1,0,1,1,1,0.039404188,True,True,0,1,1,1,0,1,1,1
clintox:406,406,COC(F)(F)C(Cl)Cl,0,train,0.022687292,0.021594262,0.06606721,0.06606721,1,1,1,1,1,1,1,0.06606721,True,True,1,1,1,1,1,1,1,1
clintox:407,407,COC(CNC(N)=O)C[Hg]Cl,0,train,0.655156885,0.689460773,0.722981578,0.722981578,0,1,1,0,1,1,0,0.722981578,True,True,0,1,1,1,0,1,1,0
clintox:408,408,COC(=O)CCC(=O)C[NH3+],0,train,0.004511478,0.002291824,0.017791084,0.017791084,1,0,0,1,1,0,1,0.017791084,True,True,1,0,0,0,1,1,0,1
clintox:409,409,COCCNC(=O)CN(CCN(CC[NH+](CC(=O)[O-])CC(=O)NCCOC)CC(=O)[O-])CC(=O)[O-],0,train,0.016789474,0.014504634,0.037814679,0.037814679,1,1,1,1,1,0,0,0.037814679,True,True,1,1,1,1,1,1,0,0
clintox:410,410,COCCO,0,train,0.004131671,0.001651705,0.015140631,0.015140631,0,0,0,0,0,0,0,0.015140631,True,True,0,0,0,0,0,0,0,0
clintox:411,411,CS(C)=O,0,train,0.010586876,0.003963253,0.036645707,0.036645707,0,0,0,0,0,0,1,0.036645707,True,True,0,0,0,0,0,0,0,1
clintox:412,412,II,0,train,0.078345168,0.036020913,0.18170695,0.18170695,0,1,1,0,1,0,0,0.18170695,True,True,0,1,1,1,0,1,0,0
clintox:413,413,O=N[O-],0,train,0.022784277,0.013597339,0.065029177,0.065029177,1,1,0,1,1,1,1,0.065029177,True,True,1,1,0,1,1,1,1,1
clintox:414,414,O=[32P]([O-])([O-])O,0,train,0.006780824,0.003719756,0.029804976,0.029804976,0,1,0,1,1,1,1,0.029804976,True,True,0,1,0,1,1,1,1,1
clintox:415,415,O=[Al]O[Al]=O,0,train,0.020189635,0.013617261,0.067577997,0.067577997,0,0,1,0,1,1,0,0.067577997,True,True,0,0,1,0,0,1,1,0
clintox:416,416,O=[Si](O)O,0,train,0.012556196,0.006052767,0.044100538,0.044100538,0,1,1,0,1,1,1,0.044100538,True,True,0,1,1,1,0,1,1,1
clintox:417,417,O=[Ti]=O,0,train,0.027199981,0.019296776,0.086709658,0.086709658,0,0,1,1,1,1,0,0.086709658,True,True,0,0,1,0,1,1,1,0
clintox:418,418,O=[Zn],0,train,0.047400142,0.023305945,0.12709575,0.12709575,0,1,1,0,0,1,0,0.12709575,True,True,0,1,1,1,0,0,1,0
clintox:419,419,[O-][Cl+3]([O-])([O-])O,0,train,0.01780953,0.012409113,0.052642527,0.052642527,0,0,1,0,0,1,1,0.052642527,True,True,0,0,1,0,0,0,1,1
clintox:420,420,S=[Se]=S,0,train,0.095485846,0.058911357,0.170389513,0.170389513,0,1,1,1,1,1,1,0.170389513,True,True,0,1,1,1,1,1,1,1
clintox:421,421,C[C@@H]1C[C@H]2[C@@H]3C[C@H](F)C4=CC(=O)C=C[C@]4(C)[C@@]3(F)[C@@H](O)C[C@]2(C)[C@@]1(O)C(=O)COC(=O)C(C)(C)C,0,train,0.050170665,0.040411052,0.079525834,0.079525834,0,0,0,0,1,1,1,0.079525834,True,True,0,0,0,0,0,1,1,1
clintox:422,422,C[C@@H]1C[C@H]2[C@@H]3C[C@H](F)C4=CC(=O)C=C[C@]4(C)[C@@]3(Cl)[C@@H](O)C[C@]2(C)[C@H]1C(=O)COC(=O)C(C)(C)C,0,train,0.068535681,0.07093043,0.105482568,0.105482568,0,1,1,0,1,1,1,0.105482568,True,True,0,1,1,1,0,1,1,1
clintox:423,423,CC(=O)OCC(=O)[C@@]1(O)[C@H](C)C[C@H]2[C@@H]3C[C@H](F)C4=CC(=O)C=C[C@]4(C)[C@H]3[C@@H](O)C[C@@]21C,0,train,0.023314547,0.011338399,0.053020626,0.053020626,0,0,0,0,1,1,1,0.053020626,True,True,0,0,0,0,0,1,1,1
clintox:424,424,C[C@@H]1C[C@H]2[C@@H]3CCC4=CC(=O)C=C[C@]4(C)[C@@]3(F)[C@@H](O)C[C@]2(C)[C@@]1(O)C(=O)CO,1,train,0.022150816,0.010204163,0.055799036,0.055799036,0,0,0,0,1,1,1,0.055799036,True,True,0,0,0,0,0,1,1,1
clintox:425,425,C[C@@H]1C[C@H]2[C@@H]3CCC4=CC(=O)C=C[C@]4(C)[C@@]3(F)[C@@H](O)C[C@]2(C)[C@@]1(O)C(=O)COP(=O)([O-])[O-],0,train,0.021117739,0.009298698,0.052059505,0.052059505,0,1,0,0,1,1,1,0.052059505,True,True,0,1,0,1,0,1,1,1
clintox:426,426,C[C@@H]1C[C@H]2[C@@H]3CCC4=CC(=O)C=C[C@]4(C)[C@@]3(F)[C@@H](O)C[C@]2(C)[C@H]1C(=O)CO,0,train,0.03392566,0.018146065,0.072128093,0.072128093,0,0,0,0,1,1,1,0.072128093,True,True,0,0,0,0,0,1,1,1
clintox:427,427,C[C@]12C=CC(=O)C=C1CC[C@H]1[C@@H]3C[C@@H](O)[C@](O)(C(=O)CO)[C@@]3(C)C[C@H](O)[C@@]12F,0,train,0.017093395,0.006872083,0.048154627,0.048154627,0,0,0,0,1,1,1,0.048154627,True,True,0,0,0,0,0,1,1,1
clintox:428,428,C[C@]12C=CC(=O)C=C1[C@@H](F)C[C@@H]1[C@@H]2[C@@H](O)C[C@@]2(C)[C@H]1CC[C@]2(O)C(=O)CO,0,train,0.015468002,0.005248117,0.043742171,0.043742171,0,0,0,0,1,1,1,0.043742171,True,True,0,0,0,0,0,1,1,1
clintox:429,429,C[C@]12C=CC(=O)C=C1CC[C@@H]1[C@@H]2[C@@H](O)C[C@@]2(C)[C@H]1CC[C@]2(O)C(=O)CO,1,train,0.015986331,0.006196783,0.045578797,0.045578797,0,0,0,0,1,1,1,0.045578797,True,True,0,0,0,0,0,1,1,1
clintox:430,430,CC(C)(C)CC(=O)OCC(=O)[C@@]1(O)CC[C@H]2[C@@H]3CCC4=CC(=O)C=C[C@]4(C)[C@H]3[C@@H](O)C[C@@]21C,0,train,0.109362501,0.084960504,0.126750925,0.126750925,0,0,0,0,1,1,1,0.126750925,True,True,0,0,0,0,0,1,1,1
clintox:431,431,CC(=O)OCC(=O)[C@@]1(OC(C)=O)[C@@H](C)C[C@H]2[C@@H]3C[C@H](F)C4=CC(=O)C=C[C@]4(C)[C@@]3(F)[C@@H](O)C[C@@]21C,0,train,0.038142083,0.029179523,0.064401861,0.064401861,0,0,0,0,1,1,1,0.064401861,True,True,0,0,0,0,0,1,1,1
clintox:432,432,CC(=O)[C@@]1(O)CC[C@H]2[C@@H]3C[C@H](C)C4=CC(=O)C=C[C@]4(C)[C@@]3(F)[C@@H](O)C[C@@]21C,0,train,0.037080207,0.025481748,0.086831843,0.086831843,0,0,0,0,1,1,1,0.086831843,True,True,0,0,0,0,0,1,1,1
clintox:433,433,CC(=O)O[C@]1(C(C)=O)CC[C@H]2[C@@H]3C[C@H](C)C4=CC(=O)C=C[C@]4(C)[C@@]3(F)[C@@H](O)C[C@@]21C,0,train,0.044496054,0.034256409,0.065945266,0.065945266,0,0,0,0,1,1,1,0.065945266,True,True,0,0,0,0,0,1,1,1
clintox:434,434,C[C@H]1C[C@@H]2[C@H]([C@@H](O)C[C@@]3(C)[C@H]2CC[C@]3(O)C(=O)CO)[C@@]2(C)C=CC(=O)C=C12,0,train,0.018834332,0.007571866,0.054024633,0.054024633,0,0,0,0,1,1,1,0.054024633,True,True,0,0,0,0,0,1,1,1
clintox:435,435,C[C@H]1C[C@@H]2[C@H]([C@@H](O)C[C@@]3(C)[C@H]2CC[C@]3(O)C(=O)COC(=O)CCC(=O)[O-])[C@@]2(C)C=CC(=O)C=C12,0,train,0.01520244,0.006605653,0.050075373,0.050075373,0,0,0,0,1,1,1,0.050075373,True,True,0,0,0,0,0,1,1,1
clintox:436,436,C[C@H]1C[C@H]2[C@@H]3CCC4=CC(=O)C=C[C@]4(C)[C@@]3(F)[C@@H](O)C[C@]2(C)[C@@]1(O)C(=O)CO,0,train,0.022189972,0.010225321,0.055810887,0.055810887,0,0,0,0,1,1,1,0.055810887,True,True,0,0,0,0,0,1,1,1
clintox:437,437,CC(=O)OCC(=O)[C@@]1(O)[C@@H](C)C[C@H]2[C@@H]3CCC4=CC(=O)C=C[C@]4(C)[C@@]3(F)[C@@H](O)C[C@@]21C,0,train,0.028503586,0.017264216,0.05570883,0.05570883,0,0,0,0,1,1,1,0.05570883,True,True,0,0,0,0,0,1,1,1
clintox:438,438,CCC(=O)[C@@]1(C)[C@H](C)CC2C3CCC4=CC(=O)C=C[C@]4(C)C3[C@@H](O)C[C@@]21C,0,train,0.073166684,0.047078215,0.089144791,0.089144791,0,0,0,0,1,1,1,0.089144791,True,True,0,0,0,0,0,1,1,1
clintox:439,439,CCC(=O)O[C@]1(C(=O)SCF)[C@H](C)C[C@H]2[C@@H]3C[C@H](F)C4=CC(=O)C=C[C@]4(C)[C@@]3(F)[C@@H](O)C[C@@]21C,0,train,0.050458288,0.064198231,0.065103226,0.065103226,0,1,1,1,1,1,1,0.065103226,True,True,0,1,1,1,1,1,1,1
clintox:440,440,CCC(=O)O[C@]1(C(=O)CCl)[C@@H](C)C[C@H]2[C@@H]3CCC4=CC(=O)C=C[C@]4(C)[C@@]3(F)[C@@H](O)C[C@@]21C,0,train,0.148632424,0.15117508,0.241646245,0.241646245,1,1,1,1,1,1,1,0.241646245,True,True,1,1,1,1,1,1,1,1
clintox:441,441,CCC(=O)O[C@]1(C(=O)CCl)[C@@H](C)CC2C3C[C@H](F)C4=CC(=O)C=CC4(C)[C@@]3(F)C(O)CC21C,0,train,0.099962238,0.097193587,0.182733103,0.182733103,1,1,1,1,1,1,1,0.182733103,True,True,1,1,1,1,1,1,1,1
clintox:442,442,CCC(=O)OCC(=O)[C@@]1(OC(=O)CC)[C@H](C)C[C@H]2[C@H]3[C@H]([C@@H](O)C[C@@]21C)[C@@]1(C)C=CC(=O)C=C1C[C@H]3Cl,0,train,0.062243446,0.056288729,0.09969831,0.09969831,1,1,1,1,1,1,1,0.09969831,True,True,1,1,1,1,1,1,1,1
clintox:443,443,CCC(=O)OCC(=O)[C@@]1(OC(=O)CC)[C@@H](C)C[C@H]2[C@@H]3CCC4=CC(=O)C=C[C@]4(C)[C@@]3(Cl)[C@@H](O)C[C@@]21C,0,train,0.125776375,0.140443294,0.14724552,0.14724552,0,1,1,0,1,1,1,0.14724552,True,True,0,1,1,1,0,1,1,1
clintox:444,444,CCOC(=O)O[C@]1(C(=O)COC(=O)CC)CC[C@H]2[C@@H]3CCC4=CC(=O)C=C[C@]4(C)[C@H]3[C@@H](O)C[C@@]21C,0,train,0.053673861,0.036314789,0.063171223,0.063171223,0,0,0,0,1,1,1,0.063171223,True,True,0,0,0,0,0,1,1,1
clintox:445,445,CCCC(=O)O[C@]1(C(=O)COC(C)=O)CC[C@H]2[C@@H]3C[C@H](F)C4=CC(=O)C=C[C@]4(C)[C@@]3(F)[C@@H](O)C[C@@]21C,0,train,0.037021,0.031542969,0.065136627,0.065136627,0,0,0,0,1,1,1,0.065136627,True,True,0,0,0,0,0,1,1,1
clintox:446,446,CCCCC(=O)O[C@]1(C(=O)CO)[C@@H](C)C[C@H]2[C@@H]3CCC4=CC(=O)C=C[C@]4(C)[C@@]3(F)[C@@H](O)C[C@@]21C,0,train,0.042630043,0.02779285,0.063226553,0.063226553,0,0,0,0,1,1,1,0.063226553,True,True,0,0,0,0,0,1,1,1
clintox:447,447,CCOC(=O)O[C@]1(C(=O)OCCl)CC[C@H]2[C@@H]3CCC4=CC(=O)C=C[C@]4(C)[C@H]3[C@@H](O)C[C@@]21C,0,train,0.078383677,0.046547079,0.077334952,0.078383677,1,1,1,1,1,1,1,0.078383677,True,True,1,1,1,1,1,1,1,1
clintox:448,448,C[C@]12CC[C@H]3[C@@H](CCC4=CC(=O)CC[C@@]43C)[C@@H]1CC[C@@H]2O,0,train,0.077679039,0.051008742,0.105399221,0.105399221,0,0,0,0,1,1,0,0.105399221,True,True,0,0,0,0,0,1,1,0
clintox:449,449,C#C[C@]1(O)CC[C@H]2[C@@H]3CCC4=CC(=O)CC[C@@H]4[C@H]3CC[C@@]21C,0,train,0.119470215,0.081449754,0.129408015,0.129408015,0,1,0,1,1,1,0,0.129408015,True,True,0,1,0,1,1,1,1,0
clintox:450,450,C[C@]1(O)CC[C@H]2[C@@H]3CCC4=CC(=O)CC[C@]4(C)[C@@]3(F)[C@@H](O)C[C@@]21C,0,train,0.032774782,0.02059988,0.072958827,0.072958827,0,0,0,0,1,1,0,0.072958827,True,True,0,0,0,0,0,1,1,0
clintox:451,451,C[C@]12CCC(=O)C=C1CC[C@@H]1[C@@H]2[C@@H](O)C[C@@]2(C)[C@H]1CC[C@]2(O)C(=O)CO,1,train,0.013632613,0.005002462,0.036204877,0.036204877,0,0,0,0,1,1,1,0.036204877,True,True,0,0,0,0,0,1,1,1
clintox:452,452,C[C@]12CCC(=O)C=C1CC[C@@H]1[C@@H]2[C@@H](O)C[C@@]2(C)[C@H]1CC[C@]2(O)C(=O)COC(=O)CCC(=O)[O-],0,train,0.009538017,0.004276684,0.028076308,0.028076308,0,0,0,0,1,1,1,0.028076308,True,True,0,0,0,0,0,1,1,1
clintox:453,453,C[C@]12CCC(=O)C=C1CC[C@@H]1[C@@H]2[C@@H](O)C[C@@]2(C)[C@H]1CC[C@]2(O)C(=O)COP(=O)([O-])[O-],0,train,0.010295994,0.003936753,0.032047738,0.032047738,0,1,0,0,1,1,1,0.032047738,True,True,0,1,0,1,0,1,1,1
clintox:454,454,C[C@]12CCC(=O)C=C1CC[C@@H]1[C@@H]2CC[C@@]2(C)[C@H]1CC[C@]2(C)O,0,train,0.106646916,0.070963189,0.138020495,0.138020495,0,0,0,0,1,1,0,0.138020495,True,True,0,0,0,0,0,1,1,0
clintox:455,455,CC(=O)O[C@]1(C(C)=O)CC[C@H]2[C@@H]3C[C@H](C)C4=CC(=O)CC[C@]4(C)[C@H]3CC[C@@]21C,0,train,0.076373652,0.067122614,0.069693603,0.076373652,0,0,0,0,1,1,0,0.076373652,True,True,0,0,0,0,0,1,1,0
clintox:456,456,CC(=O)[C@H]1CC[C@H]2[C@@H]3C[C@H](C)C4=CC(=O)CC[C@]4(C)[C@H]3[C@@H](O)C[C@]12C,0,train,0.030088213,0.0187989,0.062843508,0.062843508,0,0,0,0,1,1,0,0.062843508,True,True,0,0,0,0,0,1,1,0
clintox:457,457,CC(=O)[C@H]1CC[C@H]2[C@@H]3CCC4=CC(=O)CC[C@]4(C)[C@H]3CC[C@]12C,0,train,0.069978556,0.052132623,0.093113806,0.093113806,0,0,0,0,1,1,0,0.093113806,True,True,0,0,0,0,0,1,1,0
clintox:458,458,C#C[C@]1(OC(C)=O)CC[C@H]2[C@@H]3CCC4=CC(=O)CC[C@@H]4[C@H]3CC[C@@]21C,0,train,0.111253809,0.082341419,0.097247132,0.111253809,0,1,0,1,1,1,0,0.111253809,True,True,0,1,0,1,1,1,1,0
clintox:459,459,CC(=O)OCC(=O)[C@@]1(O)CC[C@H]2[C@@H]3CCC4=CC(=O)CC[C@]4(C)[C@@]3(F)[C@@H](O)C[C@@]21C,0,train,0.01842605,0.009567181,0.038127241,0.038127241,0,0,0,0,1,1,1,0.038127241,True,True,0,0,0,0,0,1,1,1
clintox:460,460,CC(=O)OCC(=O)[C@@]1(O)CC[C@H]2[C@@H]3CCC4=CC(=O)CC[C@]4(C)[C@H]3[C@@H](O)C[C@@]21C,0,train,0.016198754,0.007971409,0.036913163,0.036913163,0,0,0,0,1,1,1,0.036913163,True,True,0,0,0,0,0,1,1,1
clintox:461,461,CC(=O)OCC(=O)[C@H]1CC[C@H]2[C@@H]3CCC4=CC(=O)CC[C@]4(C)[C@H]3CC[C@]12C,0,train,0.043222991,0.041595615,0.066284867,0.066284867,0,0,0,0,1,1,1,0.066284867,True,True,0,0,0,0,0,1,1,1
clintox:462,462,CC(C)(C)C(=O)OCC(=O)C1CCC2C3CCC4=CC(=O)CCC4(C)C3CCC12C,0,train,0.042435135,0.043254634,0.069720674,0.069720674,0,0,0,0,1,1,1,0.069720674,True,True,0,0,0,0,0,1,1,1
clintox:463,463,C#C[C@]1(O)CC[C@H]2[C@@H]3CCC4=CC(=O)CC[C@@H]4[C@H]3CC[C@@]21CC,0,train,0.156236317,0.111774767,0.155936915,0.156236317,0,1,0,1,1,1,0,0.156236317,True,True,0,1,0,1,1,1,1,0
clintox:464,464,CC[NH+](CC)CC(=O)OCC(=O)[C@@]1(O)CC[C@H]2[C@@H]3CCC4=CC(=O)CC[C@]4(C)[C@H]3[C@@H](O)C[C@@]21C,0,train,0.029088823,0.015656885,0.044271788,0.044271788,1,0,0,1,1,1,1,0.044271788,True,True,1,0,0,0,1,1,1,1
clintox:465,465,CCC(=O)O[C@H]1CC[C@H]2[C@@H]3CCC4=CC(=O)CC[C@]4(C)[C@H]3CC[C@]12C,0,train,0.100401562,0.083916301,0.110348022,0.110348022,0,0,0,0,1,1,0,0.110348022,True,True,0,0,0,0,0,1,1,0
clintox:466,466,CCCC(=O)O[C@]1(C(=O)CO)CC[C@H]2[C@@H]3CCC4=CC(=O)CC[C@]4(C)[C@H]3[C@@H](O)C[C@@]21C,0,train,0.026351133,0.014953259,0.045481365,0.045481365,0,0,0,0,1,1,1,0.045481365,True,True,0,0,0,0,0,1,1,1
clintox:467,467,CCCC(=O)O[C@]1(C(=O)COC(=O)CC)CC[C@H]2[C@@H]3CCC4=CC(=O)CC[C@]4(C)[C@H]3[C@@H](O)C[C@@]21C,0,train,0.039776837,0.032958226,0.057683232,0.057683232,0,0,0,0,1,1,1,0.057683232,True,True,0,0,0,0,0,1,1,1
clintox:468,468,CCCCC(=O)O[C@]1(C(=O)CO)CC[C@H]2[C@@H]3CCC4=CC(=O)CC[C@]4(C)[C@H]3[C@@H](O)C[C@@]21C,0,train,0.02931172,0.016292697,0.04401776,0.04401776,0,0,0,0,1,1,1,0.04401776,True,True,0,0,0,0,0,1,1,1
clintox:469,469,CCCCCC(=O)O[C@]1(C(C)=O)CC[C@H]2[C@@H]3CCC4=CC(=O)CC[C@]4(C)[C@H]3CC[C@@]21C,0,train,0.117306696,0.103560388,0.123016814,0.123016814,0,1,0,0,1,1,0,0.123016814,True,True,0,1,0,1,0,1,1,0
clintox:470,470,CCCCCCC(=O)O[C@H]1CC[C@H]2[C@@H]3CCC4=CC(=O)CC[C@]4(C)[C@H]3CC[C@]12C,0,train,0.07581381,0.060213451,0.105954933,0.105954933,0,1,0,0,1,1,0,0.105954933,True,True,0,1,0,1,0,1,1,0
clintox:471,471,CCCCCCCCCC(=O)O[C@H]1CC[C@H]2[C@@H]3CCC4=CC(=O)CC[C@@H]4[C@H]3CC[C@]12C,0,train,0.04720296,0.035896388,0.083474709,0.083474709,1,1,1,0,1,1,1,0.083474709,True,True,1,1,1,1,0,1,1,1
clintox:472,472,Oc1c(Cl)cc(Cl)c(Cl)c1Cc1c(O)c(Cl)cc(Cl)c1Cl,0,train,0.294924222,0.327870878,0.286131925,0.327870878,0,1,1,1,0,0,1,0.327870878,True,True,0,1,1,1,1,0,0,1
clintox:473,473,Clc1ccc(C(c2ccccc2Cl)C(Cl)Cl)cc1,0,train,0.146429906,0.182797943,0.236267572,0.236267572,1,1,1,1,1,0,1,0.236267572,True,True,1,1,1,1,1,1,0,1
clintox:474,474,NC(=O)C[S@@](=O)C(c1ccccc1)c1ccccc1,0,train,0.010305838,0.012800103,0.063713334,0.063713334,0,0,0,0,0,0,1,0.063713334,True,True,0,0,0,0,0,0,0,1
clintox:475,475,NC(=O)CS(=O)C(c1ccccc1)c1ccccc1,0,train,0.010305838,0.012800103,0.063713334,0.063713334,0,0,0,0,0,0,1,0.063713334,True,True,0,0,0,0,0,0,0,1
clintox:476,476,C[NH+](C)CCC(O)(c1ccccc1)c1ccccc1Cl,0,train,0.222806413,0.123202414,0.50808799,0.50808799,0,0,0,0,1,0,0,0.50808799,True,True,0,0,0,0,0,1,0,0
clintox:477,477,C[NH+](C)CCOC(c1ccccc1)c1ccccc1,0,train,0.059327247,0.031933643,0.142904282,0.142904282,0,0,0,0,0,0,0,0.142904282,True,True,0,0,0,0,0,0,0,0
clintox:478,478,CC(C)[N+](C)(CCC(C(N)=O)(c1ccccc1)c1ccccc1)C(C)C,0,train,0.169899432,0.07557541,0.40999463,0.40999463,0,1,0,0,1,0,0,0.40999463,True,True,0,1,0,1,0,1,0,0
clintox:479,479,CC(C)C(=O)Oc1ccc(CO)cc1[C@H](CC[NH+](C(C)C)C(C)C)c1ccccc1,0,train,0.253720538,0.131207021,0.237135932,0.253720538,0,1,0,1,1,0,0,0.253720538,True,True,0,1,0,1,1,1,0,0
clintox:480,480,Cc1ccc(O)c([C@H](CC[NH+](C(C)C)C(C)C)c2ccccc2)c1,0,train,0.337560347,0.17177821,0.274921143,0.337560347,0,0,0,0,0,0,0,0.337560347,True,True,0,0,0,0,0,0,0,0
clintox:481,481,Cc1ccccc1C(OCC[NH+](C)C)c1ccccc1,0,train,0.080423783,0.042627685,0.212839652,0.212839652,0,0,0,0,0,0,0,0.212839652,True,True,0,0,0,0,0,0,0,0
clintox:482,482,CC[C@H](OC(C)=O)C(C[C@H](C)[NH+](C)C)(c1ccccc1)c1ccccc1,0,train,0.730528917,0.469124135,0.85306535,0.85306535,0,0,0,0,1,0,0,0.85306535,True,True,0,0,0,0,0,1,0,0
clintox:483,483,CCC(=O)C(CC(C)[NH+](C)C)(c1ccccc1)c1ccccc1,0,train,0.52826818,0.237537083,0.791263818,0.791263818,0,0,0,0,1,0,1,0.791263818,True,True,0,0,0,0,0,1,0,1
clintox:484,484,Nc1ncnc2c1ncn2[C@@H]1O[C@H](CO)[C@@H](O)[C@H]1O,0,train,0.037245538,0.022875272,0.075784437,0.075784437,0,0,0,0,0,0,1,0.075784437,True,True,0,0,0,0,0,0,0,1
clintox:485,485,Nc1ncnc2c1ncn2[C@@H]1O[C@H](CO)[C@@H](O)[C@@H]1O,0,train,0.037245538,0.022875272,0.075784437,0.075784437,0,0,0,0,0,0,1,0.075784437,True,True,0,0,0,0,0,0,0,1
clintox:486,486,Nc1nc(Cl)nc2c1ncn2[C@@H]1O[C@H](CO)[C@@H](O)[C@@H]1F,1,train,0.113097853,0.093291485,0.196710687,0.196710687,0,0,0,1,1,0,1,0.196710687,True,True,0,0,0,0,1,1,0,1
clintox:487,487,Nc1nc(F)nc2c1ncn2[C@@H]1O[C@H](CO)[C@@H](O)[C@@H]1O,1,train,0.044563768,0.027487722,0.100080835,0.100080835,0,0,0,0,1,0,1,0.100080835,True,True,0,0,0,0,0,1,0,1
clintox:488,488,Nc1nc(F)nc2c1ncn2[C@@H]1O[C@H](COP(=O)(O)O)[C@@H](O)[C@@H]1O,1,train,0.05737807,0.035572528,0.111936955,0.111936955,0,1,0,0,1,0,1,0.111936955,True,True,0,1,0,1,0,1,0,1
clintox:489,489,Nc1nc(Cl)nc2c1ncn2[C@@H]1O[C@H](CO)[C@@H](O)[C@@H]1F,0,train,0.113097853,0.093291485,0.196710687,0.196710687,0,0,0,1,1,0,1,0.196710687,True,True,0,0,0,0,1,1,0,1
clintox:490,490,Nc1nc(F)nc2c1ncn2[C@@H]1O[C@H](COP(=O)([O-])[O-])[C@@H](O)[C@@H]1O,0,train,0.063803233,0.041550745,0.122579097,0.122579097,0,1,0,0,1,0,1,0.122579097,True,True,0,1,0,1,0,1,0,1
clintox:491,491,Nc1nc(Cl)nc2c1ncn2[C@H]1C[C@H](O)[C@@H](CO)O1,0,train,0.066692614,0.054622893,0.130382623,0.130382623,0,0,0,1,1,0,1,0.130382623,True,True,0,0,0,0,1,1,0,1
clintox:492,492,COc1nc(N)nc2c1ncn2[C@@H]1O[C@H](CO)[C@@H](O)[C@@H]1O,0,train,0.085023377,0.05619169,0.121130855,0.121130855,0,0,0,0,0,0,1,0.121130855,True,True,0,0,0,0,0,0,0,1
clintox:493,493,COc1ccc2c(c1)N(C[C@H](C)C[NH+](C)C)c1ccccc1S2,0,train,0.549720062,0.251773053,0.599973717,0.599973717,0,0,0,0,0,0,0,0.599973717,True,True,0,0,0,0,0,0,0,0
clintox:494,494,C[NH+](C)CCCN1c2ccccc2Sc2ccc(C(F)(F)F)cc21,0,train,0.78742001,0.428174062,0.790752385,0.790752385,0,0,0,0,0,0,0,0.790752385,True,True,0,0,0,0,0,0,0,0
clintox:495,495,C[NH+](C)CCCN1c2ccccc2Sc2ccc(Cl)cc21,0,train,0.770947413,0.410053572,0.750480133,0.770947413,0,0,0,0,0,0,0,0.770947413,True,True,0,0,0,0,0,0,0,0
clintox:496,496,C[NH+](C)CCCN1c2ccccc2Sc2ccccc21,0,train,0.406927082,0.161715183,0.367772363,0.406927082,0,0,0,0,0,0,0,0.406927082,True,True,0,0,0,0,0,0,0,0
clintox:497,497,CC(CN1c2ccccc2Sc2ccccc21)[NH+](C)C,0,train,0.385025727,0.174820452,0.465791265,0.465791265,0,0,0,0,0,0,0,0.465791265,True,True,0,0,0,0,0,0,0,0
clintox:498,498,CC(CN1c2ccccc2Sc2ccccc21)C[NH+](C)C,0,train,0.3940368,0.164857632,0.480063577,0.480063577,0,0,0,0,0,0,0,0.480063577,True,True,0,0,0,0,0,0,0,0
clintox:499,499,CC[NH+](CC)C(C)CN1c2ccccc2Sc2ccccc21,0,train,0.30910095,0.157701111,0.24431804,0.30910095,0,0,0,0,0,0,0,0.30910095,True,True,0,0,0,0,0,0,0,0
clintox:500,500,CCC(=O)c1ccc2c(c1)N(CC(C)[NH+](C)C)c1ccccc1S2,0,train,0.411834468,0.184261737,0.494094565,0.494094565,0,0,0,0,1,0,0,0.494094565,True,True,0,0,0,0,0,1,0,0
clintox:501,501,COc1ccc2cc([C@H](C)C(=O)OCCCCO[N+](=O)[O-])ccc2c1,1,train,0.151630495,0.112061235,0.2732273,0.2732273,0,1,0,0,1,1,1,0.2732273,True,True,0,1,0,1,0,1,1,1
clintox:502,502,COc1ccc2cc([C@H](C)C(=O)[O-])ccc2c1,0,train,0.019981772,0.011902769,0.062477532,0.062477532,0,0,0,0,0,0,0,0.062477532,True,True,0,0,0,0,0,0,0,0
clintox:503,503,C[NH+](C/C=C/C#CC(C)(C)C)Cc1cccc2ccccc12,0,train,0.114575164,0.097647018,0.076410517,0.114575164,1,1,0,1,1,0,0,0.114575164,True,True,1,1,0,1,1,1,0,0
clintox:504,504,CC(C)[NH2+]CC(O)COc1cccc2ccccc12,0,train,0.158013627,0.093875548,0.148245137,0.158013627,0,0,0,0,1,0,0,0.158013627,True,True,0,0,0,0,0,1,0,0
clintox:505,505,CC(C)NCC(O)COc1cccc2ccccc12,1,train,0.166542848,0.099820755,0.154022057,0.166542848,0,0,0,0,1,0,0,0.166542848,True,True,0,0,0,0,0,1,0,0
clintox:506,506,COc1ccc2cc(CCC(C)=O)ccc2c1,0,train,0.037409991,0.020601875,0.095386089,0.095386089,0,0,0,0,1,0,1,0.095386089,True,True,0,0,0,0,0,1,0,1
clintox:507,507,Cc1cc(OP(=O)([O-])[O-])c2ccccc2c1OP(=O)([O-])[O-],0,train,0.071261046,0.062486966,0.105131449,0.105131449,0,1,1,0,0,0,1,0.105131449,True,True,0,1,1,1,0,0,0,1
clintox:508,508,CN(C)c1cccc2cc(S(=O)(=O)[O-])ccc12,0,train,0.022751597,0.01023745,0.082759769,0.082759769,0,1,0,1,0,0,1,0.082759769,True,True,0,1,0,1,1,0,0,1
clintox:509,509,O=C1Nc2ccc(Cl)cc2C(c2ccccc2Cl)=NC1O,0,train,0.096472118,0.114437478,0.16403959,0.16403959,0,0,0,0,0,0,0,0.16403959,True,True,0,0,0,0,0,0,0,0
clintox:510,510,O=C1CN=C(c2ccccc2Cl)c2cc([N+](=O)[O-])ccc2N1,0,train,0.143465678,0.193632708,0.190635178,0.193632708,0,1,0,0,1,0,1,0.193632708,True,True,0,1,0,1,0,1,0,1
clintox:511,511,O=C([O-])C1N=C(c2ccccc2)c2cc(Cl)ccc2NC1=O,0,train,0.016971047,0.030575168,0.066240757,0.066240757,0,1,0,0,0,0,0,0.066240757,True,True,0,1,0,1,0,0,0,0
clintox:512,512,O=C1Nc2ccc(Cl)cc2C(c2ccccc2)=NC1O,0,train,0.066589918,0.058828435,0.15702904,0.15702904,0,0,0,0,0,0,0,0.15702904,True,True,0,0,0,0,0,0,0,0
clintox:513,513,O=C1CN=C(c2ccccc2)c2cc(Cl)ccc2N1CC(F)(F)F,0,train,0.08825142,0.129467101,0.102049382,0.129467101,0,0,0,0,0,0,1,0.129467101,True,True,0,0,0,0,0,0,0,1
clintox:514,514,CC[NH+](CC)CCN1C(=O)CN=C(c2ccccc2F)c2cc(Cl)ccc21,0,train,0.059295205,0.066913865,0.042653013,0.066913865,0,0,0,0,0,0,0,0.066913865,True,True,0,0,0,0,0,0,0,0
clintox:515,515,CN1C(=O)C(O)N=C(c2ccccc2)c2cc(Cl)ccc21,0,train,0.097842334,0.092817676,0.176285612,0.176285612,0,0,0,0,0,0,0,0.176285612,True,True,0,0,0,0,0,0,0,0
clintox:516,516,CN1C(=O)CN=C(c2ccccc2)c2cc(Cl)ccc21,0,train,0.097550188,0.096594226,0.139266823,0.139266823,0,0,0,0,0,0,0,0.139266823,True,True,0,0,0,0,0,0,0,0
clintox:517,517,Nc1c(CC(=O)[O-])cccc1C(=O)c1ccc(Br)cc1,0,train,0.029173565,0.032873259,0.096322294,0.096322294,0,1,0,1,1,0,1,0.096322294,True,True,0,1,0,1,1,1,0,1
clintox:518,518,NC(=O)Cc1cccc(C(=O)c2ccccc2)c1N,0,train,0.036954194,0.02268349,0.106944435,0.106944435,0,1,0,1,1,0,1,0.106944435,True,True,0,1,0,1,1,1,0,1
clintox:519,519,CC(C)(Oc1ccc(C(=O)c2ccc(Cl)cc2)cc1)C(=O)[O-],0,train,0.022171333,0.022867222,0.079189002,0.079189002,0,0,0,0,1,0,0,0.079189002,True,True,0,0,0,0,0,1,0,0
clintox:520,520,CC(C)(Oc1ccc(C(=O)c2ccc(Cl)cc2)cc1)C(=O)NCCS(=O)(=O)[O-],0,train,0.03769884,0.03490337,0.091482187,0.091482187,0,1,0,1,1,0,1,0.091482187,True,True,0,1,0,1,1,1,0,1
clintox:521,521,CC(C)OC(=O)C(C)(C)Oc1ccc(C(=O)c2ccc(Cl)cc2)cc1,0,train,0.110443833,0.112559893,0.129709491,0.129709491,0,0,0,0,1,0,0,0.129709491,True,True,0,0,0,0,0,1,0,0
clintox:522,522,CC(C(=O)[O-])c1cccc(C(=O)c2ccccc2)c1,0,train,0.02633126,0.02150957,0.09038153,0.09038153,0,0,0,0,1,0,0,0.09038153,True,True,0,0,0,0,0,1,0,0
clintox:523,523,Cc1ccc(C(=O)c2cc(O)c([O-])c([N+](=O)[O-])c2)cc1,0,train,0.152424355,0.064001376,0.227864383,0.227864383,0,1,0,0,1,0,1,0.227864383,True,True,0,1,0,1,0,1,0,1
clintox:524,524,COc1ccc(C(=O)c2ccccc2)c(O)c1,0,train,0.083896898,0.044192893,0.124984199,0.124984199,0,0,0,0,1,0,0,0.124984199,True,True,0,0,0,0,0,1,0,0
clintox:525,525,Cl[C@H]1[C@H](Cl)[C@@H](Cl)[C@@H](Cl)[C@H](Cl)[C@H]1Cl,0,train,0.109285686,0.157991325,0.180739392,0.180739392,1,1,1,1,1,1,1,0.180739392,True,True,1,1,1,1,1,1,1,1
clintox:526,526,C#CC1(OC(N)=O)CCCCC1,0,train,0.009286564,0.005700494,0.041783443,0.041783443,0,1,0,1,0,0,1,0.041783443,True,True,0,1,0,1,1,0,0,1
clintox:527,527,[NH3+]C[C@H]1CC[C@H](C(=O)[O-])CC1,0,train,0.004517534,0.001982917,0.019093287,0.019093287,0,0,0,0,0,0,0,0.019093287,True,True,0,0,0,0,0,0,0,0
clintox:528,528,N[C@@H]1CCCC[C@H]1[NH3+],0,train,0.005772454,0.001915777,0.021547702,0.021547702,0,0,0,0,0,0,0,0.021547702,True,True,0,0,0,0,0,0,0,0
clintox:529,529,[NH3+]CC1(CC(=O)[O-])CCCCC1,0,train,0.005014909,0.002432744,0.038351339,0.038351339,0,0,0,0,0,0,0,0.038351339,True,True,0,0,0,0,0,0,0,0
clintox:530,530,O=NN(CCCl)C(=O)NC1CCCCC1,0,train,0.040079782,0.039979824,0.179000723,0.179000723,1,1,1,1,1,1,1,0.179000723,True,True,1,1,1,1,1,1,1,1
clintox:531,531,CC(C)[C@@H]1CC[C@@H](C)C[C@H]1O,0,train,0.008118611,0.004158934,0.033242437,0.033242437,0,0,0,0,0,0,0,0.033242437,True,True,0,0,0,0,0,0,0,0
clintox:532,532,CC(OC(=O)NCC1(CC(=O)[O-])CCCCC1)OC(=O)C(C)C,0,train,0.018420146,0.021388427,0.075875563,0.075875563,0,1,1,1,1,0,1,0.075875563,True,True,0,1,1,1,1,1,0,1
clintox:533,533,C=CCC1(CC(C)C)C(=O)NC(=O)NC1=O,0,train,0.011546501,0.010045972,0.067920202,0.067920202,0,1,0,1,0,0,1,0.067920202,True,True,0,1,0,1,1,0,0,1
clintox:534,534,C=CCC1(C(C)C#CCC)C(=O)NC(=O)N(C)C1=O,0,train,0.021816526,0.018505806,0.098444872,0.098444872,0,1,0,1,0,0,1,0.098444872,True,True,0,1,0,1,1,0,0,1
clintox:535,535,CCC(C)C1(CC)C(=O)NC(=O)NC1=O,0,train,0.011838287,0.010481437,0.06537172,0.06537172,0,1,0,0,0,0,0,0.06537172,True,True,0,1,0,1,0,0,0,0
clintox:536,536,C=CCC1(C(C)CC)C(=O)NC(=O)NC1=O,0,train,0.01132339,0.009754564,0.07289312,0.07289312,0,1,0,1,0,0,1,0.07289312,True,True,0,1,0,1,1,0,0,1
clintox:537,537,CCC1(CC)C(=O)NC(=O)N(C)C1=O,0,train,0.00974246,0.008392103,0.054542034,0.054542034,0,1,0,0,0,0,0,0.054542034,True,True,0,1,0,1,0,0,0,0
clintox:538,538,CCCC(C)C1(CC)C(=O)NC(=O)NC1=O,0,train,0.01605376,0.014789438,0.085167633,0.085167633,0,1,0,0,1,0,0,0.085167633,True,True,0,1,0,1,0,1,0,0
clintox:539,539,C=CCC1(C(C)CCC)C(=O)NC(=O)NC1=O,0,train,0.016434436,0.01487492,0.094340894,0.094340894,0,1,0,1,1,0,1,0.094340894,True,True,0,1,0,1,1,1,0,1
clintox:540,540,C[NH+](C)CC[C@@H](c1ccc(Br)cc1)c1ccccn1,0,train,0.123001434,0.042067728,0.10755995,0.123001434,0,0,0,0,0,0,1,0.123001434,True,True,0,0,0,0,0,0,0,1
clintox:541,541,C[NH+](C)CCC(c1ccc(Br)cc1)c1ccccn1,0,train,0.123001434,0.042067728,0.10755995,0.123001434,0,0,0,0,0,0,1,0.123001434,True,True,0,0,0,0,0,0,0,1
clintox:542,542,C[NH+](C)CCC(c1ccc(Cl)cc1)c1ccccn1,0,train,0.096644923,0.035373524,0.113851977,0.113851977,0,0,0,0,0,0,0,0.113851977,True,True,0,0,0,0,0,0,0,0
clintox:543,543,C[NH+](C)CCC(c1ccccc1)c1ccccn1,0,train,0.028296597,0.011398095,0.054601816,0.054601816,0,0,0,0,0,0,0,0.054601816,True,True,0,0,0,0,0,0,0,0
clintox:544,544,C[NH+](C)CCOC(c1ccc(Cl)cc1)c1ccccn1,0,train,0.081313325,0.040550021,0.130270538,0.130270538,0,0,0,0,0,0,0,0.130270538,True,True,0,0,0,0,0,0,0,0
clintox:545,545,CC(C)[NH+](CCC(C(N)=O)(c1ccccc1)c1ccccn1)C(C)C,0,train,0.062451016,0.035246347,0.08393371,0.08393371,0,0,0,0,1,0,0,0.08393371,True,True,0,0,0,0,0,1,0,0
clintox:546,546,C[NH+](C)CCOC(C)(c1ccccc1)c1ccccn1,0,train,0.065727204,0.038629201,0.1631717,0.1631717,0,0,0,0,1,0,0,0.1631717,True,True,0,0,0,0,0,1,0,0
clintox:547,547,COc1cccc2c1C(=O)c1c([O-])c3c(c([O-])c1C2=O)C[C@@](O)(C(=O)CO)C[C@@H]3O[C@H]1C[C@H]([NH3+])[C@@H](O)[C@H](C)O1,0,train,0.855562195,0.379058177,0.901068083,0.901068083,1,0,0,0,1,0,1,0.901068083,True,True,1,0,0,0,0,1,0,1
clintox:548,548,COc1cccc2c1C(=O)c1c(O)c3c(c(O)c1C2=O)C[C@@](O)(C(C)=O)C[C@@H]3O[C@H]1C[C@H](N)[C@H](O)[C@H](C)O1.Cl,1,train,0.857611238,0.299248633,0.940499232,0.940499232,1,1,0,0,1,0,1,0.940499232,True,True,1,1,0,1,0,1,0,1
clintox:549,549,COc1cccc2c1C(=O)c1c(O)c3c(c(O)c1C2=O)C[C@@](O)(C(=O)CO)C[C@@H]3O[C@H]1C[C@H](N)[C@H](O)[C@H](C)O1.Cl,1,train,0.866646377,0.327150383,0.947408908,0.947408908,1,1,0,0,1,0,1,0.947408908,True,True,1,1,0,1,0,1,0,1
clintox:550,550,COc1cccc2c1C(=O)c1c([O-])c3c(c([O-])c1C2=O)C[C@@](O)(C(C)=O)C[C@@H]3O[C@H]1C[C@H]([NH3+])[C@H](O)[C@H](C)O1,0,train,0.87443026,0.432642398,0.906641417,0.906641417,1,1,0,0,1,0,1,0.906641417,True,True,1,0,0,0,0,1,0,1
clintox:551,551,COc1cccc2c1C(=O)c1c([O-])c3c(c([O-])c1C2=O)C[C@@](O)(C(=O)CO)C[C@@H]3O[C@H]1C[C@H]([NH3+])[C@H](O)[C@H](C)O1,0,train,0.855562195,0.379058177,0.901068083,0.901068083,1,1,0,0,1,0,1,0.901068083,True,True,1,0,0,0,0,1,0,1
clintox:552,552,CC(=O)[C@]1(O)Cc2c([O-])c3c(c([O-])c2[C@@H](O[C@H]2C[C@H]([NH3+])[C@H](O)[C@H](C)O2)C1)C(=O)c1ccccc1C3=O,0,train,0.876094648,0.463802777,0.909633817,0.909633817,1,0,0,0,1,0,1,0.909633817,True,True,1,0,0,0,0,1,0,1
clintox:553,553,CCCCC(=O)OCC(=O)[C@]1(O)Cc2c([O-])c3c(c([O-])c2[C@@H](OC2CC(NC(=O)C(F)(F)F)C(O)C(C)O2)C1)C(=O)c1c(OC)cccc1C3=O,0,train,0.600672012,0.37940391,0.646543083,0.646543083,1,0,0,1,1,0,1,0.646543083,True,True,1,0,0,0,1,1,0,1
clintox:554,554,CC1(C)O[C@@H]2C[C@H]3[C@@H]4C[C@H](F)C5=CC(=O)C=C[C@]5(C)[C@@]4(F)[C@@H](O)C[C@]3(C)[C@]2(C(=O)CO)O1,0,train,0.015295076,0.006145798,0.037219618,0.037219618,0,0,0,0,1,1,1,0.037219618,True,True,0,0,0,0,0,1,1,1
clintox:555,555,CC1(C)O[C@@H]2C[C@H]3[C@@H]4CCC5=CC(=O)C=C[C@]5(C)[C@@]4(F)[C@@H](O)C[C@]3(C)[C@]2(C(=O)CO)O1,0,train,0.018473321,0.008383597,0.03753265,0.03753265,0,0,0,0,1,1,1,0.03753265,True,True,0,0,0,0,0,1,1,1
clintox:556,556,CC(C)(C)CC(=O)OCC(=O)[C@@]12OC(C)(C)O[C@@H]1C[C@H]1[C@@H]3CCC4=CC(=O)C=C[C@]4(C)[C@@]3(F)[C@@H](O)C[C@@]12C,0,train,0.087342286,0.079986384,0.103997215,0.103997215,0,0,0,0,1,1,1,0.103997215,True,True,0,0,0,0,0,1,1,1
clintox:557,557,CC1(C)O[C@@H]2C[C@H]3[C@@H]4C[C@H](F)C5=CC(=O)C=C[C@]5(C)[C@H]4[C@@H](O)C[C@]3(C)[C@]2(C(=O)CO)O1,0,train,0.014539198,0.004862756,0.034898663,0.034898663,0,0,0,0,1,1,1,0.034898663,True,True,0,0,0,0,0,1,1,1
clintox:558,558,CC1(C)O[C@@H]2C[C@H]3[C@@H]4CCC5=CC(=O)C=C[C@]5(C)[C@H]4[C@@H](O)C[C@]3(C)[C@]2(C(=O)CO)O1,0,train,0.020400145,0.009010684,0.040037597,0.040037597,0,0,0,0,1,1,1,0.040037597,True,True,0,0,0,0,0,1,1,1
clintox:559,559,CC(=O)OCC(=O)[C@@]12OC(C)(C)O[C@@H]1C[C@H]1[C@@H]3C[C@H](F)C4=CC(=O)C=C[C@]4(C)[C@@]3(F)[C@@H](O)C[C@@]12C,0,train,0.023353732,0.014689072,0.053259058,0.053259058,0,0,0,0,1,1,1,0.053259058,True,True,0,0,0,0,0,1,1,1
clintox:560,560,CCCC1O[C@@H]2C[C@H]3[C@@H]4CCC5=CC(=O)C=C[C@]5(C)[C@H]4[C@@H](O)C[C@]3(C)[C@]2(C(=O)CO)O1,0,train,0.052064147,0.026428914,0.065144878,0.065144878,0,0,0,0,1,1,1,0.065144878,True,True,0,0,0,0,0,1,1,1
clintox:561,561,O=C([O-])c1cccnc1,0,train,0.014001704,0.007617803,0.036448556,0.036448556,0,0,0,0,0,0,0,0.036448556,True,True,0,0,0,0,0,0,0,0
clintox:562,562,NC(=O)c1cccnc1,0,train,0.010259919,0.004253619,0.027811976,0.027811976,0,0,0,0,0,0,0,0.027811976,True,True,0,0,0,0,0,0,0,0
clintox:563,563,O=P([O-])([O-])C(O)(Cc1cccnc1)P(=O)([O-])[O-],0,train,0.014514712,0.013604973,0.059621787,0.059621787,0,1,1,1,0,0,1,0.059621787,True,True,0,1,1,1,1,0,0,1
clintox:564,564,NNC(=O)c1ccncc1,0,train,0.013229686,0.006782567,0.036987795,0.036987795,1,1,0,0,1,1,0,0.036987795,True,True,1,1,0,1,0,1,1,0
clintox:565,565,CC(C)(C)[NH2+]CC(O)c1ccc(O)c(CO)n1,0,train,0.039167438,0.017361863,0.080252993,0.080252993,0,0,0,0,0,0,0,0.080252993,True,True,0,0,0,0,0,0,0,0
clintox:566,566,Cc1ncc(CO)c(CO)c1O,0,train,0.016271481,0.005853266,0.037719416,0.037719416,0,0,0,0,1,0,0,0.037719416,True,True,0,0,0,0,0,1,0,0
clintox:567,567,CCc1cc(C(N)=S)ccn1,0,train,0.019866997,0.007287941,0.045235419,0.045235419,0,1,0,1,0,0,0,0.045235419,True,True,0,1,0,1,1,0,0,0
clintox:568,568,CC1=C(/C=C/C(C)=C/C=C/C(C)=C/C(=O)[O-])C(C)(C)CCC1,0,train,0.062574389,0.073412816,0.141935745,0.141935745,1,1,1,1,1,1,0,0.141935745,True,True,1,1,1,1,1,1,1,0
clintox:569,569,CC1=C(/C=C/C(C)=C/C=C/C(C)=C/CO)C(C)(C)CCC1,0,train,0.101379783,0.077753416,0.141407033,0.141407033,1,1,1,1,1,0,0,0.141407033,True,True,1,1,1,1,1,1,0,0
clintox:570,570,CC1=C(/C=C/C(C)=C/C=C/C(C)=C\C(=O)[O-])C(C)(C)CCC1,0,train,0.047422508,0.059098081,0.098738984,0.098738984,1,1,1,1,1,1,0,0.098738984,True,True,1,1,1,1,1,1,1,0
clintox:571,571,CC1=C(/C=C/C(C)=C\C=C\C(C)=C\C(=O)[O-])C(C)(C)CCC1,0,train,0.055651326,0.068681932,0.126373861,0.126373861,1,1,1,1,1,1,0,0.126373861,True,True,1,1,1,1,1,1,1,0
clintox:572,572,CCOC(=O)C1=C[C@@H](OC(CC)CC)[C@H](NC(C)=O)[C@@H]([NH3+])C1,0,train,0.030671079,0.030445028,0.055587788,0.055587788,0,0,0,0,1,1,1,0.055587788,True,True,0,0,0,0,0,1,1,1
clintox:573,573,CCCCCCCCCCCCCCCC(=O)OC/C=C(C)/C=C/C=C(C)/C=C/C1=C(C)CCCC1(C)C,0,train,0.012091154,0.01007636,0.045677304,0.045677304,1,1,1,1,1,1,1,0.045677304,True,True,1,1,1,1,1,1,1,1
clintox:574,574,COCCOC(=O)C1=C(C)NC(C)=C(C(=O)OC(C)C)C1c1cccc([N+](=O)[O-])c1,0,train,0.105633424,0.159378742,0.061470168,0.159378742,0,1,0,0,1,0,1,0.159378742,True,True,0,1,0,1,0,1,0,1
clintox:575,575,COC(=O)C1=C(C)NC(C)=C(C(=O)OC)C1c1ccccc1[N+](=O)[O-],0,train,0.096336689,0.14220997,0.113222341,0.14220997,0,1,0,0,1,0,1,0.14220997,True,True,0,1,0,1,0,1,0,1
clintox:576,576,COC(=O)C1=C(C)NC(C)=C(C(=O)OCC(C)C)C1c1ccccc1[N+](=O)[O-],0,train,0.077520516,0.112440688,0.063350754,0.112440688,0,1,0,0,1,0,1,0.112440688,True,True,0,1,0,1,0,1,0,1
clintox:577,577,CCCC(=O)OCOC(=O)C1=C(C)NC(C)=C(C(=O)OC)C1c1cccc(Cl)c1Cl,0,train,0.111131646,0.205294122,0.074338824,0.205294122,0,1,1,1,1,0,1,0.205294122,True,True,0,1,1,1,1,1,0,1
clintox:578,578,CCOC(=O)C1=C(C)NC(C)=C(C(=O)OC)C1c1cccc(Cl)c1Cl,0,train,0.183964808,0.250937913,0.137320519,0.250937913,0,0,0,0,1,0,1,0.250937913,True,True,0,0,0,0,0,1,0,1
clintox:579,579,CCOC(=O)C1=C(COCC[NH3+])NC(C)=C(C(=O)OC)C1c1ccccc1Cl,0,train,0.41905701,0.350159358,0.408122517,0.41905701,0,1,0,0,1,0,1,0.41905701,True,True,0,1,0,1,0,1,0,1
clintox:580,580,C[NH+](C)CC(c1ccc(O)cc1)C1(O)CCCCC1,0,train,0.089825619,0.034668956,0.253035932,0.253035932,0,0,0,0,0,0,0,0.253035932,True,True,0,0,0,0,0,0,0,0
clintox:581,581,COc1ccc(C(C[NH+](C)C)C2(O)CCCCC2)cc1,0,train,0.083173587,0.035774927,0.20325772,0.20325772,0,0,0,0,0,0,0,0.20325772,True,True,0,0,0,0,0,0,0,0
clintox:582,582,CC[N+](C)(CC)CCOC(=O)C(O)(c1ccccc1)C1CCCCC1,0,train,0.116775195,0.040313219,0.356893202,0.356893202,0,1,0,0,1,0,1,0.356893202,True,True,0,1,0,1,0,1,0,1
clintox:583,583,CC[N+](CC)(CC)CCC(O)(c1ccccc1)C1CCCCC1,0,train,0.216494585,0.092874493,0.364560138,0.364560138,0,1,0,0,1,0,0,0.364560138,True,True,0,1,0,1,0,1,0,0
clintox:584,584,CC[NH+](CC)CC#CCOC(=O)C(O)(c1ccccc1)C1CCCCC1,0,train,0.12630829,0.101376225,0.140471294,0.140471294,0,1,0,0,1,0,1,0.140471294,True,True,0,1,0,1,0,1,0,1
clintox:585,585,COc1ccc(C(CN(C)C)C2(O)CCCCC2)cc1,1,train,0.068726265,0.034742146,0.140518955,0.140518955,0,0,0,0,0,0,0,0.140518955,True,True,0,0,0,0,0,0,0,0
clintox:586,586,C[C@]12CC[C@@H]3c4ccc(O)cc4C[C@@H](CCCCCCCCCS(=O)CCCC(F)(F)C(F)(F)F)[C@H]3[C@@H]1CC[C@@H]2O,0,train,0.077741468,0.04472865,0.09881243,0.09881243,1,1,1,1,1,0,1,0.09881243,True,True,1,1,1,1,1,1,0,1
clintox:587,587,C[C@]12CC[C@@H]3c4ccc(O)cc4CC[C@H]3[C@@H]1CC[C@@H]2O,0,train,0.147988263,0.09781363,0.15267089,0.15267089,0,0,0,0,0,0,0,0.15267089,True,True,0,0,0,0,0,0,0,0
clintox:588,588,C[C@]12CC[C@@H]3c4ccc(OC(=O)N(CCCl)CCCl)cc4CC[C@H]3[C@@H]1CC[C@@H]2OP(=O)([O-])[O-],0,train,0.057448031,0.050905556,0.087880968,0.087880968,1,1,1,1,1,1,1,0.087880968,True,True,1,1,1,1,1,1,1,1
clintox:589,589,C#C[C@]1(O)CC[C@H]2[C@@H]3CCc4cc(O)ccc4[C@H]3CC[C@@]21C,0,train,0.305345558,0.255955505,0.249817698,0.305345558,0,1,0,1,0,0,0,0.305345558,True,True,0,1,0,1,1,0,0,0
clintox:590,590,C#C[C@]1(O)CC[C@H]2[C@@H]3CCc4cc(OC)ccc4[C@H]3CC[C@@]21C,0,train,0.16290777,0.149793407,0.145293493,0.16290777,0,1,0,1,0,0,0,0.16290777,True,True,0,1,0,1,1,0,0,0
clintox:591,591,CCCCC(=O)O[C@H]1CC[C@H]2[C@@H]3CCc4cc(O)ccc4[C@H]3CC[C@]12C,0,train,0.146521613,0.143555092,0.157958837,0.157958837,0,0,0,0,1,0,0,0.157958837,True,True,0,0,0,0,0,1,0,0
clintox:592,592,Nc1ccn([C@@H]2O[C@H](CO)[C@@H](O)[C@@H]2O)c(=O)n1,1,train,0.012943281,0.006572437,0.069758303,0.069758303,0,0,0,0,0,1,1,0.069758303,True,True,0,0,0,0,0,0,1,1
clintox:593,593,Nc1ccn([C@@H]2O[C@H](CO)[C@@H](O)C2(F)F)c(=O)n1,1,train,0.032662247,0.020291512,0.119287235,0.119287235,0,0,0,0,0,1,1,0.119287235,True,True,0,0,0,0,0,0,1,1
clintox:594,594,Cl.Nc1ccn([C@@H]2O[C@H](CO)[C@@H](O)C2(F)F)c(=O)n1,1,train,0.047029768,0.025633991,0.238657625,0.238657625,0,0,0,0,0,1,1,0.238657625,True,True,0,0,0,0,0,0,1,1
clintox:595,595,Nc1ccn([C@H]2CC[C@@H](CO)O2)c(=O)n1,0,train,0.005700568,0.002394291,0.02606431,0.02606431,0,0,0,0,0,1,1,0.02606431,True,True,0,0,0,0,0,0,1,1
clintox:596,596,CCCCCOC(=O)Nc1nc(=O)n([C@@H]2O[C@H](C)[C@@H](O)[C@H]2O)cc1F,0,train,0.046674028,0.036545644,0.107075836,0.107075836,0,1,0,0,1,1,1,0.107075836,True,True,0,1,0,1,0,1,1,1
clintox:597,597,CCCCCOC(=O)Nc1nc(=O)n([C@@H]2O[C@H](C)[C@@H](O)[C@H]2O)cc1F,1,train,0.046674028,0.036545644,0.107075836,0.107075836,0,1,0,0,1,1,1,0.107075836,True,True,0,1,0,1,0,1,1,1
clintox:598,598,OCC[NH+]1CCN(CCCN2c3ccccc3Sc3ccc(C(F)(F)F)cc32)CC1,0,train,0.702476362,0.440156173,0.55718524,0.702476362,0,0,0,0,0,0,0,0.702476362,True,True,0,0,0,0,0,0,0,0
clintox:599,599,OCC[NH+]1CCN(CCCN2c3ccccc3Sc3ccc(Cl)cc32)CC1,0,train,0.62696112,0.363751557,0.400030608,0.62696112,0,0,0,0,0,0,0,0.62696112,True,True,0,0,0,0,0,0,0,0
clintox:600,600,C[NH+]1CCN(CCCN2c3ccccc3Sc3ccc(C(F)(F)F)cc32)CC1,0,train,0.870073027,0.65736759,0.772656948,0.870073027,0,0,0,0,0,0,0,0.870073027,True,True,0,0,0,0,0,0,0,0
clintox:601,601,C[NH+]1CCN(CCCN2c3ccccc3Sc3ccc(Cl)cc32)CC1,0,train,0.86799846,0.646622658,0.739637588,0.86799846,0,0,0,0,0,0,0,0.86799846,True,True,0,0,0,0,0,0,0,0
clintox:602,602,CC(=O)c1ccc2c(c1)N(CCCN1CC[NH+](CCO)CC1)c1ccccc1S2,0,train,0.409234213,0.183500615,0.297589715,0.409234213,0,0,0,0,1,0,0,0.409234213,True,True,0,0,0,0,0,1,0,0
clintox:603,603,CCSc1ccc2c(c1)N(CCCN1CC[NH+](C)CC1)c1ccccc1S2,0,train,0.902936433,0.769521313,0.802388465,0.902936433,0,0,0,0,0,0,0,0.902936433,True,True,0,0,0,0,0,0,0,0
clintox:604,604,Nc1cc[nH+]cc1,0,train,0.017434514,0.005697776,0.036125705,0.036125705,0,0,0,0,0,0,1,0.036125705,True,True,0,0,0,0,0,0,0,1
clintox:605,605,CN(C)C(=O)Oc1ccc[n+](C)c1,0,train,0.008511562,0.002422146,0.015185333,0.015185333,0,1,0,0,0,1,1,0.015185333,True,True,0,1,0,1,0,0,1,1
clintox:606,606,C[n+]1ccccc1/C=N/O,0,train,0.00707265,0.002123411,0.01616301,0.01616301,0,1,1,1,0,1,1,0.01616301,True,True,0,1,1,1,1,0,1,1
clintox:607,607,CC(/N=C(\NC#N)Nc1cc[nH+]cc1)C(C)(C)C,0,train,0.026589351,0.013977417,0.057725759,0.057725759,0,1,0,1,0,1,0,0.057725759,True,True,0,1,0,1,1,0,1,0
clintox:608,608,CCC(=O)OCCNC(=O)C[n+]1ccccc1,0,train,0.008217308,0.005467699,0.051075712,0.051075712,1,1,0,1,1,1,1,0.051075712,True,True,1,1,0,1,1,1,1,1
clintox:609,609,CCCCCCCCCCCC(=O)OCCNC(=O)C[n+]1ccccc1,0,train,0.104354532,0.114903512,0.068814965,0.114903512,1,1,1,1,1,1,1,0.114903512,True,True,1,1,1,1,1,1,1,1
clintox:610,610,[NH3+][C@@H](Cc1cc(I)c(Oc2cc(I)c([O-])c(I)c2)c(I)c1)C(=O)[O-],0,train,0.016481269,0.024098485,0.050762848,0.050762848,1,1,1,1,1,0,1,0.050762848,True,True,1,1,1,1,1,1,0,1
clintox:611,611,[NH3+][C@H](Cc1cc(I)c(Oc2cc(I)c([O-])c(I)c2)c(I)c1)C(=O)[O-],0,train,0.016481269,0.024098485,0.050762848,0.050762848,1,1,1,1,1,0,1,0.050762848,True,True,1,1,1,1,1,1,0,1
clintox:612,612,Oc1cc(Cl)ccc1Oc1ccc(Cl)cc1Cl,0,train,0.121017898,0.115633822,0.168898715,0.168898715,0,0,0,0,0,0,0,0.168898715,True,True,0,0,0,0,0,0,0,0
clintox:613,613,[NH3+][C@@H](Cc1cc(I)c(Oc2ccc(O)c(I)c2)c(I)c1)C(=O)[O-],0,train,0.03132924,0.05023943,0.066914405,0.066914405,1,1,1,1,1,0,1,0.066914405,True,True,1,1,1,1,1,1,0,1
clintox:614,614,CC(C(=O)[O-])c1cccc(Oc2ccccc2)c1,0,train,0.01114054,0.008806228,0.073563258,0.073563258,0,0,0,0,0,0,0,0.073563258,True,True,0,0,0,0,0,0,0,0
clintox:615,615,CCCCNc1cc(C(=O)[O-])cc(S(N)(=O)=O)c1Oc1ccccc1,0,train,0.017030994,0.023225256,0.066170052,0.066170052,0,1,0,0,1,0,0,0.066170052,True,True,0,1,0,1,0,1,0,0
clintox:616,616,[NH3+]CCc1cnc[nH]1,0,train,0.004109757,0.001463122,0.012375755,0.012375755,0,0,0,0,0,0,0,0.012375755,True,True,0,0,0,0,0,0,0,0
clintox:617,617,O=P([O-])([O-])C(O)(Cn1ccnc1)P(=O)([O-])[O-],0,train,0.020185914,0.017514528,0.07498836,0.07498836,0,1,1,1,0,0,1,0.07498836,True,True,0,1,1,1,1,0,0,1
clintox:618,618,CN/C(=N\C#N)NCCSCc1nc[nH]c1C,0,train,0.008746753,0.006449338,0.026345227,0.026345227,0,1,0,1,1,0,0,0.026345227,True,True,0,1,0,1,1,1,0,0
clintox:619,619,Cc1ncc([N+](=O)[O-])n1CCO,0,train,0.012778636,0.005868391,0.038555112,0.038555112,0,1,0,0,1,0,1,0.038555112,True,True,0,1,0,1,0,1,0,1
clintox:620,620,CCS(=O)(=O)CCn1c([N+](=O)[O-])cnc1C,0,train,0.017438624,0.006476233,0.054138396,0.054138396,0,1,0,0,1,0,1,0.054138396,True,True,0,1,0,1,0,1,0,1
clintox:621,621,CN(C)/N=N/c1[nH]cnc1C(N)=O,0,train,0.039504589,0.018213126,0.066083988,0.066083988,0,1,1,0,1,0,1,0.066083988,True,True,0,1,1,1,0,1,0,1
clintox:622,622,Cc1c(OCC(F)(F)F)ccnc1C[S@@](=O)c1nc2ccccc2[nH]1,0,train,0.150005212,0.149546665,0.157651247,0.157651247,0,0,0,0,0,0,1,0.157651247,True,True,0,0,0,0,0,0,0,1
clintox:623,623,Cc1c(OCC(F)(F)F)ccnc1CS(=O)c1nc2ccccc2[nH]1,0,train,0.150005212,0.149546665,0.157651247,0.157651247,0,0,0,0,0,0,1,0.157651247,True,True,0,0,0,0,0,0,0,1
clintox:624,624,COCCCOc1ccnc(CS(=O)c2nc3ccccc3[nH]2)c1C,0,train,0.1296997,0.170176739,0.137577732,0.170176739,0,1,0,0,1,0,1,0.170176739,True,True,0,1,0,1,0,1,0,1
clintox:625,625,COc1ccc2nc(S(=O)Cc3ncc(C)c(OC)c3C)[nH]c2c1,0,train,0.05994225,0.081150616,0.081149623,0.081150616,0,0,0,0,0,0,1,0.081150616,True,True,0,0,0,0,0,0,0,1
clintox:626,626,COc1ccnc(CS(=O)c2nc3ccc(OC(F)F)cc3[nH]2)c1OC,0,train,0.078559669,0.064405619,0.075465019,0.078559669,0,0,0,0,0,0,1,0.078559669,True,True,0,0,0,0,0,0,0,1
clintox:627,627,CC1(C)S[C@@H]2[C@H](NC(=O)[C@H]([NH3+])c3ccc(O)cc3)C(=O)N2[C@H]1C(=O)[O-],0,train,0.00344101,0.002803448,0.022500935,0.022500935,1,0,1,1,1,0,0,0.022500935,True,True,1,0,1,0,1,1,0,0
clintox:628,628,CC1(C)S[C@@H]2[C@H](NC(=O)[C@H]([NH3+])c3ccccc3)C(=O)N2[C@H]1C(=O)[O-],0,train,0.006990957,0.009986351,0.039890141,0.039890141,1,0,1,1,1,0,0,0.039890141,True,True,1,0,1,0,1,1,0,0
clintox:629,629,CC1(C)S[C@@H]2[C@H](NC(=O)C(C(=O)[O-])c3ccccc3)C(=O)N2[C@H]1C(=O)[O-],0,train,0.009959392,0.012068369,0.035874161,0.035874161,1,1,1,0,1,0,0,0.035874161,True,True,1,1,1,1,0,1,0,0
clintox:630,630,CC1(C)S[C@@H]2[C@H](NC(=O)Cc3ccccc3)C(=O)N2[C@H]1C(=O)[O-],0,train,0.02333406,0.037834869,0.081304115,0.081304115,1,0,1,0,1,0,0,0.081304115,True,True,1,0,1,0,0,1,0,0
clintox:631,631,CCOC(=O)OC(C)OC(=O)[C@@H]1N2C(=O)[C@@H](NC(=O)[C@H]([NH3+])c3ccccc3)[C@H]2SC1(C)C,0,train,0.035434081,0.037918629,0.064075986,0.064075986,1,1,1,1,1,1,0,0.064075986,True,True,1,1,1,1,1,1,1,0
clintox:632,632,COCC1=C(C(=O)OC(C)OC(=O)OC(C)C)N2C(=O)[C@@H](NC(=O)/C(=N\OC)c3csc(N)n3)[C@H]2SC1,0,train,0.066864938,0.120256965,0.046435068,0.120256965,1,1,1,1,1,1,1,0.120256965,True,True,1,1,1,1,1,1,1,1
clintox:633,633,CO/N=C(\C(=O)N[C@@H]1C(=O)N2C(C(=O)[O-])=C(COC(C)=O)CS[C@H]12)c1csc(N)n1,0,train,0.005760687,0.006077498,0.016929259,0.016929259,1,1,1,1,1,1,1,0.016929259,True,True,1,1,1,1,1,1,1,1
clintox:634,634,C=CC1=C(C(=O)[O-])N2C(=O)[C@@H](NC(=O)/C(=N\O)c3csc(N)n3)[C@H]2SC1,0,train,0.005015963,0.00419455,0.016770157,0.016770157,1,1,1,1,1,1,1,0.016770157,True,True,1,1,1,1,1,1,1,1
clintox:635,635,C=CC1=C(C(=O)[O-])N2C(=O)[C@@H](NC(=O)/C(=N\OCC(=O)[O-])c3csc(N)n3)[C@H]2SC1,0,train,0.0044595,0.003208535,0.013309235,0.013309235,1,1,1,1,1,1,1,0.013309235,True,True,1,1,1,1,1,1,1,1
clintox:636,636,CO/N=C(\C(=O)N[C@@H]1C(=O)N2C(C(=O)[O-])=CCS[C@H]12)c1csc(N)n1,0,train,0.004874846,0.00458397,0.02846013,0.02846013,1,1,1,1,1,1,1,0.02846013,True,True,1,1,1,1,1,1,1,1
clintox:637,637,C[NH+]1CC[C@]23c4c5ccc(O)c4O[C@H]2C(=O)CC[C@@]3(O)[C@H]1C5,0,train,0.048475028,0.029912079,0.069321328,0.069321328,0,0,0,0,1,0,0,0.069321328,True,True,0,0,0,0,0,1,0,0
clintox:638,638,COc1ccc2c3c1O[C@H]1C(=O)CC[C@@]4(O)[C@@H](C2)[NH+](C)CC[C@]314,0,train,0.065963438,0.050078236,0.078906973,0.078906973,0,0,0,0,1,0,0,0.078906973,True,True,0,0,0,0,0,1,0,0
clintox:639,639,C[NH+]1CC[C@]23c4c5ccc(O)c4O[C@H]2C(=O)CC[C@H]3[C@H]1C5,0,train,0.059487923,0.036235228,0.065934546,0.065934546,0,0,0,0,1,0,0,0.065934546,True,True,0,0,0,0,0,1,0,0
clintox:640,640,COc1ccc2c3c1O[C@H]1C(=O)CC[C@H]4[C@@H](C2)[NH+](C)CC[C@]314,0,train,0.067801783,0.043732245,0.065722455,0.067801783,0,0,0,0,1,0,0,0.067801783,True,True,0,0,0,0,0,1,0,0
clintox:641,641,C=CC[NH+]1CC[C@]23c4c5ccc(O)c4O[C@H]2C(=O)CC[C@@]3(O)[C@H]1C5,0,train,0.050026408,0.03200707,0.048487102,0.050026408,0,1,0,1,1,0,1,0.050026408,True,True,0,1,0,1,1,1,0,1
clintox:642,642,C[NH+](C)CCCN1c2ccccc2CCc2ccc(Cl)cc21,0,train,0.690436908,0.324369212,0.696360417,0.696360417,0,0,0,0,0,0,0,0.696360417,True,True,0,0,0,0,0,0,0,0
clintox:643,643,C[NH+](C)CCCN1c2ccccc2CCc2ccccc21,0,train,0.333589423,0.138996521,0.361042138,0.361042138,0,0,0,0,0,0,0,0.361042138,True,True,0,0,0,0,0,0,0,0
clintox:644,644,C[NH2+]CCCN1c2ccccc2CCc2ccccc21,0,train,0.286185503,0.138529853,0.30131478,0.30131478,0,1,0,0,0,0,0,0.30131478,True,True,0,1,0,1,0,0,0,0
clintox:645,645,CC(CN1c2ccccc2CCc2ccccc21)C[NH+](C)C,0,train,0.320321793,0.135808858,0.437421352,0.437421352,0,0,0,0,0,0,0,0.437421352,True,True,0,0,0,0,0,0,0,0
clintox:646,646,CC(=O)O[C@H]1Cc2ccccc2N(C(N)=O)c2ccccc21,1,train,0.043539375,0.049262609,0.089364345,0.089364345,0,0,0,0,1,0,0,0.089364345,True,True,0,0,0,0,0,1,0,0
clintox:647,647,C=C1/C(=C\C=C2/CCC[C@]3(C)[C@@H]([C@H](C)/C=C/[C@H](C)C(C)C)CC[C@@H]23)C[C@@H](O)C[C@@H]1O,0,train,0.099533216,0.066724845,0.138588052,0.138588052,0,1,0,1,0,0,0,0.138588052,True,True,0,1,0,1,1,0,0,0
clintox:648,648,C=C1CC[C@H](O)C/C1=C/C=C1\CCC[C@]2(C)[C@@H]([C@H](C)/C=C/[C@H](C)C(C)C)CC[C@@H]12,0,train,0.048006455,0.030215584,0.088038005,0.088038005,0,1,0,1,0,0,0,0.088038005,True,True,0,1,0,1,1,0,0,0
clintox:649,649,C=C1/C(=C\C=C2/CCC[C@]3(C)[C@@H]([C@H](C)CCCC(C)(C)O)CC[C@@H]23)C[C@@H](O)C[C@@H]1O,1,train,0.118910984,0.078852396,0.11968885,0.11968885,0,0,0,1,1,0,0,0.11968885,True,True,0,0,0,0,1,1,0,0
clintox:650,650,C=C1CC[C@H](O)C/C1=C/C=C1\CCC[C@]2(C)[C@@H]([C@H](C)CCCC(C)(C)O)CC[C@@H]12,0,train,0.089754067,0.057610682,0.110340374,0.110340374,0,0,0,1,1,0,0,0.110340374,True,True,0,0,0,0,1,1,0,0
clintox:651,651,C=C1CC[C@H](O)C/C1=C/C=C1\CCC[C@]2(C)[C@@H]([C@H](C)CCCC(C)C)CC[C@@H]12,0,train,0.05783801,0.040136399,0.095771684,0.095771684,0,0,0,1,1,0,0,0.095771684,True,True,0,0,0,0,1,1,0,0
clintox:652,652,C[NH+](C)[C@@H]1C([O-])=C(C(N)=O)C(=O)[C@@]2(O)C([O-])=C3C(=O)c4c([O-])cccc4[C@@](C)(O)[C@H]3[C@H](O)[C@@H]12,0,train,0.060202326,0.030310395,0.135790604,0.135790604,0,1,0,0,1,1,0,0.135790604,True,True,0,1,0,1,0,1,1,0
clintox:653,653,C[NH+](C)[C@@H]1C([O-])=C(C(N)=O)C(=O)[C@@]2(O)C([O-])=C3C(=O)c4c([O-])cccc4[C@@](C)(O)[C@H]3C[C@@H]12,0,train,0.056828906,0.027327953,0.136206192,0.136206192,0,1,0,0,1,1,0,0.136206192,True,True,0,1,0,1,0,1,1,0
clintox:654,654,C[C@H]1c2cccc([O-])c2C(=O)C2=C([O-])[C@]3(O)C(=O)C(C(N)=O)=C([O-])[C@@H]([NH+](C)C)[C@@H]3[C@@H](O)[C@@H]21,0,train,0.062866052,0.040310018,0.130545448,0.130545448,0,1,0,0,1,1,0,0.130545448,True,True,0,1,0,1,0,1,1,0
clintox:655,655,C[NH+](C)[C@@H]1C([O-])=C(C(N)=O)C(=O)[C@@]2(O)C([O-])=C3C(=O)c4c([O-])ccc(Cl)c4[C@@H](O)[C@H]3C[C@@H]12,0,train,0.06979506,0.042985356,0.162200147,0.162200147,0,1,0,0,1,1,0,0.162200147,True,True,0,1,0,1,0,1,1,0
clintox:656,656,CN(C)c1cc(NC(=O)C[NH2+]C(C)(C)C)c([O-])c2c1C[C@H]1C[C@H]3[C@H]([NH+](C)C)C([O-])=C(C(N)=O)C(=O)[C@@]3(O)C([O-])=C1C2=O,0,train,0.072937283,0.066146844,0.11830017,0.11830017,1,1,0,1,1,1,0,0.11830017,True,True,1,1,0,1,1,1,1,0
clintox:657,657,Oc1c(Cl)cc(Cl)c2cccnc12,0,train,0.431441298,0.293700763,0.518876143,0.518876143,0,0,0,0,0,0,0,0.518876143,True,True,0,0,0,0,0,0,0,0
clintox:658,658,Oc1c(I)cc(Cl)c2cccnc12,0,train,0.504961732,0.375362102,0.622475068,0.622475068,0,1,0,0,1,0,1,0.622475068,True,True,0,1,0,1,0,1,0,1
clintox:659,659,Oc1cccc2cccnc12,0,train,0.150983712,0.050599993,0.158528282,0.158528282,0,0,0,0,0,0,0,0.158528282,True,True,0,0,0,0,0,0,0,0
clintox:660,660,COc1cc(NC(C)CCC[NH3+])c2ncccc2c1,0,train,0.296583883,0.111081789,0.266711845,0.296583883,0,0,0,0,0,0,0,0.296583883,True,True,0,0,0,0,0,0,0,0
clintox:661,661,CCCCOc1cc(C(=O)NCC[NH+](CC)CC)c2ccccc2n1,0,train,0.120832695,0.077651638,0.056164733,0.120832695,0,1,0,0,1,0,0,0.120832695,True,True,0,1,0,1,0,1,0,0
clintox:662,662,Nc1nc(=O)c2c([nH]1)NCC(CNc1ccc(C(=O)N[C@@H](CCC(=O)[O-])C(=O)[O-])cc1)N2C=O.[Ca+2],1,train,0.006517449,0.002941555,0.049140863,0.049140863,0,1,0,1,1,1,1,0.049140863,True,True,0,1,0,1,1,1,1,1
clintox:663,663,Nc1nc(=O)c2c([nH]1)NCC(CNc1ccc(C(=O)N[C@@H](CCC(=O)O)C(=O)O)cc1)N2C=O,1,train,0.009356115,0.005531289,0.060655622,0.060655622,0,1,0,1,1,1,1,0.060655622,True,True,0,1,0,1,1,1,1,1
clintox:664,664,Nc1nc(=O)c2c([nH]1)NC[C@H](CNc1ccc(C(=O)N[C@@H](CCC(=O)[O-])C(=O)[O-])cc1)N2C=O,0,train,0.007198604,0.003731183,0.056570332,0.056570332,0,1,0,1,1,1,1,0.056570332,True,True,0,1,0,1,1,1,1,1
clintox:665,665,Nc1nc(=O)c2c([nH]1)NCC(CNc1ccc(C(=O)N[C@@H](CCC(=O)[O-])C(=O)[O-])cc1)N2C=O,0,train,0.007198604,0.003731183,0.056570332,0.056570332,0,1,0,1,1,1,1,0.056570332,True,True,0,1,0,1,1,1,1,1
clintox:666,666,CN1c2c([nH]c(N)nc2=O)NC[C@@H]1CNc1ccc(C(=O)N[C@@H](CCC(=O)[O-])C(=O)[O-])cc1,0,train,0.005496869,0.002619601,0.038181879,0.038181879,0,0,0,0,1,0,1,0.038181879,True,True,0,0,0,0,0,1,0,1
clintox:667,667,O=c1[nH]c(=O)n([C@H]2C[C@H](O)[C@@H](CO)O2)cc1C(F)(F)F,0,train,0.023046619,0.016078656,0.097691423,0.097691423,0,0,0,0,0,1,0,0.097691423,True,True,0,0,0,0,0,0,1,0
clintox:668,668,O=c1[nH]c(=O)n([C@H]2C[C@H](O)[C@@H](CO)O2)cc1F,0,train,0.022282063,0.015233597,0.101927759,0.101927759,0,0,0,0,0,1,0,0.101927759,True,True,0,0,0,0,0,0,1,0
clintox:669,669,O=c1[nH]c(=O)n([C@H]2C[C@H](O)[C@@H](CO)O2)cc1I,0,train,0.027330143,0.029285959,0.136216481,0.136216481,0,1,0,0,1,1,1,0.136216481,True,True,0,1,0,1,0,1,1,1
clintox:670,670,Cc1cn([C@@H]2C[C@@H](O)[C@H](CO)O2)c(=O)[nH]c1=O,0,train,0.005847446,0.003619243,0.035499636,0.035499636,0,0,0,0,0,1,0,0.035499636,True,True,0,0,0,0,0,0,1,0
clintox:671,671,Cc1cn([C@H]2C[C@H](N=[N+]=[N-])[C@@H](CO)O2)c(=O)[nH]c1=O,0,train,0.008927485,0.006565548,0.047781061,0.047781061,0,1,1,0,1,1,1,0.047781061,True,True,0,1,1,1,0,1,1,1
clintox:672,672,Cc1cccc(C)c1NC(=O)C1CCCC[NH+]1C,0,train,0.019870973,0.013650537,0.057612898,0.057612898,1,0,0,1,0,0,0,0.057612898,True,True,1,0,0,0,1,0,0,0
clintox:673,673,CCC[NH+]1CCCC[C@H]1C(=O)Nc1c(C)cccc1C,0,train,0.021757299,0.018712766,0.026951796,0.026951796,1,0,0,1,0,0,0,0.026951796,True,True,1,0,0,0,1,0,0,0
clintox:674,674,CCCC[NH+]1CCCC[C@H]1C(=O)Nc1c(C)cccc1C,0,train,0.020079881,0.018329851,0.017351142,0.020079881,1,0,0,1,0,0,0,0.020079881,True,True,1,0,0,0,1,0,0,0
clintox:675,675,CCCC[NH+]1CCCCC1C(=O)Nc1c(C)cccc1C,0,train,0.020079881,0.018329851,0.017351142,0.020079881,1,0,0,1,0,0,0,0.020079881,True,True,1,0,0,0,1,0,0,0
clintox:676,676,Cc1cc(C)c(/C=C2\C(=O)Nc3ccccc32)[nH]1,0,train,0.286193622,0.154248678,0.2313524,0.286193622,0,1,0,0,1,1,0,0.286193622,True,True,0,1,0,1,0,1,1,0
clintox:677,677,CC[NH+](CC)CCNC(=O)c1c(C)[nH]c(/C=C2\C(=O)Nc3ccc(F)cc32)c1C,0,train,0.746133062,0.483499847,0.710558082,0.746133062,0,1,0,0,1,1,0,0.746133062,True,True,0,1,0,1,0,1,1,0
clintox:678,678,CCN(CC)CCNC(=O)c1c(C)[nH]c(/C=C2\C(=O)Nc3ccc(F)cc32)c1C,1,train,0.762528397,0.504264262,0.713998892,0.762528397,0,1,0,0,1,1,0,0.762528397,True,True,0,1,0,1,0,1,1,0
clintox:679,679,CCN(CC)CCNC(=O)c1c(C)[nH]c(/C=C2\C(=O)Nc3ccc(F)cc32)c1C.O=C(O)C[C@H](O)C(=O)O,1,train,0.67589419,0.293150802,0.789383467,0.789383467,0,1,0,0,1,1,0,0.789383467,True,True,0,1,0,1,0,1,1,1
clintox:680,680,CC(=O)CCCCn1c(=O)c2c(ncn2C)n(C)c1=O,0,train,0.01546839,0.010938561,0.052784575,0.052784575,0,1,0,0,1,1,1,0.052784575,True,True,0,1,0,1,0,1,1,1
clintox:681,681,Cn1c(=O)c2[nH]cnc2n(C)c1=O,0,train,0.007977406,0.003722901,0.019062193,0.019062193,0,0,0,0,0,1,0,0.019062193,True,True,0,0,0,0,0,0,1,0
clintox:682,682,Cn1c(=O)c2c(ncn2CC(O)CO)n(C)c1=O,0,train,0.005894761,0.002843361,0.025446116,0.025446116,0,0,0,0,0,1,0,0.025446116,True,True,0,0,0,0,0,0,1,0
clintox:683,683,Cn1c(=O)c2c(ncn2C)n(C)c1=O,0,train,0.007693642,0.003764137,0.016065607,0.016065607,0,0,0,0,0,1,0,0.016065607,True,True,0,0,0,0,0,0,1,0
clintox:684,684,C[NH+](C)CCOc1ccc(/C(=C(/CCCl)c2ccccc2)c2ccccc2)cc1,0,train,0.858332745,0.805562502,0.839960723,0.858332745,1,1,1,1,1,1,1,0.858332745,True,True,1,1,1,1,1,1,1,1
clintox:685,685,CC/C(=C(\c1ccccc1)c1ccc(OCC[NH+](C)C)cc1)c1ccccc1,0,train,0.833572965,0.731967013,0.761596573,0.833572965,0,1,0,0,1,0,0,0.833572965,True,True,0,1,0,1,0,1,0,0
clintox:686,686,CC[NH+](CC)CCOc1ccc(/C(=C(\Cl)c2ccccc2)c2ccccc2)cc1,0,train,0.439051373,0.413653182,0.320613175,0.439051373,0,1,0,1,1,0,0,0.439051373,True,True,0,1,0,1,1,1,0,0
clintox:687,687,COc1ccc(C(Cl)=C(c2ccc(OC)cc2)c2ccc(OC)cc2)cc1,0,train,0.076923977,0.0985293,0.10200539,0.10200539,0,1,0,1,1,0,0,0.10200539,True,True,0,1,0,1,1,1,0,0
clintox:688,688,C[C@H](Cn1cnc2c(N)ncnc21)OCP(=O)([O-])[O-],0,train,0.027747225,0.016226792,0.071229955,0.071229955,0,1,0,0,0,0,1,0.071229955,True,True,0,1,0,1,0,0,0,1
clintox:689,689,CC(C)OC(=O)OCOP(=O)(CO[C@H](C)Cn1cnc2c(N)ncnc21)OCOC(=O)OC(C)C,0,train,0.191994047,0.184465648,0.187100845,0.191994047,0,1,1,1,1,1,1,0.191994047,True,True,0,1,1,1,1,1,1,1
clintox:690,690,CC(C)(C)C(=O)OCOP(=O)(COCCn1cnc2c(N)ncnc21)OCOC(=O)C(C)(C)C,1,train,0.13812494,0.12321415,0.17896895,0.17896895,0,1,1,1,1,0,1,0.17896895,True,True,0,1,1,1,1,1,0,1
clintox:691,691,CC(=O)OCC(CCn1cnc2cnc(N)nc21)COC(C)=O,0,train,0.114481057,0.078939254,0.123561533,0.123561533,0,0,0,0,1,0,1,0.123561533,True,True,0,0,0,0,0,1,0,1
clintox:692,692,CO[C@H]1C[C@@H]2CC[C@@H](C)[C@@](O)(O2)C(=O)C(=O)N2CCCC[C@H]2C(=O)O[C@H]([C@H](C)C[C@@H]2CC[C@@H](O)[C@H](OC)C2)CC(=O)[C@H](C)/C=C(\C)[C@@H](O)[C@@H](OC)C(=O)[C@H](C)C[C@H](C)/C=C/C=C/C=C/1C,0,train,0.29455327,0.072549878,0.813852198,0.813852198,0,1,0,0,1,1,0,0.813852198,True,True,0,1,0,1,0,1,1,0
clintox:693,693,CO[C@H]1C[C@@H]2CC[C@@H](C)[C@@](O)(O2)C(=O)C(=O)N2CCCC[C@H]2C(=O)O[C@H]([C@H](C)C[C@@H]2CC[C@@H](OCCO)[C@H](OC)C2)CC(=O)[C@H](C)/C=C(\C)[C@@H](O)[C@@H](OC)C(=O)[C@H](C)C[C@H](C)/C=C/C=C/C=C/1C,1,train,0.437077643,0.132029268,0.886176768,0.886176768,0,1,0,0,1,1,0,0.886176768,True,True,0,1,0,1,0,1,1,0
clintox:694,694,CO[C@H]1C[C@@H]2CC[C@@H](C)[C@@](O)(O2)C(=O)C(=O)N2CCCC[C@H]2C(=O)O[C@H]([C@H](C)C[C@@H]2CC[C@@H](OCCO)[C@H](OC)C2)CC(=O)[C@H](C)/C=C(\C)[C@@H](O)[C@@H](OC)C(=O)[C@H](C)C[C@H](C)/C=C\C=C\C=C\1C,0,train,0.397755187,0.112600731,0.859621067,0.859621067,0,1,0,0,1,1,0,0.859621067,True,True,0,1,0,1,0,1,1,0
clintox:695,695,CO[C@H]1CC2CC[C@@H](C)[C@@](O)(O2)C(=O)C(=O)N2CCCC[C@H]2C(=O)O[C@H]([C@H](C)C[C@@H]2CC[C@@H](OC(=O)C(C)(CO)CO)[C@H](OC)C2)CC(=O)[C@H](C)/C=C(\C)[C@@H](O)[C@@H](OC)C(=O)[C@H](C)C[C@H](C)/C=C/C=C/C=C/1C,0,train,0.224708437,0.046251088,0.798503578,0.798503578,0,1,0,0,1,1,0,0.798503578,True,True,0,1,0,1,0,1,1,0
clintox:696,696,Nc1nc(=O)c2ncn(CCC(CO)CO)c2[nH]1,0,train,0.004508136,0.002800445,0.034793941,0.034793941,0,0,0,0,0,0,1,0.034793941,True,True,0,0,0,0,0,0,0,1
clintox:697,697,Nc1nc(=O)c2ncn(COCCO)c2[nH]1,0,train,0.004329802,0.00235195,0.02999957,0.02999957,0,1,0,0,0,0,1,0.02999957,True,True,0,1,0,1,0,0,0,1
clintox:698,698,CC(C)[C@H]([NH3+])C(=O)OCC(CO)OCn1cnc2c(=O)nc(N)[nH]c21,0,train,0.016789972,0.010759664,0.078659663,0.078659663,1,0,0,1,1,0,1,0.078659663,True,True,1,0,0,0,1,1,0,1
clintox:699,699,CC(C)[C@H](N)C(=O)OCCOCn1cnc2c(=O)nc(N)[nH]c21,1,train,0.025744634,0.020202501,0.104833757,0.104833757,0,1,0,0,1,0,1,0.104833757,True,True,0,1,0,1,0,1,0,1
clintox:700,700,O=C([O-])COCC[NH+]1CCN([C@H](c2ccccc2)c2ccc(Cl)cc2)CC1,0,train,0.1324828,0.066168604,0.073245652,0.1324828,0,1,0,0,1,0,0,0.1324828,True,True,0,1,0,1,0,1,0,0
clintox:701,701,O=C([O-])COCC[NH+]1CCN(C(c2ccccc2)c2ccc(Cl)cc2)CC1,0,train,0.1324828,0.066168604,0.073245652,0.1324828,0,1,0,0,1,0,0,0.1324828,True,True,0,1,0,1,0,1,0,0
clintox:702,702,OCCOCC[NH+]1CCN(C(c2ccccc2)c2ccc(Cl)cc2)CC1,0,train,0.249440563,0.131000857,0.091162372,0.249440563,0,1,0,0,1,0,0,0.249440563,True,True,0,1,0,1,0,1,0,0
clintox:703,703,C[NH+]1CCN(C(c2ccccc2)c2ccccc2)CC1,0,train,0.082893057,0.041986222,0.090453447,0.090453447,0,0,0,0,0,0,0,0.090453447,True,True,0,0,0,0,0,0,0,0
clintox:704,704,O=C([O-])c1cn(C2CC2)c2cc(N3CC[NH2+]CC3)c(F)cc2c1=O,0,train,0.010953082,0.008431721,0.044915845,0.044915845,0,0,0,0,0,1,0,0.044915845,True,True,0,0,0,0,0,0,1,0
clintox:705,705,C[C@@H]1CN(c2c(F)c(N)c3c(=O)c(C(=O)[O-])cn(C4CC4)c3c2F)C[C@H](C)[NH2+]1,0,train,0.019158596,0.017023346,0.06235686,0.06235686,0,1,0,1,0,1,1,0.06235686,True,True,0,1,0,1,1,0,1,1
clintox:706,706,Cc1c(F)c(N2CC[NH2+]C(C)C2)cc2c1c(=O)c(C(=O)[O-])cn2C1CC1,0,train,0.017919081,0.015713308,0.056146284,0.056146284,0,0,0,0,0,1,0,0.056146284,True,True,0,0,0,0,0,0,1,0
clintox:707,707,COc1c(N2CC[NH2+]C(C)C2)c(F)cc2c(=O)c(C(=O)[O-])cn(C3CC3)c12,0,train,0.010749049,0.008676036,0.033373022,0.033373022,0,0,0,0,0,1,0,0.033373022,True,True,0,0,0,0,0,0,1,0
clintox:708,708,NS(=O)(=O)c1cc2c(cc1Cl)NC(C(Cl)Cl)NS2(=O)=O,0,train,0.027104316,0.023082554,0.164473927,0.164473927,1,1,1,1,1,1,0,0.164473927,True,True,1,1,1,1,1,1,1,0
clintox:709,709,NS(=O)(=O)c1cc2c(cc1Cl)NCNS2(=O)=O,0,train,0.006692697,0.003912735,0.053266613,0.053266613,0,0,0,0,0,0,0,0.053266613,True,True,0,0,0,0,0,0,0,0
clintox:710,710,CN1C(CCl)Nc2cc(Cl)c(S(N)(=O)=O)cc2S1(=O)=O,0,train,0.045948286,0.042188075,0.208940652,0.208940652,1,1,1,1,1,1,1,0.208940652,True,True,1,1,1,1,1,1,1,1
clintox:711,711,CN1C(CSCC(F)(F)F)Nc2cc(Cl)c(S(N)(=O)=O)cc2S1(=O)=O,0,train,0.097082807,0.112683152,0.18549011,0.18549011,0,0,0,0,0,0,1,0.18549011,True,True,0,0,0,0,0,0,0,1
clintox:712,712,Nc1nc(=S)c2[nH]cnc2[nH]1,0,train,0.029754751,0.019093185,0.08875906,0.08875906,0,1,0,0,0,0,1,0.08875906,True,True,0,1,0,1,0,0,0,1
clintox:713,713,S=c1nc[nH]c2nc[nH]c12,0,train,0.039593061,0.028001409,0.090760373,0.090760373,0,1,0,0,0,0,0,0.090760373,True,True,0,1,0,1,0,0,0,0
clintox:714,714,Nc1nc(=S)c2[nH]cnc2[nH]1,1,train,0.029754751,0.019093185,0.08875906,0.08875906,0,1,0,0,0,0,1,0.08875906,True,True,0,1,0,1,0,0,0,1
clintox:715,715,S=c1nc[nH]c2nc[nH]c12,1,train,0.039593061,0.028001409,0.090760373,0.090760373,0,1,0,0,0,0,0,0.090760373,True,True,0,1,0,1,0,0,0,0
clintox:716,716,[NH3+]C[C@H]1O[C@H](O[C@H]2[C@H](O)[C@@H](O[C@H]3O[C@H](CO)[C@@H](O)[C@H]([NH3+])[C@H]3O)[C@H]([NH3+])C[C@@H]2[NH3+])[C@H]([NH3+])C[C@@H]1O,0,train,0.009919556,0.0022423,0.034255708,0.034255708,0,0,1,0,1,0,0,0.034255708,True,True,0,0,1,0,0,1,0,0
clintox:717,717,[NH3+]CC[C@H](O)C(=O)N[C@@H]1C[C@H]([NH3+])[C@@H](O[C@H]2O[C@H](C[NH3+])[C@@H](O)[C@H](O)[C@H]2O)[C@H](O)[C@H]1O[C@H]1O[C@H](CO)[C@@H](O)[C@H]([NH3+])[C@H]1O,0,train,0.007247559,0.001896639,0.018015091,0.018015091,0,0,1,0,1,0,0,0.018015091,True,True,0,0,1,0,0,1,0,0
clintox:718,718,[NH3+]C[C@H]1O[C@H](O[C@H]2[C@H](O)[C@@H](O[C@H]3O[C@H](CO)[C@@H](O)[C@H]([NH3+])[C@H]3O)[C@H]([NH3+])C[C@@H]2[NH3+])[C@H](O)[C@@H](O)[C@@H]1O,0,train,0.012517011,0.003415456,0.03859921,0.03859921,0,0,1,0,1,0,0,0.03859921,True,True,0,0,1,0,0,1,0,0
clintox:719,719,C[NH2+]C(C)C1CCC([NH3+])C(OC2C([NH3+])CC([NH3+])C(OC3OCC(C)(O)C([NH2+]C)C3O)C2O)O1,0,train,0.006582153,0.001510851,0.021826006,0.021826006,0,0,1,0,1,0,0,0.021826006,True,True,0,0,1,0,0,1,0,0
clintox:720,720,C#Cc1cccc(Nc2ncnc3cc(OCCOC)c(OCCOC)cc23)c1,1,train,0.593339253,0.496561498,0.337188485,0.593339253,0,1,0,1,0,0,0,0.593339253,True,True,0,1,0,1,1,0,0,0
clintox:721,721,C#Cc1cccc(Nc2ncnc3cc(OCCOC)c(OCCOC)cc23)c1.Cl,1,train,0.540133673,0.438887823,0.44257257,0.540133673,0,1,0,1,0,0,0,0.540133673,True,True,0,1,0,1,1,0,0,0
clintox:722,722,C#Cc1cccc(Nc2ncnc3cc(OCCOC)c(OCCOC)cc23)c1,0,train,0.593339253,0.496561498,0.337188485,0.593339253,0,1,0,1,0,0,0,0.593339253,True,True,0,1,0,1,1,0,0,0
clintox:723,723,CCCSc1ccc2[nH]c(NC(=O)OC)nc2c1,0,train,0.18147666,0.16832491,0.175743445,0.18147666,0,0,0,0,0,0,1,0.18147666,True,True,0,0,0,0,0,0,0,1
clintox:724,724,Cl.Cn1c(CCCC(=O)O)nc2cc(N(CCCl)CCCl)ccc21,1,train,0.029025323,0.019742969,0.211515252,0.211515252,1,1,1,1,1,1,1,0.211515252,True,True,1,1,1,1,1,1,1,1
clintox:725,725,Cn1c(CCCC(=O)[O-])nc2cc(N(CCCl)CCCl)ccc21,0,train,0.051405401,0.040679509,0.170622162,0.170622162,1,1,1,1,1,1,1,0.170622162,True,True,1,1,1,1,1,1,1,1
clintox:726,726,CCCCCCC(=O)OCCN1CC[NH+](CCCN2c3ccccc3Sc3ccc(C(F)(F)F)cc32)CC1,0,train,0.634830377,0.589469957,0.542615297,0.634830377,0,1,0,0,1,0,1,0.634830377,True,True,0,1,0,1,0,1,0,1
clintox:727,727,CCCCCCCCCC(=O)OCCN1CC[NH+](CCCN2c3ccccc3Sc3ccc(C(F)(F)F)cc32)CC1,0,train,0.427364357,0.402698723,0.424188803,0.427364357,1,1,1,0,1,0,1,0.427364357,True,True,1,1,1,1,0,1,0,1
clintox:728,728,CN1CC[NH+](CCCN2c3ccccc3Sc3ccc(Cl)cc32)CC1,0,train,0.874589495,0.636658417,0.739601045,0.874589495,0,0,0,0,0,0,0,0.874589495,True,True,0,0,0,0,0,0,0,0
clintox:729,729,CCCCC(C)(O)C/C=C/[C@H]1[C@H](O)CC(=O)[C@@H]1CCCCCCC(=O)OC,0,train,0.056700701,0.05419601,0.057384515,0.057384515,0,1,0,0,1,0,1,0.057384515,True,True,0,1,0,1,0,1,0,1
clintox:730,730,CCCCC[C@H](O)/C=C/[C@H]1[C@H](O)CC(=O)[C@@H]1C/C=C\CCCC(=O)[O-],0,train,0.008957124,0.005462352,0.03216327,0.03216327,0,1,0,0,1,0,0,0.03216327,True,True,0,1,0,1,0,1,0,0
clintox:731,731,CCCCC[C@H](O)/C=C/[C@H]1[C@H](O)CC(=O)[C@@H]1CCCCCCC(=O)[O-],0,train,0.00928378,0.005141463,0.029449724,0.029449724,0,1,0,0,1,0,1,0.029449724,True,True,0,1,0,1,0,1,0,1
clintox:732,732,CCC[C@@H]1C[C@@H](C(=O)N[C@@H]([C@H]2O[C@H](SC)[C@H](O)[C@@H](O)[C@H]2O)[C@@H](C)O)[NH+](C)C1,0,train,0.012954998,0.006357558,0.02998203,0.02998203,1,0,0,1,0,0,0,0.02998203,True,True,1,0,0,0,1,0,0,0
clintox:733,733,CCC[C@@H]1C[C@@H](C(=O)NC(C(C)Cl)[C@H]2O[C@H](SC)[C@H](O)[C@@H](O)[C@H]2O)[NH+](C)C1,0,train,0.017821873,0.013354174,0.044175758,0.044175758,1,1,1,1,1,1,0,0.044175758,True,True,1,1,1,1,1,1,1,0
clintox:734,734,CCCCCCCCCCCCCCCC(=O)O[C@@H]1[C@@H](O)[C@@H](O)[C@@H](C(NC(=O)[C@@H]2C[C@@H](CCC)C[NH+]2C)C(C)Cl)O[C@@H]1SC,0,train,0.087013813,0.086737107,0.14435574,0.14435574,1,1,1,1,1,1,1,0.14435574,True,True,1,1,1,1,1,1,1,1
clintox:735,735,CC[C@H]1OC(=O)[C@H](C)[C@@H](O[C@H]2C[C@@](C)(OC)[C@@H](O)[C@H](C)O2)[C@H](C)[C@@H](O[C@@H]2O[C@H](C)C[C@H]([NH+](C)C)[C@H]2O)[C@](C)(O)C[C@@H](C)C(=O)[C@H](C)[C@@H](O)[C@]1(C)O,0,train,0.022386053,0.005751005,0.10452937,0.10452937,0,0,0,0,1,0,0,0.10452937,True,True,0,0,0,0,0,1,0,0
clintox:736,736,CC[C@H]1OC(=O)[C@H](C)[C@@H](O[C@H]2C[C@@](C)(OC)[C@@H](O)[C@H](C)O2)[C@H](C)[C@@H](O[C@@H]2O[C@H](C)C[C@H]([NH+](C)C)[C@H]2O)[C@](C)(OC)C[C@@H](C)C(=O)[C@H](C)[C@@H](O)[C@]1(C)O,0,train,0.025479915,0.006960896,0.121051452,0.121051452,0,0,0,0,1,0,0,0.121051452,True,True,0,0,0,0,0,1,0,0
clintox:737,737,CCC(=O)O[C@H]1[C@H](O[C@@H]2[C@@H](C)[C@H](O[C@H]3C[C@@](C)(OC)[C@@H](O)[C@H](C)O3)[C@@H](C)C(=O)O[C@H](CC)[C@@](C)(O)[C@H](O)[C@@H](C)C(=O)[C@H](C)C[C@@]2(C)O)O[C@H](C)C[C@@H]1[NH+](C)C,0,train,0.02185852,0.007253334,0.088394107,0.088394107,0,0,0,0,1,0,0,0.088394107,True,True,0,0,0,0,0,1,0,0
clintox:738,738,Cc1nc2n(c(=O)c1CC[NH+]1CCC(c3noc4cc(F)ccc34)CC1)CCCC2O,0,train,0.143391113,0.055913212,0.058711542,0.143391113,0,0,0,0,0,1,0,0.143391113,True,True,0,0,0,0,0,0,1,0
clintox:739,739,Cc1nc2n(c(=O)c1CC[NH+]1CCC(c3noc4cc(F)ccc34)CC1)CCCC2,0,train,0.29302469,0.123541498,0.05833552,0.29302469,0,0,0,0,0,1,0,0.29302469,True,True,0,0,0,0,0,0,1,0
clintox:740,740,CCCCCCCCCCCCCCCC(=O)O[C@@H]1CCCn2c1nc(C)c(CC[NH+]1CCC(c3noc4cc(F)ccc34)CC1)c2=O,0,train,0.060801307,0.057527042,0.073533024,0.073533024,1,1,1,0,1,1,1,0.073533024,True,True,1,1,1,1,0,1,1,1
clintox:741,741,Cc1onc(-c2c(Cl)cccc2Cl)c1C(=O)N[C@@H]1C(=O)N2[C@@H]1SC(C)(C)[C@@H]2C(=O)[O-],0,train,0.005930936,0.00945292,0.010821454,0.010821454,1,0,1,0,1,0,0,0.010821454,True,True,1,0,1,0,0,1,0,0
clintox:742,742,Cc1onc(-c2ccccc2)c1C(=O)N[C@@H]1C(=O)N2[C@@H]1SC(C)(C)[C@@H]2C(=O)[O-],0,train,0.011019976,0.014008292,0.02500275,0.02500275,1,0,1,0,1,0,0,0.02500275,True,True,1,0,1,0,0,1,0,0
clintox:743,743,Cc1onc(-c2ccccc2Cl)c1C(=O)N[C@@H]1C(=O)N2[C@@H]1SC(C)(C)[C@@H]2C(=O)[O-],0,train,0.007708828,0.01167607,0.016666344,0.016666344,1,0,1,0,1,0,0,0.016666344,True,True,1,0,1,0,0,1,0,0
clintox:744,744,CC(=O)Oc1c(C)c(C)c2c(c1C)CC[C@@](C)(CCC[C@H](C)CCC[C@H](C)CCCC(C)C)O2,0,train,0.033698619,0.023913725,0.118736792,0.118736792,0,1,1,1,1,0,0,0.118736792,True,True,0,1,1,1,1,1,0,0
clintox:745,745,CC(=O)Oc1c(C)c(C)c2c(c1C)CCC(C)(CCCC(C)CCCC(C)CCCC(C)C)O2,0,train,0.033698619,0.023913725,0.118736792,0.118736792,0,1,1,1,1,0,0,0.118736792,True,True,0,1,1,1,1,1,0,0
clintox:746,746,Cc1c(C)c2c(c(C)c1O)CC[C@@](C)(CCC[C@H](C)CCC[C@H](C)CCCC(C)C)O2,0,train,0.053902702,0.040014378,0.145495958,0.145495958,0,0,1,0,1,0,0,0.145495958,True,True,0,0,1,0,0,1,0,0
clintox:747,747,CC(=O)O[C@H]1C[C@@H]2CC[C@@H]3[C@H](CC[C@@]4(C)[C@H]3C[C@H]([N+]3(C)CCCCC3)[C@@H]4OC(C)=O)[C@@]2(C)C[C@@H]1[N+]1(C)CCCCC1,0,train,0.128509911,0.087106129,0.135086702,0.135086702,0,1,1,0,1,0,0,0.135086702,True,True,0,1,1,1,0,1,0,0
clintox:748,748,CC(=O)O[C@H]1C[C@@H]2CC[C@@H]3[C@H](CC[C@@]4(C)[C@H]3C[C@H]([N+]3(C)CCCCC3)[C@@H]4OC(C)=O)[C@@]2(C)C[C@@H]1[NH+]1CCCCC1,0,train,0.133348926,0.074765207,0.129150935,0.133348926,0,1,0,0,1,0,0,0.133348926,True,True,0,1,0,1,0,1,0,0
clintox:749,749,C=CC[N+]1([C@H]2C[C@H]3[C@@H]4CC[C@H]5C[C@H](OC(C)=O)[C@@H]([NH+]6CCCCC6)C[C@]5(C)[C@H]4CC[C@]3(C)[C@H]2OC(=O)CC)CCCCC1,0,train,0.174378339,0.072839114,0.138750202,0.174378339,0,1,0,1,1,0,1,0.174378339,True,True,0,1,0,1,1,1,0,1
clintox:750,750,CC(C)C[C@H](NC(=O)[C@@H](COC(C)(C)C)NC(=O)[C@H](Cc1ccc(O)cc1)NC(=O)[C@H](CO)NC(=O)[C@H](Cc1c[nH]c2ccccc12)NC(=O)[C@H](Cc1cnc[nH]1)NC(=O)[C@@H]1CCC(=O)N1)C(=O)N[C@@H](CCCN=C(N)N)C(=O)N1CCC[C@H]1C(=O)NNC(N)=O,1,train,0.001620007,0.000761715,0.007226557,0.007226557,1,1,0,0,1,1,0,0.007226557,True,True,1,1,0,1,0,1,1,0
clintox:751,751,CC(C)CC(NC(=O)C(COC(C)(C)C)NC(=O)C(Cc1ccc(O)cc1)NC(=O)C(CO)NC(=O)C(Cc1c[nH]c2ccccc12)NC(=O)C(Cc1cnc[nH]1)NC(=O)C1CCC(=O)N1)C(=O)NC(CCC[NH+]=C(N)N)C(=O)N1CCCC1C(=O)NNC(N)=O,0,train,0.001658457,0.00067689,0.008110943,0.008110943,1,1,0,0,1,1,0,0.008110943,True,True,1,1,0,1,1,1,1,0
clintox:752,752,CCNC(=O)[C@@H]1CCCN1C(=O)[C@H](CCCNC(N)=[NH2+])NC(=O)[C@H](CC(C)C)NC(=O)[C@@H](CC(C)C)NC(=O)[C@H](Cc1ccc(O)cc1)NC(=O)[C@H](CO)NC(=O)[C@H](Cc1c[nH]c2ccccc12)NC(=O)[C@H](Cc1cnc[nH]1)NC(=O)[C@@H]1CCC(=O)N1,0,train,0.007841434,0.00332741,0.028888207,0.028888207,0,1,0,0,1,0,0,0.028888207,True,True,0,1,0,1,0,1,0,0
clintox:753,753,CC(C)[NH2+]CC(O)COc1cccc2[nH]ccc12,0,train,0.071966932,0.036585515,0.069972769,0.071966932,0,0,0,0,1,0,0,0.071966932,True,True,0,0,0,0,0,1,0,0
clintox:754,754,CCCCCNC(=[NH2+])N/N=C/c1c[nH]c2ccc(OC)cc12,0,train,0.437010295,0.39860954,0.33055753,0.437010295,0,1,0,0,1,0,0,0.437010295,True,True,0,1,0,1,0,1,0,0
clintox:755,755,CNS(=O)(=O)Cc1ccc2[nH]cc(CC[NH+](C)C)c2c1,0,train,0.036128539,0.019060153,0.046783478,0.046783478,0,0,0,0,1,0,0,0.046783478,True,True,0,0,0,0,0,1,0,0
clintox:756,756,COc1ccc2c(c1)[C@]13CCCC[C@@H]1[C@H](C2)[NH+](C)CC3,0,train,0.127449878,0.06076962,0.102732372,0.127449878,0,0,0,0,0,0,0,0.127449878,True,True,0,0,0,0,0,0,0,0
clintox:757,757,C[NH+]1CC[C@]23CCCC[C@H]2[C@H]1Cc1ccc(O)cc13,0,train,0.181286545,0.091517227,0.177942308,0.181286545,0,0,0,0,0,0,0,0.181286545,True,True,0,0,0,0,0,0,0,0
clintox:758,758,C=CC[NH+]1CC[C@]23CCCC[C@H]2[C@H]1Cc1ccc(O)cc13,0,train,0.13553074,0.078187274,0.093432263,0.13553074,0,1,0,1,0,0,1,0.13553074,True,True,0,1,0,1,1,0,0,1
clintox:759,759,C[N+]1(C)C2CCC1CC(OC(=O)C(O)c1ccccc1)C2,0,train,0.050593687,0.03321845,0.115520679,0.115520679,0,1,0,0,1,0,0,0.115520679,True,True,0,1,0,1,0,1,0,0
clintox:760,760,C[NH+]1[C@@H]2CC[C@H]1C[C@@H](OC(=O)C(CO)c1ccccc1)C2,0,train,0.055642602,0.02693112,0.124564919,0.124564919,0,0,0,0,1,0,0,0.124564919,True,True,0,0,0,0,0,1,0,0
clintox:761,761,CC(C)[N+]1(C)[C@@H]2CC[C@@H]1CC(OC(=O)C(CO)c1ccccc1)C2,0,train,0.059604881,0.027649853,0.106672097,0.106672097,0,1,0,0,1,0,0,0.106672097,True,True,0,1,0,1,0,1,0,0
clintox:762,762,CC(=O)N[C@H](Cc1ccc2ccccc2c1)C(=O)N[C@H](Cc1ccc(Cl)cc1)C(=O)N[C@H](Cc1cccnc1)C(=O)N[C@@H](CO)C(=O)N(C)[C@@H](Cc1ccc(O)cc1)C(=O)N[C@H](CC(N)=O)C(=O)N[C@@H](CC(C)C)C(=O)N[C@@H](CCCC[NH2+]C(C)C)C(=O)N1CCC[C@H]1C(=O)N[C@H](C)C(N)=O,0,train,0.014387372,0.004641299,0.032710852,0.032710852,0,1,0,0,1,0,0,0.032710852,True,True,0,1,0,1,0,1,0,0
clintox:763,763,CC(=O)N[C@H](Cc1ccc2ccccc2c1)C(=O)N[C@H](Cc1ccc(Cl)cc1)C(=O)N[C@H](Cc1cccnc1)C(=O)N[C@@H](CO)C(=O)N[C@@H](Cc1ccc(O)cc1)C(=O)N[C@H](CCCNC(N)=O)C(=O)N[C@@H](CC(C)C)C(=O)N[C@@H](CCCNC(N)=[NH2+])C(=O)N1CCC[C@H]1C(=O)N[C@H](C)C(N)=O,0,train,0.018855479,0.007759145,0.05201801,0.05201801,0,1,0,0,1,0,0,0.05201801,True,True,0,1,0,1,0,1,0,0
clintox:764,764,CCNC(NCC)=[NH+]CCCC[C@H](NC(=O)[C@H](CC(C)C)NC(=O)[C@@H](CCCC[NH+]=C(NCC)NCC)NC(=O)[C@H](Cc1ccc(O)cc1)NC(=O)[C@H](CO)NC(=O)[C@@H](Cc1cccnc1)NC(=O)[C@@H](Cc1ccc(Cl)cc1)NC(=O)[C@@H](Cc1ccc2ccccc2c1)NC(C)=O)C(=O)N1CCC[C@H]1C(=O)N[C@H](C)C(N)=O,0,train,0.024349905,0.014199593,0.0393056,0.0393056,0,1,0,1,1,0,0,0.0393056,True,True,0,1,0,1,1,1,0,0
clintox:765,765,C[C@H]1O[C@@H](O[C@H]2[C@@H](O)C[C@H](O[C@H]3[C@@H](O)C[C@H](O[C@H]4CC[C@@]5(C)[C@H](CC[C@@H]6[C@@H]5C[C@@H](O)[C@]5(C)[C@@H](C7=CC(=O)OC7)CC[C@]65O)C4)O[C@@H]3C)O[C@@H]2C)C[C@H](O)[C@@H]1O,0,train,0.916680458,0.671391622,0.91297155,0.916680458,1,1,0,0,1,1,0,0.916680458,True,True,1,1,0,1,0,1,1,0
clintox:766,766,C[C@H]1O[C@@H](O[C@H]2[C@@H](O)C[C@H](O[C@H]3[C@@H](O)C[C@H](O[C@H]4CC[C@@]5(C)[C@H](CC[C@@H]6[C@@H]5CC[C@]5(C)[C@@H](C7=CC(=O)OC7)CC[C@]65O)C4)O[C@@H]3C)O[C@@H]2C)C[C@H](O)[C@@H]1O,0,train,0.932391227,0.706653295,0.919972515,0.932391227,1,1,0,0,1,1,0,0.932391227,True,True,1,1,0,1,0,1,1,0
clintox:767,767,CC(=O)O[C@H]1C[C@H](OC2[C@@H](O)C[C@H](O[C@H]3[C@@H](O)C[C@H](OC4CC[C@@]5(C)[C@H](CC[C@@H]6[C@@H]5CC[C@]5(C)[C@@H](C7=CC(=O)OC7)CC[C@]65O)C4)O[C@@H]3C)O[C@@H]2C)O[C@H](C)[C@H]1O,0,train,0.924302952,0.695062968,0.919348105,0.924302952,1,1,0,0,1,1,0,0.924302952,True,True,1,1,0,1,0,1,1,0
clintox:768,768,C[C@H]([NH2+]CCc1ccc(O)cc1)[C@H](O)c1ccc(O)cc1,0,train,0.064740288,0.041554993,0.08210832,0.08210832,0,0,0,0,0,0,0,0.08210832,True,True,0,0,0,0,0,0,0,0
clintox:769,769,COc1ccc(C[C@@H](C)[NH2+]C[C@H](O)c2ccc(O)c(NC=O)c2)cc1,0,train,0.10352497,0.051957176,0.147630612,0.147630612,0,1,0,1,0,1,1,0.147630612,True,True,0,1,0,1,1,0,1,1
clintox:770,770,COc1ccc(CC(C)[NH2+]CC(O)c2ccc(O)c(NC=O)c2)cc1,0,train,0.10352497,0.051957176,0.147630612,0.147630612,0,1,0,1,0,1,1,0.147630612,True,True,0,1,0,1,1,0,1,1
clintox:771,771,Nc1ccc(S(=O)(=O)[N-]c2ncccn2)cc1,0,train,0.023230641,0.012046237,0.086433506,0.086433506,0,1,0,1,1,0,1,0.086433506,True,True,0,1,0,1,1,1,0,1
clintox:772,772,Cc1ccnc([N-]S(=O)(=O)c2ccc(N)cc2)n1,0,train,0.025126723,0.015107348,0.096071908,0.096071908,0,1,0,1,1,0,1,0.096071908,True,True,0,1,0,1,1,1,0,1
clintox:773,773,COc1cnc([N-]S(=O)(=O)c2ccc(N)cc2)nc1,0,train,0.024764478,0.016552411,0.091460913,0.091460913,0,1,0,1,1,0,1,0.091460913,True,True,0,1,0,1,1,1,0,1
clintox:774,774,Oc1ccc(OCc2ccccc2)cc1,0,train,0.060532407,0.026101014,0.061928554,0.061928554,0,0,0,0,0,0,0,0.061928554,True,True,0,0,0,0,0,0,0,0
clintox:775,775,C[NH2+]CCC(Oc1ccc(C(F)(F)F)cc1)c1ccccc1,0,train,0.496385218,0.263169203,0.546026157,0.546026157,0,0,0,0,0,0,0,0.546026157,True,True,0,0,0,0,0,0,0,0
clintox:776,776,C[NH2+]CC[C@@H](Oc1ccccc1C)c1ccccc1,0,train,0.075539681,0.03636977,0.151114855,0.151114855,0,0,0,0,0,0,0,0.151114855,True,True,0,0,0,0,0,0,0,0
clintox:777,777,[NH3+]CCCC[C@H]([NH2+][C@@H](CCc1ccccc1)C(=O)[O-])C(=O)N1CCC[C@H]1C(=O)[O-],0,train,0.01276604,0.015213809,0.061940962,0.061940962,1,1,0,1,1,0,1,0.061940962,True,True,1,1,0,1,1,1,0,1
clintox:778,778,C[C@H]([NH2+][C@@H](CCc1ccccc1)C(=O)[O-])C(=O)N1CCC[C@H]1C(=O)[O-],0,train,0.007128421,0.00795649,0.051043337,0.051043337,1,0,0,1,1,0,1,0.051043337,True,True,1,0,0,0,1,1,0,1
clintox:779,779,CCOC(=O)[C@H](CCc1ccccc1)[NH2+][C@@H](C)C(=O)N1CCC[C@H]1C(=O)[O-],0,train,0.008761958,0.009113082,0.038579738,0.038579738,1,0,0,1,1,0,1,0.038579738,True,True,1,0,0,0,1,1,0,1
clintox:780,780,NC(=[NH2+])NCCC[C@@H](NC(=O)[C@@H]1CCCN1C(=O)[C@@H]1CSSCCC(=O)N[C@@H](Cc2ccc(O)cc2)C(=O)N[C@@H](Cc2ccccc2)C(=O)N[C@@H](CCC(N)=O)C(=O)N[C@@H](CC(N)=O)C(=O)N1)C(=O)NCC(N)=O,0,train,0.004893009,0.001452585,0.01992202,0.01992202,1,1,0,1,1,1,1,0.01992202,True,True,1,1,0,1,1,1,1,1
clintox:781,781,NC(=O)CCC1NC(=O)C(Cc2ccccc2)NC(=O)C(Cc2ccc(O)cc2)NC(=O)C([NH3+])CSSCC(C(=O)N2CCCC2C(=O)NC(CCC[NH+]=C(N)N)C(=O)NCC(N)=O)NC(=O)C(CC(N)=O)NC1=O,0,train,0.007640062,0.00310469,0.031458331,0.031458331,1,1,0,1,1,1,1,0.031458331,True,True,1,1,0,1,1,1,1,1
clintox:782,782,NC(=O)CCC1NC(=O)C(Cc2ccccc2)NC(=O)C(Cc2ccc(O)cc2)NC(=O)C([NH3+])CSSCC(C(=O)N2CCCC2C(=O)NC(CCCC[NH3+])C(=O)NCC(N)=O)NC(=O)C(CC(N)=O)NC1=O,0,train,0.005219727,0.000898758,0.021435272,0.021435272,1,1,0,1,1,1,1,0.021435272,True,True,1,1,0,1,1,1,1,1
clintox:783,783,Clc1ccc2c(c1)C(c1ccccc1)=NCc1nncn1-2,0,train,0.135183475,0.142287613,0.163412212,0.163412212,0,0,0,0,0,0,0,0.163412212,True,True,0,0,0,0,0,0,0,0
clintox:784,784,Cc1nnc2n1-c1ccc(Cl)cc1C(c1ccccc1)=NC2,0,train,0.134474955,0.16090536,0.13405378,0.16090536,0,0,0,0,0,0,0,0.16090536,True,True,0,0,0,0,0,0,0,0
clintox:785,785,Cc1nnc2n1-c1ccc(Cl)cc1C(c1ccccc1Cl)=NC2,0,train,0.147734788,0.168258667,0.131941354,0.168258667,0,0,0,0,0,0,0,0.168258667,True,True,0,0,0,0,0,0,0,0
clintox:786,786,N#CC(CC[NH+]1CCC(C(=O)[O-])(c2ccccc2)CC1)(c1ccccc1)c1ccccc1,0,train,0.14386645,0.143433472,0.114760816,0.14386645,0,0,0,0,0,0,0,0.14386645,True,True,0,0,0,0,0,0,0,0
clintox:787,787,CCOC(=O)C1(c2ccccc2)CC[NH+](CCC(C#N)(c2ccccc2)c2ccccc2)CC1,0,train,0.177328047,0.19216622,0.08613208,0.19216622,0,0,0,0,1,0,1,0.19216622,True,True,0,0,0,0,0,1,0,1
clintox:788,788,CN(C)C(=O)C(CC[NH+]1CCC(O)(c2ccc(Cl)cc2)CC1)(c1ccccc1)c1ccccc1,0,train,0.453282332,0.344496418,0.236987237,0.453282332,0,0,0,0,1,0,0,0.453282332,True,True,0,0,0,0,0,1,0,0
clintox:789,789,[NH3+]Cc1ccccc1CC(=O)N[C@@H]1C(=O)N2C(C(=O)[O-])=C(CSc3nnnn3CC(=O)[O-])CS[C@H]12,0,train,0.002533859,0.002311975,0.00663252,0.00663252,1,0,1,1,1,1,0,0.00663252,True,True,1,0,1,0,1,1,1,0
clintox:790,790,O=C([O-])C1=C(CSc2nnnn2CS(=O)(=O)[O-])CS[C@@H]2[C@H](NC(=O)[C@H](O)c3ccccc3)C(=O)N12,0,train,0.002855798,0.002130988,0.008407758,0.008407758,1,1,1,1,1,1,1,0.008407758,True,True,1,1,1,1,1,1,1,1
clintox:791,791,Cn1nnnc1SCC1=C(C(=O)[O-])N2C(=O)[C@@H](NC(=O)[C@H](O)c3ccccc3)[C@H]2SC1,0,train,0.008859846,0.009150692,0.017423665,0.017423665,1,0,1,0,1,1,0,0.017423665,True,True,1,0,1,0,0,1,1,0
clintox:792,792,O=C([O-])Cc1ccccc1Nc1c(Cl)cccc1Cl,0,train,0.032391183,0.044327246,0.105516677,0.105516677,0,0,0,0,0,0,0,0.105516677,True,True,0,0,0,0,0,0,0,0
clintox:793,793,Cc1ccc(Cl)c(Nc2ccccc2C(=O)[O-])c1Cl,0,train,0.059407204,0.078497675,0.166471572,0.166471572,0,0,0,0,0,0,0,0.166471572,True,True,0,0,0,0,0,0,0,0
clintox:794,794,Cc1cccc(Nc2ccccc2C(=O)[O-])c1C,0,train,0.030342261,0.017513578,0.109336901,0.109336901,0,0,0,0,0,0,0,0.109336901,True,True,0,0,0,0,0,0,0,0
clintox:795,795,NC(=O)N/N=C/c1ccc([N+](=O)[O-])o1,0,train,0.077721948,0.036081947,0.158828043,0.158828043,1,1,0,0,1,0,1,0.158828043,True,True,1,1,0,1,0,1,0,1
clintox:796,796,C[NH2+]/C(=C\[N+](=O)[O-])NCCSCc1ccc(C[NH+](C)C)o1,0,train,0.019688997,0.013566279,0.035867963,0.035867963,1,1,0,1,1,0,0,0.035867963,True,True,1,1,0,1,1,1,0,0
clintox:797,797,CN/C(=C\[N+](=O)[O-])[NH2+]CCSCc1ccc(C[NH+](C)C)o1,0,train,0.018080827,0.012437502,0.035414132,0.035414132,1,1,0,1,1,0,0,0.035414132,True,True,1,1,0,1,1,1,0,0
clintox:798,798,Nc1cccc2c1C(=O)N(C1CCC(=O)NC1=O)C2=O,1,train,0.037261143,0.021218804,0.123540003,0.123540003,1,1,0,1,1,0,1,0.123540003,True,True,1,1,0,1,1,1,0,1
clintox:799,799,O=C1CCC(N2C(=O)c3ccccc3C2=O)C(=O)N1,1,train,0.028507129,0.02615761,0.101884659,0.101884659,1,1,0,0,1,0,0,0.101884659,True,True,1,1,0,1,0,1,0,0
clintox:800,800,O=C1CCC(N2C(=O)c3ccccc3C2=O)C(=O)N1,0,train,0.028507129,0.02615761,0.101884659,0.101884659,1,1,0,0,1,0,0,0.101884659,True,True,1,1,0,1,0,1,0,0
clintox:801,801,[NH3+]C12CC3CC(CC(C3)C1)C2,0,train,0.009257443,0.003979082,0.045101533,0.045101533,0,0,0,0,0,0,1,0.045101533,True,True,0,0,0,0,0,0,0,1
clintox:802,802,CC([NH3+])C12CC3CC(CC(C3)C1)C2,0,train,0.01260577,0.006210348,0.060741835,0.060741835,0,0,0,0,0,0,1,0.060741835,True,True,0,0,0,0,0,0,0,1
clintox:803,803,CC12CC3CC(C)(C1)CC([NH3+])(C3)C2,0,train,0.024199282,0.011551864,0.095511682,0.095511682,0,0,0,0,0,0,1,0.095511682,True,True,0,0,0,0,0,0,0,1
clintox:804,804,O=c1[nH]cc(F)c(=O)[nH]1,0,train,0.014301736,0.009478485,0.043773611,0.043773611,0,0,0,0,0,0,0,0.043773611,True,True,0,0,0,0,0,0,0,0
clintox:805,805,O=c1[nH]cc(N(CCCl)CCCl)c(=O)[nH]1,0,train,0.033301332,0.03490045,0.125618544,0.125618544,1,1,1,1,1,1,1,0.125618544,True,True,1,1,1,1,1,1,1,1
clintox:806,806,O=c1[nH]cc(F)c(=O)[nH]1,1,train,0.014301736,0.009478485,0.043773611,0.043773611,0,0,0,0,0,0,0,0.043773611,True,True,0,0,0,0,0,0,0,0
clintox:807,807,Nc1ncn([C@H]2C[C@H](O)[C@@H](CO)O2)c(=O)n1,1,train,0.009484612,0.005834738,0.046114395,0.046114395,0,0,0,0,0,1,1,0.046114395,True,True,0,0,0,0,0,0,1,1
clintox:808,808,Nc1ncn([C@@H]2O[C@H](CO)[C@@H](O)[C@H]2O)c(=O)n1,0,train,0.020214924,0.014378003,0.087871056,0.087871056,0,0,0,0,0,1,1,0.087871056,True,True,0,0,0,0,0,0,1,1
clintox:809,809,Nc1ncn([C@H]2C[C@H](O)[C@@H](CO)O2)c(=O)n1,0,train,0.009484612,0.005834738,0.046114395,0.046114395,0,0,0,0,0,1,1,0.046114395,True,True,0,0,0,0,0,0,1,1
clintox:810,810,OCC[NH+]1C[C@H](O)[C@@H](O)[C@H](O)[C@H]1CO,0,train,0.003991124,0.001731624,0.0204611,0.0204611,0,0,0,0,0,0,0,0.0204611,True,True,0,0,0,0,0,0,0,0
clintox:811,811,CCCC[NH+]1C[C@H](O)[C@@H](O)[C@H](O)[C@H]1CO,0,train,0.005747768,0.002681924,0.023814431,0.023814431,0,0,0,0,0,0,0,0.023814431,True,True,0,0,0,0,0,0,0,0
clintox:812,812,CCCCCCCCC[NH+]1C[C@H](O)[C@@H](O)[C@H](O)[C@H]1CO,0,train,0.029095287,0.019068301,0.041795285,0.041795285,1,1,1,0,1,0,1,0.041795285,True,True,1,1,1,1,0,1,0,1
clintox:813,813,O=[N+]([O-])O[C@@H]1CO[C@H]2[C@@H]1OC[C@@H]2O,0,train,0.014154933,0.008576758,0.07881724,0.07881724,0,1,0,0,1,1,0,0.07881724,True,True,0,1,0,1,0,1,1,0
clintox:814,814,O[C@@H]1CO[C@H]2[C@@H]1OC[C@@H]2O,0,train,0.005676474,0.003432033,0.025366957,0.025366957,0,0,0,0,0,0,0,0.025366957,True,True,0,0,0,0,0,0,0,0
clintox:815,815,O=[N+]([O-])O[C@H]1CO[C@H]2[C@@H]1OC[C@H]2O[N+](=O)[O-],0,train,0.037519256,0.0298215,0.127037555,0.127037555,0,1,0,1,1,1,0,0.127037555,True,True,0,1,0,1,1,1,1,0
clintox:816,816,OC[C@H]1O[C@H](O)[C@H](F)[C@@H](O)[C@@H]1O,0,train,0.004326862,0.002277849,0.022611241,0.022611241,0,0,0,0,1,0,0,0.022611241,True,True,0,0,0,0,0,1,0,0
clintox:817,817,CCP(CC)(CC)=[Au]S[C@@H]1O[C@H](COC(C)=O)[C@@H](OC(C)=O)[C@H](OC(C)=O)[C@H]1OC(C)=O,0,train,0.240763387,0.404293742,0.195546603,0.404293742,0,1,1,1,1,1,1,0.404293742,True,True,0,1,1,1,1,1,1,1
clintox:818,818,CN(N=O)C(=O)N[C@@H]1[C@@H](O)[C@H](O)[C@@H](CO)O[C@@H]1O,0,train,0.010001907,0.005697348,0.058984774,0.058984774,1,1,1,1,1,1,0,0.058984774,True,True,1,1,1,1,1,1,1,0
clintox:819,819,CS(=O)(=O)CCNCc1ccc(-c2ccc3ncnc(Nc4ccc(OCc5cccc(F)c5)c(Cl)c4)c3c2)o1,1,train,0.54474459,0.5549924,0.324524988,0.5549924,0,1,0,0,0,0,0,0.5549924,True,True,0,1,0,1,0,0,0,0
clintox:820,820,CS(=O)(=O)CCNCc1ccc(-c2ccc3ncnc(Nc4ccc(OCc5cccc(F)c5)c(Cl)c4)c3c2)o1,0,train,0.54474459,0.5549924,0.324524988,0.5549924,0,1,0,0,0,0,0,0.5549924,True,True,0,1,0,1,0,0,0,0
clintox:821,821,C=C[C@H]1C[NH+]2CC[C@H]1C[C@@H]2[C@@H](O)c1ccnc2ccc(OC)cc12,0,train,0.226911138,0.084837077,0.156347413,0.226911138,0,1,0,1,0,0,1,0.226911138,True,True,0,1,0,1,1,0,0,1
clintox:822,822,C=C[C@H]1C[NH+]2CC[C@H]1C[C@H]2[C@H](O)c1ccnc2ccc(OC)cc12,0,train,0.226911317,0.084837077,0.156347397,0.226911317,0,1,0,1,0,0,1,0.226911317,True,True,0,1,0,1,1,0,0,1
clintox:823,823,COC(=O)[C@H]1[C@H]2C[C@@H]3c4[nH]c5ccccc5c4CC[NH+]3C[C@H]2C[C@@H](OC(=O)c2cc(OC)c(OC)c(OC)c2)[C@@H]1OC,0,train,0.391561422,0.319688695,0.232563812,0.391561422,1,0,0,1,1,0,0,0.391561422,True,True,1,0,0,0,1,1,0,0
clintox:824,824,COC(=O)[C@H]1[C@H]2C[C@@H]3c4[nH]c5cc(OC)ccc5c4CC[NH+]3C[C@H]2C[C@@H](OC(=O)c2cc(OC)c(OC)c(OC)c2)[C@@H]1OC,0,train,0.26905905,0.217033405,0.183672678,0.26905905,1,0,0,1,1,0,0,0.26905905,True,True,1,0,0,0,1,1,0,0
clintox:825,825,COC(=O)[C@H](c1ccccc1)[C@H]1CCCC[NH2+]1,0,train,0.015081826,0.008158053,0.057644777,0.057644777,0,0,0,1,1,0,0,0.057644777,True,True,0,0,0,0,1,1,0,0
clintox:826,826,COC(=O)C(c1ccccc1)C1CCCC[NH2+]1,0,train,0.015227198,0.008226981,0.058141598,0.058141598,0,0,0,1,1,0,0,0.058141598,True,True,0,0,0,0,1,1,0,0
clintox:827,827,CNC(=O)c1cc(Oc2ccc(NC(=O)Nc3ccc(Cl)c(C(F)(F)F)c3)cc2)ccn1,0,train,0.456528217,0.561391658,0.32734072,0.561391658,0,0,0,0,0,0,1,0.561391658,True,True,0,0,0,0,0,0,0,1
clintox:828,828,CNC(=O)c1cc(Oc2ccc(NC(=O)Nc3ccc(Cl)c(C(F)(F)F)c3)cc2)ccn1,1,train,0.456528217,0.561391658,0.32734072,0.561391658,0,0,0,0,0,0,1,0.561391658,True,True,0,0,0,0,0,0,0,1
clintox:829,829,CN(CCOc1ccc(CC2SC(=O)NC2=O)cc1)c1ccccn1,1,train,0.096513728,0.112994505,0.103217254,0.112994505,0,1,0,1,0,0,0,0.112994505,True,True,0,1,0,1,1,0,0,0
clintox:830,830,CN(CCOc1ccc(CC2SC(=O)NC2=O)cc1)c1ccccn1.O=C(O)/C=C\C(=O)O,1,train,0.104814141,0.13223203,0.155774998,0.155774998,0,1,0,1,0,0,0,0.155774998,True,True,0,1,0,1,1,1,1,1
clintox:831,831,CN(Cc1cnc2nc(N)nc(N)c2n1)c1ccc(C(=O)N[C@@H](CCC(=O)[O-])C(=O)[O-])cc1,0,train,0.091032274,0.042727061,0.207734822,0.207734822,0,0,0,0,1,0,1,0.207734822,True,True,0,0,0,0,0,1,0,1
clintox:832,832,CN(Cc1cnc2nc(N)nc(N)c2n1)c1ccc(C(=O)N[C@@H](CCC(=O)O)C(=O)O)cc1,1,train,0.130283366,0.072500172,0.252890795,0.252890795,0,0,0,0,1,0,1,0.252890795,True,True,0,0,0,0,0,1,0,1
clintox:833,833,CCOC(=O)[C@H](CCc1ccccc1)[NH2+][C@@H](C)C(=O)N1Cc2cc(OC)c(OC)cc2C[C@H]1C(=O)[O-],0,train,0.006924068,0.006806188,0.017159342,0.017159342,1,0,0,1,1,0,1,0.017159342,True,True,1,0,0,0,1,1,0,1
clintox:834,834,CCOC(=O)[C@H](CCc1ccccc1)[NH2+][C@@H](C)C(=O)N1Cc2ccccc2C[C@H]1C(=O)[O-],0,train,0.011238395,0.014236165,0.025027993,0.025027993,1,0,0,1,1,0,1,0.025027993,True,True,1,0,0,0,1,1,0,1
clintox:835,835,CCn1cc(C(=O)[O-])c(=O)c2cc(F)c(N3CC[NH2+]C(C)C3)c(F)c21,0,train,0.013528056,0.009001051,0.05055978,0.05055978,0,0,0,0,0,1,0,0.05055978,True,True,0,0,0,0,0,0,1,0
clintox:836,836,CCn1cc(C(=O)[O-])c(=O)c2cc(F)c(N3CC[NH2+]CC3)cc21,0,train,0.012129448,0.007011683,0.053278919,0.053278919,0,0,0,0,0,1,0,0.053278919,True,True,0,0,0,0,0,0,1,0
clintox:837,837,CCN(CC)c1ccc(C(=C2C=CC(=[N+](CC)CC)C=C2)c2cc(S(=O)(=O)[O-])ccc2S(=O)(=O)[O-])cc1,0,train,0.339728852,0.246910328,0.33333666,0.339728852,0,1,1,1,1,0,1,0.339728852,True,True,0,1,1,1,1,1,0,1
clintox:838,838,CN(C)c1ccc(C(=C2C=CC(=[N+](C)C)C=C2)c2ccc(N(C)C)cc2)cc1,0,train,0.854694267,0.78410599,0.803399105,0.854694267,0,1,1,0,1,0,0,0.854694267,True,True,0,1,1,1,0,1,0,0
clintox:839,839,CCCS(=O)(=O)Nc1ccc(F)c(C(=O)c2c[nH]c3ncc(-c4ccc(Cl)cc4)cc23)c1F,1,train,0.55947237,0.69416699,0.60726175,0.69416699,0,0,0,0,1,0,0,0.69416699,True,True,0,0,0,0,0,1,0,0
clintox:840,840,CCCS(=O)(=O)Nc1ccc(F)c(C(=O)c2c[nH]c3ncc(-c4ccc(Cl)cc4)cc23)c1F,0,train,0.55947237,0.69416699,0.60726175,0.69416699,0,0,0,0,1,0,0,0.69416699,True,True,0,0,0,0,0,1,0,0
clintox:841,841,CCCCC[C@H](O)/C=C/[C@@H]1[C@@H](C/C=C\CCCC(=O)[O-])[C@@H](O)C[C@H]1O,0,train,0.00850333,0.004430243,0.024172807,0.024172807,0,1,0,0,1,0,0,0.024172807,True,True,0,1,0,1,0,1,0,0
clintox:842,842,CCCCCCCC(=O)CC[C@@H]1[C@@H](C/C=C\CCCC(=O)OC(C)C)[C@@H](O)C[C@H]1O,0,train,0.121013269,0.101424314,0.137773232,0.137773232,0,1,1,0,1,0,1,0.137773232,True,True,0,1,1,1,0,1,0,1
clintox:843,843,CCCCc1oc2ccc(NS(C)(=O)=O)cc2c1C(=O)c1ccc(OCCC[NH+](CCCC)CCCC)cc1,0,train,0.799622978,0.731163713,0.688725807,0.799622978,0,1,0,0,1,0,0,0.799622978,True,True,0,1,0,1,0,1,0,0
clintox:844,844,CCCCc1oc2ccccc2c1C(=O)c1cc(I)c(OCC[NH+](CC)CC)c(I)c1,0,train,0.79335906,0.729626493,0.685595072,0.79335906,0,1,0,0,1,0,1,0.79335906,True,True,0,1,0,1,0,1,0,1
clintox:845,845,CCC1(c2ccc(N)cc2)CCC(=O)NC1=O,0,train,0.019976641,0.011639128,0.073258226,0.073258226,1,1,0,1,1,0,1,0.073258226,True,True,1,1,0,1,1,1,0,1
clintox:846,846,CCC1(c2ccccc2)CCC(=O)NC1=O,0,train,0.013434276,0.011191255,0.065554488,0.065554488,1,1,0,0,1,0,0,0.065554488,True,True,1,1,0,1,0,1,0,0
clintox:847,847,CCC1(c2ccccc2)NC(=O)N(C)C1=O,0,train,0.009664155,0.007507564,0.049609696,0.049609696,0,1,0,0,0,0,0,0.049609696,True,True,0,1,0,1,0,0,0,0
clintox:848,848,CCN1C(=O)NC(c2ccccc2)C1=O,0,train,0.006199239,0.004802633,0.028040093,0.028040093,0,1,0,0,0,0,0,0.028040093,True,True,0,1,0,1,0,0,0,0
clintox:849,849,CCC(=O)O[C@@](Cc1ccccc1)(c1ccccc1)[C@@H](C)C[NH+](C)C,0,train,0.269179563,0.173037275,0.463016613,0.463016613,0,0,0,0,1,0,0,0.463016613,True,True,0,0,0,0,0,1,0,0
clintox:850,850,CCC(=O)O[C@](Cc1ccccc1)(c1ccccc1)[C@H](C)C[NH+](C)C,0,train,0.269179563,0.173037275,0.463016613,0.463016613,0,0,0,0,1,0,0,0.463016613,True,True,0,0,0,0,0,1,0,0
clintox:851,851,CC[NH+](CC)CCCC(C)Nc1cc[nH+]c2cc(Cl)ccc12,0,train,0.345239757,0.128531393,0.232967193,0.345239757,0,0,0,0,1,0,0,0.345239757,True,True,0,0,0,0,0,1,0,0
clintox:852,852,CC[NH+](CCO)CCCC(C)Nc1cc[nH+]c2cc(Cl)ccc12,0,train,0.141749822,0.03651654,0.16676984,0.16676984,0,0,0,0,1,0,0,0.16676984,True,True,0,0,0,0,0,1,0,0
clintox:853,853,CC[C@H](C)C(=O)O[C@H]1C[C@@H](C)C=C2C=C[C@H](C)[C@H](CC[C@@H]3C[C@@H](O)CC(=O)O3)[C@H]21,1,train,0.072722963,0.053803378,0.139571175,0.139571175,0,0,0,0,1,0,0,0.139571175,True,True,0,0,0,0,0,1,0,0
clintox:854,854,CCC(C)(C)C(=O)O[C@H]1C[C@@H](C)C=C2C=C[C@H](C)[C@H](CC[C@@H]3C[C@@H](O)CC(=O)O3)[C@H]21,0,train,0.078743657,0.06108428,0.175057157,0.175057157,0,0,0,0,1,0,0,0.175057157,True,True,0,0,0,0,0,1,0,0
clintox:855,855,CC[C@H](C)[C@@H]1NC(=O)[C@H](Cc2ccc(O)cc2)NC(=O)[C@@H]([NH3+])CSSC[C@@H](C(=O)N2CCC[C@H]2C(=O)N[C@@H](CC(C)C)C(=O)NCC(N)=O)NC(=O)[C@H](CC(N)=O)NC(=O)[C@H](CCC(N)=O)NC1=O,0,train,0.00848303,0.002715514,0.028652032,0.028652032,1,1,0,1,1,1,1,0.028652032,True,True,1,1,0,1,1,1,1,1
clintox:856,856,CCC(C)C1NC(=O)C(Cc2ccc(O)cc2)NC(=O)C([NH3+])CSSCC(C(=O)N2CCCC2C(=O)NC(CC(C)C)C(=O)NCC(N)=O)NC(=O)C(CC(N)=O)NC(=O)C(C(C)O)NC1=O,0,train,0.006843312,0.001539469,0.024574711,0.024574711,1,1,0,1,1,1,1,0.024574711,True,True,1,1,0,1,1,1,1,1
clintox:857,857,C#C[C@]1(O)CC[C@H]2[C@@H]3CCC4=C/C(=N/O)CC[C@@H]4[C@H]3CC[C@@]21CC,0,train,0.221194533,0.21074761,0.233293223,0.233293223,0,1,1,1,0,1,1,0.233293223,True,True,0,1,1,1,1,0,1,1
clintox:858,858,C#C[C@]1(OC(C)=O)CC[C@H]2[C@@H]3CCC4=C/C(=N/O)CC[C@@H]4[C@H]3CC[C@@]21CC,0,train,0.214013923,0.21041147,0.199554193,0.214013923,0,1,1,1,1,1,1,0.214013923,True,True,0,1,1,1,1,1,1,1
clintox:859,859,CC[C@@H](CO)NC(=O)[C@@H]1C=C2c3cccc4[nH]cc(c34)C[C@H]2[NH+](C)C1,0,train,0.03488123,0.021823583,0.036258885,0.036258885,0,0,0,1,1,0,0,0.036258885,True,True,0,0,0,0,1,1,0,0
clintox:860,860,CC[C@@H](CO)NC(=O)[C@@H]1C=C2c3cccc4c3c(cn4C)C[C@H]2[NH+](C)C1,0,train,0.053245274,0.042327564,0.036536825,0.053245274,0,0,0,1,1,0,0,0.053245274,True,True,0,0,0,0,1,1,0,0
clintox:861,861,CC[C@@H](C(N)=O)N1CCCC1=O,0,train,0.00140891,0.000647339,0.014080328,0.014080328,0,0,0,0,0,0,0,0.014080328,True,True,0,0,0,0,0,0,0,0
clintox:862,862,C=CN1CCCC1=O,0,train,0.003977536,0.001418049,0.011043995,0.011043995,0,0,0,1,0,0,1,0.011043995,True,True,0,0,0,0,1,0,0,1
clintox:863,863,CC[C@]1(O)C[C@H]2CN(CCc3c([nH]c4ccccc34)[C@@](C(=O)OC)(c3cc4c(cc3OC)N(C=O)[C@H]3[C@@](O)(C(=O)OC)[C@H](OC(C)=O)[C@]5(CC)C=CCN6CC[C@]43[C@@H]65)C2)C1,1,train,0.847858727,0.720753757,0.892326697,0.892326697,0,1,0,1,1,1,1,0.892326697,True,True,0,1,0,1,1,1,1,1
clintox:864,864,CC[C@]1(O)C[C@H]2CN(CCc3c([nH]c4ccccc34)[C@@](C(=O)OC)(c3cc4c(cc3OC)N(C=O)[C@H]3[C@@](O)(C(=O)OC)[C@H](OC(C)=O)[C@]5(CC)C=CCN6CC[C@]43[C@@H]65)C2)C1.O=S(=O)(O)O,1,train,0.804918493,0.531354925,0.914968222,0.914968222,0,1,0,1,1,1,1,0.914968222,True,True,0,1,0,1,1,1,1,1
clintox:865,865,Cc1ccc(/C(=C\C[NH+]2CCCC2)c2cccc(/C=C/C(=O)[O-])n2)cc1,0,train,0.062828353,0.044291046,0.083600116,0.083600116,0,1,0,0,1,1,1,0.083600116,True,True,0,1,0,1,0,1,1,1
clintox:866,866,Cc1ccc(/C(=C\C[NH+]2CCCC2)c2ccccn2)cc1,0,train,0.159971133,0.057566718,0.100683376,0.159971133,0,0,0,0,0,0,0,0.159971133,True,True,0,0,0,0,0,0,0,0
clintox:867,867,Cc1cc2nc3c(=O)[nH]c(=O)nc-3n(C[C@H](O)[C@H](O)[C@H](O)CO)c2cc1C,0,train,0.054295979,0.054591202,0.072081795,0.072081795,0,1,0,0,1,1,1,0.072081795,True,True,0,1,0,1,0,1,1,1
clintox:868,868,Cc1cc2nc3c(=O)[nH]c(=O)nc-3n(C[C@H](O)[C@H](O)[C@H](O)COP(=O)([O-])[O-])c2cc1C,0,train,0.033363926,0.031157797,0.046180106,0.046180106,0,1,0,0,1,1,1,0.046180106,True,True,0,1,0,1,0,1,1,1
clintox:869,869,Cc1cc2cc3c(C)cc(=O)oc3c(C)c2o1,0,train,0.058421415,0.032867928,0.081147232,0.081147232,0,1,0,0,0,1,1,0.081147232,True,True,0,1,0,1,0,0,1,1
clintox:870,870,COc1c2occc2cc2ccc(=O)oc12,0,train,0.044036303,0.016750821,0.058185049,0.058185049,0,1,0,0,0,1,1,0.058185049,True,True,0,1,0,1,0,0,1,1
clintox:871,871,CC(=O)O[C@@]12CO[C@@H]1C[C@H](O)[C@@]1(C)C(=O)[C@H](O)C3=C(C)[C@@H](OC(=O)[C@H](O)[C@@H](NC(=O)OC(C)(C)C)c4ccccc4)C[C@@](O)([C@@H](OC(=O)c4ccccc4)[C@H]21)C3(C)C,1,train,0.43327849,0.131521976,0.719138047,0.719138047,0,1,0,0,1,0,1,0.719138047,True,True,0,1,0,1,0,1,0,1
clintox:872,872,CO[C@H]1C(=O)[C@]2(C)[C@@H](OC)C[C@H]3OC[C@@]3(OC(C)=O)[C@H]2[C@H](OC(=O)c2ccccc2)[C@]2(O)C[C@H](OC(=O)[C@H](O)[C@@H](NC(=O)OC(C)(C)C)c3ccccc3)C(C)=C1C2(C)C,0,train,0.602380955,0.283118498,0.810891048,0.810891048,0,1,0,0,1,0,1,0.810891048,True,True,0,1,0,1,0,1,0,1
clintox:873,873,Cc1ccc(NC(=O)c2ccc(CN3CCN(C)CC3)cc2)cc1Nc1nccc(-c2cccnc2)n1,1,train,0.8291439,0.816247822,0.771109468,0.8291439,0,0,0,0,0,0,0,0.8291439,True,True,0,0,0,0,0,0,0,0
clintox:874,874,CS(=O)(=O)O.Cc1ccc(NC(=O)c2ccc(CN3CCN(C)CC3)cc2)cc1Nc1nccc(-c2cccnc2)n1,1,train,0.679004118,0.520946362,0.773644328,0.773644328,0,0,0,0,0,0,0,0.773644328,True,True,0,1,0,1,1,1,0,1
clintox:875,875,Cc1cn(-c2cc(NC(=O)c3ccc(C)c(Nc4nccc(-c5cccnc5)n4)c3)cc(C(F)(F)F)c2)cn1,1,train,0.649380095,0.789168762,0.591489378,0.789168762,0,0,0,0,0,0,0,0.789168762,True,True,0,0,0,0,0,0,0,0
clintox:876,876,Cc1cn(-c2cc(NC(=O)c3ccc(C)c(Nc4nccc(-c5cccnc5)n4)c3)cc(C(F)(F)F)c2)cn1,0,train,0.649380095,0.789168762,0.591489378,0.789168762,0,0,0,0,0,0,0,0.789168762,True,True,0,0,0,0,0,0,0,0
clintox:877,877,CC1=C(C/C=C(\C)CCC[C@H](C)CCC[C@H](C)CCCC(C)C)C(=O)c2ccccc2C1=O,0,train,0.018148781,0.015471386,0.06004578,0.06004578,1,1,1,0,1,1,1,0.06004578,True,True,1,1,1,1,0,1,1,1
clintox:878,878,CC1=CC(=O)c2ccccc2C1=O,0,train,0.16533325,0.085292882,0.279691353,0.279691353,1,0,0,0,1,1,1,0.279691353,True,True,1,0,0,0,0,1,1,1
clintox:879,879,CN1C(=O)CC(C)(c2ccccc2)C1=O,0,train,0.009922179,0.008398545,0.040602723,0.040602723,0,1,0,0,0,0,0,0.040602723,True,True,0,1,0,1,0,0,0,0
clintox:880,880,CN1C(=O)CC(c2ccccc2)C1=O,0,train,0.006429178,0.005220053,0.031344089,0.031344089,0,1,0,0,0,0,0,0.031344089,True,True,0,1,0,1,0,0,0,0
clintox:881,881,CN1C(=O)OC(C)(C)C1=O,0,train,0.007693849,0.005492315,0.026174756,0.026174756,0,0,0,0,0,0,0,0.026174756,True,True,0,0,0,0,0,0,0,0
clintox:882,882,CCC1(C)OC(=O)N(C)C1=O,0,train,0.007394508,0.005582553,0.02837527,0.02837527,0,0,0,0,0,0,0,0.02837527,True,True,0,0,0,0,0,0,0,0
clintox:883,883,CC/C(=C(/CC)c1ccc(O)cc1)c1ccc(O)cc1,0,train,0.347147833,0.242709585,0.287463395,0.347147833,0,1,0,0,1,0,0,0.347147833,True,True,0,1,0,1,0,1,0,0
clintox:884,884,CC/C(=C(/CC)c1ccc(OP(=O)([O-])[O-])cc1)c1ccc(OP(=O)([O-])[O-])cc1,0,train,0.112944408,0.105233144,0.176135838,0.176135838,0,1,1,0,1,0,1,0.176135838,True,True,0,1,1,1,0,1,0,1
clintox:885,885,CO/N=C(\C(=O)N[C@@H]1C(=O)N2C(C(=O)OC(C)OC(C)=O)=C(COC(N)=O)CS[C@H]12)c1ccco1,0,train,0.048716984,0.05994619,0.043215745,0.05994619,1,1,1,1,1,1,1,0.05994619,True,True,1,1,1,1,1,1,1,1
clintox:886,886,CO/N=C(\C(=O)N[C@@H]1C(=O)N2C(C(=O)[O-])=C(COC(N)=O)CS[C@H]12)c1ccco1,0,train,0.007347391,0.007719847,0.021862177,0.021862177,1,1,1,1,1,1,1,0.021862177,True,True,1,1,1,1,1,1,1,1
clintox:887,887,CC(=O)OCC1=C(C(=O)[O-])N2C(=O)[C@@H](NC(=O)Cc3cccs3)[C@H]2SC1,0,train,0.010299458,0.014867482,0.019440229,0.019440229,1,0,1,0,1,1,1,0.019440229,True,True,1,0,1,0,0,1,1,1
clintox:888,888,CO[C@@]1(NC(=O)Cc2cccs2)C(=O)N2C(C(=O)[O-])=C(COC(N)=O)CS[C@@H]21,0,train,0.006790313,0.009016287,0.016081285,0.016081285,1,1,1,0,1,1,1,0.016081285,True,True,1,1,1,1,0,1,1,1
clintox:889,889,C#C[C@]1(OC(C)=O)CC[C@H]2[C@@H]3CCC4=C[C@@H](OC(C)=O)CC[C@@H]4[C@H]3CC[C@@]21C,0,train,0.123196087,0.124094319,0.110365382,0.124094319,0,1,0,1,1,0,0,0.124094319,True,True,0,1,0,1,1,1,0,0
clintox:890,890,CC[C@]1(O)CC[C@H]2[C@@H]3CCC4=CCCC[C@@H]4[C@H]3CC[C@@]21C,0,train,0.135336808,0.109554426,0.16861029,0.16861029,0,1,0,0,0,0,0,0.16861029,True,True,0,1,0,1,0,0,0,0
clintox:891,891,CC(=O)O[C@H]1CC[C@@]2(C)C(=CC[C@@H]3[C@@H]2CC[C@]2(C)C(c4cccnc4)=CC[C@@H]32)C1,0,train,0.101223457,0.056567395,0.044574636,0.101223457,0,1,0,0,1,0,0,0.101223457,True,True,0,1,0,1,0,1,0,0
clintox:892,892,CC(=O)O[C@H]1CC[C@@]2(C)C(=CC[C@@H]3[C@@H]2CC[C@]2(C)C(c4cccnc4)=CC[C@@H]32)C1,1,train,0.101223457,0.056567395,0.044574636,0.101223457,0,1,0,0,1,0,0,0.101223457,True,True,0,1,0,1,0,1,0,0
clintox:893,893,CC(=O)N1CCN(c2ccc(OC[C@H]3CO[C@](Cn4ccnc4)(c4ccc(Cl)cc4Cl)O3)cc2)CC1,1,train,0.337889145,0.268232285,0.061900378,0.337889145,0,0,0,0,0,0,0,0.337889145,True,True,0,0,0,0,0,0,0,0
clintox:894,894,CC(=O)N1CCN(c2ccc(OC[C@H]3CO[C@](Cn4ccnc4)(c4ccc(Cl)cc4Cl)O3)cc2)CC1,0,train,0.337889145,0.268232285,0.061900378,0.337889145,0,0,0,0,0,0,0,0.337889145,True,True,0,0,0,0,0,0,0,0
clintox:895,895,CC(=O)CC(c1ccccc1)c1c([O-])c2ccccc2oc1=O,0,train,0.028655417,0.04483067,0.142926532,0.142926532,0,1,0,0,1,1,1,0.142926532,True,True,0,1,0,1,0,1,1,1
clintox:896,896,CCC(c1ccccc1)c1c([O-])c2ccccc2oc1=O,0,train,0.044529256,0.054379221,0.146986829,0.146986829,0,1,0,0,0,1,0,0.146986829,True,True,0,1,0,1,0,0,1,0
clintox:897,897,CC(=O)[C@H]1CC[C@H]2[C@@H]3C=CC4=CC(=O)CC[C@@]4(C)[C@@H]3CC[C@]12C,0,train,0.067276423,0.046280729,0.089501411,0.089501411,0,0,0,0,1,1,0,0.089501411,True,True,0,0,0,0,0,1,1,0
clintox:898,898,CC(=O)O[C@]1(C(C)=O)CC[C@H]2[C@@H]3C=C(C)C4=CC(=O)CC[C@]4(C)[C@H]3CC[C@@]21C,0,train,0.083096002,0.069900072,0.078653913,0.083096002,0,0,0,0,1,1,0,0.083096002,True,True,0,0,0,0,0,1,1,0
clintox:899,899,CC(CCc1ccc(O)cc1)[NH2+]CCc1ccc(O)c(O)c1,0,train,0.18510515,0.056550083,0.164165202,0.18510515,0,1,0,0,0,0,0,0.18510515,True,True,0,1,0,1,0,0,0,0
clintox:900,900,CC(CCc1ccccc1)[NH2+]CC(O)c1ccc(O)c(C(N)=O)c1,0,train,0.1035305,0.046692782,0.143101558,0.143101558,0,0,0,0,1,0,0,0.143101558,True,True,0,0,0,0,0,1,0,0
clintox:901,901,CC(C)CN(C[C@@H](O)[C@H](Cc1ccccc1)NC(=O)O[C@H]1CCOC1)S(=O)(=O)c1ccc(N)cc1,0,train,0.052141961,0.045405259,0.044584074,0.052141961,0,1,0,1,1,0,1,0.052141961,True,True,0,1,0,1,1,1,0,1
clintox:902,902,CC(C)CN(C[C@@H](OP(=O)([O-])[O-])[C@H](Cc1ccccc1)NC(=O)O[C@H]1CCOC1)S(=O)(=O)c1ccc(N)cc1,0,train,0.055887601,0.048167436,0.060917937,0.060917937,0,1,0,1,1,0,1,0.060917937,True,True,0,1,0,1,1,1,0,1
clintox:903,903,CC(C)[NH2+]C[C@H](O)COc1ccc(CCOCC2CC2)cc1,0,train,0.053101286,0.027046613,0.043215709,0.053101286,0,1,0,0,1,0,0,0.053101286,True,True,0,1,0,1,0,1,0,0
clintox:904,904,CC(C)[NH2+]CC(O)COc1ccc(CCOCC2CC2)cc1,0,train,0.049272309,0.025129724,0.040896777,0.049272309,0,1,0,0,1,0,0,0.049272309,True,True,0,1,0,1,0,1,0,0
clintox:905,905,CC(C)[N+](C)(CCOC(=O)C1c2ccccc2Oc2ccccc21)C(C)C,0,train,0.178473597,0.08827984,0.268509853,0.268509853,0,1,0,0,1,0,1,0.268509853,True,True,0,1,0,1,0,1,0,1
clintox:906,906,CC[N+](C)(CC)CCOC(=O)C1c2ccccc2Oc2ccccc21,0,train,0.173356182,0.062590519,0.312088195,0.312088195,0,1,0,0,1,0,1,0.312088195,True,True,0,1,0,1,0,1,0,1
clintox:907,907,CC(C)(C)c1ccc(C[NH+]2CCN(C(c3ccccc3)c3ccc(Cl)cc3)CC2)cc1,0,train,0.139684535,0.109150598,0.15488584,0.15488584,1,0,0,1,1,0,0,0.15488584,True,True,1,0,0,0,1,1,0,0
clintox:908,908,Cc1cccc(C[NH+]2CCN(C(c3ccccc3)c3ccc(Cl)cc3)CC2)c1,0,train,0.180505712,0.147439607,0.084583459,0.180505712,1,0,0,1,1,0,0,0.180505712,True,True,1,0,0,0,1,1,0,0
clintox:909,909,CC(C)(C#N)c1cc(Cn2cncn2)cc(C(C)(C)C#N)c1,0,train,0.069634387,0.085538726,0.091029691,0.091029691,0,0,0,0,0,0,1,0.091029691,True,True,0,0,0,0,0,0,0,1
clintox:910,910,CC(C)(C#N)c1cc(Cn2cncn2)cc(C(C)(C)C#N)c1,1,train,0.069634387,0.085538726,0.091029691,0.091029691,0,0,0,0,0,0,1,0.091029691,True,True,0,0,0,0,0,0,0,1
clintox:911,911,CC(O)C(=O)O.CN1CCN(c2ccc3c(c2)N/C(=C2/C(=O)N=c4cccc(F)c4=C2N)N3)CC1.O,1,train,0.275300703,0.237100592,0.373249007,0.373249007,0,1,0,0,0,0,0,0.373249007,True,True,0,1,0,1,0,0,0,0
clintox:912,912,CN1CCN(c2ccc3c(c2)N/C(=C2\C(=O)N=c4cccc(F)c4=C2N)N3)CC1,1,train,0.265259585,0.308768117,0.287500492,0.308768117,0,1,0,0,0,0,0,0.308768117,True,True,0,1,0,1,0,0,0,0
clintox:913,913,CC#C[C@]1(O)CC[C@H]2[C@@H]3CCC4=CC(=O)CCC4=C3[C@@H](c3ccc(N(C)C)cc3)C[C@@]21C,0,train,0.152554013,0.124563807,0.137688118,0.152554013,0,1,0,0,1,1,0,0.152554013,True,True,0,1,0,1,0,1,1,0
clintox:914,914,CC(=O)O[C@]1(C(C)=O)CC[C@H]2[C@@H]3CCC4=CC(=O)CCC4=C3[C@@H](c3ccc(N(C)C)cc3)C[C@@]21C,0,train,0.169322648,0.143837077,0.163979185,0.169322648,0,0,0,0,1,1,0,0.169322648,True,True,0,0,0,0,0,1,1,0
clintox:915,915,C[NH2+]CC[C@H](Oc1cccc2ccccc12)c1cccs1,0,train,0.455262563,0.262160912,0.558968777,0.558968777,0,0,0,0,0,0,0,0.558968777,True,True,0,0,0,0,0,0,0,0
clintox:916,916,CNCC[C@H](Oc1cccc2ccccc12)c1cccs1,1,train,0.524491123,0.303054233,0.622679022,0.622679022,0,0,0,0,0,0,0,0.622679022,True,True,0,0,0,0,0,0,0,0
clintox:917,917,C[NH+]1CCCCC1CCN1c2ccccc2Sc2ccc(S(C)=O)cc21,0,train,0.675624333,0.492637615,0.737051712,0.737051712,0,0,0,0,0,0,1,0.737051712,True,True,0,0,0,0,0,0,0,1
clintox:918,918,CSc1ccc2c(c1)N(CCC1CCCC[NH+]1C)c1ccccc1S2,0,train,0.914484037,0.801452958,0.916562197,0.916562197,0,0,0,0,0,0,0,0.916562197,True,True,0,0,0,0,0,0,0,0
clintox:919,919,C[NH+]1[C@@H]2C[C@@H](OC(=O)[C@H](CO)c3ccccc3)C[C@H]1[C@@H]1O[C@@H]12,0,train,0.041068855,0.019155083,0.080201581,0.080201581,1,1,0,1,1,1,1,0.080201581,True,True,1,1,0,1,1,1,1,1
clintox:920,920,C[NH+]1C2CC(OC(=O)C(CO)c3ccccc3)CC1C1OC12,0,train,0.041207266,0.019217356,0.080341602,0.080341602,1,1,0,1,1,1,1,0.080341602,True,True,1,1,0,1,1,1,1,1
clintox:921,921,C[NH+](CCOc1ccc(NS(C)(=O)=O)cc1)CCc1ccc(NS(C)(=O)=O)cc1,0,train,0.056490053,0.048407985,0.033663473,0.056490053,0,0,0,0,1,0,0,0.056490053,True,True,0,0,0,0,0,1,0,0
clintox:922,922,CCOc1ccccc1OCC[NH2+][C@H](C)Cc1ccc(OC)c(S(N)(=O)=O)c1,0,train,0.065018143,0.045941435,0.036780684,0.065018143,0,1,0,0,0,0,0,0.065018143,True,True,0,1,0,1,0,0,0,0
clintox:923,923,COc1ccc(CN(CC[NH+](C)C)c2ccccn2)cc1,0,train,0.096311928,0.045158333,0.108320402,0.108320402,0,0,0,0,0,0,0,0.108320402,True,True,0,0,0,0,0,0,0,0
clintox:924,924,C[NH+](C)CCN(Cc1ccccc1)c1ccccn1,0,train,0.050754083,0.020590379,0.06768053,0.06768053,0,0,0,0,0,0,0,0.06768053,True,True,0,0,0,0,0,0,0,0
clintox:925,925,C[NH+](C)CCC[C@@]1(c2ccc(F)cc2)OCc2cc(C#N)ccc21,0,train,0.267798943,0.112972377,0.344619482,0.344619482,0,0,0,0,0,0,0,0.344619482,True,True,0,0,0,0,0,0,0,0
clintox:926,926,C[NH+](C)CCCC1(c2ccc(F)cc2)OCc2cc(C#N)ccc21,0,train,0.267798943,0.112972377,0.344619482,0.344619482,0,0,0,0,0,0,0,0.344619482,True,True,0,0,0,0,0,0,0,0
clintox:927,927,COc1cccc([C@@]2(O)CCCC[C@@H]2C[NH+](C)C)c1,0,train,0.052529798,0.030083947,0.116029723,0.116029723,0,0,0,0,0,0,0,0.116029723,True,True,0,0,0,0,0,0,0,0
clintox:928,928,COc1cccc([C@@]2(O)CCCC[C@@H]2CN(C)C)c1,1,train,0.053513748,0.03348847,0.101957643,0.101957643,0,0,0,0,0,0,0,0.101957643,True,True,0,0,0,0,0,0,0,0
clintox:929,929,COc1ccc2cc1Oc1cc3c(cc1OC)CC[N+](C)(C)[C@H]3Cc1ccc(cc1)Oc1c(OC)c(OC)cc3c1[C@@H](C2)[N+](C)(C)CC3,0,train,0.078917588,0.082894392,0.099529785,0.099529785,1,1,1,1,1,0,0,0.099529785,True,True,1,1,1,1,1,1,0,0
clintox:930,930,COc1cc2c3cc1Oc1cc(ccc1O)C[C@@H]1c4c(cc(OC)c(O)c4Oc4ccc(cc4)C[C@@H]3[NH+](C)CC2)CC[N+]1(C)C,0,train,0.121695746,0.073151005,0.205016655,0.205016655,1,1,0,1,1,0,0,0.205016655,True,True,1,1,0,1,1,1,0,0
clintox:931,931,COc1ccc(CC2c3cc(OC)c(OC)cc3CC[N+]2(C)CCC(=O)OCCCCCOC(=O)CC[N+]2(C)CCc3cc(OC)c(OC)cc3C2Cc2ccc(OC)c(OC)c2)cc1OC,0,train,0.272975713,0.142759633,0.25005092,0.272975713,1,1,1,1,1,0,1,0.272975713,True,True,1,1,1,1,1,1,0,1
clintox:932,932,COc1ccc(C[C@@H]2c3cc(OC)c(OC)cc3CC[N@+]2(C)CCC(=O)OCCCCCOC(=O)CC[N@@+]2(C)CCc3cc(OC)c(OC)cc3[C@H]2Cc2ccc(OC)c(OC)c2)cc1OC,0,train,0.272975713,0.142759633,0.25005092,0.272975713,1,1,1,1,1,0,1,0.272975713,True,True,1,1,1,1,1,1,0,1
clintox:933,933,C[C@H]1COc2c(N3CC[NH+](C)CC3)c(F)cc3c(=O)c(C(=O)[O-])cn1c23,0,train,0.030095888,0.030111179,0.064643574,0.064643574,0,0,0,0,0,1,0,0.064643574,True,True,0,0,0,0,0,0,1,0
clintox:934,934,CC1COc2c(N3CC[NH+](C)CC3)c(F)cc3c(=O)c(C(=O)[O-])cn1c23,0,train,0.030095888,0.030111179,0.064643574,0.064643574,0,0,0,0,0,1,0,0.064643574,True,True,0,0,0,0,0,0,1,0
clintox:935,935,C[NH2+][C@H](CC(C)C)C(=O)N[C@H]1C(=O)N[C@@H](CC(N)=O)C(=O)N[C@H]2C(=O)N[C@H]3C(=O)N[C@H](C(=O)N[C@H](C(=O)[O-])c4cc(O)cc(O)c4-c4cc3ccc4O)[C@H](O)c3ccc(c(Cl)c3)Oc3cc2cc(c3O[C@@H]2O[C@H](CO)[C@@H](O)[C@H](O)[C@H]2O[C@H]2C[C@](C)([NH3+])[C@H](O)[C@H](C)O2)Oc2ccc(cc2Cl)[C@H]1O,0,train,0.115717772,0.017050454,0.152429398,0.152429398,1,0,1,1,1,0,0,0.152429398,True,True,1,0,1,0,1,1,0,0
clintox:936,936,CCCCCCCCCCNCC[NH2+][C@@]1(C)C[C@H](O[C@H]2[C@H](Oc3c4cc5cc3Oc3ccc(cc3Cl)[C@@H](O)[C@@H](NC(=O)[C@@H](CC(C)C)[NH2+]C)C(=O)N[C@@H](CC(N)=O)C(=O)N[C@H]5C(=O)N[C@H]3C(=O)N[C@H](C(=O)N[C@H](C(=O)[O-])c5cc(O)c(C[NH2+]CP(=O)([O-])[O-])c(O)c5-c5cc3ccc5O)[C@H](O)c3ccc(c(Cl)c3)O4)O[C@H](CO)[C@@H](O)[C@@H]2O)O[C@@H](C)[C@H]1O,0,train,0.068632368,0.021467713,0.077759792,0.077759792,1,1,1,1,1,1,1,0.077759792,True,True,1,1,1,1,1,1,1,1
clintox:937,937,C[C@H](CCC(=O)[O-])[C@H]1CC[C@H]2[C@@H]3[C@H](O)C[C@@H]4C[C@H](O)CC[C@]4(C)[C@H]3CC[C@]12C,0,train,0.02525894,0.015289115,0.08450543,0.08450543,0,0,0,0,0,0,0,0.08450543,True,True,0,0,0,0,0,0,0,0
clintox:938,938,C[C@H](CCC(=O)[O-])[C@H]1CC[C@H]2[C@@H]3[C@@H](O)C[C@@H]4C[C@H](O)CC[C@]4(C)[C@H]3CC[C@]12C,0,train,0.025254879,0.015285678,0.084471526,0.084471526,0,0,0,0,0,0,0,0.084471526,True,True,0,0,0,0,0,0,0,0
clintox:939,939,CC1(C)O[C@@H]2C[C@H]3[C@@H]4C[C@H](F)C5=CC(=O)CC[C@]5(C)[C@H]4[C@@H](O)C[C@]3(C)[C@]2(C(=O)CO)O1,0,train,0.010702957,0.00357735,0.028585927,0.028585927,0,0,0,0,1,1,1,0.028585927,True,True,0,0,0,0,0,1,1,1
clintox:940,940,CC1(C)O[C@@H]2C[C@H]3[C@@H]4CCC5=CC(=O)CC[C@]5(C)[C@@]4(F)[C@@H](O)C[C@]3(C)[C@]2(C(=O)CCl)O1,0,train,0.050681198,0.041804757,0.100874071,0.100874071,1,1,1,1,1,1,1,0.100874071,True,True,1,1,1,1,1,1,1,1
clintox:941,941,C[C@]12C=CC(=O)N[C@@H]1CC[C@@H]1[C@@H]2CC[C@]2(C)[C@@H](C(=O)Nc3cc(C(F)(F)F)ccc3C(F)(F)F)CC[C@@H]12,1,train,0.062452372,0.067372299,0.102001867,0.102001867,0,0,0,0,1,1,1,0.102001867,True,True,0,0,0,0,0,1,1,1
clintox:942,942,C[C@]12C=CC(=O)N[C@@H]1CC[C@@H]1[C@@H]2CC[C@]2(C)[C@@H](C(=O)Nc3cc(C(F)(F)F)ccc3C(F)(F)F)CC[C@@H]12,0,train,0.062452372,0.067372299,0.102001867,0.102001867,0,0,0,0,1,1,1,0.102001867,True,True,0,0,0,0,0,1,1,1
clintox:943,943,C[C@]12CC[C@@H]3c4ccc(O)cc4CC[C@H]3[C@@H]1CCC2=O,0,train,0.084484358,0.056540651,0.094190108,0.094190108,0,0,0,0,1,0,0,0.094190108,True,True,0,0,0,0,0,1,0,0
clintox:944,944,C[C@]12CC[C@@H]3c4ccc(OS(=O)(=O)[O-])cc4CC[C@H]3[C@@H]1CCC2=O,0,train,0.057351309,0.045129789,0.094650095,0.094650095,0,1,0,0,1,0,1,0.094650095,True,True,0,1,0,1,0,1,0,1
clintox:945,945,C[C@]12C=CC(=O)C=C1CC[C@@H]1[C@@H]2C(=O)C[C@@]2(C)[C@H]1CC[C@]2(O)C(=O)CO,1,train,0.019636218,0.0109068,0.05510024,0.05510024,0,0,0,0,1,1,1,0.05510024,True,True,0,0,0,0,0,1,1,1
clintox:946,946,C[C@H]1C[C@H]2[C@@H]3CCC4=CC(=O)C=C[C@]4(C)[C@H]3C(=O)C[C@]2(C)[C@@]1(O)C(=O)CO,0,train,0.020567161,0.010507085,0.052512235,0.052512235,0,0,0,0,1,1,1,0.052512235,True,True,0,0,0,0,0,1,1,1
clintox:947,947,COc1cc([C@@H]2c3cc4c(cc3[C@@H](O[C@@H]3O[C@@H]5CO[C@@H](C)O[C@H]5[C@H](O)[C@H]3O)[C@H]3COC(=O)[C@H]23)OCO4)cc(OC)c1O,0,train,0.39569531,0.15114189,0.49089912,0.49089912,0,0,0,0,1,0,0,0.49089912,True,True,0,0,0,0,0,1,0,0
clintox:948,948,COc1cc([C@@H]2c3cc4c(cc3[C@@H](O[C@@H]3O[C@@H]5CO[C@@H](C)O[C@H]5[C@H](O)[C@H]3O)[C@H]3COC(=O)[C@H]23)OCO4)cc(OC)c1O,1,train,0.39569531,0.15114189,0.49089912,0.49089912,0,0,0,0,1,0,0,0.49089912,True,True,0,0,0,0,0,1,0,0
clintox:949,949,C[C@@H]1C[C@H]2[C@@H]3C[C@H](F)C4=CC(=O)C=C[C@]4(C)[C@@]3(F)[C@@H](O)C[C@]2(C)[C@@]1(OC(=O)c1ccco1)C(=O)SCF,0,train,0.063640139,0.066305423,0.067002385,0.067002385,0,1,1,1,1,1,1,0.067002385,True,True,0,1,1,1,1,1,1,1
clintox:950,950,C[C@@H]1C[C@H]2[C@@H]3CCC4=CC(=O)C=C[C@]4(C)[C@@]3(Cl)[C@@H](O)C[C@]2(C)[C@@]1(OC(=O)c1ccco1)C(=O)CCl,0,train,0.158788648,0.164241177,0.198285352,0.198285352,1,1,1,1,1,1,1,0.198285352,True,True,1,1,1,1,1,1,1,1
clintox:951,951,C=CC[C@@H]1/C=C(\C)C[C@H](C)C[C@H](OC)[C@H]2O[C@@](O)(C(=O)C(=O)N3CCCC[C@H]3C(=O)O[C@H](/C(C)=C/[C@@H]3CC[C@@H](O)[C@H](OC)C3)[C@H](C)[C@@H](O)CC1=O)[C@H](C)C[C@@H]2OC,0,train,0.032260972,0.016083893,0.191739817,0.191739817,0,1,0,1,1,1,1,0.191739817,True,True,0,1,0,1,1,1,1,1
clintox:952,952,CC[C@@H]1/C=C(/C)C[C@H](C)C[C@H](OC)[C@H]2O[C@@](O)(C(=O)C(=O)N3CCCC[C@H]3C(=O)O[C@H](/C(C)=C/[C@@H]3CC[C@H](Cl)[C@H](OC)C3)[C@H](C)[C@@H](O)CC1=O)[C@H](C)C[C@@H]2OC,0,train,0.024234508,0.014075802,0.203635075,0.203635075,1,1,1,1,1,1,0,0.203635075,True,True,1,1,1,1,1,1,1,0
clintox:953,953,C[C@@H](O)[C@H]1C(=O)N2C(C(=O)[O-])=C(S[C@@H]3C[NH2+][C@H](C(=O)N(C)C)C3)[C@H](C)[C@H]12,0,train,0.008188565,0.008426251,0.045297627,0.045297627,1,0,1,1,1,1,0,0.045297627,True,True,1,0,1,0,1,1,1,0
clintox:954,954,C[C@@H](O)[C@H]1C(=O)N2C(C(=O)[O-])=C(S[C@@H]3C[NH2+][C@H](CNS(N)(=O)=O)C3)[C@H](C)[C@H]12,0,train,0.004874237,0.004428891,0.025651356,0.025651356,1,0,1,0,1,1,0,0.025651356,True,True,1,0,1,0,0,1,1,0
clintox:955,955,Nc1nc2c(ncn2COC(CO)CO)c(=O)[nH]1,0,train,0.010957927,0.006396991,0.053371678,0.053371678,0,0,0,0,0,0,1,0.053371678,True,True,0,0,0,0,0,0,0,1
clintox:956,956,CC(C)[C@H]([NH3+])C(=O)OCCOCn1cnc2c(=O)[nH]c(N)nc21,0,train,0.04179876,0.034526439,0.111393521,0.111393521,0,1,0,0,1,0,1,0.111393521,True,True,1,1,0,1,1,1,0,1
clintox:957,957,O=C1CCO1,0,train,0.006589848,0.00322552,0.020291326,0.020291326,1,1,1,1,1,0,0,0.020291326,True,True,1,1,1,1,1,1,0,0
clintox:958,958,CCCCCCCCCCC[C@@H](C[C@@H]1OC(=O)[C@H]1CCCCCC)OC(=O)[C@H](CC(C)C)NC=O,0,train,0.058958093,0.062700715,0.075787615,0.075787615,1,1,1,1,1,1,1,0.075787615,True,True,1,1,1,1,1,1,1,1
clintox:959,959,Nc1cc(-c2ccncc2)c[nH]c1=O,0,train,0.039422214,0.011057867,0.059512239,0.059512239,0,0,0,0,0,0,1,0.059512239,True,True,0,0,0,0,0,0,0,1
clintox:960,960,Cc1[nH]c(=O)c(C#N)cc1-c1ccncc1,0,train,0.020969722,0.010479536,0.065898239,0.065898239,0,0,0,0,0,0,0,0.065898239,True,True,0,0,0,0,0,0,0,0
clintox:961,961,C1C[NH2+]CCN1,0,train,0.01034023,0.004219172,0.025917831,0.025917831,0,0,0,0,0,0,0,0.025917831,True,True,0,0,0,0,0,0,0,0
clintox:962,962,CCN(CC)C(=O)N1CC[NH+](C)CC1,0,train,0.006995923,0.003124562,0.016923082,0.016923082,0,0,0,0,0,0,0,0.016923082,True,True,0,0,0,0,0,0,0,0
clintox:963,963,O=P1(NCCCl)OCCCN1CCCl,1,train,0.014238218,0.012352536,0.053602728,0.053602728,1,1,1,1,1,1,1,0.053602728,True,True,1,1,1,1,1,1,1,1
clintox:964,964,O=P1(N(CCCl)CCCl)NCCCO1,1,train,0.015025608,0.015728317,0.052341486,0.052341486,1,1,1,1,1,1,1,0.052341486,True,True,1,1,1,1,1,1,1,1
clintox:965,965,O=C([O-])CN1CCN(C(CO)C(O)CO)CCN(CC(=O)[O-])CC[NH+](CC(=O)[O-])CC1,0,train,0.001724727,0.000638272,0.012247204,0.012247204,1,0,1,1,0,1,0,0.012247204,True,True,1,0,1,0,1,0,1,0
clintox:966,966,CC(O)CN1CCN(CC(=O)[O-])CCN(CC(=O)[O-])CC[NH+](CC(=O)[O-])CC1,0,train,0.004787865,0.002611264,0.032867687,0.032867687,1,0,1,1,0,1,0,0.032867687,True,True,1,0,1,0,1,0,1,0
clintox:967,967,Clc1ccc2c(c1)C(N1CC[NH2+]CC1)=[NH+]c1ccccc1O2,0,train,0.706378138,0.416381008,0.656071798,0.706378138,0,0,0,1,1,0,0,0.706378138,True,True,0,0,0,0,1,1,0,0
clintox:968,968,C[NH+]1CCN(C2=[NH+]c3ccccc3Oc3ccc(Cl)cc32)CC1,0,train,0.547388338,0.312371092,0.453642573,0.547388338,0,0,0,1,1,0,0,0.547388338,True,True,0,0,0,0,1,1,0,0
clintox:969,969,c1ccc(CC2=[NH+]CCN2)cc1,0,train,0.008531105,0.005249927,0.033018844,0.033018844,0,0,0,1,1,0,0,0.033018844,True,True,0,0,0,0,1,1,0,0
clintox:970,970,Cc1cc(C(C)(C)C)c(O)c(C)c1CC1=[NH+]CCN1,0,train,0.085939564,0.045549599,0.219619567,0.219619567,0,0,0,1,1,0,0,0.219619567,True,True,0,0,0,0,1,1,0,0
clintox:971,971,[NH3+][C@@H]1CC1c1ccccc1,0,train,0.009240128,0.004185372,0.025925521,0.025925521,0,0,0,0,0,0,0,0.025925521,True,True,0,0,0,0,0,0,0,0
clintox:972,972,CCN(CC)C(=O)[C@]1(c2ccccc2)C[C@@H]1C[NH3+],0,train,0.014758731,0.01293319,0.061148817,0.061148817,0,0,0,0,0,0,0,0.061148817,True,True,0,0,0,0,0,0,0,0
clintox:973,973,O=C1c2ccccc2C(=O)C1c1ccccc1,0,train,0.024244629,0.01996163,0.084514526,0.084514526,0,1,0,0,1,0,0,0.084514526,True,True,0,1,0,1,0,1,0,0
clintox:974,974,COc1ccc(C2C(=O)c3ccccc3C2=O)cc1,0,train,0.026991063,0.021776073,0.099318422,0.099318422,0,1,0,0,1,0,0,0.099318422,True,True,0,1,0,1,0,1,0,0
clintox:975,975,O=C1NC(c2ccccc2)(c2ccccc2)C(=O)N1COP(=O)([O-])[O-],0,train,0.033906857,0.058223833,0.079451307,0.079451307,0,1,1,0,1,0,1,0.079451307,True,True,0,1,1,1,0,1,0,1
clintox:976,976,O=C1NC(=O)C(c2ccccc2)(c2ccccc2)N1,0,train,0.023714759,0.027867884,0.090892325,0.090892325,0,1,0,0,1,0,0,0.090892325,True,True,0,1,0,1,0,1,0,0
clintox:977,977,Clc1ccccc1C[NH+]1CCc2sccc2C1,0,train,0.065706263,0.053003048,0.055850203,0.065706263,1,0,0,1,1,0,0,0.065706263,True,True,1,0,0,0,1,1,0,0
clintox:978,978,COC(=O)[C@H](c1ccccc1Cl)[NH+]1CCc2sccc2C1,0,train,0.086441394,0.109314658,0.047083737,0.109314658,1,0,0,1,1,0,0,0.109314658,True,True,1,0,0,0,1,1,0,0
clintox:979,979,Clc1ccc2c(c1)CCc1cccnc1C2=C1CC[NH2+]CC1,0,train,0.571674618,0.33960694,0.471073332,0.571674618,0,0,0,0,0,0,0,0.571674618,True,True,0,0,0,0,0,0,0,0
clintox:980,980,C[NH+]1CCC(=C2c3ccccc3CCc3cccnc32)CC1,0,train,0.203680273,0.088932534,0.176173562,0.203680273,0,0,0,0,0,0,0,0.203680273,True,True,0,0,0,0,0,0,0,0
clintox:981,981,Nc1nc2ccc(OC(F)(F)F)cc2s1,0,train,0.079378508,0.055117241,0.127235874,0.127235874,0,0,0,1,0,0,1,0.127235874,True,True,0,0,0,0,1,0,0,1
clintox:982,982,CCOc1ccc2nc(S(N)(=O)=O)sc2c1,0,train,0.056920796,0.04416727,0.107853035,0.107853035,0,0,0,0,0,0,0,0.107853035,True,True,0,0,0,0,0,0,0,0
clintox:983,983,Nc1cccc2c1CN(C1CCC(=O)NC1=O)C2=O,1,train,0.020288704,0.011346954,0.066978605,0.066978605,1,1,0,1,1,0,1,0.066978605,True,True,1,1,0,1,1,1,0,1
clintox:984,984,Nc1cccc2c1CN(C1CCC(=O)NC1=O)C2=O,0,train,0.020288704,0.011346954,0.066978605,0.066978605,1,1,0,1,1,0,1,0.066978605,True,True,1,1,0,1,1,1,0,1
clintox:985,985,Nc1ccc(S(=O)(=O)c2ccc(N)cc2)cc1,0,train,0.059694369,0.036630304,0.123423902,0.123423902,0,1,0,1,0,0,1,0.123423902,True,True,0,1,0,1,1,0,0,1
clintox:986,986,O=S([O-])CNc1ccc(S(=O)(=O)c2ccc(NCS(=O)[O-])cc2)cc1,0,train,0.021179962,0.015203673,0.103138761,0.103138761,0,1,0,0,0,0,1,0.103138761,True,True,0,1,0,1,0,0,0,1
clintox:987,987,Oc1ccc(CCCC[NH2+]C[C@H](O)c2ccc(O)c(O)c2)cc1,0,train,0.129761026,0.037434078,0.17302205,0.17302205,0,1,0,0,1,0,0,0.17302205,True,True,0,1,0,1,0,1,0,0
clintox:988,988,COc1ccc(CC[NH+](C)CCCC(C#N)(c2ccc(OC)c(OC)c2)C(C)C)cc1OC,0,train,0.437915592,0.23658889,0.314243407,0.437915592,0,0,0,0,1,0,0,0.437915592,True,True,0,0,0,0,0,1,0,0
clintox:989,989,Nc1nc(=O)c2c(CCc3ccc(C(=O)N[C@@H](CCC(=O)[O-])C(=O)[O-])cc3)c[nH]c2[nH]1,0,train,0.024496998,0.014147228,0.11133346,0.11133346,0,0,0,0,1,0,1,0.11133346,True,True,0,0,0,0,0,1,0,1
clintox:990,990,Nc1nc(=O)c2c(CCc3ccc(C(=O)N[C@@H](CCC(=O)O)C(=O)O)cc3)c[nH]c2[nH]1,1,train,0.036271752,0.025058343,0.137175,0.137175,0,0,0,0,1,0,1,0.137175,True,True,0,0,0,0,0,1,0,1
clintox:991,991,O=C1CC[C@@]2(O)[C@H]3Cc4ccc(O)c5c4[C@@]2(CC[NH+]3CC2CC2)[C@H]1O5,0,train,0.056141129,0.027201294,0.050389307,0.056141129,0,0,0,0,1,0,0,0.056141129,True,True,0,0,0,0,0,1,0,0
clintox:992,992,C[N+]1(CC2CC2)CC[C@]23c4c5ccc(O)c4O[C@H]2C(=O)CC[C@@]3(O)[C@H]1C5,0,train,0.036169004,0.00877,0.054882745,0.054882745,0,1,0,0,1,0,0,0.054882745,True,True,0,1,0,1,0,1,0,0
clintox:993,993,O=C1c2c([O-])ccc([O-])c2C(=O)c2c(NCC[NH2+]CCO)ccc(NCC[NH2+]CCO)c21,0,train,0.790516002,0.521841832,0.784747755,0.790516002,1,1,0,0,1,0,1,0.790516002,True,True,1,1,0,1,0,1,0,1
clintox:994,994,O=C1c2c(O)ccc(O)c2C(=O)c2c(NCCNCCO)ccc(NCCNCCO)c21,1,train,0.880597925,0.660621938,0.872180502,0.880597925,1,1,0,0,1,0,1,0.880597925,True,True,1,1,0,1,0,1,0,1
clintox:995,995,[NH3+][C@@H]1[C@H]2CN(c3nc4c(cc3F)c(=O)c(C(=O)[O-])cn4-c3ccc(F)cc3F)C[C@@H]12,0,train,0.095472289,0.152240442,0.16137847,0.16137847,0,0,0,0,0,0,0,0.16137847,True,True,0,0,0,0,0,0,0,0
clintox:996,996,C[C@H]([NH3+])C(=O)N[C@@H](C)C(=O)NC1[C@H]2CN(c3nc4c(cc3F)c(=O)c(C(=O)[O-])cn4-c3ccc(F)cc3F)C[C@@H]12,0,train,0.040543805,0.050663924,0.13881247,0.13881247,1,0,0,1,1,0,0,0.13881247,True,True,1,0,0,0,1,1,0,0
clintox:997,997,Clc1ccc(COC(Cn2ccnc2)c2ccc(Cl)cc2Cl)c(Cl)c1,0,train,0.366624458,0.334247595,0.167046768,0.366624458,0,0,0,0,0,0,1,0.366624458,True,True,0,0,0,0,0,0,0,1
clintox:998,998,Clc1ccc(COC(Cn2ccnc2)c2ccc(Cl)cc2Cl)cc1,0,train,0.357819625,0.314850708,0.141494215,0.357819625,0,0,0,0,0,0,0,0.357819625,True,True,0,0,0,0,0,0,0,0
clintox:999,999,O=C([O-])c1cc(-c2ccc(F)cc2F)ccc1O,0,train,0.027988667,0.016603419,0.075073219,0.075073219,0,0,0,0,0,0,0,0.075073219,True,True,0,0,0,0,0,0,0,0
clintox:1000,1000,CC(C(=O)[O-])c1ccc(-c2ccccc2)c(F)c1,0,train,0.018017418,0.013189701,0.076720872,0.076720872,0,0,0,0,0,0,0,0.076720872,True,True,0,0,0,0,0,0,0,0
clintox:1001,1001,[NH3+]CCc1cc[nH]n1,0,train,0.004979167,0.001935766,0.01590728,0.01590728,0,0,0,0,0,0,0,0.01590728,True,True,0,0,0,0,0,0,0,0
clintox:1002,1002,Cc1cn[nH]c1,0,train,0.007931723,0.003371909,0.021086897,0.021086897,0,0,0,0,0,0,0,0.021086897,True,True,0,0,0,0,0,0,0,0
clintox:1003,1003,O=C1OC2(c3cc([131I])c([O-])c([131I])c3Oc3c2cc([131I])c([O-])c3[131I])c2c(Cl)c(Cl)c(Cl)c(Cl)c21,0,train,0.023520793,0.033244914,0.068050164,0.068050164,0,1,1,0,1,1,1,0.068050164,True,True,0,1,1,1,0,1,1,1
clintox:1004,1004,O=C1OC2(c3ccc(O)cc3Oc3cc(O)ccc32)c2ccccc21,0,train,0.055446314,0.062570094,0.075578675,0.075578675,0,0,0,0,1,1,0,0.075578675,True,True,0,0,0,0,0,1,1,0
clintox:1005,1005,ClCC1CO1,0,train,0.009687584,0.005702665,0.033908535,0.033908535,1,1,1,1,1,1,1,0.033908535,True,True,1,1,1,1,1,1,1,1
clintox:1006,1006,C[C@@H]1O[C@@H]1P(=O)([O-])[O-],0,train,0.004138549,0.00219151,0.014075188,0.014075188,1,1,0,1,1,1,1,0.014075188,True,True,1,1,0,1,1,1,1,1
clintox:1007,1007,NC(CCSCc1csc([NH+]=C(N)N)n1)=NS(N)(=O)=O,0,train,0.042221705,0.049392937,0.110351306,0.110351306,0,1,0,1,1,1,0,0.110351306,True,True,0,1,0,1,1,1,1,0
clintox:1008,1008,CN/C(=C\[N+](=O)[O-])[NH2+]CCSCc1csc(C[NH+](C)C)n1,0,train,0.009324156,0.007684067,0.021553178,0.021553178,1,1,0,1,1,0,0,0.021553178,True,True,1,1,0,1,1,1,0,0
clintox:1009,1009,Nc1cc(Cl)c(NC2=[NH+]CCN2)c(Cl)c1,0,train,0.034812135,0.019996259,0.06818646,0.06818646,0,1,0,1,1,0,1,0.06818646,True,True,0,1,0,1,1,1,0,1
clintox:1010,1010,Clc1cccc(Cl)c1NC1=[NH+]CCN1,0,train,0.032280286,0.020650301,0.060751557,0.060751557,0,0,0,1,1,0,0,0.060751557,True,True,0,0,0,0,1,1,0,0
clintox:1011,1011,Nc1nc(=O)n([C@@H]2CS[C@H](CO)O2)cc1F,0,train,0.017099082,0.011653316,0.063086361,0.063086361,0,0,0,0,0,1,1,0.063086361,True,True,0,0,0,0,0,0,1,1
clintox:1012,1012,Nc1ccn([C@@H]2CS[C@H](CO)O2)c(=O)n1,0,train,0.00753389,0.004193029,0.03792168,0.03792168,0,0,0,0,0,1,1,0.03792168,True,True,0,0,0,0,0,0,1,1
clintox:1013,1013,Nc1[nH]c(=O)ncc1F,0,train,0.007435551,0.003411046,0.028543089,0.028543089,0,0,0,0,0,0,1,0.028543089,True,True,0,0,0,0,0,0,0,1
clintox:1014,1014,Nc1ccn(C[C@@H](CO)OCP(=O)([O-])[O-])c(=O)n1,0,train,0.006683914,0.003137331,0.046019167,0.046019167,0,1,0,0,0,1,1,0.046019167,True,True,0,1,0,1,0,0,1,1
clintox:1015,1015,[NH3+]C[C@@H]1O[C@H](O[C@H]2[C@@H](O)[C@H](O[C@@H]3[C@@H](O)[C@H]([NH3+])C[C@H]([NH3+])[C@H]3O[C@H]3O[C@H](C[NH3+])[C@@H](O)[C@H](O)[C@H]3[NH3+])O[C@@H]2CO)[C@H]([NH3+])[C@@H](O)[C@@H]1O,0,train,0.041272816,0.010421359,0.112044901,0.112044901,0,0,1,0,1,0,0,0.112044901,True,True,0,0,1,0,0,1,0,0
clintox:1016,1016,[NH3+]C[C@@H]1O[C@H](O[C@H]2[C@@H](O)[C@H](O[C@@H]3[C@@H](O)[C@H]([NH3+])C[C@H]([NH3+])[C@H]3O[C@H]3O[C@H](CO)[C@@H](O)[C@H](O)[C@H]3[NH3+])O[C@@H]2CO)[C@H]([NH3+])[C@@H](O)[C@@H]1O,0,train,0.039725377,0.00969936,0.110154953,0.110154953,0,0,1,0,1,0,0,0.110154953,True,True,0,0,1,0,0,1,0,0
clintox:1017,1017,NC(=O)N/C=C1\NC(=O)[C@H](CO)NC(=O)[C@H](CO)NC(=O)[C@@H](NC(=O)C[C@@H]([NH3+])CCC[NH3+])CNC(=O)[C@H]([C@H]2C[C@H](O)[NH+]=C(N)N2)NC1=O,0,train,0.008763299,0.004679332,0.049388615,0.049388615,0,1,0,1,1,1,0,0.049388615,True,True,0,1,0,1,1,1,1,0
clintox:1018,1018,NC(=O)N/C=C1/NC(=O)[C@H](CNC(=O)C[C@@H]([NH3+])CCC[NH3+])NC(=O)[C@H](CO)NC(=O)[C@@H]([NH3+])CNC(=O)[C@H]([C@H]2CC[NH+]=C(N)N2)NC1=O,0,train,0.016143974,0.005646533,0.103104027,0.103104027,1,1,0,1,1,1,0,0.103104027,True,True,1,1,0,1,1,1,1,0
clintox:1019,1019,NC(=[NH2+])NC(=O)c1nc(Cl)c(N)nc1N,0,train,0.07126697,0.040975474,0.124926455,0.124926455,0,1,0,1,1,0,1,0.124926455,True,True,0,1,0,1,1,1,0,1
clintox:1020,1020,NC(=O)c1cnccn1,0,train,0.011654657,0.004498888,0.029433198,0.029433198,0,0,0,0,0,0,0,0.029433198,True,True,0,0,0,0,0,0,0,0
clintox:1021,1021,C/C=C/C1=C(C(=O)[O-])N2C(=O)[C@@H](NC(=O)[C@H]([NH3+])c3ccc(O)cc3)[C@H]2SC1,0,train,0.008873466,0.007085573,0.02127195,0.02127195,1,0,1,1,1,1,0,0.02127195,True,True,1,0,1,0,1,1,1,0
clintox:1022,1022,CC(=O)OCC1=C(C(=O)[O-])N2C(=O)[C@@H](NC(=O)[C@H]([NH3+])c3ccccc3)[C@H]2SC1,0,train,0.011617198,0.01394369,0.028167631,0.028167631,1,0,1,1,1,1,1,0.028167631,True,True,1,0,1,0,1,1,1,1
clintox:1023,1023,O=S(=O)(OC[C@H]1O[C@@H](O[C@]2(COS(=O)(=O)O[Al](O)O)O[C@H](OS(=O)(=O)O[Al](O)O)[C@@H](OS(=O)(=O)O[Al](O)O)[C@@H]2OS(=O)(=O)O[Al](O)O)[C@H](OS(=O)(=O)O[Al](O)O)[C@@H](OS(=O)(=O)O[Al](O)O)[C@@H]1OS(=O)(=O)O[Al](O)O)O[Al](O)O,0,train,0.042548903,0.036982691,0.061990633,0.061990633,0,0,1,1,1,1,1,0.061990633,True,True,0,0,1,0,1,1,1,1
clintox:1024,1024,OC[C@H]1O[C@@](CO)(O[C@H]2O[C@H](CO)[C@@H](O)[C@H](O)[C@H]2O)[C@@H](O)[C@@H]1O,0,train,0.0125007,0.00817422,0.048571945,0.048571945,0,0,1,0,1,0,0,0.048571945,True,True,0,0,1,0,0,1,0,0
clintox:1025,1025,CC(C)C[C@H](NC(=O)[C@H](Cc1ccccc1)NC(=O)c1cnccn1)B(O)O,0,train,0.365531245,0.366391618,0.455339725,0.455339725,0,1,1,0,1,1,1,0.455339725,True,True,0,1,1,1,0,1,1,1
clintox:1026,1026,CC(C)C[C@H](NC(=O)[C@H](Cc1ccccc1)NC(=O)c1cnccn1)B(O)O,1,train,0.365531245,0.366391618,0.455339725,0.455339725,0,1,1,0,1,1,1,0.455339725,True,True,0,1,1,1,0,1,1,1
clintox:1027,1027,O1[As]2O[As]1O2,0,train,0.396405072,0.309375815,0.622143897,0.622143897,0,1,1,1,1,1,0,0.622143897,True,True,0,1,1,1,1,1,1,0
clintox:1028,1028,CS(=O)(=O)O.Nc1ncnc2c1ncn2CCOC[P@@]1(=O)OCC[C@@H](c2cccc(Cl)c2)O1,1,train,0.037994636,0.031392742,0.065902678,0.065902678,0,1,0,1,1,0,1,0.065902678,True,True,0,1,0,1,1,1,0,1
clintox:1029,1029,CS(=O)(=O)c1ccc(C2=C(c3ccccc3)C(=O)OC2)cc1,0,train,0.074745878,0.059349467,0.135676247,0.135676247,0,1,0,0,1,1,0,0.135676247,True,True,0,1,0,1,0,1,1,0
clintox:1030,1030,COc1ccccc1OCC[NH2+]CC(O)COc1cccc2[nH]c3ccccc3c12,0,train,0.787725982,0.740387335,0.589636978,0.787725982,0,1,0,0,1,0,0,0.787725982,True,True,0,1,0,1,0,1,0,0
clintox:1031,1031,COC(=O)[C@H]1[C@H]2C[C@@H]3c4[nH]c5cc(OC)ccc5c4CC[NH+]3C[C@H]2C[C@@H](OC(=O)/C=C/c2cc(OC)c(OC)c(OC)c2)[C@@H]1OC,0,train,0.120463121,0.094811851,0.059035171,0.120463121,1,1,0,1,1,1,1,0.120463121,True,True,1,1,0,1,1,1,1,1
clintox:1032,1032,COc1ccc(-c2ccc3cc(C(=O)[O-])ccc3c2)cc1C12CC3CC(CC(C3)C1)C2,0,train,0.064171938,0.102216056,0.166822038,0.166822038,0,0,0,0,0,0,1,0.166822038,True,True,0,0,0,0,0,0,0,1
clintox:1033,1033,COc1ccc(Cl)cc1C(=O)NCCc1ccc(S(=O)(=O)[N-]C(=O)NC2CCCCC2)cc1,0,train,0.045245886,0.081655011,0.062072559,0.081655011,0,0,0,0,1,0,0,0.081655011,True,True,0,0,0,0,0,1,0,0
clintox:1034,1034,COc1cc2ncnc(Nc3ccc(F)c(Cl)c3)c2cc1OCCC[NH+]1CCOCC1,0,train,0.682623388,0.494984335,0.390160962,0.682623388,0,1,0,0,0,0,0,0.682623388,True,True,0,1,0,1,0,0,0,0
clintox:1035,1035,COc1cc2nc(N3CCN(C(=O)C4COc5ccccc5O4)CC3)nc(N)c2cc1OC,0,train,0.170391465,0.20349736,0.118869612,0.20349736,0,0,0,0,0,0,1,0.20349736,True,True,0,0,0,0,0,0,0,1
clintox:1036,1036,COc1cc2nc(N3CCN(C(=O)C4CCCO4)CC3)nc(N)c2cc1OC,0,train,0.115917967,0.110644414,0.156631235,0.156631235,0,0,0,0,0,0,1,0.156631235,True,True,0,0,0,0,0,0,0,1
clintox:1037,1037,COc1cc2c(cc1OC)C(=O)C(CC1CC[NH+](Cc3ccccc3)CC1)C2,0,train,0.203061622,0.120144467,0.075778444,0.203061622,1,0,0,1,1,0,0,0.203061622,True,True,1,0,0,0,1,1,0,0
clintox:1038,1038,COC1=CC(=O)OC(/C=C/C2=CCCC=C2)C1,1,train,0.022051301,0.013409896,0.04803074,0.04803074,0,0,0,0,1,1,1,0.04803074,True,True,0,0,0,0,0,1,1,1
clintox:1039,1039,COc1cc(Cc2cnc(N)nc2N)cc(OC)c1OC,0,train,0.24975919,0.16291075,0.400610457,0.400610457,0,0,0,0,0,0,1,0.400610457,True,True,0,0,0,0,0,0,0,1
clintox:1040,1040,COc1cc([C@@H]2c3cc4c(cc3[C@H](O)[C@H]3COC(=O)[C@H]23)OCO4)cc(OC)c1OC,0,train,0.470062017,0.402155177,0.477574563,0.477574563,0,0,0,0,1,0,0,0.477574563,True,True,0,0,0,0,0,1,0,0
clintox:1041,1041,COc1cc([C@@H]2c3cc4c(cc3[C@@H](O[C@@H]3O[C@@H]5COC(c6cccs6)O[C@H]5[C@H](O)[C@H]3O)[C@H]3COC(=O)[C@H]23)OCO4)cc(OC)c1O,0,train,0.804752195,0.51897523,0.835694892,0.835694892,0,0,0,0,1,0,0,0.835694892,True,True,0,0,0,0,0,1,0,0
clintox:1042,1042,COc1cc(N)c(Cl)cc1C(=O)NC1CC[NH+](CCCOc2ccc(F)cc2)CC1OC,0,train,0.193107685,0.08174012,0.084705316,0.193107685,0,1,0,1,0,0,1,0.193107685,True,True,0,1,0,1,1,0,0,1
clintox:1043,1043,COc1c(N2C[C@@H]3CCC[NH2+][C@@H]3C2)c(F)cc2c(=O)c(C(=O)[O-])cn(C3CC3)c12,0,train,0.023451401,0.022127855,0.033415611,0.033415611,0,0,0,0,0,1,0,0.033415611,True,True,0,0,0,0,0,0,1,0
clintox:1044,1044,COc1ncnc([N-]S(=O)(=O)c2ccc(N)cc2)c1OC,0,train,0.045162306,0.036808698,0.105532812,0.105532812,0,1,0,1,1,0,1,0.105532812,True,True,0,1,0,1,1,1,0,1
clintox:1045,1045,COc1cc2ncnc(Nc3ccc(F)c(Cl)c3)c2cc1OCCCN1CCOCC1,1,train,0.697574438,0.50059388,0.39296939,0.697574438,0,1,0,0,0,0,0,0.697574438,True,True,0,1,0,1,0,0,0,0
clintox:1046,1046,COC(=O)Nc1nc2cc(C(=O)c3ccccc3)ccc2[nH]1,0,train,0.387719858,0.352672632,0.359997732,0.387719858,0,0,0,0,1,0,1,0.387719858,True,True,0,0,0,0,0,1,0,1
clintox:1047,1047,CO[C@H]1O[C@H](COS(=O)(=O)[O-])[C@@H](O[C@@H]2O[C@@H](C(=O)[O-])[C@@H](O[C@H]3O[C@H](COS(=O)(=O)[O-])[C@@H](O[C@@H]4O[C@H](C(=O)[O-])[C@@H](O[C@H]5O[C@H](COS(=O)(=O)[O-])[C@@H](O)[C@H](O)[C@H]5NS(=O)(=O)[O-])[C@H](O)[C@H]4O)[C@H](OS(=O)(=O)[O-])[C@H]3NS(=O)(=O)[O-])[C@H](O)[C@H]2OS(=O)(=O)[O-])[C@H](O)[C@H]1NS(=O)(=O)[O-],0,train,0.0548194,0.037007266,0.105715047,0.105715047,0,1,1,1,1,1,1,0.105715047,True,True,0,1,1,1,1,1,1,1
clintox:1048,1048,CO/N=C1\CN(c2nc3c(cc2F)c(=O)c(C(=O)[O-])cn3C2CC2)CC1C[NH3+],0,train,0.041687581,0.044491967,0.062741526,0.062741526,0,1,0,1,0,1,1,0.062741526,True,True,0,1,0,1,1,0,1,1
clintox:1049,1049,CNS(=O)(=O)CCc1ccc2[nH]cc(C3CC[NH+](C)CC3)c2c1,0,train,0.090610819,0.05175044,0.077722214,0.090610819,0,0,0,0,1,0,0,0.090610819,True,True,0,0,0,0,0,1,0,0
clintox:1050,1050,CNC1=[NH+]c2ccc(Cl)cc2C(c2ccccc2)=[N+]([O-])C1,0,train,0.247777285,0.199043968,0.278572365,0.278572365,0,1,0,1,1,0,1,0.278572365,True,True,0,1,0,1,1,1,0,1
clintox:1051,1051,CNC(=O)c1cnn(-c2nc(N)c3ncn([C@@H]4O[C@H](CO)[C@@H](O)[C@H]4O)c3n2)c1,0,train,0.102604238,0.092260855,0.124269913,0.124269913,0,0,0,0,0,0,1,0.124269913,True,True,0,0,0,0,0,0,0,1
clintox:1052,1052,Cn1cncc1[C@@](N)(c1ccc(Cl)cc1)c1ccc2c(c1)c(-c1cccc(Cl)c1)cc(=O)n2C,1,train,0.598820317,0.71116504,0.565768973,0.71116504,0,0,0,0,1,1,0,0.71116504,True,True,0,0,0,0,0,1,1,0
clintox:1053,1053,Cn1cnc([N+](=O)[O-])c1Sc1ncnc2nc[nH]c12,0,train,0.268179252,0.357390215,0.463778148,0.463778148,0,1,0,0,1,0,1,0.463778148,True,True,0,1,0,1,0,1,0,1
clintox:1054,1054,Cn1cnc([N+](=O)[O-])c1C[N+](C)(C)C/C=C/C(=O)Nc1cc2c(Nc3ccc(Cl)c(Br)c3)ncnc2cn1,1,train,0.26878312,0.237935883,0.194113918,0.26878312,1,1,0,1,1,1,1,0.26878312,True,True,1,1,0,1,1,1,1,1
clintox:1055,1055,CN1CCC[NH+]=C1COC(=O)C(O)(c1ccccc1)C1CCCCC1,0,train,0.092970712,0.059014832,0.150879643,0.150879643,0,0,0,1,1,0,1,0.150879643,True,True,0,0,0,0,1,1,0,1
clintox:1056,1056,CN1CCC(CNc2ccc3ncc(-c4cccc(OC(F)(F)F)c4)n3n2)CC1,1,train,0.804712865,0.721559432,0.725375223,0.804712865,0,0,0,0,0,0,0,0.804712865,True,True,0,0,0,0,0,0,0,0
clintox:1057,1057,Cn1cc[nH]c1=S,0,train,0.007923726,0.003540162,0.026485736,0.026485736,0,1,0,0,0,0,0,0.026485736,True,True,0,1,0,1,0,0,0,0
clintox:1058,1058,COc1ccc2c3c1O[C@H]1C[C@@H](O)C=C[C@@]31CCN(C)C2,1,train,0.060442607,0.02763216,0.095279508,0.095279508,0,1,0,0,0,0,0,0.095279508,True,True,0,1,0,1,0,0,0,0
clintox:1059,1059,CN1CC(=O)N2[C@H](c3ccc4c(c3)OCO4)c3[nH]c4ccccc4c3C[C@@H]2C1=O,0,train,0.054071701,0.052669059,0.043381168,0.054071701,0,0,0,0,0,0,0,0.054071701,True,True,0,0,0,0,0,0,0,0
clintox:1060,1060,Cn1nc(C(=O)NC2CC3CCCC(C2)[NH+]3C)c2ccccc21,0,train,0.088637858,0.048005583,0.076471683,0.088637858,0,0,0,0,0,0,0,0.088637858,True,True,0,0,0,0,0,0,0,0
clintox:1061,1061,CN1C(=O)CCS(=O)(=O)C1c1ccc(Cl)cc1,0,train,0.016059485,0.01269548,0.077012465,0.077012465,0,0,0,0,0,0,0,0.077012465,True,True,0,0,0,0,0,0,0,0
clintox:1062,1062,Cn1nnc2c(C(N)=O)ncn2c1=O,1,train,0.029108245,0.016473077,0.051217307,0.051217307,0,0,0,0,0,1,0,0.051217307,True,True,0,0,0,0,0,0,1,0
clintox:1063,1063,CO/N=C(\C(=O)N[C@@H]1C(=O)N2C(C(=O)[O-])=C(CSc3nnnn3C)CS[C@H]12)c1csc(N)n1,0,train,0.006839689,0.006708539,0.015191384,0.015191384,1,1,1,1,1,1,1,0.015191384,True,True,1,1,1,1,1,1,1,1
clintox:1064,1064,CO[C@@]1(NC(=O)CSCC#N)C(=O)N2C(C(=O)[O-])=C(CSc3nnnn3C)CS[C@@H]21,0,train,0.01119625,0.012533122,0.02845744,0.02845744,1,1,1,0,1,1,0,0.02845744,True,True,1,1,1,1,0,1,1,0
clintox:1065,1065,CO[C@@]1(NC(=O)C2SC(=C(C(N)=O)C(=O)[O-])S2)C(=O)N2C(C(=O)[O-])=C(CSc3nnnn3C)CS[C@@H]21,0,train,0.007906358,0.006917135,0.015652883,0.015652883,1,1,1,1,1,1,0,0.015652883,True,True,1,1,1,1,1,1,1,0
clintox:1066,1066,CO[C@@]1(NC(=O)C(C(=O)[O-])c2ccc(O)cc2)C(=O)N2C(C(=O)[O-])=C(CSc3nnnn3C)CO[C@@H]21,0,train,0.005541693,0.004351573,0.018704499,0.018704499,1,1,1,0,1,1,0,0.018704499,True,True,1,1,1,1,0,1,1,0
clintox:1067,1067,CO/N=C(\C(=O)N[C@@H]1C(=O)N2C(C(=O)[O-])=C(CSc3nc(=O)c(=O)[nH]n3C)CS[C@H]12)c1csc(N)n1,0,train,0.002681637,0.003376606,0.011636567,0.011636567,1,1,1,1,1,1,1,0.011636567,True,True,1,1,1,1,1,1,1,1
clintox:1068,1068,CN1C(C(=O)Nc2ccccn2)=C(O)c2ccccc2S1(=O)=O,0,train,0.139986304,0.106319092,0.186106262,0.186106262,0,0,0,0,0,0,0,0.186106262,True,True,0,0,0,0,0,0,0,0
clintox:1069,1069,CN(CCOc1ccc(CC2SC(=O)[N-]C2=O)cc1)c1ccccn1,0,train,0.109720091,0.123084532,0.097332371,0.123084532,0,1,0,1,0,0,0,0.123084532,True,True,0,1,0,1,1,0,0,0
clintox:1070,1070,COc1cc2nc(N(C)CCCNC(=O)C3CCCO3)nc(N)c2cc1OC,0,train,0.299273387,0.283581915,0.319681458,0.319681458,0,1,0,0,1,0,1,0.319681458,True,True,0,1,0,1,0,1,0,1
clintox:1071,1071,CN(CCCCCCCCCCN(C)C(=O)Oc1cccc([N+](C)(C)C)c1)C(=O)Oc1cccc([N+](C)(C)C)c1,0,train,0.305811123,0.205067512,0.176548383,0.305811123,1,1,1,1,1,0,1,0.305811123,True,True,1,1,1,1,1,1,0,1
clintox:1072,1072,CN(C(=O)CC(=O)N(C)c1c(I)c(C(=O)NC(CO)C(O)CO)c(I)c(C(=O)NC(CO)C(O)CO)c1I)c1c(I)c(C(=O)NC(CO)C(O)CO)c(I)c(C(=O)NC(CO)C(O)CO)c1I,0,train,0.045586199,0.024658466,0.076431302,0.076431302,0,1,1,1,1,0,1,0.076431302,True,True,0,1,1,1,1,1,0,1
clintox:1073,1073,CN(C)N/N=C1/N=CN=C1C(N)=O,1,train,0.022033933,0.013461286,0.057366611,0.057366611,0,1,1,0,1,0,1,0.057366611,True,True,0,1,1,1,0,1,1,1
clintox:1074,1074,CN(C)c1nc(N(C)C)nc(N(C)C)n1,0,train,0.015945009,0.008972546,0.020939537,0.020939537,0,0,0,0,0,0,0,0.020939537,True,True,0,0,0,0,0,0,0,0
clintox:1075,1075,CCOCCn1c(N2CCC[NH+](C)CC2)nc2ccccc21,0,train,0.073757476,0.039411224,0.040820102,0.073757476,0,1,0,0,0,0,0,0.073757476,True,True,0,1,0,1,0,0,0,0
clintox:1076,1076,CCOc1nc2cccc(C(=O)OCc3oc(=O)oc3C)c2n1Cc1ccc(-c2ccccc2-c2nc(=O)o[nH]2)cc1,0,train,0.118654938,0.166118108,0.098715778,0.166118108,0,0,0,0,1,0,0,0.166118108,True,True,0,0,0,0,0,1,0,0
clintox:1077,1077,CCOc1ccc2ccccc2c1C(=O)N[C@@H]1C(=O)N2[C@@H]1SC(C)(C)[C@@H]2C(=O)[O-],0,train,0.010103327,0.016772857,0.017897665,0.017897665,1,0,1,0,1,0,0,0.017897665,True,True,1,0,1,0,0,1,0,0
clintox:1078,1078,CCOc1ccc(-c2cc(C)cn2-c2ccc(S(N)(=O)=O)cc2)cc1,1,train,0.206131777,0.218806873,0.146243906,0.218806873,0,0,0,0,0,0,0,0.218806873,True,True,0,0,0,0,0,0,0,0
clintox:1079,1079,CCOc1cc(CC(=O)N[C@@H](CC(C)C)c2ccccc2N2CCCCC2)ccc1C(=O)[O-],0,train,0.050719147,0.081350726,0.081215918,0.081350726,0,0,0,0,1,0,0,0.081350726,True,True,0,0,0,0,0,1,0,0
clintox:1080,1080,CCOC(=O)Nc1ccc2c(c1)N(C(=O)CC[NH+]1CCOCC1)c1ccccc1S2,0,train,0.148239825,0.135042341,0.08236883,0.148239825,0,0,0,1,1,0,1,0.148239825,True,True,0,0,0,0,1,1,0,1
clintox:1081,1081,CCOC(=O)Nc1ccc(NCc2ccc(F)cc2)cc1N,0,train,0.118960863,0.094812161,0.089302382,0.118960863,0,1,0,1,0,0,1,0.118960863,True,True,0,1,0,1,1,0,0,1
clintox:1082,1082,CCOC(=O)N1CCC(=C2c3ccc(Cl)cc3CCc3cccnc32)CC1,0,train,0.208026242,0.206285362,0.05853496,0.208026242,0,0,0,0,0,0,1,0.208026242,True,True,0,0,0,0,0,0,0,1
clintox:1083,1083,CCOC(=O)c1cncn1C(C)c1ccccc1,0,train,0.035496145,0.027947273,0.0797463,0.0797463,0,0,0,0,1,0,0,0.0797463,True,True,0,0,0,0,0,1,0,0
clintox:1084,1084,CCOC(=O)c1ccc(C#Cc2ccc3c(c2)C(C)(C)CCS3)nc1,0,train,0.161788372,0.116192612,0.11333954,0.161788372,0,1,0,0,1,0,0,0.161788372,True,True,0,1,0,1,0,1,0,0
clintox:1085,1085,CCOC(=O)c1ncn2c1CN(C)C(=O)c1cc(F)ccc1-2,0,train,0.037671432,0.028155768,0.041787141,0.041787141,0,0,0,0,1,0,0,0.041787141,True,True,0,0,0,0,0,1,0,0
clintox:1086,1086,CCOC(=O)C1(c2ccccc2)CC[NH+](CCc2ccc(N)cc2)CC1,0,train,0.419227218,0.220152902,0.176961407,0.419227218,0,1,0,1,1,0,1,0.419227218,True,True,0,1,0,1,1,1,0,1
clintox:1087,1087,CCOC(=O)C1(c2ccccc2)CC[NH+](C)CC1,0,train,0.036334041,0.018712835,0.092698955,0.092698955,0,0,0,0,1,0,1,0.092698955,True,True,0,0,0,0,0,1,0,1
clintox:1088,1088,CCOC(=O)[C@H](CCc1ccccc1)[NH2+][C@H]1CCc2ccccc2N(CC(=O)[O-])C1=O,0,train,0.060927289,0.062427546,0.078710204,0.078710204,1,0,0,1,1,0,1,0.078710204,True,True,1,0,0,0,1,1,0,1
clintox:1089,1089,CCOC(=O)[C@H](CCc1ccccc1)[NH2+][C@@H](C)C(=O)N1CC2(C[C@H]1C(=O)[O-])SCCS2,0,train,0.021082459,0.02530477,0.051067084,0.051067084,1,0,0,1,1,0,1,0.051067084,True,True,1,0,0,0,1,1,0,1
clintox:1090,1090,CCOC(=O)[C@H](CCc1ccccc1)[NH2+][C@@H](C)C(=O)N1[C@H](C(=O)[O-])C[C@H]2CCCC[C@@H]21,0,train,0.013511006,0.016944542,0.027594841,0.027594841,1,0,0,1,1,0,1,0.027594841,True,True,1,0,0,0,1,1,0,1
clintox:1091,1091,CCOC(=O)[C@H](CCc1ccccc1)[NH2+][C@@H](C)C(=O)N1[C@H](C(=O)[O-])C[C@@H]2CCC[C@@H]21,0,train,0.020416541,0.024988269,0.038153462,0.038153462,1,0,0,1,1,0,1,0.038153462,True,True,1,0,0,0,1,1,0,1
clintox:1092,1092,CCO/N=C(\C(=O)N[C@@H]1C(=O)N2C(C(=O)[O-])=C(Sc3nc(-c4cc[n+](C)cc4)cs3)CS[C@H]12)c1nsc(NP(=O)([O-])[O-])n1,0,train,0.003374891,0.002568852,0.005294493,0.005294493,1,1,1,1,1,1,1,0.005294493,True,True,1,1,1,1,1,1,1,1
clintox:1093,1093,CCNC(=O)CCC/C=C\C[C@@H]1[C@@H](/C=C/[C@@H](O)CCc2ccccc2)[C@H](O)C[C@@H]1O,0,train,0.046653642,0.033518736,0.048261075,0.048261075,0,1,0,0,1,0,0,0.048261075,True,True,0,1,0,1,0,1,0,0
clintox:1094,1094,CCNC(=O)[C@@H]1CCCN1C(=O)[C@H](CCCNC(N)=[NH2+])NC(=O)[C@H](CC(C)C)NC(=O)[C@@H](Cc1cn(Cc2ccccc2)cn1)NC(=O)[C@H](Cc1ccc(O)cc1)NC(=O)[C@H](CO)NC(=O)[C@H](Cc1c[nH]c2ccccc12)NC(=O)[C@H](Cc1cnc[nH]1)NC(=O)[C@@H]1CCC(=O)N1,0,train,0.026614287,0.009681422,0.058355657,0.058355657,0,1,0,0,1,0,0,0.058355657,True,True,0,1,0,1,0,1,0,0
clintox:1095,1095,CCN1CCN(C(=O)N[C@@H](C(=O)N[C@@H]2C(=O)N3[C@@H]2SC(C)(C)[C@@H]3C(=O)[O-])c2ccccc2)C(=O)C1=O,0,train,0.006762479,0.006081214,0.024060712,0.024060712,1,1,1,0,1,1,0,0.024060712,True,True,1,1,1,1,0,1,1,0
clintox:1096,1096,CCN1CCN(C(=O)N[C@@H](C(=O)N[C@@H]2C(=O)N3C(C(=O)[O-])=C(CSc4nnnn4C)CS[C@H]23)c2ccc(O)cc2)C(=O)C1=O,0,train,0.002353317,0.001541992,0.005753965,0.005753965,1,1,1,0,1,1,0,0.005753965,True,True,1,1,1,1,0,1,1,0
clintox:1097,1097,CCn1ccc([N-]S(=O)(=O)c2ccc(N)cc2)nc1=O,0,train,0.018547807,0.013772683,0.107401193,0.107401193,0,1,0,1,1,1,1,0.107401193,True,True,0,1,0,1,1,1,1,1
clintox:1098,1098,CCn1cc(C(=O)[O-])c(=O)c2ccc(C)nc21,0,train,0.007077682,0.004166556,0.033534465,0.033534465,0,0,0,0,0,1,0,0.033534465,True,True,0,0,0,0,0,0,1,0
clintox:1099,1099,CCn1cc(C(=O)[O-])c(=O)c2cc(F)c(N3CC[NH2+]CC3)nc21,0,train,0.014249153,0.010403845,0.058331802,0.058331802,0,0,0,0,0,1,0,0.058331802,True,True,0,0,0,0,0,0,1,0
clintox:1100,1100,CCN1CC(CC[NH+]2CCOCC2)C(c2ccccc2)(c2ccccc2)C1=O,0,train,0.067962972,0.059255974,0.024981826,0.067962972,0,0,0,0,1,0,0,0.067962972,True,True,0,0,0,0,0,1,0,0
clintox:1101,1101,CCn1nc(C(=O)[O-])c(=O)c2cc3c(cc21)OCO3,0,train,0.027303992,0.018969865,0.081874719,0.081874719,0,0,0,0,0,1,0,0.081874719,True,True,0,0,0,0,0,0,1,0
clintox:1102,1102,CCN(Cc1ccncc1)C(=O)C(CO)c1ccccc1,0,train,0.016571008,0.012324578,0.067311741,0.067311741,0,0,0,0,1,0,0,0.067311741,True,True,0,0,0,0,0,1,0,0
clintox:1103,1103,CCN(CC)CCS(=O)(=O)[C@@H]1CCN2C(=O)c3coc(n3)CC(=O)C[C@H](O)/C=C(C)/C=C/CNC(=O)/C=C/[C@@H](C)[C@@H](C(C)C)OC(=O)C12,0,train,0.021967452,0.008183827,0.04366032,0.04366032,0,0,0,0,1,1,1,0.04366032,True,True,0,0,0,0,0,1,1,1
clintox:1104,1104,CCN(CC)C(=O)C1C[NH+]2CCc3cc(OC)c(OC)cc3C2CC1OC(C)=O,0,train,0.056311227,0.060704556,0.040589995,0.060704556,1,0,0,1,1,0,0,0.060704556,True,True,1,0,0,0,1,1,0,0
clintox:1105,1105,CCN(C(C)=O)c1cccc(-c2ccnc3c(C#N)cnn23)c1,0,train,0.059467248,0.061462705,0.044474123,0.061462705,0,0,0,0,0,0,0,0.061462705,True,True,0,0,0,0,0,0,0,0
clintox:1106,1106,CCCSc1nc(N[C@@H]2C[C@H]2c2ccc(F)c(F)c2)c2nnn([C@@H]3C[C@H](OCCO)[C@@H](O)[C@H]3O)c2n1,0,train,0.116551523,0.142363173,0.158791613,0.158791613,0,0,0,0,0,0,0,0.158791613,True,True,0,0,0,0,0,0,0,0
clintox:1107,1107,CCCOC(=O)Cn1cc(I)c(=O)c(I)c1,0,train,0.061517708,0.060541455,0.142814515,0.142814515,0,1,0,0,1,1,1,0.142814515,True,True,0,1,0,1,0,1,1,1
clintox:1108,1108,CCCCS(=O)(=O)N[C@@H](Cc1ccc(OCCCCC2CC[NH2+]CC2)cc1)C(=O)[O-],0,train,0.005096714,0.002524162,0.020813249,0.020813249,0,1,0,0,1,0,0,0.020813249,True,True,0,1,0,1,0,1,0,0
clintox:1109,1109,CCCCOCCOCCOCc1cc2c(cc1CCC)OCO2,0,train,0.092446667,0.083279479,0.057980085,0.092446667,0,1,0,0,1,0,1,0.092446667,True,True,0,1,0,1,0,1,0,1
clintox:1110,1110,CCCCOc1ccc(OCCC[NH+]2CCOCC2)cc1,0,train,0.086270224,0.053814238,0.030644103,0.086270224,0,1,0,0,0,0,0,0.086270224,True,True,0,1,0,1,0,0,0,0
clintox:1111,1111,CCCCOc1ccc(C(=O)CC[NH+]2CCCCC2)cc1,0,train,0.436240625,0.531583227,0.429652315,0.531583227,0,1,0,1,1,0,0,0.531583227,True,True,0,1,0,1,1,1,0,0
clintox:1112,1112,CCCCN1C(=O)[C@@H]([C@H](O)C2CCCCC2)NC(=O)C12CCN(Cc1ccc(Oc3ccc(C(=O)O)cc3)cc1)CC2,1,train,0.035914243,0.024251132,0.063829553,0.063829553,0,0,0,0,0,0,0,0.063829553,True,True,0,0,0,0,0,0,0,0
clintox:1113,1113,CCCCCOc1ccc(-c2ccc(-c3ccc(C(=O)N[C@H]4C[C@@H](O)[C@@H](O)NC(=O)[C@@H]5[C@@H](O)[C@@H](C)CN5C(=O)[C@H]([C@@H](C)O)NC(=O)[C@H]([C@H](O)[C@@H](O)c5ccc(O)cc5)NC(=O)[C@@H]5C[C@@H](O)CN5C(=O)[C@H]([C@@H](C)O)NC4=O)cc3)cc2)cc1,0,train,0.012427849,0.001600368,0.010692453,0.012427849,0,1,1,0,1,0,0,0.012427849,True,True,0,1,1,1,0,1,0,0
clintox:1114,1114,CCCCCOc1ccc(-c2cc(-c3ccc(C(=O)N[C@H]4C[C@@H](O)[C@@H](O)NC(=O)[C@@H]5[C@@H](O)[C@@H](C)CN5C(=O)[C@H]([C@H](O)CC(N)=O)NC(=O)[C@H]([C@H](O)[C@@H](O)c5ccc(O)c(OS(=O)(=O)[O-])c5)NC(=O)[C@@H]5C[C@@H](O)CN5C(=O)[C@H]([C@@H](C)O)NC4=O)cc3)no2)cc1,0,train,0.006152106,0.000507342,0.009418391,0.009418391,0,1,1,0,1,0,1,0.009418391,True,True,0,1,1,1,0,1,0,1
clintox:1115,1115,CCCCCCOC(=O)/[NH+]=C(/N)c1ccc(NCc2nc3cc(C(=O)N(CCC(=O)OCC)c4ccccn4)ccc3n2C)cc1,0,train,0.180960738,0.236103538,0.111053665,0.236103538,0,1,1,1,1,0,1,0.236103538,True,True,0,1,1,1,1,1,0,1
clintox:1116,1116,CCCCCCCCCCCCCCCC[N+](C)(C)CCN(Cc1ccc(OC)cc1)c1ncccn1,0,train,0.627824335,0.593840598,0.585360677,0.627824335,1,1,1,0,1,1,1,0.627824335,True,True,1,1,1,1,0,1,1,1
clintox:1117,1117,CCCCCCCCCC(=O)N[C@@H](Cc1c[nH]c2ccccc12)C(=O)N[C@H](CC(N)=O)C(=O)N[C@@H](CC(=O)[O-])C(=O)N[C@@H]1C(=O)NCC(=O)N[C@@H](CCC[NH3+])C(=O)N[C@@H](CC(=O)[O-])C(=O)N[C@H](C)C(=O)N[C@@H](CC(=O)[O-])C(=O)NCC(=O)N[C@H](CO)C(=O)N[C@@H]([C@H](C)CC(=O)[O-])C(=O)N[C@@H](CC(=O)c2ccccc2N)C(=O)O[C@@H]1C,0,train,0.012115946,0.001223857,0.046336657,0.046336657,1,1,1,1,1,1,1,0.046336657,True,True,1,1,1,1,1,1,1,1
clintox:1118,1118,CCCCCCC(C)(C)c1cc(O)c2c(c1)OC(C)(C)[C@@H]1CCC(=O)C[C@@H]21,0,train,0.163573597,0.107909281,0.227977917,0.227977917,0,1,0,0,1,0,0,0.227977917,True,True,0,1,0,1,0,1,0,0
clintox:1119,1119,CCCCCc1cc(O)c2c(c1)OC(C)(C)[C@@H]1CCC(C)=C[C@@H]21,0,train,0.174705132,0.119845292,0.144673481,0.174705132,0,1,0,0,0,0,0,0.174705132,True,True,0,1,0,1,0,0,0,0
clintox:1120,1120,CCCCC[C@@H](O)CC[C@H]1[C@@H]2Cc3cccc(OCC(=O)[O-])c3C[C@@H]2C[C@@H]1O,0,train,0.013234209,0.008677656,0.02862707,0.02862707,0,1,0,0,1,0,0,0.02862707,True,True,0,1,0,1,0,1,0,0
clintox:1121,1121,CCCCc1[nH+]cc(/C=C(\Cc2cccs2)C(=O)[O-])n1Cc1ccc(C(=O)[O-])cc1,0,train,0.033266204,0.024978173,0.064826706,0.064826706,0,1,0,0,1,1,0,0.064826706,True,True,0,1,0,1,0,1,1,0
clintox:1122,1122,CCCCC(=O)N(Cc1ccc(-c2ccccc2-c2nnn[n-]2)cc1)[C@H](C(=O)[O-])C(C)C,0,train,0.007992567,0.015413126,0.018097391,0.018097391,0,0,0,0,1,0,0,0.018097391,True,True,0,0,0,0,0,1,0,0
clintox:1123,1123,CCCCC(CC)COC(=O)C(C#N)=C(c1ccccc1)c1ccccc1,0,train,0.065543803,0.082537498,0.138568761,0.138568761,0,1,0,0,1,1,1,0.138568761,True,True,0,1,0,1,0,1,1,1
clintox:1124,1124,CCCCC(F)(F)[C@@]1(O)CC[C@@H]2[C@H](CCCCCCC(=O)[O-])C(=O)C[C@H]2O1,0,train,0.027142654,0.022316198,0.063470246,0.063470246,0,1,0,0,1,0,1,0.063470246,True,True,0,1,0,1,0,1,0,1
clintox:1125,1125,CCCC[NH+](CCCC)CCC(O)c1cc2c(Cl)cc(Cl)cc2c2cc(C(F)(F)F)ccc12,0,train,0.451628302,0.468473632,0.58496925,0.58496925,0,1,0,1,1,1,1,0.58496925,True,True,0,1,0,1,1,1,1,1
clintox:1126,1126,CCCC[NH+](CCCC)CC(O)c1cc(Cl)cc2c1-c1ccc(Cl)cc1/C2=C/c1ccc(Cl)cc1,0,train,0.563299083,0.52099534,0.757396635,0.757396635,0,1,0,0,1,0,0,0.757396635,True,True,0,1,0,1,0,1,0,0
clintox:1127,1127,CCCc1nc2c(C)cc(-c3nc4ccccc4n3C)cc2n1Cc1ccc(-c2ccccc2C(=O)[O-])cc1,0,train,0.19568395,0.264039487,0.175843552,0.264039487,0,0,0,0,0,0,0,0.264039487,True,True,0,0,0,0,0,0,0,0
clintox:1128,1128,CCCc1nc(C)c2c(=O)nc(-c3cc(S(=O)(=O)N4CC[NH+](CC)CC4)ccc3OCC)[nH]n12,0,train,0.067558089,0.082687034,0.070467716,0.082687034,0,0,0,0,1,0,0,0.082687034,True,True,0,0,0,0,0,1,0,0
clintox:1129,1129,CCCc1nc(C(C)(C)O)c(C(=O)OCc2oc(=O)oc2C)n1Cc1ccc(-c2ccccc2-c2nn[n-]n2)cc1,0,train,0.044158392,0.057751647,0.042247109,0.057751647,0,0,0,0,1,0,0,0.057751647,True,True,0,0,0,0,0,1,0,0
clintox:1130,1130,CCCc1cc(=O)[nH]c(=S)[nH]1,0,train,0.002037818,0.002410456,0.012747541,0.012747541,0,1,0,0,0,0,0,0.012747541,True,True,0,1,0,1,0,0,0,0
clintox:1131,1131,CCCc1c2oc(C(=O)[O-])cc(=O)c2cc2c(=O)cc(C(=O)[O-])n(CC)c12,0,train,0.037886442,0.049351219,0.061569071,0.061569071,0,1,0,0,0,1,1,0.061569071,True,True,0,1,0,1,0,0,1,1
clintox:1132,1132,CCCc1nn(C)c2c(=O)[nH]c(-c3cc(S(=O)(=O)N4CC[NH+](C)CC4)ccc3OCC)nc12,0,train,0.13076687,0.170938437,0.09310266,0.170938437,0,0,0,0,1,0,0,0.170938437,True,True,0,0,0,0,0,1,0,0
clintox:1133,1133,CCCC(CCC)C(=O)O[C@H]1C[C@H]2CC[C@@H](C1)[N+]2(C)C,0,train,0.093029393,0.065545297,0.115489074,0.115489074,0,1,0,0,1,0,0,0.115489074,True,True,0,1,0,1,0,1,0,0
clintox:1134,1134,CCCC(C)C1(CC)C(=O)NC(=S)NC1=O,0,train,0.011621554,0.015733282,0.032437462,0.032437462,0,1,0,1,1,0,1,0.032437462,True,True,0,1,0,1,1,1,0,1
clintox:1135,1135,C=CCC1(C(C)CCC)C(=O)NC(S)=[NH+]C1=O,0,train,0.023248182,0.026030617,0.140346092,0.140346092,1,1,0,1,1,1,1,0.140346092,True,True,1,1,0,1,1,1,1,1
clintox:1136,1136,CCC[NH2+]CC(O)COc1ccccc1C(=O)CCc1ccccc1,0,train,0.204251698,0.153174288,0.147156758,0.204251698,0,1,0,0,1,0,0,0.204251698,True,True,0,1,0,1,0,1,0,0
clintox:1137,1137,CCC[NH2+]C(C)C(=O)Nc1c(C)csc1C(=O)OC,0,train,0.034426492,0.037718885,0.07165476,0.07165476,1,0,0,1,1,0,0,0.07165476,True,True,1,0,0,0,1,1,0,0
clintox:1138,1138,CCC[NH2+][C@H]1CCc2nc(N)sc2C1,0,train,0.028042438,0.018583715,0.043042128,0.043042128,0,0,0,1,0,0,1,0.043042128,True,True,0,0,0,0,1,0,0,1
clintox:1139,1139,CCC[NH+]1C[C@H](CSC)C[C@@H]2c3cccc4[nH]cc(c34)C[C@H]21,0,train,0.216618353,0.123346776,0.124744324,0.216618353,0,0,0,0,0,0,0,0.216618353,True,True,0,0,0,0,0,0,0,0
clintox:1140,1140,CCC[NH+](CCc1cccs1)[C@H]1CCc2c(O)cccc2C1,0,train,0.230760002,0.117591321,0.071782025,0.230760002,0,0,0,0,0,0,0,0.230760002,True,True,0,0,0,0,0,0,0,0
clintox:1141,1141,CCC[NH+](CCC)CCc1cccc2c1CC(=O)N2,0,train,0.230317323,0.141337158,0.425170687,0.425170687,0,0,0,0,1,0,0,0.425170687,True,True,0,0,0,0,0,1,0,0
clintox:1142,1142,CCC[C@@]1(CCc2ccccc2)CC([O-])=C([C@H](CC)c2cccc([N-]S(=O)(=O)c3ccc(C(F)(F)F)cn3)c2)C(=O)O1,0,train,0.029581151,0.034903848,0.038867811,0.038867811,0,0,0,0,1,1,0,0.038867811,True,True,0,0,0,0,0,1,1,0
clintox:1143,1143,CCC[C@H]([NH2+][C@@H](C)C(=O)N1[C@H](C(=O)[O-])C[C@@H]2CCCC[C@@H]21)C(=O)OCC,0,train,0.008406668,0.010200081,0.024892349,0.024892349,1,0,0,1,1,0,1,0.024892349,True,True,1,0,0,0,1,1,0,1
clintox:1144,1144,CCC[C@H](NC(=O)[C@@H]1[C@H]2CCC[C@H]2CN1C(=O)[C@@H](NC(=O)[C@@H](NC(=O)c1cnccn1)C1CCCCC1)C(C)(C)C)C(=O)C(=O)NC1CC1,0,train,0.304623218,0.320978218,0.337122117,0.337122117,0,1,1,0,1,1,1,0.337122117,True,True,0,1,1,1,0,1,1,1
clintox:1145,1145,CCc1nn(CCC[NH+]2CCN(c3cccc(Cl)c3)CC2)c(=O)n1CCOc1ccccc1,0,train,0.270846975,0.277307813,0.023830585,0.277307813,0,0,0,0,0,0,0,0.277307813,True,True,0,0,0,0,0,0,0,0
clintox:1146,1146,CCC1NC(=O)c2cc(S(N)(=O)=O)c(Cl)cc2N1,0,train,0.028172506,0.021716227,0.091080251,0.091080251,0,0,0,0,0,0,0,0.091080251,True,True,0,0,0,0,0,0,0,0
clintox:1147,1147,CCc1ccc(CCOc2ccc(CC3SC(=O)NC3=O)cc2)nc1,1,train,0.107461276,0.140215923,0.195259983,0.195259983,0,1,0,1,0,0,0,0.195259983,True,True,0,1,0,1,1,0,0,0
clintox:1148,1148,CCc1cccc2c3c([nH]c12)C(CC)(CC(=O)[O-])OCC3,0,train,0.039625611,0.035363697,0.126253001,0.126253001,0,0,0,0,0,0,0,0.126253001,True,True,0,0,0,0,0,0,0,0
clintox:1149,1149,CCc1ccc(CCOc2ccc(CC3SC(=O)[N-]C3=O)cc2)nc1,0,train,0.104228566,0.152873141,0.177397793,0.177397793,0,1,0,1,0,0,0,0.177397793,True,True,0,1,0,1,1,0,0,0
clintox:1150,1150,CCC1=CC2C[NH+](C1)Cc1c([nH]c3ccccc13)[C@@](C(=O)OC)(c1cc3c(cc1OC)N(C)[C@H]1[C@@](O)(C(=O)OC)[C@H](OC(C)=O)[C@]4(CC)C=CC[NH+]5CC[C@]31[C@@H]54)C2,0,train,0.644012418,0.66281258,0.518375283,0.66281258,1,1,0,1,1,0,0,0.66281258,True,True,1,1,0,1,1,1,0,0
clintox:1151,1151,CCc1cc2c(cc1CC)CC([NH2+]C[C@H](O)c1ccc(O)c3[nH]c(=O)ccc13)C2,0,train,0.293499797,0.216509945,0.34527261,0.34527261,0,0,0,0,0,0,0,0.34527261,True,True,0,0,0,0,0,0,0,0
clintox:1152,1152,CCC1=C[C@@H]2CN(C1)Cc1c([nH]c3ccccc13)[C@@](C(=O)OC)(c1cc3c(cc1OC)N(C)[C@H]1[C@@](O)(C(=O)OC)[C@H](OC(C)=O)[C@]4(CC)C=CCN5CC[C@]31[C@@H]54)C2,1,train,0.73872012,0.733623502,0.617627153,0.73872012,0,1,0,0,1,0,0,0.73872012,True,True,0,1,0,1,0,1,0,0
clintox:1153,1153,CCc1c2c(nc3ccc(OC(=O)N4CCC(N5CCCCC5)CC4)cc13)-c1cc3c(c(=O)n1C2)COC(=O)[C@]3(O)CC,1,train,0.561212483,0.2317839,0.567957432,0.567957432,0,0,0,1,1,1,1,0.567957432,True,True,0,0,0,0,1,1,1,1
clintox:1154,1154,CCc1c2c(nc3ccc(OC(=O)N4CCC([NH+]5CCCCC5)CC4)cc13)-c1cc3c(c(=O)n1C2)COC(=O)[C@]3(O)CC,0,train,0.53944591,0.264836513,0.55790679,0.55790679,0,0,0,1,1,1,1,0.55790679,True,True,0,0,0,0,1,1,1,1
clintox:1155,1155,CCC1=C(C)CN(C(=O)NCCc2ccc(S(=O)(=O)[N-]C(=O)NC3CCC(C)CC3)cc2)C1=O,0,train,0.030631407,0.042101795,0.054907416,0.054907416,0,0,0,0,1,1,0,0.054907416,True,True,0,0,0,0,0,1,1,0
clintox:1156,1156,CCc1nc(N)nc(N)c1-c1ccc(Cl)cc1,0,train,0.094897243,0.039216905,0.25545432,0.25545432,0,0,0,0,0,0,1,0.25545432,True,True,0,0,0,0,0,0,0,1
clintox:1157,1157,CCc1c(Cl)c([O-])c(Cl)c(O)c1C(=O)O[C@H]1[C@H](O)[C@H](OC)[C@H](OC/C2=C\C=C\C[C@H](O)/C(C)=C/[C@H](CC)[C@@H](O[C@@H]3OC(C)(C)[C@@H](OC(=O)C(C)C)[C@H](O)[C@@H]3O)/C(C)=C/C(C)=C/C[C@@H]([C@@H](C)O)OC2=O)O[C@@H]1C,0,train,0.162474753,0.069104757,0.289907448,0.289907448,0,1,0,1,1,1,0,0.289907448,True,True,0,1,0,1,1,1,1,0
clintox:1158,1158,CCc1c(C)[nH]c2c1C(=O)C(C[NH+]1CCOCC1)CC2,0,train,0.086807127,0.057941911,0.12126822,0.12126822,0,0,0,1,1,0,0,0.12126822,True,True,0,0,0,0,1,1,0,0
clintox:1159,1159,CCC1(C)CC(=O)NC1=O,0,train,0.00799419,0.006088551,0.034787163,0.034787163,0,1,0,0,0,0,0,0.034787163,True,True,0,1,0,1,0,0,0,0
clintox:1160,1160,CCC1(c2ccccc2)C(=O)NCNC1=O,0,train,0.006176109,0.00352874,0.045706128,0.045706128,0,1,0,0,1,0,0,0.045706128,True,True,0,1,0,1,0,1,0,0
clintox:1161,1161,CCC1(c2ccccc2)SCC(=O)NC1=O,0,train,0.014049139,0.016608931,0.068588936,0.068588936,0,1,0,1,0,0,0,0.068588936,True,True,0,1,0,1,1,0,0,0
clintox:1162,1162,CCC1(CC)C(=O)NCC(C)C1=O,0,train,0.008759178,0.005687856,0.048647555,0.048647555,0,1,0,0,1,0,0,0.048647555,True,True,0,1,0,1,0,1,0,0
clintox:1163,1163,CCC(=O)OC(OP(=O)(CCCCc1ccccc1)CC(=O)N1C[C@H](C2CCCCC2)C[C@H]1C(=O)[O-])C(C)C,0,train,0.005471709,0.011525575,0.00777565,0.011525575,0,1,1,0,1,0,1,0.011525575,True,True,0,1,1,1,0,1,0,1
clintox:1164,1164,CCC(=O)O[C@H]1CC[C@H]2[C@@H]3CC[C@H]4CC(=O)[C@H](C)C[C@]4(C)[C@H]3CC[C@]12C,0,train,0.066172812,0.061923654,0.102206213,0.102206213,0,0,0,0,1,0,0,0.102206213,True,True,0,0,0,0,0,1,0,0
clintox:1165,1165,CCC(=O)NCC[C@@H]1CCc2ccc3c(c21)CCO3,0,train,0.033283264,0.020817305,0.041389123,0.041389123,0,0,0,0,1,0,0,0.041389123,True,True,0,0,0,0,0,1,0,0
clintox:1166,1166,CCC(=O)N(c1ccccc1)C1CC[NH+](CCc2ccccc2)CC1,0,train,0.123584304,0.060144028,0.019307652,0.123584304,0,0,0,0,0,0,0,0.123584304,True,True,0,0,0,0,0,0,0,0
clintox:1167,1167,CCC(=O)N(c1ccccc1)C1(COC)CC[NH+](CCn2nnn(CC)c2=O)CC1,0,train,0.025575627,0.027607511,0.021782921,0.027607511,0,0,0,0,1,0,0,0.027607511,True,True,0,0,0,0,0,1,0,0
clintox:1168,1168,CCC(=O)N(c1ccccc1)C1(COC)CC[NH+](CCc2cccs2)CC1,0,train,0.177511687,0.121139017,0.033259579,0.177511687,0,0,0,0,1,0,0,0.177511687,True,True,0,0,0,0,0,1,0,0
clintox:1169,1169,CCC(=O)N(c1ccccc1)C1(C(=O)OC)CC[NH+](CCC(=O)OC)CC1,0,train,0.044179943,0.048206563,0.026613687,0.048206563,0,0,0,1,1,0,0,0.048206563,True,True,0,0,0,0,1,1,0,0
clintox:1170,1170,CCC(C)n1ncn(-c2ccc(N3CCN(c4ccc(OC[C@H]5CO[C@](Cn6cncn6)(c6ccc(Cl)cc6Cl)O5)cc4)CC3)cc2)c1=O,0,train,0.138788223,0.181792045,0.091616492,0.181792045,0,0,0,0,0,0,0,0.181792045,True,True,0,0,0,0,0,0,0,0
clintox:1171,1171,CCC(C)CCCCC(=O)NC(CC[NH3+])C(=O)NC(C(=O)NC(CC[NH3+])C(=O)NC1CCNC(=O)C(C(C)O)NC(=O)C(CC[NH3+])NC(=O)C(CC[NH3+])NC(=O)C(CC(C)C)NC(=O)C(Cc2ccccc2)NC(=O)C(CC[NH3+])NC1=O)C(C)O,0,train,0.016914734,0.00199429,0.049909451,0.049909451,0,1,1,0,1,1,0,0.049909451,True,True,0,1,1,1,0,1,1,0
clintox:1172,1172,CCC(C)CCCC(=O)N[C@@H](CC[NH3+])C(=O)N[C@H](C(=O)N[C@@H](CC[NH3+])C(=O)N[C@H]1CCNC(=O)[C@H]([C@@H](C)O)NC(=O)[C@H](CC[NH3+])NC(=O)[C@H](CC[NH3+])NC(=O)[C@H](CC(C)C)NC(=O)[C@@H](CC(C)C)NC(=O)[C@H](CC[NH3+])NC1=O)[C@@H](C)O,0,train,0.013113669,0.002292544,0.052392378,0.052392378,0,0,1,0,1,1,0,0.052392378,True,True,0,0,1,0,0,1,1,0
clintox:1173,1173,CCC(C)C([NH3+])C1=NC(C(=O)NC(CC(C)C)C(=O)NC(CCC(=O)[O-])C(=O)NC(C(=O)NC2CCCCNC(=O)C(CC(N)=O)NC(=O)C(CC(=O)[O-])NC(=O)C(CC3C=NC=[NH+]3)NC(=O)C(Cc3ccccc3)NC(=O)C(C(C)CC)NC(=O)C(CCC[NH3+])NC2=O)C(C)CC)CS1,0,train,0.128083565,0.03958827,0.403736065,0.403736065,0,0,0,1,1,1,0,0.403736065,True,True,0,0,0,0,1,1,1,0
clintox:1174,1174,CCC(C)(C)C1C(=O)N2CCCC2C2(O)OC(NC(=O)C3CC4c5cccc6[nH]cc(c56)CC4[NH+](C)C3)(C(C)C)C(=O)N12,0,train,0.052118422,0.058575179,0.027985533,0.058575179,0,0,0,1,1,0,0,0.058575179,True,True,0,0,0,0,1,1,0,0
clintox:1175,1175,CC1=C(CC(=O)[O-])c2cc(F)ccc2/C1=C\c1ccc(S(C)=O)cc1,0,train,0.024850174,0.025875571,0.065841224,0.065841224,0,1,0,0,1,0,1,0.065841224,True,True,0,1,0,1,0,1,0,1
clintox:1176,1176,CC[NH2+][C@H]1CN(CCCOC)S(=O)(=O)c2sc(S(N)(=O)=O)cc21,0,train,0.045102265,0.046919089,0.072873478,0.072873478,1,1,0,1,1,0,0,0.072873478,True,True,1,1,0,1,1,1,0,0
clintox:1177,1177,CC[NH2+][C@H]1C[C@H](C)S(=O)(=O)c2sc(S(N)(=O)=O)cc21,0,train,0.023765673,0.013052873,0.064113336,0.064113336,1,0,0,1,1,0,0,0.064113336,True,True,1,0,0,0,1,1,0,0
clintox:1178,1178,CC[NH2+][C@@H]1C[C@H]([NH3+])[C@@H](O[C@H]2OC(C[NH3+])=CC[C@H]2[NH3+])[C@H](O)[C@H]1O[C@H]1OC[C@](C)(O)[C@H]([NH2+]C)[C@H]1O,0,train,0.031220407,0.009552251,0.092303078,0.092303078,0,0,1,0,1,0,0,0.092303078,True,True,0,0,1,0,0,1,0,0
clintox:1179,1179,CC[NH+](CC)CCOC(=O)C1(C2CCCCC2)CCCCC1,0,train,0.1691124,0.09590601,0.130259257,0.1691124,0,0,0,0,1,0,1,0.1691124,True,True,0,0,0,0,0,1,0,1
clintox:1180,1180,CC[NH+](CC)Cc1cc(Nc2ccnc3cc(Cl)ccc23)ccc1O,0,train,0.835759465,0.63573469,0.5281337,0.835759465,1,1,0,1,1,0,0,0.835759465,True,True,1,1,0,1,1,1,0,0
clintox:1181,1181,CC[N+](CC)(CCNC(=O)C(=O)NCC[N+](CC)(CC)Cc1ccccc1Cl)Cc1ccccc1Cl,0,train,0.17065608,0.129492478,0.137510298,0.17065608,1,1,1,1,1,1,1,0.17065608,True,True,1,1,1,1,1,1,1,1
clintox:1182,1182,CC[C@H]1CCC[C@H](O[C@H]2CC[C@H]([NH+](C)C)[C@@H](C)O2)[C@@H](C)C(=O)C2=C[C@@H]3[C@@H](C=C(C)[C@@H]4C[C@@H](O[C@@H]5O[C@@H](C)[C@H](OC)[C@@H](OC)[C@H]5OC)C[C@@H]34)[C@@H]2CC(=O)O1,0,train,0.555570993,0.32413624,0.56493127,0.56493127,0,1,0,0,1,1,0,0.56493127,True,True,0,1,0,1,0,1,1,0
clintox:1183,1183,C/C=C/C[C@@H](C)[C@@H](O)[C@H]1C(=O)N[C@@H](CC)C(=O)N(C)CC(=O)N(C)[C@@H](CC(C)C)C(=O)N[C@@H](C(C)C)C(=O)N(C)[C@@H](CC(C)C)C(=O)N[C@@H](C)C(=O)N[C@H](C)C(=O)N(C)[C@@H](CC(C)C)C(=O)N(C)[C@@H](CC(C)C)C(=O)N(C)[C@@H](C(C)C)C(=O)N1C,1,train,0.063997977,0.04575105,0.092739887,0.092739887,0,1,0,0,0,1,0,0.092739887,True,True,0,1,0,1,0,0,1,0
clintox:1184,1184,CC[C@@H]1C(=O)OC[C@@H]1Cc1cncn1C,0,train,0.004827726,0.001998989,0.018293213,0.018293213,0,0,0,0,1,0,0,0.018293213,True,True,0,0,0,0,0,1,0,0
clintox:1185,1185,CC[C@H](C)C(=O)O[C@H]1C[C@H](O)C=C2C=C[C@H](C)[C@H](CC[C@@H](O)C[C@@H](O)CC(=O)[O-])[C@H]21,0,train,0.016097749,0.005787809,0.077476058,0.077476058,0,0,0,0,1,0,0,0.077476058,True,True,0,0,0,0,0,1,0,0
clintox:1186,1186,CC[C@H](C)[C@H]1O[C@]2(CC[C@@H]1C)C[C@@H]1C[C@@H](C/C=C(\C)[C@@H](O[C@H]3C[C@H](OC)[C@@H](O[C@H]4C[C@H](OC)[C@@H](O)[C@H](C)O4)[C@H](C)O3)[C@@H](C)/C=C/C=C3\CO[C@@H]4[C@H](O)C(C)=C[C@@H](C(=O)O1)[C@]34O)O2,0,train,0.665360748,0.626055307,0.724063285,0.724063285,0,1,0,0,1,0,0,0.724063285,True,True,0,1,0,1,0,1,0,0
clintox:1187,1187,C#C[C@]1(O)CC[C@H]2[C@@H]3CCC4=CC(=O)CC[C@@H]4[C@H]3C(=C)C[C@@]21CC,0,train,0.15196591,0.108325823,0.174298395,0.174298395,0,1,0,1,1,1,0,0.174298395,True,True,0,1,0,1,1,1,1,0
clintox:1188,1188,CC[C@H]1NC(=O)[C@@H](NC(=O)c2ncccc2O)[C@@H](C)OC(=O)[C@H](c2ccccc2)NC(=O)C2CC(=O)C(CS[C@@H]3C[NH+]4CCC3CC4)CN2C(=O)[C@H](Cc2ccc(N(C)C)cc2)N(C)C(=O)[C@@H]2CCCN2C1=O,0,train,0.078723218,0.035138134,0.128410069,0.128410069,0,0,0,0,1,0,0,0.128410069,True,True,0,0,0,0,0,1,0,0
clintox:1189,1189,CC[C@H]1OC(=O)[C@H](C)[C@@H](O[C@H]2C[C@@](C)(OC)[C@@H](O)[C@H](C)O2)C(C)[C@@H](O[C@@H]2O[C@H](C)C[C@H]([NH+](C)C)[C@H]2O)[C@](C)(O)C[C@@H](C)C[NH+](C)[C@H](C)[C@@H](O)[C@]1(C)O,0,train,0.039033432,0.006881893,0.123623313,0.123623313,0,0,0,0,1,0,0,0.123623313,True,True,0,0,0,0,0,1,0,0
clintox:1190,1190,CC[C@@H](C)C(=O)O[C@H]1[C@H](O)[C@H]2[C@@H](C[NH+]3C[C@@H](C)CC[C@H]3[C@@]2(C)O)[C@@H]2C[C@]34O[C@]5(O)[C@@H](OC(=O)[C@@](C)(O)CC)CC[C@@]3(C)[C@@H]5[C@@H](OC(C)=O)[C@@H](OC(C)=O)[C@H]4[C@@]21O,0,train,0.161655142,0.134032039,0.156698963,0.161655142,0,1,0,0,1,0,0,0.161655142,True,True,0,1,0,1,0,1,0,0
clintox:1191,1191,CC[C@@H]([C@H](C)O)n1ncn(-c2ccc(N3CCN(c4ccc(OC[C@@H]5CO[C@@](Cn6cncn6)(c6ccc(F)cc6F)C5)cc4)CC3)cc2)c1=O,0,train,0.081418993,0.071806076,0.02617184,0.081418993,0,0,0,0,0,0,0,0.081418993,True,True,0,0,0,0,0,0,0,0
clintox:1192,1192,CC[C@@]1(O)C(=O)OCc2c1cc1n(c2=O)Cc2cc3c(C[NH+](C)C)c(O)ccc3nc2-1,0,train,0.832233487,0.609100315,0.870466395,0.870466395,1,0,0,1,1,1,0,0.870466395,True,True,1,0,0,0,1,1,1,0
clintox:1193,1193,CC1=NS(=O)(=O)c2cc(Cl)ccc2N1,0,train,0.014541901,0.007423795,0.043226721,0.043226721,0,0,0,0,0,0,0,0.043226721,True,True,0,0,0,0,0,0,0,0
clintox:1194,1194,Cc1nnc(SCC2=C(C(=O)[O-])N3C(=O)[C@@H](NC(=O)Cn4cnnn4)[C@H]3SC2)s1,0,train,0.005222597,0.004728919,0.014732641,0.014732641,1,0,1,0,1,1,0,0.014732641,True,True,1,0,1,0,0,1,1,0
clintox:1195,1195,Cc1nnc([N-]S(=O)(=O)c2ccc(N)cc2)s1,0,train,0.014630963,0.012629125,0.082070759,0.082070759,0,1,0,1,1,0,1,0.082070759,True,True,0,1,0,1,1,1,0,1
clintox:1196,1196,Cc1nnc(C(=O)NC(C)(C)c2nc(C(=O)NCc3ccc(F)cc3)c([O-])c(=O)n2C)o1,0,train,0.033813867,0.028912826,0.140048618,0.140048618,0,0,0,0,0,1,0,0.140048618,True,True,0,0,0,0,0,0,1,0
clintox:1197,1197,Cc1nccn1CC1CCc2c(c3ccccc3n2C)C1=O,0,train,0.038730392,0.021530301,0.04315735,0.04315735,0,0,0,0,1,0,0,0.04315735,True,True,0,0,0,0,0,1,0,0
clintox:1198,1198,C/C(=C\c1csc(C)n1)[C@@H]1C[C@@H]2O[C@]2(C)CCC[C@H](C)[C@H](O)[C@@H](C)C(=O)C(C)(C)[C@@H](O)CC(=O)N1,0,train,0.475315162,0.292473805,0.63057427,0.63057427,1,1,0,1,1,1,1,0.63057427,True,True,1,1,0,1,1,1,1,1
clintox:1199,1199,Cc1cnc(NC(=O)C2=C(O)c3ccccc3S(=O)(=O)N2C)s1,0,train,0.230378123,0.240196387,0.242228637,0.242228637,0,0,0,1,0,0,0,0.242228637,True,True,0,0,0,0,1,0,0,0
clintox:1200,1200,Cc1cnc(C(=O)NCCc2ccc(S(=O)(=O)[N-]C(=O)NC3CCCCC3)cc2)cn1,0,train,0.02532269,0.026502516,0.075855858,0.075855858,0,0,0,0,1,0,0,0.075855858,True,True,0,0,0,0,0,1,0,0
clintox:1201,1201,Cc1cn([C@H]2C=C[C@@H](CO)O2)c(=O)[nH]c1=O,0,train,0.007025245,0.004254461,0.037257144,0.037257144,0,1,0,0,0,1,0,0.037257144,True,True,0,1,0,1,0,0,1,0
clintox:1202,1202,Cc1ccsc1C(=CCC[NH+]1CCC[C@@H](C(=O)[O-])C1)c1sccc1C,0,train,0.047832547,0.030713122,0.067914714,0.067914714,0,0,0,1,1,0,0,0.067914714,True,True,0,0,0,0,1,1,0,0
clintox:1203,1203,Cc1ccnc2c1NC(=O)c1cccnc1N2C1CC1,0,train,0.072760334,0.039359623,0.078395106,0.078395106,0,0,0,0,0,0,0,0.078395106,True,True,0,0,0,0,0,0,0,0
clintox:1204,1204,CO[C@H]1/C=C/O[C@@]2(C)Oc3c(C)c(O)c4c(O)c(c5c(nc6cc(C)ccn65)c4c3C2=O)NC(=O)/C(C)=C\C=C\[C@H](C)[C@H](O)[C@@H](C)[C@@H](O)[C@@H](C)[C@H](OC(C)=O)[C@@H]1C,0,train,0.070568375,0.099619358,0.078397444,0.099619358,0,1,0,0,1,1,1,0.099619358,True,True,0,1,0,1,0,1,1,1
clintox:1205,1205,Cc1cccn2c(=O)c(-c3nnn[n-]3)cnc12,0,train,0.060748634,0.044035605,0.076741551,0.076741551,0,0,0,0,0,0,0,0.076741551,True,True,0,0,0,0,0,0,0,0
clintox:1206,1206,COc1cc(C(=O)[N-]S(=O)(=O)c2ccccc2C)ccc1Cc1cn(C)c2ccc(NC(=O)OC3CCCC3)cc12,0,train,0.066854311,0.112085113,0.131346308,0.131346308,0,0,0,0,1,0,1,0.131346308,True,True,0,0,0,0,0,1,0,1
clintox:1207,1207,Cc1ccccc1N1CC[NH+](CCc2nnc3n2CCCC3)CC1,0,train,0.082868925,0.031581096,0.018164505,0.082868925,0,0,0,0,0,0,0,0.082868925,True,True,0,0,0,0,0,0,0,0
clintox:1208,1208,Cc1ccccc1N1C(=O)c2cc(S(N)(=O)=O)c(Cl)cc2NC1C,0,train,0.123794629,0.1387703,0.16490595,0.16490595,0,0,0,0,0,0,0,0.16490595,True,True,0,0,0,0,0,0,0,0
clintox:1209,1209,Cc1ccccc1C(=O)Nc1ccc(C(=O)N2CCCC(O)c3cc(Cl)ccc32)c(C)c1,0,train,0.109170081,0.125048732,0.052603622,0.125048732,0,0,0,0,0,0,0,0.125048732,True,True,0,0,0,0,0,0,0,0
clintox:1210,1210,Cc1cccc(C)c1OCC(=O)N[C@@H](Cc1ccccc1)[C@@H](O)C[C@H](Cc1ccccc1)NC(=O)[C@H](C(C)C)N1CCCNC1=O,0,train,0.096791547,0.122072881,0.092074694,0.122072881,0,0,0,0,1,0,0,0.122072881,True,True,0,0,0,0,0,1,0,0
clintox:1211,1211,COc1ccccc1OCC(O)CN1CC[NH+](CC(=O)Nc2c(C)cccc2C)CC1,0,train,0.056297329,0.066532907,0.037295482,0.066532907,1,0,0,1,0,0,0,0.066532907,True,True,1,0,0,0,1,0,0,0
clintox:1212,1212,Cc1nc(Nc2ncc(C(=O)Nc3c(C)cccc3Cl)s2)cc(N2CC[NH+](CCO)CC2)n1,0,train,0.438690577,0.498485397,0.442360945,0.498485397,0,0,0,1,0,0,0,0.498485397,True,True,0,0,0,0,1,0,0,0
clintox:1213,1213,Cc1cccc(Nc2ccncc2S(=O)(=O)[N-]C(=O)NC(C)C)c1,0,train,0.046182884,0.043442428,0.082578427,0.082578427,0,0,0,0,1,0,0,0.082578427,True,True,0,0,0,0,0,1,0,0
clintox:1214,1214,Cc1ccc(Nc2nccc(N(C)c3ccc4c(C)n(C)nc4c3)n2)cc1S(N)(=O)=O,0,train,0.595278095,0.625083025,0.420311837,0.625083025,0,0,0,0,1,0,0,0.625083025,True,True,0,0,0,0,0,1,0,0
clintox:1215,1215,Cc1ccc(NC(=O)c2ccc(CN3CC[NH+](C)CC3)cc2)cc1Nc1nccc(-c2cccnc2)n1,0,train,0.80405104,0.794678383,0.756606308,0.80405104,0,0,0,0,0,0,0,0.80405104,True,True,0,0,0,0,0,0,0,0
clintox:1216,1216,Cc1ccc(-n2[nH]c(C)c(N/N=C3\C=CC=C(c4cccc(C(=O)[O-])c4)C3=O)c2=O)cc1C,0,train,0.083990312,0.106880038,0.129006697,0.129006697,0,1,1,1,1,1,1,0.129006697,True,True,0,1,1,1,1,1,1,1
clintox:1217,1217,CNC(=O)c1cc(Oc2ccc(NC(=O)Nc3ccc(Cl)c(C(F)(F)F)c3)cc2)ccn1.Cc1ccc(S(=O)(=O)O)cc1,1,train,0.328198425,0.371743427,0.345358825,0.371743427,0,0,0,0,0,0,1,0.371743427,True,True,0,1,0,1,1,1,0,1
clintox:1218,1218,Cc1ccc(S(=O)(=O)[N-]C(=O)N[NH+]2CCCCCC2)cc1,0,train,0.013736126,0.010768237,0.061982181,0.061982181,0,0,1,0,1,0,0,0.061982181,True,True,0,0,1,0,0,1,0,0
clintox:1219,1219,Cc1ccc(N(CC2=[NH+]CCN2)c2cccc(O)c2)cc1,0,train,0.144098887,0.053419755,0.262472523,0.262472523,0,0,0,1,1,0,0,0.262472523,True,True,0,0,0,0,1,1,0,0
clintox:1220,1220,Cc1ccc(-c2cc(C(F)(F)F)nn2-c2ccc(S(N)(=O)=O)cc2)cc1,1,train,0.292272328,0.332344315,0.257190877,0.332344315,0,0,0,0,0,0,0,0.332344315,True,True,0,0,0,0,0,0,0,0
clintox:1221,1221,Cc1ccc(-c2nc3ccc(C)cn3c2CC(=O)N(C)C)cc1,0,train,0.05254568,0.043119389,0.019153607,0.05254568,0,0,0,0,0,0,0,0.05254568,True,True,0,0,0,0,0,0,0,0
clintox:1222,1222,Cc1ccc(C(=O)c2ccc(CC(=O)[O-])n2C)cc1,0,train,0.033635287,0.028983793,0.102714253,0.102714253,0,0,0,0,1,0,0,0.102714253,True,True,0,0,0,0,0,1,0,0
clintox:1223,1223,Cc1c2oc3c(C)ccc(C(=O)NC4C(=O)NC(C(C)C)C(=O)N5CCCC5C(=O)N(C)CC(=O)N(C)C(C(C)C)C(=O)OC4C)c3nc-2c(C(=O)NC2C(=O)NC(C(C)C)C(=O)N3CCCC3C(=O)N(C)CC(=O)N(C)C(C(C)C)C(=O)OC2C)c(N)c1=O,0,train,0.736917517,0.463051315,0.88179953,0.88179953,0,1,0,1,1,0,1,0.88179953,True,True,0,1,0,1,1,1,0,1
clintox:1224,1224,C=C1CC[C@@]2(O)[C@H]3Cc4ccc(O)c5c4[C@@]2(CC[NH+]3CC2CC2)[C@H]1O5,0,train,0.18024585,0.077358639,0.105899303,0.18024585,0,1,0,1,0,0,0,0.18024585,True,True,0,1,0,1,1,0,0,0
clintox:1225,1225,CC1Cc2ccccc2N1NC(=O)c1ccc(Cl)c(S(N)(=O)=O)c1,0,train,0.085331407,0.103296597,0.13906276,0.13906276,0,0,0,0,1,1,0,0.13906276,True,True,0,0,0,0,0,1,1,0
clintox:1226,1226,Cc1cc2c(s1)Nc1ccccc1[NH+]=C2N1CC[NH+](C)CC1,0,train,0.387580953,0.226138062,0.171036797,0.387580953,0,0,0,1,1,0,0,0.387580953,True,True,0,0,0,0,1,1,0,0
clintox:1227,1227,Cc1cc2c(s1)=Nc1ccccc1NC=2N1CC[NH+](C)CC1,0,train,0.283561683,0.18430326,0.093737563,0.283561683,0,0,0,1,1,0,0,0.283561683,True,True,0,0,0,0,0,0,0,0
clintox:1228,1228,C/C1=C2/N=C(/C=C3\N/C(=C(/C)C4=N[C@@](C)(C5N=C1[C@](C)(CCC(=O)NC[C@H](C)OP(=O)([O-])O[C@H]1[C@@H](O)[C@@H](n6cnc7cc(C)c(C)cc76)O[C@@H]1CO)[C@H]5CC(N)=O)[C@@](C)(CC(N)=O)[C@@H]4CCC(N)=O)[C@@](C)(CC(N)=O)[C@@H]3CCC(N)=O)C(C)(C)[C@@H]2CCC(N)=O,0,train,0.035943562,0.024500778,0.05069793,0.05069793,0,1,0,0,1,0,1,0.05069793,True,True,0,1,0,1,0,1,0,1
clintox:1229,1229,C=C(c1ccc(C(=O)[O-])cc1)c1cc2c(cc1C)C(C)(C)CCC2(C)C,0,train,0.089924771,0.08107758,0.232528722,0.232528722,0,0,0,1,0,0,0,0.232528722,True,True,0,0,0,0,1,0,0,0
clintox:1230,1230,Cc1cc(C(=O)NNCc2ccccc2)no1,0,train,0.038273435,0.040156364,0.098786963,0.098786963,1,1,0,0,1,1,0,0.098786963,True,True,1,1,0,1,0,1,1,0
clintox:1231,1231,COC(c1ccccc1)(c1ccccc1)[C@H](Oc1nc(C)cc(C)n1)C(=O)[O-],0,train,0.036198227,0.070202417,0.053662748,0.070202417,0,0,0,0,0,0,0,0.070202417,True,True,0,0,0,0,0,0,0,0
clintox:1232,1232,Cc1cc(C2CCCCC2)n([O-])c(=O)c1,0,train,0.027101826,0.014528825,0.090140353,0.090140353,0,1,0,0,0,0,0,0.090140353,True,True,0,1,0,1,0,0,0,0
clintox:1233,1233,Cc1cc(C#N)cc(C)c1Oc1nc(Nc2ccc(C#N)cc2)nc(N)c1Br,0,train,0.715350743,0.762527077,0.729810748,0.762527077,0,0,0,0,0,0,1,0.762527077,True,True,0,0,0,0,0,0,0,1
clintox:1234,1234,Cc1cc(/C=C/C#N)cc(C)c1Nc1ccnc(Nc2ccc(C#N)cc2)n1,0,train,0.463994595,0.449110623,0.47067855,0.47067855,0,1,0,1,0,0,1,0.47067855,True,True,0,1,0,1,1,0,0,1
clintox:1235,1235,Cc1cc(C)cc(OCC2CNC(=O)O2)c1,0,train,0.012492882,0.006124681,0.026946435,0.026946435,0,0,0,0,0,0,0,0.026946435,True,True,0,0,0,0,0,0,0,0
clintox:1236,1236,Cc1cc(/C=C/c2ccc3cc(N(C)C)ccc3[n+]2C)c(C)n1-c1ccccc1,0,train,0.518170442,0.385245022,0.614143973,0.614143973,0,1,0,0,1,1,0,0.614143973,True,True,0,1,0,1,0,1,1,0
clintox:1237,1237,Cc1cc(O)c(C(=O)N[C@@H](C(=O)N[C@@H]2C(=O)N3C(C(=O)[O-])=C(CSc4nnnn4C)CS[C@H]23)c2ccc(O)cc2)cn1,0,train,0.003615212,0.001924986,0.005502388,0.005502388,1,0,1,0,1,1,0,0.005502388,True,True,1,0,1,0,0,1,1,0
clintox:1238,1238,C=CC1=C(C)c2cc3[nH]c(cc4nc(cc5[nH]c(cc1n2)c(C)c5CCC(=O)[O-])C(CCC(=O)OC)=C4C)[C@@]1(C)C3=CC=C(C(=O)OC)[C@H]1C(=O)OC,0,train,0.365062003,0.270098693,0.276762575,0.365062003,0,1,1,1,1,1,1,0.365062003,True,True,0,1,1,1,1,1,1,1
clintox:1239,1239,CC1=C(CCC(=O)[O-])c2cc3nc(cc4[nH]c(cc5[nH]c(cc1n2)c(C)c5C(C)O)c(C)c4C(C)OC(C)c1c(C)c2cc4nc(cc5nc(cc6[nH]c(cc1[nH]2)c(C)c6C(C)O)C(C)=C5CCC(=O)[O-])C(CCC(=O)[O-])=C4C)C(C)=C3CCC(=O)[O-],0,train,0.240297853,0.159098773,0.26508753,0.26508753,0,0,1,0,0,0,0,0.26508753,True,True,0,0,1,0,0,0,0,0
clintox:1240,1240,COc1c(C)c2c(c([O-])c1C/C=C(\C)CCC(=O)OCC[NH+]1CCOCC1)C(=O)OC2,0,train,0.078560024,0.062741484,0.091408263,0.091408263,0,1,0,0,1,0,1,0.091408263,True,True,0,1,0,1,0,1,0,1
clintox:1241,1241,COc1c(C)c2c(c([O-])c1C/C=C(\C)CCC(=O)[O-])C(=O)OC2,0,train,0.027806991,0.014586548,0.087587231,0.087587231,0,1,0,0,1,0,0,0.087587231,True,True,0,1,0,1,0,1,0,0
clintox:1242,1242,CC(=O)O[C@H]1C(=O)[C@@]2(C)[C@H]([C@H](OC(=O)c3ccccc3)[C@]3(O)C[C@H](OC(=O)[C@H](O)[C@@H](NC(=O)c4ccccc4)c4ccccc4)C(C)=C1C3(C)C)[C@]1(OC(C)=O)CO[C@@H]1C[C@@H]2O,1,train,0.381962045,0.11682397,0.634978512,0.634978512,0,1,0,0,1,0,0,0.634978512,True,True,0,1,0,1,0,1,0,0
clintox:1243,1243,Cc1ncc(C[n+]2csc(CCO)c2C)c(N)n1,0,train,0.021185915,0.014443476,0.061423262,0.061423262,0,1,0,0,0,0,1,0.061423262,True,True,0,1,0,1,0,0,0,1
clintox:1244,1244,Cc1nc(-c2ccc(OCC(C)C)c(C#N)c2)sc1C(=O)[O-],0,train,0.027958368,0.031780161,0.06426695,0.06426695,0,0,0,0,0,0,0,0.06426695,True,True,0,0,0,0,0,0,0,0
clintox:1245,1245,CC1[NH2+]CCOC1c1ccccc1,0,train,0.006875966,0.002793668,0.022819078,0.022819078,0,0,0,0,0,0,0,0.022819078,True,True,0,0,0,0,0,0,0,0
clintox:1246,1246,Cc1c(-c2ccccc2)oc2c(C(=O)OCC[NH+]3CCCCC3)cccc2c1=O,0,train,0.132556085,0.063820009,0.168928083,0.168928083,0,0,0,0,1,1,0,0.168928083,True,True,0,0,0,0,0,1,1,0
clintox:1247,1247,CC(=O)N(c1onc(C)c1C)S(=O)(=O)c1ccc(N)cc1,0,train,0.026871924,0.021322524,0.084177741,0.084177741,0,1,0,1,1,0,1,0.084177741,True,True,0,1,0,1,1,1,0,1
clintox:1248,1248,Cc1noc([N-]S(=O)(=O)c2ccc(N)cc2)c1C,0,train,0.033644433,0.020722846,0.079827787,0.079827787,0,1,0,1,1,0,1,0.079827787,True,True,0,1,0,1,1,1,0,1
clintox:1249,1249,Cc1[nH]cnc1CN1CCc2c(c3ccccc3n2C)C1=O,0,train,0.086323477,0.066174882,0.052396517,0.086323477,0,0,0,0,0,0,0,0.086323477,True,True,0,0,0,0,0,0,0,0
clintox:1250,1250,Cc1c(N)nc([C@H](CC(N)=O)[NH2+]C[C@H](N)C(N)=O)nc1C(=O)N[C@H](C(=O)N[C@H](C)[C@@H](O)[C@H](C)C(=O)N[C@H](C(=O)NCCc1nc(-c2nc(C(=O)NCCC[S+](C)C)cs2)cs1)[C@@H](C)O)[C@@H](O[C@@H]1O[C@@H](CO)[C@@H](O)[C@H](O)[C@@H]1O[C@H]1O[C@H](CO)[C@@H](O)[C@H](OC(N)=O)[C@@H]1O)c1c[nH]cn1,0,train,0.439766032,0.275386885,0.763937685,0.763937685,1,1,1,1,1,1,1,0.763937685,True,True,1,1,1,1,1,1,1,1
clintox:1251,1251,CC1=C(C(=O)[O-])N2C(=O)[C@@H](NC(=O)[C@H]([NH3+])C3=CCC=CC3)[C@H]2SC1,0,train,0.014303939,0.020256075,0.058927103,0.058927103,1,1,1,1,1,1,0,0.058927103,True,True,1,1,1,1,1,1,1,0
clintox:1252,1252,Cc1oncc1C(=O)Nc1ccc(C(F)(F)F)cc1,0,train,0.085593276,0.061096461,0.11096183,0.11096183,0,0,0,0,0,0,0,0.11096183,True,True,0,0,0,0,0,0,0,0
clintox:1253,1253,Cc1c(O)cccc1C(=O)N[C@@H](CSc1ccccc1)[C@H](O)C[NH+]1C[C@H]2CCCC[C@H]2C[C@H]1C(=O)NC(C)(C)C,0,train,0.17517935,0.211539093,0.116193715,0.211539093,1,0,0,1,0,0,0,0.211539093,True,True,1,0,0,0,1,0,0,0
clintox:1254,1254,CO[C@@H]1[C@@H](OC(N)=O)[C@@H](O)[C@H](Oc2ccc3c([O-])c(NC(=O)c4ccc(O)c(CC=C(C)C)c4)c(=O)oc3c2C)OC1(C)C,0,train,0.028601998,0.027044333,0.056457891,0.056457891,0,1,0,0,1,1,1,0.056457891,True,True,0,1,0,1,0,1,1,1
clintox:1255,1255,COc1cc(NCc2ccc3nc(N)nc(N)c3c2C)cc(OC)c1OC,0,train,0.74457763,0.50990787,0.619409735,0.74457763,0,0,0,0,0,0,1,0.74457763,True,True,0,0,0,0,0,0,0,1
clintox:1256,1256,Cc1cc(-c2ccc(N/N=C3/C(=O)c4c(N)cc(S(=O)(=O)[O-])cc4C=C3S(=O)(=O)[O-])c(C)c2)ccc1N/N=C1/C(=O)c2c(N)cc(S(=O)(=O)[O-])cc2C=C1S(=O)(=O)[O-],0,train,0.066834389,0.034607343,0.148134383,0.148134383,0,1,1,1,1,1,1,0.148134383,True,True,0,1,1,1,1,1,1,1
clintox:1257,1257,CO[C@H](C(=O)[C@@H](O)[C@@H](C)O)[C@@H]1Cc2cc3cc(O[C@H]4C[C@@H](O[C@H]5C[C@@H](O)[C@H](O)[C@@H](C)O5)[C@H](O)[C@@H](C)O4)c(C)c(O)c3c([O-])c2C(=O)[C@H]1O[C@H]1C[C@@H](O[C@H]2C[C@@H](O[C@H]3C[C@](C)(O)[C@H](O)[C@@H](C)O3)[C@@H](O)[C@@H](C)O2)[C@H](O)[C@@H](C)O1,0,train,0.792991487,0.361974233,0.901345805,0.901345805,0,0,1,0,1,0,0,0.901345805,True,True,0,0,1,0,0,1,0,0
clintox:1258,1258,Cc1ccc(C(=O)Nc2ccc(CN3CCN(C)CC3)c(C(F)(F)F)c2)cc1C#Cc1cnc2cccnn12,1,train,0.856399158,0.82539789,0.774917802,0.856399158,0,1,0,0,0,0,0,0.856399158,True,True,0,1,0,1,0,0,0,0
clintox:1259,1259,Cc1[nH]c2ccccc2c1CCNCc1ccc(/C=C/C(=O)NO)cc1,1,train,0.7800125,0.491934535,0.783225647,0.783225647,0,1,1,1,1,1,1,0.783225647,True,True,0,1,1,1,1,1,1,1
clintox:1260,1260,COc1ccc2c(c1)c(CC(=O)[O-])c(C)n2C(=O)c1ccc(Cl)cc1,0,train,0.059062677,0.094003721,0.113525085,0.113525085,0,0,0,0,0,0,0,0.113525085,True,True,0,0,0,0,0,0,0,0
clintox:1261,1261,CO[C@H]1/C=C/O[C@@]2(C)Oc3c(C)c([O-])c4c(c3C2=O)C2=NC3(CC[NH+](CC(C)C)CC3)[NH2+]C2=C(NC(=O)/C(C)=C\C=C\[C@H](C)[C@H](O)[C@@H](C)[C@@H](O)[C@@H](C)[C@H](OC(C)=O)[C@@H]1C)C4=O,0,train,0.171560015,0.209698467,0.16664614,0.209698467,0,0,0,0,1,1,0,0.209698467,True,True,0,0,0,0,0,1,1,0
clintox:1262,1262,CO[C@H]1/C=C/O[C@@]2(C)Oc3c(C)c(O)c4c(O)c(c(/C=N/N5CC[NH+](C6CCCC6)CC5)c(O)c4c3C2=O)NC(=O)/C(C)=C\C=C\[C@H](C)[C@H](O)[C@@H](C)[C@@H](O)[C@@H](C)[C@H](OC(C)=O)[C@@H]1C,0,train,0.359668298,0.361216287,0.339224088,0.361216287,0,1,0,0,1,1,1,0.361216287,True,True,0,1,0,1,0,1,1,1
clintox:1263,1263,CO[C@H]1/C=C/O[C@@]2(C)Oc3c(C)c(O)c4c(O)c(c(/C=N/N5CC[NH+](C)CC5)c(O)c4c3C2=O)NC(=O)/C(C)=C\C=C\[C@H](C)[C@H](O)[C@@H](C)[C@@H](O)[C@@H](C)[C@H](OC(C)=O)[C@@H]1C,0,train,0.128870699,0.127673598,0.11340929,0.128870699,0,1,0,0,1,1,1,0.128870699,True,True,0,1,0,1,0,1,1,1
clintox:1264,1264,Cc1c(C)c2c(c(C)c1O)CCC(C)(COc1ccc(CC3SC(=O)[N-]C3=O)cc1)O2,0,train,0.059845158,0.099698788,0.123697991,0.123697991,0,1,0,1,0,0,0,0.123697991,True,True,0,1,0,1,1,0,0,0
clintox:1265,1265,Cc1nc2n(c(=O)c1CCN1CCC(c3noc4cc(F)ccc34)CC1)CCCC2,1,train,0.258620128,0.113719119,0.056128256,0.258620128,0,0,0,0,0,1,0,0.258620128,True,True,0,0,0,0,0,0,1,0
clintox:1266,1266,C=C/C=C/CC1=C(C)[C@@H](OC(=O)[C@@H]2[C@@H](C=C(C)C)C2(C)C)CC1=O,0,train,0.204194093,0.166393237,0.205350457,0.205350457,0,1,0,1,1,1,1,0.205350457,True,True,0,1,0,1,1,1,1,1
clintox:1267,1267,CO[C@@]12[C@H](COC(N)=O)C3=C(C(=O)C(C)=C(N)C3=O)N1C[C@@H]1N[C@@H]12,1,train,0.496647718,0.241051642,0.653655835,0.653655835,1,1,1,1,1,1,1,0.653655835,True,True,1,1,1,1,1,1,1,1
clintox:1268,1268,CO[C@@]12[C@H](COC(N)=O)C3=C(C(=O)C(C)=C([NH3+])C3=O)[NH+]1C[C@@H]1N[C@@H]12,0,train,0.57835225,0.290036215,0.722890318,0.722890318,1,1,1,1,1,1,1,0.722890318,True,True,1,1,1,1,1,1,1,1
clintox:1269,1269,Cc1onc(-c2ccccc2)c1-c1ccc(S(N)(=O)=O)cc1,0,train,0.066739338,0.062056183,0.11424331,0.11424331,0,0,0,0,0,0,0,0.11424331,True,True,0,0,0,0,0,0,0,0
clintox:1270,1270,Cc1nc(Nc2ncc(C(=O)Nc3c(C)cccc3Cl)s2)cc(N2CCN(CCO)CC2)n1,1,train,0.427542335,0.468846455,0.427341768,0.468846455,0,0,0,1,0,0,0,0.468846455,True,True,0,0,0,0,1,0,0,0
clintox:1271,1271,Cc1cccc(C)c1N(CC(=O)Nc1ccc(-c2ncon2)cc1)C(=O)C1CCS(=O)(=O)CC1,1,train,0.099069674,0.114072277,0.120802367,0.120802367,0,0,0,0,0,0,0,0.120802367,True,True,0,0,0,0,0,0,0,0
clintox:1272,1272,CC1=C(/C=C/C(C)=C/C=C/C(C)=C/C=C/C=C(C)/C=C/C=C(C)/C=C/C2=C(C)CCCC2(C)C)C(C)(C)CCC1,0,train,0.029453137,0.024050959,0.058990422,0.058990422,1,1,1,1,1,0,0,0.058990422,True,True,1,1,1,1,1,1,0,0
clintox:1273,1273,Cc1ncc(COP(=O)([O-])[O-])c(CN(CC[NH+](CC(=O)[O-])Cc2c(COP(=O)([O-])[O-])cnc(C)c2O)CC(=O)[O-])c1O,0,train,0.014317235,0.011000465,0.033766012,0.033766012,1,1,1,1,1,0,1,0.033766012,True,True,1,1,1,1,1,1,0,1
clintox:1274,1274,COc1c(C)c2c(c(O)c1C/C=C(\C)CCC(=O)OCCN1CCOCC1)C(=O)OC2,1,train,0.112827121,0.08073773,0.125438088,0.125438088,0,1,0,0,1,0,1,0.125438088,True,True,0,1,0,1,0,1,0,1
clintox:1275,1275,COC(=O)C1=C(C)NC(C)=C(C(=O)OCC[NH+](C)Cc2ccccc2)C1c1cccc([N+](=O)[O-])c1,0,train,0.2224863,0.243260488,0.118262379,0.243260488,1,1,0,1,1,0,1,0.243260488,True,True,1,1,0,1,1,1,0,1
clintox:1276,1276,COC(=O)C1=C(C)NC(C)=C(C(=O)OC(C)C)C1c1cccc2nonc12,0,train,0.128924638,0.226158757,0.073666825,0.226158757,0,0,0,0,1,0,0,0.226158757,True,True,0,0,0,0,0,1,0,0
clintox:1277,1277,Cc1nc2c([nH]1)CCN(C(=O)c1ccc(NC(=O)c3ccccc3-c3ccccc3)cc1)c1ccccc1-2,0,train,0.357918828,0.434021267,0.150597428,0.434021267,0,0,0,0,0,0,0,0.434021267,True,True,0,0,0,0,0,0,0,0
clintox:1278,1278,Cc1[nH+]cc2n1-c1ccc(Cl)cc1C(c1ccccc1F)=NC2,0,train,0.282081077,0.279447987,0.176229445,0.282081077,0,0,0,0,0,0,0,0.282081077,True,True,0,0,0,0,0,0,0,0
clintox:1279,1279,C=C1[C@H](CO)[C@@H](O)C[C@@H]1n1cnc2c(=O)[nH]c(N)nc21,0,train,0.01405428,0.010357605,0.077751539,0.077751539,0,1,0,1,0,0,1,0.077751539,True,True,0,1,0,1,1,0,0,1
clintox:1280,1280,CC1(C)O[C@@H]2[C@@H](CO[C@@]3(COS(N)(=O)=O)OC(C)(C)O[C@@H]23)O1,0,train,0.029379363,0.02454037,0.082203465,0.082203465,0,0,0,1,1,1,1,0.082203465,True,True,0,0,0,0,1,1,1,1
clintox:1281,1281,CC1(O)CC(c2nc(-c3ccc4ccc(-c5ccccc5)nc4c3)c3c(N)nccn23)C1,1,train,0.637926745,0.677646817,0.468570402,0.677646817,0,0,0,0,0,0,1,0.677646817,True,True,0,0,0,0,0,0,0,1
clintox:1282,1282,CC1(C)C[C@@H]1C(=O)N/C(=C\CCCCSC[C@H]([NH3+])C(=O)[O-])C(=O)[O-],0,train,0.013462524,0.014063691,0.070795243,0.070795243,1,1,0,1,1,1,0,0.070795243,True,True,1,1,0,1,1,1,1,0
clintox:1283,1283,C[NH2+]C1(C)C2CCC(C2)C1(C)C,0,train,0.02056971,0.009422021,0.054678451,0.054678451,0,0,0,0,0,0,0,0.054678451,True,True,0,0,0,0,0,0,0,0
clintox:1284,1284,CC1(C)C2CCC1(CS(=O)(=O)[O-])C(=O)/C2=C\c1ccc(/C=C2\C(=O)C3(CS(=O)(=O)[O-])CCC2C3(C)C)cc1,0,train,0.028884695,0.019917358,0.059353657,0.059353657,0,1,1,1,1,1,1,0.059353657,True,True,0,1,1,1,1,1,1,1
clintox:1285,1285,CC1(C)NC(=O)N(c2ccc([N+](=O)[O-])c(C(F)(F)F)c2)C1=O,0,train,0.062557236,0.049986551,0.10735101,0.10735101,0,1,0,0,1,0,1,0.10735101,True,True,0,1,0,1,0,1,0,1
clintox:1286,1286,CC1(C)C(C=C(Cl)Cl)C1C(=O)OCc1cccc(Oc2ccccc2)c1,0,train,0.049779296,0.071898515,0.058581391,0.071898515,0,0,0,1,1,0,1,0.071898515,True,True,0,0,0,0,1,1,0,1
clintox:1287,1287,C=C1N(CCCCCC(=O)O)c2ccccc2C1(C)C,1,train,0.040631045,0.020126505,0.11607839,0.11607839,0,1,0,1,1,0,0,0.11607839,True,True,0,1,0,1,1,1,0,0
clintox:1288,1288,CC1(C)SC(C(NC(=O)Cc2ccccc2)C(=O)NCCCCCC(=O)[O-])[NH2+]C1C(=O)[O-],0,train,0.004697468,0.003266143,0.021750598,0.021750598,1,1,0,1,1,0,1,0.021750598,True,True,1,1,0,1,1,1,0,1
clintox:1289,1289,CC(C)(C)NC(=O)N[C@H](C(=O)N1C[C@H]2[C@@H]([C@H]1C(=O)NC(CC1CCC1)C(=O)C(N)=O)C2(C)C)C(C)(C)C,0,train,0.179039843,0.165826987,0.23263628,0.23263628,0,1,1,0,1,1,1,0.23263628,True,True,0,1,1,1,0,1,1,1
clintox:1290,1290,CC1(C)S[C@@H]2[C@H](NC(=O)COc3ccccc3)C(=O)N2[C@H]1C(=O)[O-],0,train,0.016865063,0.028259162,0.04570893,0.04570893,1,0,1,0,1,0,0,0.04570893,True,True,1,0,1,0,0,1,0,0
clintox:1291,1291,COc1cccc(OC)c1C(=O)N[C@@H]1C(=O)N2[C@@H]1SC(C)(C)[C@@H]2C(=O)[O-],0,train,0.006510311,0.007567247,0.024704962,0.024704962,1,0,1,0,1,0,0,0.024704962,True,True,1,0,1,0,0,1,0,0
clintox:1292,1292,CC1(C)S[C@@H]2[C@H](NC(=O)C3([NH3+])CCCCC3)C(=O)N2[C@H]1C(=O)[O-],0,train,0.01069034,0.015529767,0.060519221,0.060519221,1,0,1,1,1,0,0,0.060519221,True,True,1,0,1,0,1,1,0,0
clintox:1293,1293,CC1(C)S[C@@H]2[C@H](NC(=O)[C@H](C(=O)[O-])c3ccsc3)C(=O)N2[C@H]1C(=O)[O-],0,train,0.004092082,0.004347096,0.021452164,0.021452164,1,1,1,0,1,0,0,0.021452164,True,True,1,1,1,1,0,1,0,0
clintox:1294,1294,CC1(C)S[C@@H]2[C@H](NC(=O)[C@H](NC(=O)N3CCNC3=O)c3ccccc3)C(=O)N2[C@H]1C(=O)[O-],0,train,0.005548981,0.004363608,0.021073034,0.021073034,1,0,1,0,1,0,0,0.021073034,True,True,1,0,1,0,0,1,0,0
clintox:1295,1295,CC1(C)S[C@@H]2[C@H](N3C(=O)[C@@H](c4ccccc4)[NH2+]C3(C)C)C(=O)N2[C@H]1C(=O)[O-],0,train,0.009413129,0.01456176,0.036582293,0.036582293,1,0,1,1,1,0,0,0.036582293,True,True,1,0,1,0,1,1,0,0
clintox:1296,1296,CC1(C)S[C@@H]2[C@H](/[NH+]=C/N3CCCCCC3)C(=O)N2[C@H]1C(=O)[O-],0,train,0.018838411,0.026974989,0.048984609,0.048984609,1,1,1,1,1,0,0,0.048984609,True,True,1,1,1,1,1,1,0,0
clintox:1297,1297,CC1(C)[C@H](C(=O)[O-])N2C(=O)C[C@H]2S1(=O)=O,0,train,0.011506179,0.010260048,0.079177122,0.079177122,1,0,1,0,1,0,0,0.079177122,True,True,1,0,1,0,0,1,0,0
clintox:1298,1298,CC(=O)S[C@@H]1CC2=CC(=O)CC[C@]2(C)[C@H]2CC[C@@]3(C)[C@@H](CC[C@@]34CCC(=O)O4)[C@H]12,0,train,0.054856427,0.053167785,0.065191423,0.065191423,0,1,1,1,1,1,1,0.065191423,True,True,0,1,1,1,1,1,1,1
clintox:1299,1299,CC(=O)OCC1=C(C(=O)[O-])N2C(=O)[C@@H](NC(=O)CSc3ccncc3)[C@H]2SC1,0,train,0.004944593,0.00540523,0.012842222,0.012842222,1,0,1,0,1,1,1,0.012842222,True,True,1,0,1,0,0,1,1,1
clintox:1300,1300,CC(=O)OCC(=O)[C@@]1(O)CC[C@H]2[C@@H]3CCC4=CC(=O)CC[C@]4(C)[C@H]3C(=O)C[C@@]21C,0,train,0.025354055,0.018923139,0.058038253,0.058038253,0,0,0,0,1,1,1,0.058038253,True,True,0,0,0,0,0,1,1,1
clintox:1301,1301,CC(=O)OCC(=O)[C@@]12OC3(CCCC3)O[C@@H]1C[C@H]1[C@@H]3CCC4=CC(=O)C=C[C@]4(C)[C@@]3(F)[C@@H](O)C[C@@]12C,0,train,0.038697509,0.026597351,0.05175216,0.05175216,0,0,0,0,1,1,1,0.05175216,True,True,0,0,0,0,0,1,1,1
clintox:1302,1302,CC(=O)Oc1ccccc1C(=O)Nc1ncc([N+](=O)[O-])s1,0,train,0.533404645,0.560441857,0.555202758,0.560441857,0,1,0,1,1,0,1,0.560441857,True,True,0,1,0,1,1,1,0,1
clintox:1303,1303,CC(=O)Oc1ccc(C(c2ccc(OC(C)=O)cc2)c2ccccn2)cc1,0,train,0.087597679,0.100390676,0.123539301,0.123539301,0,1,0,1,1,0,0,0.123539301,True,True,0,1,0,1,1,1,0,0
clintox:1304,1304,CC(=O)Oc1cc2c(s1)CC[NH+](C(C(=O)C1CC1)c1ccccc1F)C2,0,train,0.052578913,0.078779276,0.057035621,0.078779276,1,0,0,1,1,0,0,0.078779276,True,True,1,0,0,0,1,1,0,0
clintox:1305,1305,CC(=O)O[C@H]1C[C@@H]2CC[C@@H]3[C@H](CC[C@@]4(C)[C@H]3C[C@H](N3CC[N+](C)(C)CC3)[C@@H]4OC(C)=O)[C@@]2(C)C[C@@H]1N1CC[N+](C)(C)CC1,0,train,0.274786187,0.110883347,0.237591812,0.274786187,0,1,1,0,1,0,0,0.274786187,True,True,0,1,1,1,0,1,0,0
clintox:1306,1306,C=CC[N+]1([C@H]2C[C@H]3[C@@H]4CC[C@H]5C[C@H](O)[C@@H]([NH+]6CCOCC6)C[C@]5(C)[C@H]4CC[C@]3(C)[C@H]2OC(C)=O)CCCC1,0,train,0.17712647,0.077789036,0.132940025,0.17712647,0,1,0,1,1,0,1,0.17712647,True,True,0,1,0,1,1,1,0,1
clintox:1307,1307,COc1ccc([C@@H]2Sc3ccccc3N(CC[NH+](C)C)C(=O)[C@@H]2OC(C)=O)cc1,0,train,0.05929982,0.043639985,0.071874985,0.071874985,0,0,0,0,1,0,0,0.071874985,True,True,0,0,0,0,0,1,0,0
clintox:1308,1308,CC(=O)NC[C@H]1CN(c2ccc(N3CCOCC3)c(F)c2)C(=O)O1,0,train,0.039581225,0.031174608,0.076074704,0.076074704,0,0,0,0,0,0,0,0.076074704,True,True,0,0,0,0,0,0,0,0
clintox:1309,1309,CC(=O)Nc1nnc(S(N)(=O)=O)s1,0,train,0.005792974,0.004093716,0.039865502,0.039865502,0,1,0,0,0,0,0,0.039865502,True,True,0,1,0,1,0,0,0,0
clintox:1310,1310,CC(=O)Nc1c(I)c(C(=O)N[C@H]2C(O)O[C@H](CO)[C@@H](O)[C@@H]2O)c(I)c(N(C)C(C)=O)c1I,0,train,0.017541872,0.011806429,0.038987388,0.038987388,0,1,1,1,1,0,1,0.038987388,True,True,0,1,1,1,1,1,0,1
clintox:1311,1311,COc1cc2c(c(OC)c1OC)-c1ccc(OC)c(=O)cc1[C@@H](NC(C)=O)CC2,0,train,0.603819057,0.417558688,0.6598674,0.6598674,0,0,0,0,0,0,0,0.6598674,True,True,0,0,0,0,0,0,0,0
clintox:1312,1312,CC(=O)N[C@H]1[C@H]([C@H](O)[C@H](O)CO)OC(C(=O)[O-])=C[C@@H]1[NH+]=C(N)N,0,train,0.005095095,0.00218082,0.05964539,0.05964539,0,1,0,1,1,1,0,0.05964539,True,True,0,1,0,1,1,1,1,0
clintox:1313,1313,CC(=O)N[C@@H]1[C@@H](O[C@@H]2O[C@H](C(=O)[O-])[C@@H](O)[C@H](O)[C@H]2O)[C@@H](O)[C@@H](OS(=O)(=O)[O-])O[C@H]1O,0,train,0.024917285,0.016515245,0.079542918,0.079542918,0,1,1,1,1,0,1,0.079542918,True,True,0,1,1,1,1,1,0,1
clintox:1314,1314,CC(=O)N(CC(O)CN(C(C)=O)c1c(I)c(C(=O)NCC(O)CO)c(I)c(C(=O)NCC(O)CO)c1I)c1c(I)c(C(=O)NCC(O)CO)c(I)c(C(=O)NCC(O)CO)c1I,0,train,0.026859699,0.012448797,0.068267005,0.068267005,0,1,1,1,1,0,1,0.068267005,True,True,0,1,1,1,1,1,0,1
clintox:1315,1315,CNC(=O)c1c(I)c(C(=O)NCC(=O)Nc2c(I)c(C(=O)[O-])c(I)c(C(=O)NCCO)c2I)c(I)c(N(C)C(C)=O)c1I,0,train,0.003710289,0.001989474,0.024128904,0.024128904,0,1,1,1,1,0,1,0.024128904,True,True,0,1,1,1,1,1,0,1
clintox:1316,1316,CC(=O)c1ccc2c(c1)N(CCC[NH+]1CCC(CCO)CC1)c1ccccc1S2,0,train,0.44183926,0.160355975,0.388551147,0.44183926,0,0,0,0,1,0,0,0.44183926,True,True,0,0,0,0,0,1,0,0
clintox:1317,1317,CC(=O)c1ccc(S(=O)(=O)[N-]C(=O)NC2CCCCC2)cc1,0,train,0.035539439,0.039319813,0.130967861,0.130967861,0,0,0,0,1,0,0,0.130967861,True,True,0,0,0,0,0,1,0,0
clintox:1318,1318,COc1cc(C(C)=O)ccc1OCCC[NH+]1CCC(c2noc3cc(F)ccc23)CC1,0,train,0.37443018,0.185722592,0.148603507,0.37443018,0,1,0,0,1,0,0,0.37443018,True,True,0,1,0,1,0,1,0,0
clintox:1319,1319,CC(=O)/N=c1\sc(S(N)(=O)=O)nn1C,0,train,0.011480134,0.010194457,0.047602834,0.047602834,0,0,0,0,0,0,0,0.047602834,True,True,0,0,0,0,0,0,0,0
clintox:1320,1320,CC(O)(CS(=O)(=O)c1ccc(F)cc1)C(=O)Nc1ccc(C#N)c(C(F)(F)F)c1,0,train,0.115973202,0.100723412,0.138941955,0.138941955,0,0,0,0,0,0,1,0.138941955,True,True,0,0,0,0,0,0,0,1
clintox:1321,1321,CC(COc1ccccc1)[NH+](CCCl)Cc1ccccc1,0,train,0.164131693,0.144683053,0.237583987,0.237583987,1,1,1,1,1,1,1,0.237583987,True,True,1,1,1,1,1,1,1,1
clintox:1322,1322,CC(Cc1ccccc1)[NH+](C)Cc1ccccc1,0,train,0.03479086,0.025134531,0.043141586,0.043141586,1,0,0,1,1,0,0,0.043141586,True,True,1,0,0,0,1,1,0,0
clintox:1323,1323,CC(Cc1ccc2c(c1)OCO2)[NH2+]CC(O)c1ccc(O)c(O)c1,0,train,0.174154045,0.057464638,0.171709262,0.174154045,0,1,0,0,0,0,0,0.174154045,True,True,0,1,0,1,0,0,0,0
clintox:1324,1324,CC(C[NH2+]C1CCCCC1)OC(=O)c1ccccc1,0,train,0.045195002,0.026447465,0.100081176,0.100081176,0,0,0,0,1,0,0,0.100081176,True,True,0,0,0,0,0,1,0,0
clintox:1325,1325,CC(C(=O)[O-])c1ccc(C(=O)c2cccs2)cc1,0,train,0.020758523,0.016371485,0.073791767,0.073791767,0,0,0,0,1,0,0,0.073791767,True,True,0,0,0,0,0,1,0,0
clintox:1326,1326,CC(c1cc2ccccc2s1)N(O)C(N)=O,0,train,0.029162001,0.020385489,0.112213305,0.112213305,0,1,0,1,0,1,1,0.112213305,True,True,0,1,0,1,1,0,1,1
clintox:1327,1327,CC(O)C(CO)NC(=O)C1CSSCC(NC(=O)C([NH3+])Cc2ccccc2)C(=O)NC(Cc2ccccc2)C(=O)NC(Cc2c[nH]c3ccccc23)C(=O)NC(CCCC[NH3+])C(=O)NC(C(C)O)C(=O)N1,0,train,0.008018672,0.000735661,0.033015372,0.033015372,1,1,0,1,1,1,1,0.033015372,True,True,1,1,0,1,1,1,1,1
clintox:1328,1328,CC(C)OC(=O)CCC/C=C\C[C@@H]1[C@@H](CC[C@@H](O)CCc2ccccc2)[C@H](O)C[C@@H]1O,0,train,0.287406968,0.252110728,0.28460575,0.287406968,0,1,0,0,1,0,0,0.287406968,True,True,0,1,0,1,0,1,0,0
clintox:1329,1329,CC(C)OC(=O)CCC/C=C\C[C@@H]1[C@@H](/C=C/[C@@H](O)COc2cccc(C(F)(F)F)c2)[C@H](O)C[C@@H]1O,0,validation,0.120109732,0.095629069,0.076949385,0.120109732,0,1,0,0,1,0,0,0.120109732,True,True,0,1,0,1,0,1,0,0
clintox:1330,1330,CC(C)Nc1cccnc1N1CCN(C(=O)c2cc3cc(NS(C)(=O)=O)ccc3[nH]2)CC1,0,validation,0.097346959,0.102262621,0.037222092,0.102262621,0,0,0,0,1,0,0,0.102262621,True,True,0,0,0,0,0,1,0,0
clintox:1331,1331,CC(C)n1c(/C=C/[C@H](O)C[C@H](O)CC(=O)[O-])c(-c2ccc(F)cc2)c2ccccc21,0,validation,0.086293209,0.057049724,0.193610542,0.193610542,0,0,0,0,1,0,0,0.193610542,True,True,0,0,0,0,0,1,0,0
clintox:1332,1332,CC(C)COCC(CN(Cc1ccccc1)c1ccccc1)[NH+]1CCCC1,0,validation,0.465904178,0.302448353,0.22724965,0.465904178,0,0,0,0,1,0,0,0.465904178,True,True,0,0,0,0,0,1,0,0
clintox:1333,1333,CSCC[C@H](NC(=O)[C@H](Cc1c[nH]c2ccccc12)NC(=O)CCNC(=O)OCC(C)C)C(=O)N[C@@H](CC(=O)[O-])C(=O)N[C@@H](Cc1ccccc1)C(N)=O,0,validation,0.014218248,0.013843033,0.036858677,0.036858677,0,0,0,0,1,0,1,0.036858677,True,True,0,0,0,0,0,1,0,1
clintox:1334,1334,CC(C)CNCc1ccc(-c2ccccc2S(=O)(=O)N2CCCC2)cc1,1,validation,0.204290422,0.17334363,0.090345068,0.204290422,0,0,0,0,1,0,0,0.204290422,True,True,0,0,0,0,0,1,0,0
clintox:1335,1335,CC(C)Cn1cnc2c(N)nc3ccccc3c21,0,validation,0.037989409,0.015442958,0.059776418,0.059776418,0,0,0,0,0,0,1,0.059776418,True,True,0,0,0,0,0,0,0,1
clintox:1336,1336,CC(C)CN(C[C@@H](O)[C@H](Cc1ccccc1)NC(=O)O[C@H]1CO[C@H]2OCC[C@H]21)S(=O)(=O)c1ccc(N)cc1,0,validation,0.077890016,0.085499826,0.054245501,0.085499826,0,1,0,1,1,0,1,0.085499826,True,True,0,1,0,1,1,1,0,1
clintox:1337,1337,COc1cc2c(cc1OC)C1CC(=O)C(CC(C)C)C[NH+]1CC2,0,validation,0.089512319,0.069755776,0.051080589,0.089512319,1,0,0,1,1,0,0,0.089512319,True,True,1,0,0,0,1,1,0,0
clintox:1338,1338,CC(C)CC([NH+](C)C)C1(c2ccc(Cl)cc2)CCC1,0,validation,0.290682327,0.131554435,0.33554193,0.33554193,0,0,0,0,0,0,0,0.33554193,True,True,0,0,0,0,0,0,0,0
clintox:1339,1339,CC(C)CC(NC(=O)C(Cc1ccc2ccccc2c1)NC(=O)C(Cc1ccc(O)cc1)NC(=O)C(CO)NC(=O)C(Cc1c[nH]c2ccccc12)NC(=O)C(Cc1c[nH]cn1)NC(=O)C1CCC(=O)N1)C(=O)NC(CCCNC(N)=[NH2+])C(=O)N1CCCC1C(=O)NCC(N)=O,0,validation,0.006951822,0.002868978,0.014704923,0.014704923,0,1,0,0,1,0,0,0.014704923,True,True,0,1,0,1,0,1,0,0
clintox:1340,1340,CC(C)C[C@H]1C(=O)N2CCC[C@H]2[C@]2(O)O[C@](NC(=O)[C@@H]3C=C4c5cccc6[nH]c(Br)c(c56)C[C@H]4[NH+](C)C3)(C(C)C)C(=O)N12,0,validation,0.070237376,0.109468594,0.055088184,0.109468594,0,0,0,1,1,0,1,0.109468594,True,True,0,0,0,0,1,1,0,1
clintox:1341,1341,CC(C)C[C@H](NC(=O)CNC(=O)[C@H](Cc1ccc(O)cc1)NC(=O)[C@H](CO)NC(=O)[C@H](Cc1c[nH]c2ccccc12)NC(=O)[C@H](Cc1c[nH]cn1)NC(=O)[C@@H]1CCC(=O)N1)C(=O)N[C@@H](CCCNC(N)=[NH2+])C(=O)N1CCC[C@H]1C(=O)NCC(N)=O,0,validation,0.002568519,0.001038439,0.011574763,0.011574763,0,1,0,0,1,0,0,0.011574763,True,True,0,1,0,1,0,1,0,0
clintox:1342,1342,CC(C)C[C@H](NC(=O)[C@@H](Cc1c[nH]c2ccccc12)NC(=O)[C@H](Cc1ccc(O)cc1)NC(=O)[C@H](CO)NC(=O)[C@H](Cc1c[nH]c2ccccc12)NC(=O)[C@H](Cc1cnc[nH]1)NC(=O)[C@@H]1CCC(=O)N1)C(=O)N[C@@H](CCC[NH+]=C(N)N)C(=O)N1CCC[C@H]1C(=O)NCC(N)=O,0,validation,0.010846223,0.00508335,0.03686254,0.03686254,0,1,0,1,1,0,0,0.03686254,True,True,0,1,0,1,1,1,0,0
clintox:1343,1343,CC(C)C[C@H](NC(=O)[C@H](CCc1ccccc1)NC(=O)CN1CCOCC1)C(=O)N[C@@H](Cc1ccccc1)C(=O)N[C@@H](CC(C)C)C(=O)[C@@]1(C)CO1,1,validation,0.754831917,0.699142025,0.883316125,0.883316125,1,1,1,1,1,1,1,0.883316125,True,True,1,1,1,1,1,1,1,1
clintox:1344,1344,CC(C)c1nc(CN(C)C(=O)N[C@H](C(=O)N[C@@H](Cc2ccccc2)C[C@H](O)[C@H](Cc2ccccc2)NC(=O)OCc2cncs2)C(C)C)cs1,0,validation,0.052797561,0.062917203,0.036611726,0.062917203,0,0,0,0,1,0,1,0.062917203,True,True,0,0,0,0,0,1,0,1
clintox:1345,1345,CC(C)c1ccc2oc3nc(N)c(C(=O)[O-])cc3c(=O)c2c1,0,validation,0.028257235,0.031267276,0.081690855,0.081690855,0,1,0,0,0,1,1,0.081690855,True,True,0,1,0,1,0,0,1,1
clintox:1346,1346,CC(C)c1nc(N(C)S(C)(=O)=O)nc(-c2ccc(F)cc2)c1/C=C/[C@@H](O)C[C@@H](O)CC(=O)[O-],0,validation,0.012414081,0.008195592,0.03200136,0.03200136,0,0,0,0,1,0,0,0.03200136,True,True,0,0,0,0,0,1,0,0
clintox:1347,1347,CC(C)c1c(C(=O)Nc2ccccc2)c(-c2ccccc2)c(-c2ccc(F)cc2)n1CC[C@@H](O)C[C@@H](O)CC(=O)[O-],0,validation,0.056302364,0.049503079,0.168037842,0.168037842,0,0,0,0,1,0,0,0.168037842,True,True,0,0,0,0,0,1,0,0
clintox:1348,1348,COCc1c(C(C)C)nc(C(C)C)c(/C=C/[C@@H](O)C[C@@H](O)CC(=O)[O-])c1-c1ccc(F)cc1,0,validation,0.098487662,0.073338682,0.208009347,0.208009347,0,0,0,0,1,0,0,0.208009347,True,True,0,0,0,0,0,1,0,0
clintox:1349,1349,CC(C)[NH2+]CCCC1(C(N)=O)c2ccccc2-c2ccccc21,0,validation,0.112361808,0.082686657,0.188334117,0.188334117,0,1,0,0,1,0,0,0.188334117,True,True,0,1,0,1,0,1,0,0
clintox:1350,1350,CC(C)[NH2+]CC1CCc2cc(CO)c([N+](=O)[O-])cc2N1,0,validation,0.058889958,0.016266102,0.077167851,0.077167851,0,1,0,0,1,0,1,0.077167851,True,True,0,1,0,1,0,1,0,1
clintox:1351,1351,CC(C)[NH+]1CCN(c2ccc(OC[C@H]3CO[C@](Cn4cncn4)(c4ccc(Cl)cc4Cl)O3)cc2)CC1,0,validation,0.378349442,0.306769408,0.147668335,0.378349442,0,0,0,0,0,0,0,0.378349442,True,True,0,0,0,0,0,0,0,0
clintox:1352,1352,CC(C)[C@@]1(C(=O)N[C@H]2CC(=O)O[C@]2(O)CF)CC(c2nccc3ccccc23)=NO1,1,validation,0.203075132,0.16581391,0.210042323,0.210042323,0,0,0,0,1,1,0,0.210042323,True,True,0,0,0,0,0,1,1,0
clintox:1353,1353,CC(C)/N=c1\cc2n(-c3ccc(Cl)cc3)c3ccccc3nc-2cc1Nc1ccc(Cl)cc1,0,validation,0.64554343,0.583043065,0.851760577,0.851760577,0,1,0,0,1,1,1,0.851760577,True,True,0,1,0,1,0,1,1,1
clintox:1354,1354,CC(C)(C(=O)c1cccnc1)c1cccnc1,0,validation,0.039316629,0.028120569,0.138349858,0.138349858,0,0,0,0,1,0,0,0.138349858,True,True,0,0,0,0,0,1,0,0
clintox:1355,1355,CC(C)(O)c1ccccc1CC[C@@H](SCC1(CC(=O)[O-])CC1)c1cccc(/C=C/c2ccc3ccc(Cl)cc3n2)c1,0,validation,0.089599686,0.173486673,0.179770641,0.179770641,0,0,0,1,1,0,0,0.179770641,True,True,0,0,0,0,1,1,0,0
clintox:1356,1356,CC(C)(C(=O)[O-])c1ccc(C(O)CCC[NH+]2CCC(C(O)(c3ccccc3)c3ccccc3)CC2)cc1,0,validation,0.225353598,0.14910465,0.23901175,0.23901175,0,0,0,0,1,0,0,0.23901175,True,True,0,0,0,0,0,1,0,0
clintox:1357,1357,CC(C)(C)NC(=O)[C@@H]1CN(Cc2cccnc2)CC[NH+]1C[C@@H](O)C[C@@H](Cc1ccccc1)C(=O)N[C@H]1c2ccccc2C[C@H]1O,0,validation,0.022497451,0.014783945,0.015496755,0.022497451,1,0,0,1,1,0,0,0.022497451,True,True,1,0,0,0,1,1,0,0
clintox:1358,1358,CC(C)(C)NC(=O)[C@@H]1C[C@@H]2CCCC[C@@H]2C[NH+]1C[C@@H](O)[C@H](Cc1ccccc1)NC(=O)[C@H](CC(N)=O)NC(=O)c1ccc2ccccc2n1,0,validation,0.096473662,0.118996419,0.09964353,0.118996419,1,0,0,1,1,0,0,0.118996419,True,True,1,0,0,0,1,1,0,0
clintox:1359,1359,COc1ccccc1Oc1c([N-]S(=O)(=O)c2ccc(C(C)(C)C)cc2)nc(-c2ncccn2)nc1OCCO,0,validation,0.121676938,0.254356382,0.108079058,0.254356382,0,0,0,0,1,0,0,0.254356382,True,True,0,0,0,0,0,1,0,0
clintox:1360,1360,COc1ccc(C(=O)CC(=O)c2ccc(C(C)(C)C)cc2)cc1,0,validation,0.082855412,0.109682708,0.234011445,0.234011445,0,1,0,0,1,0,0,0.234011445,True,True,0,1,0,1,0,1,0,0
clintox:1361,1361,CC(C)(Sc1cc(C(C)(C)C)c(O)c(C(C)(C)C)c1)Sc1cc(C(C)(C)C)c(O)c(C(C)(C)C)c1,0,validation,0.052271391,0.067040563,0.139236898,0.139236898,0,1,1,1,0,0,0,0.139236898,True,True,0,1,1,1,1,0,0,0
clintox:1362,1362,CC(C)(C)[NH2+]CC(O)COc1cccc2c1CCC(=O)N2,0,validation,0.022010566,0.012714282,0.043148659,0.043148659,0,0,0,0,1,0,0,0.043148659,True,True,0,0,0,0,0,1,0,0
clintox:1363,1363,CC(C)(C)[NH2+]CC(O)COc1cccc2c1C[C@H](O)[C@H](O)C2,0,validation,0.027177641,0.013649702,0.048172866,0.048172866,0,0,0,0,1,0,0,0.048172866,True,True,0,0,0,0,0,1,0,0
clintox:1364,1364,CC(C)(C)[NH2+]C[C@H](O)COc1ccccc1C1CCCC1,0,validation,0.185426248,0.111366146,0.1783167,0.185426248,0,0,0,0,1,0,0,0.185426248,True,True,0,0,0,0,0,1,0,0
clintox:1365,1365,CC(C)(C)[NH2+]C[C@H](O)COc1cccc2c1CCCC2=O,0,validation,0.042916188,0.021492204,0.072394067,0.072394067,0,0,0,0,1,0,0,0.072394067,True,True,0,0,0,0,0,1,0,0
clintox:1366,1366,CC(C)(C)[NH2+]C[C@H](O)COc1nsnc1N1CCOCC1,0,validation,0.063488633,0.048699216,0.085069946,0.085069946,0,0,0,0,1,0,0,0.085069946,True,True,0,0,0,0,0,1,0,0
clintox:1367,1367,COC(=O)N[C@H](C(=O)N[C@@H](Cc1ccccc1)[C@@H](O)CN(Cc1ccc(-c2ccccn2)cc1)NC(=O)[C@@H](NC(=O)OC)C(C)(C)C)C(C)(C)C,1,validation,0.054514267,0.074641357,0.032687573,0.074641357,1,1,0,0,1,1,1,0.074641357,True,True,1,1,0,1,0,1,1,1
clintox:1368,1368,CC(C)(O/N=C(\C(=O)N[C@@H]1C(=O)N2C(C(=O)[O-])=C(C[n+]3ccccc3)CS[C@H]12)c1csc(N)n1)C(=O)[O-],0,validation,0.006918009,0.006735744,0.012838505,0.012838505,1,1,1,1,1,1,1,0.012838505,True,True,1,1,1,1,1,1,1,1
clintox:1369,1369,Cn1c(=O)n(-c2ccc(C(C)(C)C#N)cc2)c2c3cc(-c4cnc5ccccc5c4)ccc3ncc21,1,validation,0.467684575,0.477473402,0.603483553,0.603483553,0,0,0,0,0,0,1,0.603483553,True,True,0,0,0,0,0,0,0,1
clintox:1370,1370,CC(C)[C@H]1CC[C@H](C(=O)N[C@H](Cc2ccccc2)C(=O)[O-])CC1,0,validation,0.014887097,0.018699456,0.065185029,0.065185029,0,0,0,0,0,0,0,0.065185029,True,True,0,0,0,0,0,0,0,0
clintox:1371,1371,CC#CCn1c(N2CCC[C@@H]([NH3+])C2)nc2c1c(=O)n(Cc1nc(C)c3ccccc3n1)c(=O)n2C,0,validation,0.12312484,0.15803732,0.05758752,0.15803732,0,1,0,0,0,1,0,0.15803732,True,True,0,1,0,1,0,0,1,0
clintox:1372,1372,CC#CCC(C)[C@H](O)/C=C/[C@@H]1[C@H]2C/C(=C/CCCC(=O)[O-])C[C@H]2C[C@H]1O,0,validation,0.003312523,0.00125311,0.018920727,0.018920727,0,1,0,0,0,0,0,0.018920727,True,True,0,1,0,1,0,0,0,0
clintox:1373,1373,C[NH2+]CCCC1c2ccccc2C=Cc2ccccc21,0,validation,0.129023231,0.051284907,0.250714498,0.250714498,0,1,0,0,0,0,0,0.250714498,True,True,0,1,0,1,0,0,0,0
clintox:1374,1374,C[NH2+]CCCC12CCC(c3ccccc31)c1ccccc12,0,validation,0.259615777,0.149424521,0.337860587,0.337860587,0,1,0,0,0,0,0,0.337860587,True,True,0,1,0,1,0,0,0,0
clintox:1375,1375,C[NH2+]C1(c2ccccc2Cl)CCCCC1=O,0,validation,0.034567774,0.024504614,0.117195273,0.117195273,1,0,0,1,1,0,0,0.117195273,True,True,1,0,0,0,1,1,0,0
clintox:1376,1376,C[NH2+][C@H]1CC[C@@H](c2ccc(Cl)c(Cl)c2)c2ccccc21,0,validation,0.65377095,0.50413802,0.519713482,0.65377095,1,0,0,1,1,0,0,0.65377095,True,True,1,0,0,0,1,1,0,0
clintox:1377,1377,C[NH2+][C@@H]1CCc2[nH]c3ccc(C(N)=O)cc3c2C1,0,validation,0.053412091,0.027772029,0.089827665,0.089827665,0,0,0,0,0,0,0,0.089827665,True,True,0,0,0,0,0,0,0,0
clintox:1378,1378,C[NH+]1CCN2c3ncccc3Cc3ccccc3C2C1,0,validation,0.14930997,0.057855321,0.111909086,0.14930997,0,0,0,0,0,0,0,0.14930997,True,True,0,0,0,0,0,0,0,0
clintox:1379,1379,CN(C)S(=O)(=O)c1ccc2c(c1)/C(=C\CCN1CC[NH+](C)CC1)c1ccccc1S2,0,validation,0.712673243,0.569351017,0.541651512,0.712673243,0,0,0,0,1,0,0,0.712673243,True,True,0,0,0,0,0,1,0,0
clintox:1380,1380,C[NH+]1CCN(C2=[NH+]c3cc(Cl)ccc3Nc3ccccc32)CC1,0,validation,0.759173682,0.506562865,0.656730047,0.759173682,0,0,0,1,1,0,0,0.759173682,True,True,0,0,0,0,1,1,0,0
clintox:1381,1381,C[NH+]1CCN(C(=O)O[C@H]2c3nccnc3C(=O)N2c2ccc(Cl)cn2)CC1,0,validation,0.084328155,0.081840614,0.126755188,0.126755188,0,0,0,0,0,0,1,0.126755188,True,True,0,0,0,0,0,0,0,1
clintox:1382,1382,C[NH+]1CCCC(n2nc(Cc3ccc(Cl)cc3)c3ccccc3c2=O)CC1,0,validation,0.85901387,0.700500362,0.853113545,0.85901387,0,0,0,0,0,1,0,0.85901387,True,True,0,0,0,0,0,0,1,0
clintox:1383,1383,C[NH+]1CCCC(CC2c3ccccc3Sc3ccccc32)C1,0,validation,0.493142418,0.283856835,0.498525645,0.498525645,0,0,0,0,0,0,0,0.498525645,True,True,0,0,0,0,0,0,0,0
clintox:1384,1384,C[NH+]1CCC[C@H]1c1cccnc1,0,validation,0.006982773,0.00234887,0.016850104,0.016850104,1,0,0,1,1,0,0,0.016850104,True,True,1,0,0,0,1,1,0,0
clintox:1385,1385,C[NH+]1CCC[C@@H]1Cc1c[nH]c2ccc(CCS(=O)(=O)c3ccccc3)cc12,0,validation,0.329318377,0.220603462,0.209144548,0.329318377,0,0,0,0,0,0,0,0.329318377,True,True,0,0,0,0,0,0,0,0
clintox:1386,1386,C[NH+]1CCc2cccc3c2[C@H]1Cc1ccc(O)c(O)c1-3,0,validation,0.550974577,0.245611305,0.463469233,0.550974577,1,1,0,1,1,0,0,0.550974577,True,True,1,1,0,1,1,1,0,0
clintox:1387,1387,C[NH+]1CCC(OC(c2ccccc2)c2ccccc2)CC1,0,validation,0.128437252,0.067461504,0.15944168,0.15944168,0,0,0,0,0,0,0,0.15944168,True,True,0,0,0,0,0,0,0,0
clintox:1388,1388,COc1cc2c(Nc3ccc(Br)cc3F)ncnc2cc1OCC1CC[NH+](C)CC1,0,validation,0.699549777,0.530764938,0.623818543,0.699549777,0,0,0,0,0,0,1,0.699549777,True,True,0,0,0,0,0,0,0,1
clintox:1389,1389,C[NH+]1CCC(=C2c3ccccc3CCn3c(C=O)c[nH+]c32)CC1,0,validation,0.158652558,0.076932199,0.176840388,0.176840388,0,1,1,1,1,1,1,0.176840388,True,True,0,1,1,1,1,1,1,1
clintox:1390,1390,C[NH+]1CCC(=C2c3ccccc3C=Cc3ccccc32)CC1,0,validation,0.330000348,0.159020167,0.42971733,0.42971733,0,1,0,0,0,0,0,0.42971733,True,True,0,1,0,1,0,0,0,0
clintox:1391,1391,C[NH+]1CCC(=C2c3ccccc3CC(=O)c3sccc32)CC1,0,validation,0.238699967,0.126620158,0.278471367,0.278471367,0,0,0,0,1,0,0,0.278471367,True,True,0,0,0,0,0,1,0,0
clintox:1392,1392,C[NH+]1CCC(CN2c3ccccc3Sc3ccccc32)C1,0,validation,0.466467245,0.25498909,0.384999305,0.466467245,0,0,0,0,0,0,0,0.466467245,True,True,0,0,0,0,0,0,0,0
clintox:1393,1393,COc1ccc2c3c1O[C@H]1[C@@H](O)CC[C@H]4[C@@H](C2)[NH+](C)CC[C@@]341,0,validation,0.066661437,0.030766047,0.060001826,0.066661437,0,0,0,0,0,0,0,0.066661437,True,True,0,0,0,0,0,0,0,0
clintox:1394,1394,C[NH+]1CC[C@]23c4c5ccc(O)c4O[C@H]2[C@@H](O)C=C[C@H]3[C@H]1C5,0,validation,0.16365797,0.084780507,0.19465278,0.19465278,0,1,0,0,0,0,0,0.19465278,True,True,0,1,0,1,0,0,0,0
clintox:1395,1395,COc1ccc2c3c1O[C@H]1C[C@@H](O)C=C[C@@]31CC[NH+](C)C2,0,validation,0.06601251,0.030943459,0.102270905,0.102270905,0,1,0,0,0,0,0,0.102270905,True,True,1,1,0,1,1,1,0,0
clintox:1396,1396,C[NH+]1C[C@@H]2c3ccccc3Oc3ccc(Cl)cc3[C@H]2C1,0,validation,0.344043497,0.16604044,0.252261105,0.344043497,0,0,0,0,0,0,0,0.344043497,True,True,0,0,0,0,0,0,0,0
clintox:1397,1397,C[NH+]1[C@@H]2CC[C@@H]1CC(OC(c1ccccc1)c1ccccc1)C2,0,validation,0.501010963,0.257743425,0.435559413,0.501010963,0,0,0,0,0,0,0,0.501010963,True,True,0,0,0,0,0,0,0,0
clintox:1398,1398,C[NH+](C/C=C/c1ccccc1)Cc1cccc2ccccc12,0,validation,0.078714057,0.064449698,0.064875715,0.078714057,1,0,0,1,1,0,0,0.078714057,True,True,1,0,0,0,1,1,0,0
clintox:1399,1399,COc1cc(C(=O)NCc2ccc(OCC[NH+](C)C)cc2)cc(OC)c1OC,0,validation,0.099894387,0.071345646,0.128684442,0.128684442,0,0,0,0,0,0,0,0.128684442,True,True,0,0,0,0,0,0,0,0
clintox:1400,1400,C[NH+](C)CCOC(=O)C(c1ccccc1)C1(O)CCCC1,0,validation,0.043489965,0.026266418,0.152231883,0.152231883,0,0,0,0,1,0,1,0.152231883,True,True,0,0,0,0,0,1,0,1
clintox:1401,1401,C[NH+](C)CCn1nnnc1SCC1=C(C(=O)[O-])N2C(=O)[C@@H](NC(=O)Cc3csc(N)n3)[C@H]2SC1,0,validation,0.003780224,0.002846159,0.009686638,0.009686638,1,0,1,1,1,1,1,0.009686638,True,True,1,0,1,0,1,1,1,1
clintox:1402,1402,C[NH+](C)CCC=C1c2ccccc2CCc2ccccc21,0,validation,0.328987103,0.128886792,0.517193115,0.517193115,0,0,0,0,0,0,0,0.517193115,True,True,0,0,0,0,0,0,0,0
clintox:1403,1403,C[NH+](C)CCc1c[nH]c2ccc(CS(=O)(=O)N3CCCC3)cc12,0,validation,0.102661117,0.063787781,0.082043408,0.102661117,0,0,0,0,1,0,0,0.102661117,True,True,0,0,0,0,0,1,0,0
clintox:1404,1404,C[NH+](C)CCc1c[nH]c2ccc(Cn3cncn3)cc12,0,validation,0.037570606,0.016667429,0.058550827,0.058550827,0,0,0,0,0,0,0,0.058550827,True,True,0,0,0,0,0,0,0,0
clintox:1405,1405,C[NH+](C)CCc1c[nH]c2ccc(C[C@H]3COC(=O)N3)cc12,0,validation,0.031591578,0.009114877,0.063856241,0.063856241,0,0,0,0,0,0,0,0.063856241,True,True,0,0,0,0,0,0,0,0
clintox:1406,1406,C[NH+](C)CC/C=C1/c2ccccc2Sc2ccc(Cl)cc21,0,validation,0.80667334,0.5587038,0.776223277,0.80667334,0,0,0,0,0,0,0,0.80667334,True,True,0,0,0,0,0,0,0,0
clintox:1407,1407,C[NH+](C)CC/C=C1/c2ccccc2COc2ccc(CC(=O)[O-])cc21,0,validation,0.067175325,0.015448831,0.240427102,0.240427102,0,0,0,0,0,0,0,0.240427102,True,True,0,0,0,0,0,0,0,0
clintox:1408,1408,C=C1c2cccc([O-])c2C(=O)C2=C([O-])[C@]3(O)C(=O)C(C(N)=O)=C([O-])[C@@H]([NH+](C)C)[C@@H]3[C@@H](O)[C@H]12,0,validation,0.058868216,0.032159856,0.120347651,0.120347651,0,1,0,1,1,1,0,0.120347651,True,True,0,1,0,1,1,1,1,0
clintox:1409,1409,C[N+]12CCC(CC1)C(OC(=O)C(O)(c1ccccc1)c1ccccc1)C2,0,validation,0.223623112,0.092923797,0.337514743,0.337514743,0,1,0,0,1,0,0,0.337514743,True,True,0,1,0,1,0,1,0,0
clintox:1410,1410,C[N+]1(C)CCN(CC(O)(c2ccccc2)C2CCCCC2)CC1,0,validation,0.214314487,0.100324893,0.293782727,0.293782727,0,1,0,0,0,0,0,0.293782727,True,True,0,1,0,1,0,0,0,0
clintox:1411,1411,C[N+]1(CCCCC[N+]2(C)CCCC2)CCCC1,0,validation,0.078817169,0.045501188,0.089324668,0.089324668,0,1,1,0,1,0,0,0.089324668,True,True,0,1,1,1,0,1,0,0
clintox:1412,1412,CO/N=C(\C(=O)N[C@@H]1C(=O)N2C(C(=O)[O-])=C(C[N+]3(C)CCCC3)CS[C@H]12)c1csc(N)n1,0,validation,0.009226595,0.008372167,0.021887436,0.021887436,1,1,1,1,1,1,1,0.021887436,True,True,1,1,1,1,1,1,1,1
clintox:1413,1413,C[N+]1(C)CCCC(OC(=O)C(O)(c2ccccc2)c2ccccc2)C1,0,validation,0.17079403,0.079631207,0.374733567,0.374733567,0,1,0,0,1,0,0,0.374733567,True,True,0,1,0,1,0,1,0,0
clintox:1414,1414,COc1cc2c(cc1OC)[C@@H](Cc1cc(OC)c(OC)c(OC)c1)[N+](C)(CCCOC(=O)CC/C=C/CCC(=O)OCCC[N+]1(C)CCc3cc(OC)c(OC)cc3[C@H]1Cc1cc(OC)c(OC)c(OC)c1)CC2,0,validation,0.148794584,0.078145204,0.125908451,0.148794584,1,1,1,1,1,0,1,0.148794584,True,True,1,1,1,1,1,1,0,1
clintox:1415,1415,COc1cc(C[C@@H]2c3c(cc(OC)c(OC)c3OC)CC[N+]2(C)CCCOC(=O)CCC(=O)OCCC[N+]2(C)CCc3cc(OC)c(OC)c(OC)c3[C@@H]2Cc2cc(OC)c(OC)c(OC)c2)cc(OC)c1OC,0,validation,0.147806963,0.064598714,0.149070948,0.149070948,1,1,1,1,1,0,1,0.149070948,True,True,1,1,1,1,1,1,0,1
clintox:1416,1416,C[N+]1(C)CCC(OC(=O)C(O)(c2ccccc2)C2CCCC2)C1,0,validation,0.133020735,0.065479554,0.279076435,0.279076435,0,1,0,0,1,0,0,0.279076435,True,True,0,1,0,1,0,1,0,0
clintox:1417,1417,C[N+]1(C)CCC(=C(c2ccccc2)c2ccccc2)CC1,0,validation,0.108539876,0.033716788,0.221825133,0.221825133,0,1,0,0,0,0,0,0.221825133,True,True,0,1,0,1,0,0,0,0
clintox:1418,1418,C[N+]1(C)[C@@H]2CC(OC(=O)C(O)(c3cccs3)c3cccs3)C[C@H]1[C@@H]1O[C@@H]12,0,validation,0.122953704,0.049278924,0.228244178,0.228244178,1,1,0,1,1,1,1,0.228244178,True,True,1,1,0,1,1,1,1,1
clintox:1419,1419,C[N+](C)(CCCCCC[N+](C)(C)C1c2ccccc2-c2ccccc21)C1c2ccccc2-c2ccccc21,0,validation,0.60305772,0.482447717,0.650886112,0.650886112,1,1,1,1,1,0,1,0.650886112,True,True,1,1,1,1,1,1,0,1
clintox:1420,1420,CC(C)[C@@H](CN1CC[C@@](C)(c2cccc(O)c2)[C@@H](C)C1)NC(=O)[C@H]1Cc2ccc(O)cc2CN1,1,validation,0.104387972,0.038484153,0.081313864,0.104387972,0,0,0,0,0,0,0,0.104387972,True,True,0,0,0,0,0,0,0,0
clintox:1421,1421,C=C(C)[C@@H]1CC[C@@]2(C1)C(C)=CCC[C@@H]2C,0,validation,0.028938086,0.01966738,0.081011162,0.081011162,0,1,0,1,0,0,0,0.081011162,True,True,0,1,0,1,1,0,0,0
clintox:1422,1422,C[C@H]1C[NH+](C[C@H](Cc2ccccc2)C(=O)NCC(=O)[O-])CC[C@@]1(C)c1cccc(O)c1,0,validation,0.030227939,0.015295943,0.087139333,0.087139333,0,0,0,1,1,0,0,0.087139333,True,True,0,0,0,0,1,1,0,0
clintox:1423,1423,C[C@H]1C[C@H]2[C@@H]3CCC4=CC(=O)C=C[C@]4(C)[C@@]3(F)[C@@H](O)C[C@]2(C)[C@@]1(OC(=O)c1ccccc1)C(=O)CO,0,validation,0.057380845,0.033419271,0.078026665,0.078026665,0,0,0,0,1,1,1,0.078026665,True,True,0,0,0,0,0,1,1,1
clintox:1424,1424,CC(C)=CC[NH+]1CC[C@@]2(C)c3cc(O)ccc3C[C@@H]1[C@@H]2C,0,validation,0.168048237,0.094373903,0.07087218,0.168048237,0,1,0,0,0,0,0,0.168048237,True,True,0,1,0,1,0,0,0,0
clintox:1425,1425,C[C@H]1[C@H](NC(=O)/C(=N\OC(C)(C)C(=O)[O-])c2csc(N)n2)C(=O)N1S(=O)(=O)[O-],0,validation,0.01301894,0.007032817,0.071078237,0.071078237,1,1,1,1,1,1,1,0.071078237,True,True,1,1,1,1,1,1,1,1
clintox:1426,1426,C[NH2+][C@@H]1[C@H](O[C@H]2[C@H](O[C@H]3[C@H](O)[C@@H](O)[C@H](NC(N)=[NH2+])[C@@H](O)[C@@H]3NC(N)=[NH2+])O[C@@H](C)[C@]2(O)C=O)O[C@@H](CO)[C@H](O)[C@H]1O,0,validation,0.06015531,0.020663313,0.223671458,0.223671458,0,1,1,1,1,1,1,0.223671458,True,True,0,1,1,1,1,1,1,1
clintox:1427,1427,C[C@@H]1[C@H](O)[C@@H](C)/C=C/C=C/C=C/C=C/C=C/C=C/C=C/[C@H](O[C@@H]2O[C@H](C)[C@@H](O)[C@H]([NH3+])[C@@H]2O)C[C@@H]2O[C@](O)(C[C@@H](O)C[C@@H](O)[C@H](O)CC[C@@H](O)C[C@@H](O)CC(=O)O[C@H]1C)C[C@H](O)[C@H]2C(=O)[O-],0,validation,0.057206248,0.013313935,0.160844498,0.160844498,1,0,1,1,1,0,0,0.160844498,True,True,1,0,1,0,1,1,0,0
clintox:1428,1428,C[C@H](Cc1ccc(O)c(O)c1)[C@@H](C)Cc1ccc(O)c(O)c1,0,validation,0.215936537,0.099498463,0.205963682,0.215936537,0,1,0,0,0,0,0,0.215936537,True,True,0,1,0,1,0,0,0,0
clintox:1429,1429,C[C@H](Cc1cc2c(c(C(N)=O)c1)N(CCCO)CC2)[NH2+]CCOc1ccccc1OCC(F)(F)F,0,validation,0.352042945,0.149993258,0.293144155,0.352042945,0,1,0,0,0,0,0,0.352042945,True,True,0,1,0,1,0,0,0,0
clintox:1430,1430,C[C@@H]([NH2+]CCCc1cccc(C(F)(F)F)c1)c1cccc2ccccc12,0,validation,0.778230465,0.697644342,0.701816352,0.778230465,1,1,0,1,1,0,0,0.778230465,True,True,1,1,0,1,1,1,0,0
clintox:1431,1431,C[C@@H](O[C@H]1OCC[NH+](Cc2n[nH]c(=O)[nH]2)[C@H]1c1ccc(F)cc1)c1cc(C(F)(F)F)cc(C(F)(F)F)c1,0,validation,0.190660178,0.233374302,0.133417967,0.233374302,1,0,0,1,1,0,1,0.233374302,True,True,1,0,0,0,1,1,0,1
clintox:1432,1432,C[C@@H](Oc1cc(-c2cnn(C3CC[NH2+]CC3)c2)cnc1N)c1c(Cl)ccc(F)c1Cl,0,validation,0.9769109,0.96599602,0.966069567,0.9769109,0,1,0,0,0,0,1,0.9769109,True,True,0,1,0,1,0,0,0,1
clintox:1433,1433,CC(=O)N[C@H](Cc1ccc2ccccc2c1)C(=O)N[C@H](Cc1ccc(Cl)cc1)C(=O)N[C@H](Cc1cccnc1)C(=O)N[C@@H](CO)C(=O)N[C@@H](Cc1ccc(NC(=O)[C@@H]2CC(=O)NC(=O)N2)cc1)C(=O)N[C@H](Cc1ccc(NC(N)=O)cc1)C(=O)N[C@@H](CC(C)C)C(=O)N[C@@H](CCCC[NH2+]C(C)C)C(=O)N1CCC[C@H]1C(=O)N[C@H](C)C(N)=O,0,validation,0.005691308,0.001967429,0.011980773,0.011980773,0,1,0,0,1,0,0,0.011980773,True,True,0,1,0,1,0,1,0,0
clintox:1434,1434,C/C(=C\C(=O)OCCCCCCCCC(=O)[O-])C[C@@H]1OC[C@H](C[C@@H]2O[C@H]2[C@@H](C)[C@H](C)O)[C@@H](O)[C@H]1O,0,validation,0.021739919,0.008370153,0.0275274,0.0275274,1,1,1,1,1,1,1,0.0275274,True,True,1,1,1,1,1,1,1,1
clintox:1435,1435,C[C@@H](O)[C@H]1C(=O)N2C(C(=O)[O-])=C(SCC/[NH+]=C/N)C[C@H]12,0,validation,0.005906854,0.006488978,0.038508768,0.038508768,1,1,1,1,1,1,0,0.038508768,True,True,1,1,1,1,1,1,1,0
clintox:1436,1436,CSCC[C@H](NC(=O)[C@H](Cc1c[nH]c2ccccc12)NC(=O)CNC(=O)[C@@H](NC(=O)[C@H](Cc1ccc(OS(=O)(=O)[O-])cc1)NC(=O)[C@H](CC(=O)[O-])NC(=O)[C@H](CCC(N)=O)NC(=O)[C@@H]1CCC(=O)N1)[C@@H](C)O)C(=O)N[C@@H](CC(=O)[O-])C(=O)N[C@@H](Cc1ccccc1)C(N)=O,0,validation,0.006493636,0.002670881,0.019751714,0.019751714,0,1,0,0,1,0,1,0.019751714,True,True,0,1,0,1,0,1,0,1
clintox:1437,1437,CC(C)[C@@H]1NC(=O)[C@H](CCCC[NH3+])NC(=O)[C@@H](Cc2c[nH]c3ccccc23)NC(=O)[C@H](Cc2ccc(O)cc2)NC(=O)[C@@H](NC(=O)[C@H]([NH3+])Cc2ccc3ccccc3c2)CSSC[C@@H](C(=O)N[C@H](C(N)=O)[C@@H](C)O)NC1=O,0,validation,0.023287861,0.002877363,0.052037443,0.052037443,1,1,0,1,1,1,1,0.052037443,True,True,1,1,0,1,1,1,1,1
clintox:1438,1438,C=C1/C(=C\C=C2/CCC[C@]3(C)[C@@H]([C@H](C)/C=C/[C@@H](O)C4CC4)CC[C@@H]23)C[C@@H](O)C[C@@H]1O,0,validation,0.122382608,0.091526368,0.113574951,0.122382608,0,1,0,1,0,0,0,0.122382608,True,True,0,1,0,1,1,0,0,0
clintox:1439,1439,C[C@H](/C=C/[C@H](C)C(C)(C)O)[C@H]1CC[C@H]2/C(=C/C=C3C[C@@H](O)C[C@H](O)C3)CCC[C@]12C,0,validation,0.079650363,0.045148129,0.113569959,0.113569959,0,1,0,1,0,0,0,0.113569959,True,True,0,1,0,1,1,0,0,0
clintox:1440,1440,C[C@@]12CCCCC[C@@H](Cc3ccc(O)cc31)[C@@H]2[NH3+],0,validation,0.062159234,0.032018084,0.125218418,0.125218418,0,0,0,0,0,0,0,0.125218418,True,True,0,0,0,0,0,0,0,0
clintox:1441,1441,C[C@]12CCC3=C4CCC(=O)C=C4CC[C@H]3[C@@H]1CC[C@@]2(O)CC#N,0,validation,0.089959178,0.060109391,0.11876548,0.11876548,0,0,0,0,1,1,0,0.11876548,True,True,0,0,0,0,0,1,1,0
clintox:1442,1442,C[C@]12CCC(=O)C=C1CC[C@@H]1[C@@H]2[C@@H](O)C[C@@]2(C)[C@H]1CC[C@]2(O)C(=O)COC(=O)CCC1CCCC1,0,validation,0.060722858,0.037200193,0.075123536,0.075123536,0,0,0,0,1,1,1,0.075123536,True,True,0,0,0,0,0,1,1,1
clintox:1443,1443,COC(=O)[C@@H]1CC2=CC(=O)CC[C@]2(C)[C@@]23O[C@@H]2C[C@@]2(C)[C@@H](CC[C@@]24CCC(=O)O4)[C@H]13,0,validation,0.030069945,0.01896275,0.034147082,0.034147082,1,1,0,1,1,1,1,0.034147082,True,True,1,1,0,1,1,1,1,1
clintox:1444,1444,C[C@]12CCC(=O)C=C1[C@@H]1C[C@@H]1[C@H]1[C@@H]3[C@@H]4C[C@@H]4[C@@]4(CCC(=O)O4)[C@@]3(C)CC[C@@H]12,0,validation,0.100694614,0.056144966,0.077387045,0.100694614,0,0,0,0,1,1,0,0.100694614,True,True,0,0,0,0,0,1,1,0
clintox:1445,1445,C=C1C[C@@H]2[C@H](CC[C@]3(C)C(=O)CC[C@@H]23)[C@@]2(C)C=CC(=O)C=C12,0,validation,0.150504313,0.117572803,0.240165103,0.240165103,0,0,0,1,1,1,1,0.240165103,True,True,0,0,0,0,1,1,1,1
clintox:1446,1446,C[C@]12C=CC(=O)C=C1CC[C@@H]1[C@@H]2CC[C@]2(C)OC(=O)CC[C@@H]12,0,validation,0.047651956,0.032468705,0.070794291,0.070794291,0,0,0,0,1,1,1,0.070794291,True,True,0,0,0,0,0,1,1,1
clintox:1447,1447,C[C@]12COC(=O)C[C@@H]1CC[C@@H]1[C@@H]2CC[C@@]2(C)[C@H]1CC[C@]2(C)O,0,validation,0.075845433,0.063091981,0.110774599,0.110774599,0,0,0,0,1,0,0,0.110774599,True,True,0,0,0,0,0,1,0,0
clintox:1448,1448,C[C@]12Cc3cn[nH]c3C[C@@H]1CC[C@@H]1[C@@H]2CC[C@@]2(C)[C@H]1CC[C@]2(C)O,0,validation,0.17898147,0.1524524,0.162660545,0.17898147,0,0,0,0,0,0,0,0.17898147,True,True,0,0,0,0,0,0,0,0
clintox:1449,1449,C[C@]12C/C(=C/[O-])C(=O)C[C@@H]1CC[C@@H]1[C@@H]2CC[C@@]2(C)[C@H]1CC[C@]2(C)O,0,validation,0.200530202,0.184688985,0.277585167,0.277585167,0,1,0,0,1,1,0,0.277585167,True,True,0,1,0,1,0,1,1,0
clintox:1450,1450,C#C[C@]1(O)CC[C@H]2[C@@H]3CCC4=Cc5oncc5C[C@]4(C)[C@H]3CC[C@@]21C,0,validation,0.197236562,0.152291522,0.140068933,0.197236562,0,1,0,1,0,0,0,0.197236562,True,True,0,1,0,1,1,0,0,0
clintox:1451,1451,C#C[C@]1(O)CC[C@H]2[C@@H]3CCC4=C(CCC(=O)C4)[C@H]3CC[C@@]21C,0,validation,0.082850536,0.069003008,0.114675302,0.114675302,0,1,0,1,1,1,0,0.114675302,True,True,0,1,0,1,1,1,0,0
clintox:1452,1452,C[C@]12CC[C@H]3[C@@H](CCC4=CC(=O)CC[C@@H]43)[C@@H]1CC[C@@H]2OC(=O)CCc1ccccc1,0,validation,0.068253222,0.061695871,0.094843111,0.094843111,0,0,0,0,1,1,0,0.094843111,True,True,0,0,0,0,0,1,1,0
clintox:1453,1453,C[C@]12CC[C@H]3[C@@H](CC[C@@]45O[C@@H]4C(O)=C(C#N)C[C@]35C)[C@@H]1CC[C@@H]2O,0,validation,0.170067525,0.09847036,0.179279993,0.179279993,1,1,0,1,1,1,1,0.179279993,True,True,1,1,0,1,1,1,1,1
clintox:1454,1454,CC(C)(C)NC(=O)[C@H]1CC[C@H]2[C@@H]3CC[C@H]4NC(=O)C=C[C@]4(C)[C@H]3CC[C@]12C,0,validation,0.050249921,0.039455448,0.093442314,0.093442314,0,0,0,0,1,1,1,0.093442314,True,True,0,0,0,0,0,1,1,1
clintox:1455,1455,C#C[C@]1(O)CC[C@H]2[C@@H]3CCc4cc(OC5CCCC5)ccc4[C@H]3CC[C@@]21C,0,validation,0.147499488,0.126291673,0.139435536,0.147499488,0,1,0,1,0,0,0,0.147499488,True,True,0,1,0,1,1,0,0,0
clintox:1456,1456,CO[C@]12CC[C@@]3(C[C@@H]1[C@](C)(O)C(C)(C)C)[C@H]1Cc4ccc(O)c5c4[C@@]3(CC[NH+]1CC1CC1)[C@H]2O5,0,validation,0.761218317,0.432300867,0.68907184,0.761218317,0,0,0,0,0,0,0,0.761218317,True,True,0,0,0,0,0,0,0,0
clintox:1457,1457,C[C@@H]1O[C@@]2(CS1)C[NH+]1CCC2CC1,0,validation,0.01284735,0.00902428,0.028736613,0.028736613,0,0,0,0,0,0,0,0.028736613,True,True,0,0,0,0,0,0,0,0
clintox:1458,1458,C[C@@H]1CCN(C(=O)[C@H](CCC[NH+]=C(N)N)NS(=O)(=O)c2cccc3c2NC[C@H](C)C3)[C@@H](C(=O)[O-])C1,0,validation,0.020724359,0.020509586,0.053787985,0.053787985,0,1,0,1,1,0,0,0.053787985,True,True,0,1,0,1,1,1,0,0
clintox:1459,1459,CO[C@H]1O[C@@H]2O[C@@]3(C)CC[C@H]4[C@H](C)CC[C@@H]([C@H]1C)[C@@]24OO3,0,validation,0.136053653,0.131055961,0.132748743,0.136053653,1,1,1,1,1,0,1,0.136053653,True,True,1,1,1,1,1,1,0,1
clintox:1460,1460,C=C[C@]1(C)C[C@@H](OC(=O)CSC2C[C@H]3CC[C@@H](C2)[NH+]3C)[C@]2(C)[C@H](C)CC[C@]3(CCC(=O)[C@H]32)[C@@H](C)[C@@H]1O,0,validation,0.302964288,0.234227388,0.280884067,0.302964288,0,1,0,1,1,0,1,0.302964288,True,True,0,1,0,1,1,1,0,1
clintox:1461,1461,COC1=CC(=O)C[C@@H](C)[C@]12Oc1c(Cl)c(OC)cc(OC)c1C2=O,0,validation,0.11872675,0.134847665,0.172302992,0.172302992,0,0,0,0,1,1,1,0.172302992,True,True,0,0,0,0,0,1,1,1
clintox:1462,1462,C[NH2+][C@@H]1[C@H](O)[C@H]([NH2+]C)[C@H]2O[C@@]3(O)C(=O)C[C@@H](C)O[C@H]3O[C@@H]2[C@H]1O,0,validation,0.042637673,0.019708424,0.178156303,0.178156303,0,0,0,0,1,0,0,0.178156303,True,True,0,0,0,0,0,1,0,0
clintox:1463,1463,C=C1C[C@@H]2CC[C@@]34C[C@H]5O[C@H]6[C@@H](O3)[C@H]3O[C@H](CC[C@@H]3O[C@H]6[C@H]5O4)CC(=O)C[C@@H]3[C@@H](OC)[C@@H](C[C@H](O)CN)O[C@H]3C[C@H]3O[C@@H](CC[C@@H]1O2)C[C@@H](C)C3=C,1,validation,0.74692671,0.332678142,0.875926332,0.875926332,1,1,0,1,1,0,0,0.875926332,True,True,1,1,0,1,1,1,0,0
clintox:1464,1464,CO[C@H]1C[C@H](O[C@H]2[C@H](C)[C@@H](O[C@@H]3O[C@H](C)C[C@H]([NH+](C)C)[C@H]3OC(C)=O)[C@@H](C)C[C@@]3(CO3)C(=O)[C@H](C)[C@@H](OC(C)=O)[C@@H](C)[C@@H](C)OC(=O)[C@@H]2C)O[C@@H](C)[C@@H]1OC(C)=O,0,validation,0.091827346,0.080049836,0.132429518,0.132429518,1,1,1,1,1,1,1,0.132429518,True,True,1,1,1,1,1,1,1,1
clintox:1465,1465,C[C@@H]1C/C=C/C=C/C=C/C=C/[C@H](OC2O[C@H](C)[C@@H](O)[C@H]([NH3+])[C@@H]2O)C[C@@H]2O[C@](O)(C[C@@H](O)C[C@H]3O[C@@H]3/C=C/C(=O)O1)C[C@H](O)[C@H]2C(=O)[O-],0,validation,0.009638477,0.00297245,0.046307995,0.046307995,1,1,0,1,1,1,1,0.046307995,True,True,1,1,0,1,1,1,1,1
clintox:1466,1466,C[C@H]1O[C@@H](O[C@H]2CC[C@@]3(C)[C@H](CC[C@@H]4[C@@H]3C[C@@H](O)[C@]3(C)[C@@H](C5=CC(=O)OC5)CC[C@]43O)C2)C[C@H](O)[C@@H]1O[C@H]1C[C@H](O)[C@H](O[C@H]2C[C@H](O)[C@H](O[C@@H]3O[C@H](CO)[C@@H](O)[C@H](O)[C@H]3O)[C@@H](C)O2)[C@@H](C)O1,0,validation,0.982183512,0.88857574,0.98342113,0.98342113,1,1,1,0,1,1,0,0.98342113,True,True,1,1,1,1,0,1,1,0
clintox:1467,1467,C[C@H]1O[C@H](O[C@H]2[C@H](O)[C@@H](O)[C@@H](O[C@H]3[C@H](O)[C@@H](O)[C@H](O)O[C@@H]3CO)O[C@@H]2CO)[C@H](O)[C@@H](O)[C@@H]1[NH2+][C@H]1C=C(CO)[C@H](O)[C@H](O)[C@H]1O,0,validation,0.029911042,0.012105228,0.077778109,0.077778109,0,1,1,0,1,0,0,0.077778109,True,True,0,1,1,1,0,1,0,0
clintox:1468,1468,CC1/C=C/C=C/CC/C=C/C=C/C=C/C=C/C(OC2O[C@H](C)[C@@H](O)[C@H]([NH3+])[C@@H]2O)CC(O)C(C(=O)[O-])C(O)CC(=O)CC(O)C(O)CCC(O)CC(O)CC(O)CC(=O)OC(C)C(C)C1O,0,validation,0.022667226,0.004664708,0.082350136,0.082350136,1,0,1,1,1,0,0,0.082350136,True,True,1,0,1,0,1,1,0,0
clintox:1469,1469,CC1C=CC=CC=CC=CC=CC=CC=CC(OC2O[C@H](C)[C@@H](O)[C@H]([NH3+])[C@@H]2O)CC2OC(O)(CC(O)CC(O)CC(O)CC(=O)CCCC(=O)CC(=O)OC1C(C)CC(C)C(O)CC(=O)c1ccc(N)cc1)CC(O)C2C(=O)[O-],0,validation,0.055518655,0.007622998,0.192432267,0.192432267,1,1,1,1,1,0,1,0.192432267,True,True,1,1,1,1,1,1,0,1
clintox:1470,1470,C[C@@H](O)[C@H]1C(=O)N2C(C(=O)[O-])=C(S[C@@H]3C[NH2+][C@H](C(=O)Nc4cccc(C(=O)[O-])c4)C3)[C@H](C)[C@H]12,0,validation,0.001723146,0.001718802,0.012803042,0.012803042,1,0,1,1,1,1,0,0.012803042,True,True,1,0,1,0,1,1,1,0
clintox:1471,1471,C[C@@H](CN1CC(=O)NC(=O)C1)[NH+]1CC(=O)NC(=O)C1,0,validation,0.075955673,0.06539261,0.151383583,0.151383583,1,1,0,1,0,0,0,0.151383583,True,True,1,1,0,1,1,0,0,0
clintox:1472,1472,C[C@H](OC(=O)c1ccccc1)C1=CCC23OCC[NH+](C)CC12C[C@@H](O)C12O[C@@]4(O)CC[C@@]1(C)[C@H](CC=C32)C4,0,validation,0.158554168,0.088764846,0.176347018,0.176347018,0,1,0,0,1,0,0,0.176347018,True,True,0,1,0,1,0,1,0,0
clintox:1473,1473,C[C@@H](c1ncncc1F)[C@](O)(Cn1cncn1)c1ccc(F)cc1F,0,validation,0.083640718,0.076584578,0.14408478,0.14408478,0,0,0,0,0,0,0,0.14408478,True,True,0,0,0,0,0,0,0,0
clintox:1474,1474,CC(C)C[C@@H](NC(=O)[C@H](C)NC(=O)CNC(=O)[C@@H](NC=O)C(C)C)C(=O)N[C@@H](C)C(=O)N[C@@H](C(=O)N[C@H](C(=O)N[C@H](C(=O)N[C@@H](Cc1c[nH]c2ccccc12)C(=O)N[C@H](CC(C)C)C(=O)N[C@@H](Cc1c[nH]c2ccccc12)C(=O)N[C@H](CC(C)C)C(=O)N[C@@H](Cc1c[nH]c2ccccc12)C(=O)N[C@H](CC(C)C)C(=O)N[C@@H](Cc1c[nH]c2ccccc12)C(=O)NCCO)C(C)C)C(C)C)C(C)C,0,validation,0.032631317,0.024082775,0.059788425,0.059788425,0,1,0,1,1,1,1,0.059788425,True,True,0,1,0,1,1,1,1,1
clintox:1475,1475,C[C@H](O)[C@H](O)[C@H]1CNc2[nH]c(N)nc(=O)c2N1,0,validation,0.00490926,0.002479732,0.02895774,0.02895774,0,0,0,0,0,0,1,0.02895774,True,True,0,0,0,0,0,0,0,1
clintox:1476,1476,C[NH+]1C[C@H](C(=O)N[C@]2(C)O[C@@]3(O)[C@@H]4CCCN4C(=O)[C@H](Cc4ccccc4)N3C2=O)C=C2c3cccc4[nH]cc(c34)C[C@H]21,0,validation,0.094585277,0.134170752,0.042529639,0.134170752,0,0,0,1,1,0,0,0.134170752,True,True,0,0,0,0,1,1,0,0
