n,positive_count,prevalence,cutoff,status,auroc,average_precision,pr_trapezoid_auc,tn,fp,fn,tp,mcc,f1,precision,balanced_accuracy,exact_score_cutoff_count,assay,assay_id,policy,score,category,category_name,cohort_rows,missing_or_invalid_label_score
7044,504,0.07155025553662692,0.2,evaluated,0.6583974989078201,0.15191469443684474,0.15043056108012304,5635,905,333,171,0.14393871049531923,0.21645569620253163,0.15892193308550187,0.6004532546963739,0,tox21-ache-p3_Activity__t45__t0,ache-p3,unfiltered,recomputed_max_toxicity,1,Enzyme activities,7973,929
7044,504,0.07155025553662692,0.2,evaluated,0.6971042061064997,0.17019944206322796,0.16863388672419188,6010,530,376,128,0.1531592776413175,0.22030981067125646,0.1945288753799392,0.586464249308286,0,tox21-ache-p3_Activity__t45__t0,ache-p3,unfiltered,Mean_HepG2_Toxicity,1,Enzyme activities,7973,929
7044,504,0.07155025553662692,0.2,evaluated,0.6894040337847678,0.15742590301062834,0.1563262527894137,6059,481,387,117,0.14665576552920814,0.21234119782214156,0.1956521739130435,0.5792977282656182,0,tox21-ache-p3_Activity__t45__t0,ache-p3,unfiltered,Mean_HSkMC_Toxicity,1,Enzyme activities,7973,929
7044,504,0.07155025553662692,0.2,evaluated,0.6266029258288432,0.13670626600246918,0.13506725532203762,5754,786,358,146,0.12893528681552832,0.20334261838440112,0.15665236051502146,0.5847495267220038,0,tox21-ache-p3_Activity__t45__t0,ache-p3,unfiltered,Mean_IMR90_Toxicity,1,Enzyme activities,7973,929
7381,802,0.10865736350088064,0.2,evaluated,0.6631340216111189,0.16586618416530804,0.16535244966458842,5618,961,583,219,0.10784177088765172,0.2209889001009082,0.18559322033898304,0.5634982501187372,0,tox21-ahr-p1_Activity__t1__t0,ahr-p1,unfiltered,recomputed_max_toxicity,4,Receptors / hormone signaling,7973,592
7381,802,0.10865736350088064,0.2,evaluated,0.708466427031676,0.18498719010462145,0.18443919947924248,5965,614,651,151,0.09694892537581722,0.19272495213784302,0.19738562091503267,0.5474760241818315,0,tox21-ahr-p1_Activity__t1__t0,ahr-p1,unfiltered,Mean_HepG2_Toxicity,4,Receptors / hormone signaling,7973,592
7381,802,0.10865736350088064,0.2,evaluated,0.6780073490085395,0.1746315975593543,0.17404417988751666,6033,546,678,124,0.077585996181593,0.16847826086956522,0.18507462686567164,0.5358110651324266,0,tox21-ahr-p1_Activity__t1__t0,ahr-p1,unfiltered,Mean_HSkMC_Toxicity,4,Receptors / hormone signaling,7973,592
7381,802,0.10865736350088064,0.2,evaluated,0.652646295039116,0.16012859694865983,0.15962345166887443,5746,833,610,192,0.10150101975699517,0.21018062397372742,0.1873170731707317,0.5563932545896242,0,tox21-ahr-p1_Activity__t1__t0,ahr-p1,unfiltered,Mean_IMR90_Toxicity,4,Receptors / hormone signaling,7973,592
7044,571,0.08106189664963089,0.2,evaluated,0.7442899685964844,0.2197000950236166,0.21868321984264455,5645,828,323,248,0.23246252235299358,0.30115361262902246,0.23048327137546468,0.6532048928554905,0,tox21-ap1-agonist-p1_Activity__t7__t0,ap1-agonist-p1,unfiltered,recomputed_max_toxicity,3,Signaling pathways,7973,929
7044,571,0.08106189664963089,0.2,evaluated,0.7549047194015935,0.22964324363597546,0.22837979914554973,6003,470,383,188,0.2406931874504253,0.305939788445891,0.2857142857142857,0.6283188175157322,0,tox21-ap1-agonist-p1_Activity__t7__t0,ap1-agonist-p1,unfiltered,Mean_HepG2_Toxicity,3,Signaling pathways,7973,929
7044,571,0.08106189664963089,0.2,evaluated,0.7423000241066015,0.21641801931451765,0.21538929168024548,6045,428,401,170,0.22678708877800263,0.290846877673225,0.2842809364548495,0.6158012414764495,0,tox21-ap1-agonist-p1_Activity__t7__t0,ap1-agonist-p1,unfiltered,Mean_HSkMC_Toxicity,3,Signaling pathways,7973,929
7044,571,0.08106189664963089,0.2,evaluated,0.7377811861908944,0.20981465369157512,0.20865012385117762,5762,711,350,221,0.2232870411848495,0.2940785096473719,0.2371244635193133,0.6385997013595204,0,tox21-ap1-agonist-p1_Activity__t7__t0,ap1-agonist-p1,unfiltered,Mean_IMR90_Toxicity,3,Signaling pathways,7973,929
7381,278,0.03766427313372172,0.2,evaluated,0.6559752338914453,0.09616906084744586,0.09391010529065245,6011,1092,190,88,0.08457647728363869,0.12071330589849108,0.07457627118644068,0.5814044526732549,0,tox21-ar-bla-agonist-p1_Activity__t26__t0,ar-bla-agonist-p1,unfiltered,recomputed_max_toxicity,4,Receptors / hormone signaling,7973,592
7381,278,0.03766427313372172,0.2,evaluated,0.6758538544358093,0.09031460960120254,0.08852006023933212,6403,700,213,65,0.0844877971674404,0.12464046021093,0.08496732026143791,0.5676315205754585,0,tox21-ar-bla-agonist-p1_Activity__t26__t0,ar-bla-agonist-p1,unfiltered,Mean_HepG2_Toxicity,4,Receptors / hormone signaling,7973,592
7381,278,0.03766427313372172,0.2,evaluated,0.6725919841347814,0.09269350739801283,0.09176763644187011,6486,617,225,53,0.06877610419063448,0.11181434599156118,0.0791044776119403,0.551891388480093,0,tox21-ar-bla-agonist-p1_Activity__t26__t0,ar-bla-agonist-p1,unfiltered,Mean_HSkMC_Toxicity,4,Receptors / hormone signaling,7973,592
7381,278,0.03766427313372172,0.2,evaluated,0.6628175145368711,0.10020192909686117,0.09817903306265154,6164,939,192,86,0.0975309573575313,0.13200306983883345,0.08390243902439025,0.5885774275131492,0,tox21-ar-bla-agonist-p1_Activity__t26__t0,ar-bla-agonist-p1,unfiltered,Mean_IMR90_Toxicity,4,Receptors / hormone signaling,7973,592
7381,570,0.07722530822381792,0.2,evaluated,0.7256221231392974,0.15263220721680162,0.15169909927777614,5829,982,372,198,0.14800387496166614,0.22628571428571428,0.16779661016949152,0.6015949431646949,0,tox21-ar-bla-antagonist-p1_Activity__t25__t0,ar-bla-antagonist-p1,unfiltered,recomputed_max_toxicity,4,Receptors / hormone signaling,7973,592
7381,570,0.07722530822381792,0.2,evaluated,0.739953944470632,0.15523676030488284,0.15436301606816588,6166,645,450,120,0.10144311591804882,0.1797752808988764,0.1568627450980392,0.5579132826928574,0,tox21-ar-bla-antagonist-p1_Activity__t25__t0,ar-bla-antagonist-p1,unfiltered,Mean_HepG2_Toxicity,4,Receptors / hormone signaling,7973,592
7381,570,0.07722530822381792,0.2,evaluated,0.7434140335422318,0.15812843661479772,0.1569761946514279,6248,563,463,107,0.09762132091174966,0.17258064516129032,0.15970149253731344,0.5525294479776007,0,tox21-ar-bla-antagonist-p1_Activity__t25__t0,ar-bla-antagonist-p1,unfiltered,Mean_HSkMC_Toxicity,4,Receptors / hormone signaling,7973,592
7381,570,0.07722530822381792,0.2,evaluated,0.7171358509325729,0.15443817968554238,0.1534253519281217,5962,849,394,176,0.1421318615982748,0.2206896551724138,0.17170731707317075,0.5920603152279466,0,tox21-ar-bla-antagonist-p1_Activity__t25__t0,ar-bla-antagonist-p1,unfiltered,Mean_IMR90_Toxicity,4,Receptors / hormone signaling,7973,592
7381,335,0.04538680395610351,0.2,evaluated,0.5513455289547156,0.04678557743820753,0.04651916238663059,5904,1142,297,38,-0.02762864046937593,0.050165016501650166,0.03220338983050847,0.4756775305984977,0,tox21-ar-mda-kb2-luc-agonist-p1_Activity__t10__t0,ar-mda-kb2-luc-agonist-p1,unfiltered,recomputed_max_toxicity,4,Receptors / hormone signaling,7973,592
7381,335,0.04538680395610351,0.2,evaluated,0.5806442524815604,0.05104809824727852,0.05074866121020737,6302,744,314,21,-0.029300550149229554,0.038181818181818185,0.027450980392156862,0.47854737100757916,0,tox21-ar-mda-kb2-luc-agonist-p1_Activity__t10__t0,ar-mda-kb2-luc-agonist-p1,unfiltered,Mean_HepG2_Toxicity,4,Receptors / hormone signaling,7973,592
7381,335,0.04538680395610351,0.2,evaluated,0.5749193995958329,0.05024468523402516,0.04991972990498124,6388,658,323,12,-0.041708483762079376,0.023880597014925373,0.01791044776119403,0.47121728852190936,0,tox21-ar-mda-kb2-luc-agonist-p1_Activity__t10__t0,ar-mda-kb2-luc-agonist-p1,unfiltered,Mean_HSkMC_Toxicity,4,Receptors / hormone signaling,7973,592
7381,335,0.04538680395610351,0.2,evaluated,0.5571923945416263,0.04786035477877319,0.047586238791490126,6055,991,301,34,-0.023568018119525965,0.05,0.033170731707317075,0.48042268080545325,0,tox21-ar-mda-kb2-luc-agonist-p1_Activity__t10__t0,ar-mda-kb2-luc-agonist-p1,unfiltered,Mean_IMR90_Toxicity,4,Receptors / hormone signaling,7973,592
7044,219,0.031090289608177172,0.2,evaluated,0.5642350343720207,0.03445692217647618,0.03393183774762898,5778,1047,190,29,-0.010124950324079467,0.044787644787644784,0.02695167286245353,0.48950674895880375,0,tox21-ar-mda-kb2-luc-agonist-p3_Activity__t38__t0,ar-mda-kb2-luc-agonist-p3,unfiltered,recomputed_max_toxicity,4,Receptors / hormone signaling,7973,929
7044,219,0.031090289608177172,0.2,evaluated,0.6069861341094218,0.03949719725962028,0.03882895201474384,6183,642,203,16,-0.012528561117871128,0.036488027366020526,0.0243161094224924,0.48949671333232975,0,tox21-ar-mda-kb2-luc-agonist-p3_Activity__t38__t0,ar-mda-kb2-luc-agonist-p3,unfiltered,Mean_HepG2_Toxicity,4,Receptors / hormone signaling,7973,929
7044,219,0.031090289608177172,0.2,evaluated,0.5873423988492481,0.03596029769757103,0.035654548136900444,6234,591,212,7,-0.034017965518718565,0.017135862913096694,0.011705685618729096,0.47268503186311406,0,tox21-ar-mda-kb2-luc-agonist-p3_Activity__t38__t0,ar-mda-kb2-luc-agonist-p3,unfiltered,Mean_HSkMC_Toxicity,4,Receptors / hormone signaling,7973,929
7044,219,0.031090289608177172,0.2,evaluated,0.5767267131650693,0.036124758661898335,0.03554194684415282,5922,903,190,29,5.757530767931795e-05,0.05039096437880104,0.03111587982832618,0.5000561995082543,0,tox21-ar-mda-kb2-luc-agonist-p3_Activity__t38__t0,ar-mda-kb2-luc-agonist-p3,unfiltered,Mean_IMR90_Toxicity,4,Receptors / hormone signaling,7973,929
7044,1139,0.16169789892106756,0.2,evaluated,0.7387986847651468,0.3071117794809996,0.306184399422875,5200,705,768,371,0.211165035406742,0.33498871331828445,0.3447955390334573,0.6031669862075785,0,tox21-ar-mda-kb2-luc-antagonist-p2_Activity__t16__t0,ar-mda-kb2-luc-antagonist-p2,unfiltered,recomputed_max_toxicity,4,Receptors / hormone signaling,7973,929
7044,1139,0.16169789892106756,0.2,evaluated,0.769271959671682,0.33108939512186986,0.3305011389222755,5488,417,898,241,0.17835043301423095,0.26822481914301616,0.3662613981762918,0.570485496510078,0,tox21-ar-mda-kb2-luc-antagonist-p2_Activity__t16__t0,ar-mda-kb2-luc-antagonist-p2,unfiltered,Mean_HepG2_Toxicity,4,Receptors / hormone signaling,7973,929
7044,1139,0.16169789892106756,0.2,evaluated,0.7517746972662711,0.3209246094625496,0.32020364186153,5528,377,918,221,0.17196465363210253,0.25446171560161196,0.3695652173913043,0.5650928254578083,0,tox21-ar-mda-kb2-luc-antagonist-p2_Activity__t16__t0,ar-mda-kb2-luc-antagonist-p2,unfiltered,Mean_HSkMC_Toxicity,4,Receptors / hormone signaling,7973,929
7044,1139,0.16169789892106756,0.2,evaluated,0.7263803758514793,0.3006403026045125,0.30005148418763145,5282,623,830,309,0.18014496204235803,0.29840656687590533,0.3315450643776824,0.582893397732164,0,tox21-ar-mda-kb2-luc-antagonist-p2_Activity__t16__t0,ar-mda-kb2-luc-antagonist-p2,unfiltered,Mean_IMR90_Toxicity,4,Receptors / hormone signaling,7973,929
6729,993,0.1475702184574231,0.2,evaluated,0.7133424206544837,0.28117620240787494,0.2804078403892181,5048,688,654,339,0.21839729662961993,0.33564356435643566,0.33008763388510226,0.6107227580511277,0,tox21-are-bla-p1_Activity__t31__t0,are-bla-p1,unfiltered,recomputed_max_toxicity,2,Cellular stress responses,7973,1244
6729,993,0.1475702184574231,0.2,evaluated,0.7326269942596784,0.2870203379949575,0.28601693373935033,5314,422,776,217,0.17537437254991545,0.2659313725490196,0.3395931142410016,0.5724796377993233,0,tox21-are-bla-p1_Activity__t31__t0,are-bla-p1,unfiltered,Mean_HepG2_Toxicity,2,Cellular stress responses,7973,1244
6729,993,0.1475702184574231,0.2,evaluated,0.7206414216109699,0.28541509000720866,0.2846720882208065,5362,374,788,205,0.17863597859027294,0.2608142493638677,0.3540587219343696,0.5706214421452258,0,tox21-are-bla-p1_Activity__t31__t0,are-bla-p1,unfiltered,Mean_HSkMC_Toxicity,2,Cellular stress responses,7973,1244
6729,993,0.1475702184574231,0.2,evaluated,0.7030853000290738,0.2768148063783035,0.2757790526831707,5146,590,698,295,0.20382025901141887,0.3141640042598509,0.3333333333333333,0.5971102108061872,0,tox21-are-bla-p1_Activity__t31__t0,are-bla-p1,unfiltered,Mean_IMR90_Toxicity,2,Cellular stress responses,7973,1244
7381,741,0.10039290069096328,0.2,evaluated,0.6539685056013528,0.15928709859109808,0.158378448827766,5648,992,553,188,0.08553862260601137,0.19573138990109318,0.15932203389830507,0.5521568053590882,0,tox21-aromatase-p1_Activity__t32__t0,aromatase-p1,unfiltered,recomputed_max_toxicity,1,Enzyme activities,7973,592
7381,741,0.10039290069096328,0.2,evaluated,0.6894425881664309,0.1730399074714262,0.17207404363509876,6010,630,606,135,0.0860819971442879,0.17928286852589642,0.17647058823529413,0.5436533583727623,0,tox21-aromatase-p1_Activity__t32__t0,aromatase-p1,unfiltered,Mean_HepG2_Toxicity,1,Enzyme activities,7973,592
7381,741,0.10039290069096328,0.2,evaluated,0.6795585174706925,0.16359165457238428,0.16291268582499263,6094,546,617,124,0.08903393041880595,0.17576187101346563,0.18507462686567164,0.5425562574183374,0,tox21-aromatase-p1_Activity__t32__t0,aromatase-p1,unfiltered,Mean_HSkMC_Toxicity,1,Enzyme activities,7973,592
7381,741,0.10039290069096328,0.2,evaluated,0.6506286278718112,0.15946423046244854,0.158502219367869,5775,865,581,160,0.07443609476356039,0.1812004530011325,0.15609756097560976,0.5428266710566965,0,tox21-aromatase-p1_Activity__t32__t0,aromatase-p1,unfiltered,Mean_IMR90_Toxicity,1,Enzyme activities,7973,592
7044,1143,0.16226575809199317,0.2,evaluated,0.6756081646377833,0.23772078044290867,0.23702110251923247,5099,802,869,274,0.10639181014767607,0.24695808922938262,0.25464684014869887,0.5519054335289939,0,tox21-car-antagonist-p1_Activity__t43__t0,car-antagonist-p1,unfiltered,recomputed_max_toxicity,4,Receptors / hormone signaling,7973,929
7044,1143,0.16226575809199317,0.2,evaluated,0.7137961550772938,0.2561990859084205,0.2554932279371884,5397,504,989,154,0.06249078457079846,0.17101610216546362,0.23404255319148937,0.5246619528430833,0,tox21-car-antagonist-p1_Activity__t43__t0,car-antagonist-p1,unfiltered,Mean_HepG2_Toxicity,4,Receptors / hormone signaling,7973,929
7044,1143,0.16226575809199317,0.2,evaluated,0.6856970577372965,0.24302430711690573,0.2425228619194449,5445,456,1001,142,0.06211736436626785,0.16312464101091326,0.23745819397993312,0.5234797162810165,0,tox21-car-antagonist-p1_Activity__t43__t0,car-antagonist-p1,unfiltered,Mean_HSkMC_Toxicity,4,Receptors / hormone signaling,7973,929
7044,1143,0.16226575809199317,0.2,evaluated,0.6703574864529833,0.23666399059834844,0.23586682035872358,5209,692,903,240,0.10087690854381924,0.23132530120481928,0.2575107296137339,0.5463527468319129,0,tox21-car-antagonist-p1_Activity__t43__t0,car-antagonist-p1,unfiltered,Mean_IMR90_Toxicity,4,Receptors / hormone signaling,7973,929
7044,180,0.02555366269165247,0.2,evaluated,0.8903279590779593,0.2596931594827274,0.25596888019665526,5922,942,46,134,0.26634275600068147,0.21337579617834396,0.12453531598513011,0.8036033411033412,0,tox21-casp3-cho-p1_Activity__t6__t0,casp3-cho-p1,unfiltered,recomputed_max_toxicity,5,Functional cytotoxicity / ion channels,7973,929
7044,180,0.02555366269165247,0.2,evaluated,0.8891041828541828,0.2601567950626297,0.25574279436963876,6317,547,69,111,0.2911735872085089,0.2649164677804296,0.16869300911854104,0.7684877622377623,0,tox21-casp3-cho-p1_Activity__t6__t0,casp3-cho-p1,unfiltered,Mean_HepG2_Toxicity,5,Functional cytotoxicity / ion channels,7973,929
7044,180,0.02555366269165247,0.2,evaluated,0.8867675148925149,0.25976373791181123,0.25589934220103494,6374,490,72,108,0.2992726510846447,0.2776349614395887,0.1806020066889632,0.7643065268065268,0,tox21-casp3-cho-p1_Activity__t6__t0,casp3-cho-p1,unfiltered,Mean_HSkMC_Toxicity,5,Functional cytotoxicity / ion channels,7973,929
7044,180,0.02555366269165247,0.2,evaluated,0.8878035159285159,0.25918273296920147,0.25505640424306947,6066,798,46,134,0.29255889643285,0.24100719424460432,0.14377682403433475,0.8140928515928516,0,tox21-casp3-cho-p1_Activity__t6__t0,casp3-cho-p1,unfiltered,Mean_IMR90_Toxicity,5,Functional cytotoxicity / ion channels,7973,929
7044,377,0.053520726859738785,0.2,evaluated,0.8590561851217784,0.34974770571067915,0.347523690501252,5832,835,136,241,0.32158066800658497,0.33172746042670337,0.22397769516728624,0.7570067783082994,0,tox21-casp3-hepg2-p1_Activity__t5__t0,casp3-hepg2-p1,unfiltered,recomputed_max_toxicity,5,Functional cytotoxicity / ion channels,7973,929
7044,377,0.053520726859738785,0.2,evaluated,0.863865095869875,0.36350488371707784,0.3612695292508696,6212,455,174,203,0.36366786961670233,0.3922705314009662,0.30851063829787234,0.735107475395461,0,tox21-casp3-hepg2-p1_Activity__t5__t0,casp3-hepg2-p1,unfiltered,Mean_HepG2_Toxicity,5,Functional cytotoxicity / ion channels,7973,929
7044,377,0.053520726859738785,0.2,evaluated,0.8430638812886941,0.32566733704963746,0.3232056980587823,6257,410,189,188,0.3530183508123889,0.38564102564102565,0.31438127090301005,0.718588407449654,0,tox21-casp3-hepg2-p1_Activity__t5__t0,casp3-hepg2-p1,unfiltered,Mean_HSkMC_Toxicity,5,Functional cytotoxicity / ion channels,7973,929
7044,377,0.053520726859738785,0.2,evaluated,0.8576294660068058,0.3466269629582511,0.3441489399183092,5966,701,146,231,0.33716855616523234,0.35294117647058826,0.2478540772532189,0.7537936763639271,0,tox21-casp3-hepg2-p1_Activity__t5__t0,casp3-hepg2-p1,unfiltered,Mean_IMR90_Toxicity,5,Functional cytotoxicity / ion channels,7973,929
7381,7381,1.0,0.2,single_class,,,,0,0,6201,1180,,0.2756687302885177,1.0,,0,tox21-dt40-p1_Activity__t13__t0,dt40-p1,unfiltered,recomputed_max_toxicity,2,Cellular stress responses,7973,592
7381,7381,1.0,0.2,single_class,,,,0,0,6616,765,,0.18782224404615763,1.0,,0,tox21-dt40-p1_Activity__t13__t0,dt40-p1,unfiltered,Mean_HepG2_Toxicity,2,Cellular stress responses,7973,592
7381,7381,1.0,0.2,single_class,,,,0,0,6711,670,,0.16643895168302075,1.0,,0,tox21-dt40-p1_Activity__t13__t0,dt40-p1,unfiltered,Mean_HSkMC_Toxicity,2,Cellular stress responses,7973,592
7381,7381,1.0,0.2,single_class,,,,0,0,6356,1025,,0.24387342374494408,1.0,,0,tox21-dt40-p1_Activity__t13__t0,dt40-p1,unfiltered,Mean_IMR90_Toxicity,2,Cellular stress responses,7973,592
7381,418,0.05663189269746647,0.2,evaluated,0.7903305716408054,0.28928132396963424,0.28836821264614004,6004,959,197,221,0.24658642850679893,0.2765957446808511,0.18728813559322033,0.6954900715813661,0,tox21-elg1-luc-agonist-p1_Activity__t4__t0,elg1-luc-agonist-p1,unfiltered,recomputed_max_toxicity,2,Cellular stress responses,7973,592
7381,418,0.05663189269746647,0.2,evaluated,0.8126038039754904,0.2931745554602287,0.2921435682762224,6383,580,233,185,0.27245735322405246,0.3127641589180051,0.24183006535947713,0.6796431513942115,0,tox21-elg1-luc-agonist-p1_Activity__t4__t0,elg1-luc-agonist-p1,unfiltered,Mean_HepG2_Toxicity,2,Cellular stress responses,7973,592
7381,418,0.05663189269746647,0.2,evaluated,0.7908201725181702,0.2771156755993945,0.2761186401115684,6461,502,250,168,0.2653568779646517,0.3088235294117647,0.2507462686567164,0.6649092572015994,0,tox21-elg1-luc-agonist-p1_Activity__t4__t0,elg1-luc-agonist-p1,unfiltered,Mean_HSkMC_Toxicity,2,Cellular stress responses,7973,592
7381,418,0.05663189269746647,0.2,evaluated,0.788419238531486,0.28921469370525066,0.2882319708234117,6143,820,213,205,0.249087197936197,0.2841302841302841,0.2,0.6863326454870481,0,tox21-elg1-luc-agonist-p1_Activity__t4__t0,elg1-luc-agonist-p1,unfiltered,Mean_IMR90_Toxicity,2,Cellular stress responses,7973,592
7381,446,0.060425416610215416,0.2,evaluated,0.706638193862936,0.12647688362827542,0.12496943794515664,5908,1027,293,153,0.1267547209640147,0.1881918819188192,0.12966101694915255,0.5974799628840515,0,tox21-er-bla-agonist-p2_Activity__t34__t0,er-bla-agonist-p2,unfiltered,recomputed_max_toxicity,4,Receptors / hormone signaling,7973,592
7381,446,0.060425416610215416,0.2,evaluated,0.726452872767951,0.12910578546003443,0.12787224245480405,6271,664,345,101,0.10218212864753386,0.16680429397192403,0.13202614379084968,0.56535559212547,0,tox21-er-bla-agonist-p2_Activity__t34__t0,er-bla-agonist-p2,unfiltered,Mean_HepG2_Toxicity,4,Receptors / hormone signaling,7973,592
7381,446,0.060425416610215416,0.2,evaluated,0.7043659735985335,0.12955039478451658,0.12840329637885955,6353,582,358,88,0.09404246190933974,0.15770609318996415,0.13134328358208955,0.5566936414689897,0,tox21-er-bla-agonist-p2_Activity__t34__t0,er-bla-agonist-p2,unfiltered,Mean_HSkMC_Toxicity,4,Receptors / hormone signaling,7973,592
7381,446,0.060425416610215416,0.2,evaluated,0.7151027639742517,0.13364693448478496,0.13225658136434038,6054,881,302,144,0.13493452130951336,0.19578518014955812,0.1404878048780488,0.5979165925748704,0,tox21-er-bla-agonist-p2_Activity__t34__t0,er-bla-agonist-p2,unfiltered,Mean_IMR90_Toxicity,4,Receptors / hormone signaling,7973,592
7381,512,0.06936729440455223,0.2,evaluated,0.7593770756751347,0.18667674934233397,0.1853308314188153,5914,955,287,225,0.20827762274758385,0.26595744680851063,0.1906779661016949,0.6502113492229582,0,tox21-er-bla-antagonist-p1_Activity__t8__t0,er-bla-antagonist-p1,unfiltered,recomputed_max_toxicity,4,Receptors / hormone signaling,7973,592
7381,512,0.06936729440455223,0.2,evaluated,0.7753239474905371,0.19235926812639967,0.19097011451877102,6274,595,342,170,0.20457185359413213,0.2662490211433046,0.2222222222222222,0.6227050994504295,0,tox21-er-bla-antagonist-p1_Activity__t8__t0,er-bla-antagonist-p1,unfiltered,Mean_HepG2_Toxicity,4,Receptors / hormone signaling,7973,592
7381,512,0.06936729440455223,0.2,evaluated,0.7699001799297568,0.19302162392113947,0.1916408185568767,6352,517,359,153,0.19771952393329376,0.25888324873096447,0.22835820895522388,0.6117812192913816,0,tox21-er-bla-antagonist-p1_Activity__t8__t0,er-bla-antagonist-p1,unfiltered,Mean_HSkMC_Toxicity,4,Receptors / hormone signaling,7973,592
7381,512,0.06936729440455223,0.2,evaluated,0.7527551033174407,0.18795968189732098,0.18653813698866056,6046,823,310,202,0.20184329938549417,0.26284970722186074,0.19707317073170733,0.637358797223031,0,tox21-er-bla-antagonist-p1_Activity__t8__t0,er-bla-antagonist-p1,unfiltered,Mean_IMR90_Toxicity,4,Receptors / hormone signaling,7973,592
7381,1371,0.18574718872781465,0.2,evaluated,0.7028762541400123,0.3887077208394587,0.38830441711376745,5303,707,898,473,0.2412738938463853,0.3708349666797334,0.40084745762711865,0.6136831878791851,0,tox21-er-luc-bg1-4e2-agonist-p2_Activity__t9__t0,er-luc-bg1-4e2-agonist-p2,unfiltered,recomputed_max_toxicity,4,Receptors / hormone signaling,7973,592
7381,1371,0.18574718872781465,0.2,evaluated,0.7204559990582193,0.40618999821242757,0.4057429428356156,5614,396,1002,369,0.25934135811928943,0.3455056179775281,0.4823529411764706,0.6016282126434062,0,tox21-er-luc-bg1-4e2-agonist-p2_Activity__t9__t0,er-luc-bg1-4e2-agonist-p2,unfiltered,Mean_HepG2_Toxicity,4,Receptors / hormone signaling,7973,592
7381,1371,0.18574718872781465,0.2,evaluated,0.7050421070644477,0.3932162839381782,0.3927656534870455,5668,342,1043,328,0.2468300394525543,0.3214110730034297,0.48955223880597015,0.5911681357717686,0,tox21-er-luc-bg1-4e2-agonist-p2_Activity__t9__t0,er-luc-bg1-4e2-agonist-p2,unfiltered,Mean_HSkMC_Toxicity,4,Receptors / hormone signaling,7973,592
7381,1371,0.18574718872781465,0.2,evaluated,0.6943292300335814,0.38274919320654244,0.38232585868077934,5398,612,958,413,0.22425820431572172,0.34474123539232054,0.4029268292682927,0.5997048439811595,0,tox21-er-luc-bg1-4e2-agonist-p2_Activity__t9__t0,er-luc-bg1-4e2-agonist-p2,unfiltered,Mean_IMR90_Toxicity,4,Receptors / hormone signaling,7973,592
7044,141,0.02001703577512777,0.2,evaluated,0.6773003412022524,0.030427169324159287,0.030057215299449817,5858,1045,110,31,0.026658645867493135,0.05094494658997535,0.028810408921933085,0.5342373497800833,0,tox21-er-luc-bg1-4e2-agonist-p4_Activity__t23__t0,er-luc-bg1-4e2-agonist-p4,unfiltered,recomputed_max_toxicity,4,Receptors / hormone signaling,7973,929
7044,141,0.02001703577512777,0.2,evaluated,0.7099236327508957,0.03459559677586215,0.03419037690793427,6262,641,124,17,0.01333598350106542,0.0425531914893617,0.025835866261398176,0.5138545991412923,0,tox21-er-luc-bg1-4e2-agonist-p4_Activity__t23__t0,er-luc-bg1-4e2-agonist-p4,unfiltered,Mean_HepG2_Toxicity,4,Receptors / hormone signaling,7973,929
7044,141,0.02001703577512777,0.2,evaluated,0.682545259898307,0.03118581018821076,0.030806852208699876,6318,585,128,13,0.0037450128796462845,0.035182679296346414,0.021739130434782608,0.5037264094242097,0,tox21-er-luc-bg1-4e2-agonist-p4_Activity__t23__t0,er-luc-bg1-4e2-agonist-p4,unfiltered,Mean_HSkMC_Toxicity,4,Receptors / hormone signaling,7973,929
7044,141,0.02001703577512777,0.2,evaluated,0.6947621704203024,0.03293462299033603,0.032517182453049145,6002,901,110,31,0.03692763153546291,0.05778191985088537,0.033261802575107295,0.5446675974984666,0,tox21-er-luc-bg1-4e2-agonist-p4_Activity__t23__t0,er-luc-bg1-4e2-agonist-p4,unfiltered,Mean_IMR90_Toxicity,4,Receptors / hormone signaling,7973,929
7044,633,0.08986371379897785,0.2,evaluated,0.7846802851437953,0.26879368600003417,0.267893322759312,5618,793,350,283,0.2570765148804682,0.33118782913984784,0.26301115241635686,0.6616918788131477,0,tox21-er-luc-bg1-4e2-antagonist-p2_Activity__t39__t0,er-luc-bg1-4e2-antagonist-p2,unfiltered,recomputed_max_toxicity,4,Receptors / hormone signaling,7973,929
7044,633,0.08986371379897785,0.2,evaluated,0.8132582402431838,0.29355849092821684,0.2925982220486501,5970,441,416,217,0.269293529516057,0.3361735089078234,0.32978723404255317,0.6370119928647519,0,tox21-er-luc-bg1-4e2-antagonist-p2_Activity__t39__t0,er-luc-bg1-4e2-antagonist-p2,unfiltered,Mean_HepG2_Toxicity,4,Receptors / hormone signaling,7973,929
7044,633,0.08986371379897785,0.2,evaluated,0.7928499914862956,0.26460622386448474,0.26352307093472094,6013,398,433,200,0.2604886960695996,0.3249390739236393,0.33444816053511706,0.6269374837826869,0,tox21-er-luc-bg1-4e2-antagonist-p2_Activity__t39__t0,er-luc-bg1-4e2-antagonist-p2,unfiltered,Mean_HSkMC_Toxicity,4,Receptors / hormone signaling,7973,929
7044,633,0.08986371379897785,0.2,evaluated,0.7606346763301522,0.2605377696274721,0.2596616357894081,5724,687,388,245,0.23623631997590075,0.31309904153354634,0.2628755364806867,0.6399431220480793,0,tox21-er-luc-bg1-4e2-antagonist-p2_Activity__t39__t0,er-luc-bg1-4e2-antagonist-p2,unfiltered,Mean_IMR90_Toxicity,4,Receptors / hormone signaling,7973,929
7044,519,0.07367972742759796,0.2,evaluated,0.771142707387475,0.18015727921923833,0.17870245516889333,5654,871,314,205,0.18990279571341204,0.25705329153605017,0.19052044609665428,0.6307518880251589,0,tox21-erb-bla-antagonist-p1_Activity__t15__t0,erb-bla-antagonist-p1,unfiltered,recomputed_max_toxicity,4,Receptors / hormone signaling,7973,929
7044,519,0.07367972742759796,0.2,evaluated,0.7906178253198386,0.1899350592834074,0.18833041302504824,6007,518,379,140,0.17089448027189336,0.23789294817332202,0.2127659574468085,0.5951812725621775,0,tox21-erb-bla-antagonist-p1_Activity__t15__t0,erb-bla-antagonist-p1,unfiltered,Mean_HepG2_Toxicity,4,Receptors / hormone signaling,7973,929
7044,519,0.07367972742759796,0.2,evaluated,0.7920296178179376,0.19895154891845657,0.19759140262441474,6069,456,377,142,0.19094471935104615,0.25425246195165624,0.23745819397993312,0.6018590126901867,0,tox21-erb-bla-antagonist-p1_Activity__t15__t0,erb-bla-antagonist-p1,unfiltered,Mean_HSkMC_Toxicity,4,Receptors / hormone signaling,7973,929
7044,519,0.07367972742759796,0.2,evaluated,0.7571913272650765,0.17715912960186045,0.17551939643230086,5765,760,347,172,0.16571975677651252,0.2370778773259821,0.18454935622317598,0.6074657276371449,0,tox21-erb-bla-antagonist-p1_Activity__t15__t0,erb-bla-antagonist-p1,unfiltered,Mean_IMR90_Toxicity,4,Receptors / hormone signaling,7973,929
7044,125,0.017745599091425326,0.2,evaluated,0.6615279664691429,0.032373829057924276,0.030017364157300004,5870,1049,98,27,0.02363003723922225,0.044962531223980015,0.02509293680297398,0.5321942477236595,0,tox21-erb-bla-p1_Activity__t27__t0,erb-bla-p1,unfiltered,recomputed_max_toxicity,4,Receptors / hormone signaling,7973,929
7044,125,0.017745599091425326,0.2,evaluated,0.6985622199739847,0.03515827039732992,0.032853721826276674,6273,646,113,12,0.001194949753583119,0.03065134099616858,0.0182370820668693,0.5013169533169534,0,tox21-erb-bla-p1_Activity__t27__t0,erb-bla-p1,unfiltered,Mean_HepG2_Toxicity,4,Receptors / hormone signaling,7973,929
7044,125,0.017745599091425326,0.2,evaluated,0.6666327503974563,0.026193192523130945,0.025657394178292513,6327,592,119,6,-0.01779196131364644,0.016597510373443983,0.010033444816053512,0.4812192513368984,0,tox21-erb-bla-p1_Activity__t27__t0,erb-bla-p1,unfiltered,Mean_HSkMC_Toxicity,4,Receptors / hormone signaling,7973,929
7044,125,0.017745599091425326,0.2,evaluated,0.6788853880618587,0.03728414385831483,0.03405664847858855,6014,905,98,27,0.03319865342074214,0.0510879848628193,0.028969957081545063,0.5426003757768464,0,tox21-erb-bla-p1_Activity__t27__t0,erb-bla-p1,unfiltered,Mean_IMR90_Toxicity,4,Receptors / hormone signaling,7973,929
7044,7044,1.0,0.2,single_class,,,,0,0,5968,1076,,0.2650246305418719,1.0,,0,tox21-err-p1_Activity__t2__t0,err-p1,unfiltered,recomputed_max_toxicity,4,Receptors / hormone signaling,7973,929
7044,7044,1.0,0.2,single_class,,,,0,0,6386,658,,0.17086471046481433,1.0,,0,tox21-err-p1_Activity__t2__t0,err-p1,unfiltered,Mean_HepG2_Toxicity,4,Receptors / hormone signaling,7973,929
7044,7044,1.0,0.2,single_class,,,,0,0,6446,598,,0.15650353310651663,1.0,,0,tox21-err-p1_Activity__t2__t0,err-p1,unfiltered,Mean_HSkMC_Toxicity,4,Receptors / hormone signaling,7973,929
7044,7044,1.0,0.2,single_class,,,,0,0,6112,932,,0.2337011033099298,1.0,,0,tox21-err-p1_Activity__t2__t0,err-p1,unfiltered,Mean_IMR90_Toxicity,4,Receptors / hormone signaling,7973,929
6729,116,0.01723881706048447,0.2,evaluated,0.7737463303732982,0.0837224145525385,0.08098444819717739,5647,966,55,61,0.13745753754991102,0.10673665791776028,0.05939629990262902,0.6898930789406446,0,tox21-fxr-bla-agonist-p2_Activity__t41__t0,fxr-bla-agonist-p2,unfiltered,recomputed_max_toxicity,4,Receptors / hormone signaling,7973,1244
6729,116,0.01723881706048447,0.2,evaluated,0.7948985019058594,0.07355451358301776,0.0696635326453404,6023,590,67,49,0.1479341432036748,0.12980132450331125,0.07668231611893583,0.6665977932703088,0,tox21-fxr-bla-agonist-p2_Activity__t41__t0,fxr-bla-agonist-p2,unfiltered,Mean_HepG2_Toxicity,4,Receptors / hormone signaling,7973,1244
6729,116,0.01723881706048447,0.2,evaluated,0.7888445955458684,0.07491713197468622,0.07261413138389179,6073,540,77,39,0.11814728831675639,0.11223021582733812,0.06735751295336788,0.6272747774759225,0,tox21-fxr-bla-agonist-p2_Activity__t41__t0,fxr-bla-agonist-p2,unfiltered,Mean_HSkMC_Toxicity,4,Receptors / hormone signaling,7973,1244
6729,116,0.01723881706048447,0.2,evaluated,0.7422709709714929,0.08033092369577455,0.07544937959999759,5779,834,65,51,0.1207520172187904,0.1018981018981019,0.0576271186440678,0.6567699724158789,0,tox21-fxr-bla-agonist-p2_Activity__t41__t0,fxr-bla-agonist-p2,unfiltered,Mean_IMR90_Toxicity,4,Receptors / hormone signaling,7973,1244
7381,583,0.07898658718330849,0.2,evaluated,0.6681759139127288,0.13591937612223282,0.13487354215425462,5795,1003,406,177,0.11485261045500066,0.20079410096426545,0.15,0.5780293316014145,0,tox21-gr-hela-bla-antagonist-p1_Activity__t22__t0,gr-hela-bla-antagonist-p1,unfiltered,recomputed_max_toxicity,4,Receptors / hormone signaling,7973,592
7381,583,0.07898658718330849,0.2,evaluated,0.6926826677405372,0.14078930276202642,0.13973918116075154,6149,649,467,116,0.09158901563733003,0.17210682492581603,0.15163398692810456,0.551750792408422,0,tox21-gr-hela-bla-antagonist-p1_Activity__t22__t0,gr-hela-bla-antagonist-p1,unfiltered,Mean_HepG2_Toxicity,4,Receptors / hormone signaling,7973,592
7381,583,0.07898658718330849,0.2,evaluated,0.7003897574556536,0.143861446288709,0.14298418227613235,6235,563,476,107,0.09455573429947521,0.1707901037509976,0.15970149253731344,0.5503574858310158,0,tox21-gr-hela-bla-antagonist-p1_Activity__t22__t0,gr-hela-bla-antagonist-p1,unfiltered,Mean_HSkMC_Toxicity,4,Receptors / hormone signaling,7973,592
7381,583,0.07898658718330849,0.2,evaluated,0.6665053085434774,0.14021937843926544,0.13909231930105018,5935,863,421,162,0.1177142918745415,0.20149253731343283,0.15804878048780488,0.5754619838243212,0,tox21-gr-hela-bla-antagonist-p1_Activity__t22__t0,gr-hela-bla-antagonist-p1,unfiltered,Mean_IMR90_Toxicity,4,Receptors / hormone signaling,7973,592
7044,316,0.044860874503123226,0.2,evaluated,0.6361145185809539,0.06334908859058352,0.0622930582517646,5711,1017,257,59,0.02045501545543041,0.08477011494252873,0.05483271375464684,0.5177747633167267,0,tox21-hdac-p1_Activity__t11__t0,hdac-p1,unfiltered,recomputed_max_toxicity,1,Enzyme activities,7973,929
7044,316,0.044860874503123226,0.2,evaluated,0.6782758432547149,0.06971050358166919,0.06888275809305736,6111,617,275,41,0.027058625192277804,0.08418891170431211,0.06231003039513678,0.5190202667108175,0,tox21-hdac-p1_Activity__t11__t0,hdac-p1,unfiltered,Mean_HepG2_Toxicity,1,Enzyme activities,7973,929
7044,316,0.044860874503123226,0.2,evaluated,0.6368158197745301,0.06155144079567387,0.060200534152042656,6160,568,286,30,0.007807897681399915,0.06564551422319474,0.05016722408026756,0.5052567016360873,0,tox21-hdac-p1_Activity__t11__t0,hdac-p1,unfiltered,Mean_HSkMC_Toxicity,1,Enzyme activities,7973,929
7044,316,0.044860874503123226,0.2,evaluated,0.6455065925134335,0.06578508154861873,0.06477609797625582,5852,876,260,56,0.028721381584407447,0.08974358974358974,0.060085836909871244,0.523506524782131,0,tox21-hdac-p1_Activity__t11__t0,hdac-p1,unfiltered,Mean_IMR90_Toxicity,1,Enzyme activities,7973,929
7044,851,0.12081203861442362,0.2,evaluated,0.8332586372203331,0.39158434921864405,0.39072603138472545,5537,656,431,420,0.3511485154003408,0.4359107420861443,0.3903345724907063,0.693805484870432,0,tox21-herg-u2os-p1_Activity__t18__t0,herg-u2os-p1,unfiltered,recomputed_max_toxicity,5,Functional cytotoxicity / ion channels,7973,929
7044,851,0.12081203861442362,0.2,evaluated,0.8725664072795126,0.4497219452506243,0.44872506170107773,5879,314,507,344,0.39592381317240616,0.45593108018555334,0.5227963525835866,0.6767639556658014,0,tox21-herg-u2os-p1_Activity__t18__t0,herg-u2os-p1,unfiltered,Mean_HepG2_Toxicity,5,Functional cytotoxicity / ion channels,7973,929
7044,851,0.12081203861442362,0.2,evaluated,0.8613896930369244,0.4242339452022269,0.42326510176060783,5887,306,559,292,0.3434360384478287,0.4030365769496204,0.4882943143812709,0.6468575547655013,0,tox21-herg-u2os-p1_Activity__t18__t0,herg-u2os-p1,unfiltered,Mean_HSkMC_Toxicity,5,Functional cytotoxicity / ion channels,7973,929
7044,851,0.12081203861442362,0.2,evaluated,0.778315060614852,0.33537748537256795,0.3343983966536505,5597,596,515,336,0.28720615908266284,0.37689287717330344,0.3605150214592275,0.6492959622544918,0,tox21-herg-u2os-p1_Activity__t18__t0,herg-u2os-p1,unfiltered,Mean_IMR90_Toxicity,5,Functional cytotoxicity / ion channels,7973,929
7044,101,0.014338444065871665,0.2,evaluated,0.6183077763343093,0.01896995232716781,0.018652655438172655,5888,1055,80,21,0.01849535699571201,0.0356839422259983,0.019516728624535316,0.5279845930725868,0,tox21-ms-p53-p1_Activity__t44__t0,ms-p53-p1,unfiltered,recomputed_max_toxicity,2,Cellular stress responses,7973,929
7044,101,0.014338444065871665,0.2,evaluated,0.6444256841066507,0.019983048912708645,0.01965129238283764,6294,649,92,9,-0.0017837891292928267,0.023715415019762844,0.013677811550151976,0.4978167339994838,0,tox21-ms-p53-p1_Activity__t44__t0,ms-p53-p1,unfiltered,Mean_HepG2_Toxicity,2,Cellular stress responses,7973,929
7044,101,0.014338444065871665,0.2,evaluated,0.6996290872065747,0.025804898843034496,0.02537899024215844,6350,593,96,5,-0.015314090776410428,0.01430615164520744,0.008361204013377926,0.48204759263194075,0,tox21-ms-p53-p1_Activity__t44__t0,ms-p53-p1,unfiltered,Mean_HSkMC_Toxicity,2,Cellular stress responses,7973,929
7044,101,0.014338444065871665,0.2,evaluated,0.5941863234285405,0.01725908243158215,0.01696740222725357,6027,916,85,16,0.009292333251016641,0.030977734753146177,0.017167381974248927,0.5132421999221383,0,tox21-ms-p53-p1_Activity__t44__t0,ms-p53-p1,unfiltered,Mean_IMR90_Toxicity,2,Cellular stress responses,7973,929
7044,79,0.011215218625780806,0.2,evaluated,0.6186920134124511,0.026991491686728326,0.026694675134462005,5903,1062,65,14,0.007241479265450211,0.024242424242424242,0.013011152416356878,0.512369260406917,0,tox21-ms-p53-p2_Activity__t19__t0,ms-p53-p2,unfiltered,recomputed_max_toxicity,2,Cellular stress responses,7973,929
7044,79,0.011215218625780806,0.2,evaluated,0.6401210391923451,0.01710216029259046,0.01573278384158237,6314,651,72,7,-0.0017585709429639614,0.018995929443690638,0.010638297872340425,0.4975701291266459,0,tox21-ms-p53-p2_Activity__t19__t0,ms-p53-p2,unfiltered,Mean_HepG2_Toxicity,2,Cellular stress responses,7973,929
7044,79,0.011215218625780806,0.2,evaluated,0.6952702027315601,0.031744747991772716,0.03135442635152548,6370,595,76,3,-0.017928213822672484,0.008862629246676515,0.005016722408026756,0.4762737739329559,0,tox21-ms-p53-p2_Activity__t19__t0,ms-p53-p2,unfiltered,Mean_HSkMC_Toxicity,2,Cellular stress responses,7973,929
7044,79,0.011215218625780806,0.2,evaluated,0.5954728434214472,0.015922234010414926,0.014369919347524306,6045,920,67,12,0.006156767634056765,0.02373887240356083,0.012875536480686695,0.509904858833044,0,tox21-ms-p53-p2_Activity__t19__t0,ms-p53-p2,unfiltered,Mean_IMR90_Toxicity,2,Cellular stress responses,7973,929
6729,51,0.007579135086937138,0.2,evaluated,0.7294863438037689,0.025674742438484964,0.023053131362660476,5676,1002,26,25,0.08203164428005136,0.04638218923933209,0.024342745861733205,0.6700755774007716,0,tox21-nfkb-bla-agonist-p1_Activity__t30__t0,nfkb-bla-agonist-p1,unfiltered,recomputed_max_toxicity,3,Signaling pathways,7973,1244
6729,51,0.007579135086937138,0.2,evaluated,0.7574329522165261,0.031674565207992195,0.02765944604695387,6056,622,34,17,0.07105704932214556,0.04927536231884058,0.026604068857589983,0.6200958370769691,0,tox21-nfkb-bla-agonist-p1_Activity__t30__t0,nfkb-bla-agonist-p1,unfiltered,Mean_HepG2_Toxicity,3,Signaling pathways,7973,1244
6729,51,0.007579135086937138,0.2,evaluated,0.7350915208850836,0.022616653739714884,0.020487303525780494,6109,569,41,10,0.03428927887743608,0.031746031746031744,0.017271157167530225,0.555436640064831,0,tox21-nfkb-bla-agonist-p1_Activity__t30__t0,nfkb-bla-agonist-p1,unfiltered,Mean_HSkMC_Toxicity,3,Signaling pathways,7973,1244
6729,51,0.007579135086937138,0.2,evaluated,0.7185461186571064,0.024408094262945976,0.022147104936350106,5816,862,28,23,0.08260423291124087,0.049145299145299144,0.02598870056497175,0.6609499145570178,0,tox21-nfkb-bla-agonist-p1_Activity__t30__t0,nfkb-bla-agonist-p1,unfiltered,Mean_IMR90_Toxicity,3,Signaling pathways,7973,1244
7044,2940,0.41737649063032367,0.2,evaluated,0.6641254259988596,0.5634563708394394,0.5631513707443023,3690,414,2278,662,0.17037388720077817,0.3296812749003984,0.6152416356877324,0.5621464375223774,0,tox21-p450-2c19-p1_Activity__t37__t0,p450-2c19-p1,unfiltered,recomputed_max_toxicity,1,Enzyme activities,7973,929
7044,2940,0.41737649063032367,0.2,evaluated,0.6920488638925356,0.5845136663685797,0.5841212099363452,3877,227,2509,431,0.15468837468226584,0.23957754307948861,0.6550151975683891,0.5456433743087878,0,tox21-p450-2c19-p1_Activity__t37__t0,p450-2c19-p1,unfiltered,Mean_HepG2_Toxicity,1,Enzyme activities,7973,929
7044,2940,0.41737649063032367,0.2,evaluated,0.6842633203378817,0.5981595818464612,0.5979691170217012,3922,182,2524,416,0.17187895526567928,0.23516110797060485,0.6956521739130435,0.5485748100409754,0,tox21-p450-2c19-p1_Activity__t37__t0,p450-2c19-p1,unfiltered,Mean_HSkMC_Toxicity,1,Enzyme activities,7973,929
7044,2940,0.41737649063032367,0.2,evaluated,0.6555613570964448,0.5561048328246021,0.5557378368904549,3746,358,2366,574,0.1571904303519885,0.2964876033057851,0.6158798283261803,0.5540030632135895,0,tox21-p450-2c19-p1_Activity__t37__t0,p450-2c19-p1,unfiltered,Mean_IMR90_Toxicity,1,Enzyme activities,7973,929
7044,2210,0.3137421919363998,0.2,evaluated,0.7313861842117579,0.5369505316095871,0.5365064442867213,4395,439,1573,637,0.2546364550611046,0.3877054169202678,0.5920074349442379,0.598710117062961,0,tox21-p450-3a4-p1_Activity__t29__t0,p450-3a4-p1,unfiltered,recomputed_max_toxicity,1,Enzyme activities,7973,929
7044,2210,0.3137421919363998,0.2,evaluated,0.7686300095290336,0.5802219467842922,0.5797729870298944,4636,198,1750,460,0.26657485428199107,0.3207810320781032,0.6990881458966566,0.5835924643878111,0,tox21-p450-3a4-p1_Activity__t29__t0,p450-3a4-p1,unfiltered,Mean_HepG2_Toxicity,1,Enzyme activities,7973,929
7044,2210,0.3137421919363998,0.2,evaluated,0.7725514221474211,0.5965903397130803,0.5961592306303296,4666,168,1780,430,0.2660570753425713,0.30626780626780625,0.7190635451505016,0.5799081543441348,0,tox21-p450-3a4-p1_Activity__t29__t0,p450-3a4-p1,unfiltered,Mean_HSkMC_Toxicity,1,Enzyme activities,7973,929
7044,2210,0.3137421919363998,0.2,evaluated,0.7057742386601692,0.5068516770210095,0.5063561260059156,4427,407,1685,525,0.21002236710093203,0.3341820496499045,0.5633047210300429,0.5766806388383939,0,tox21-p450-3a4-p1_Activity__t29__t0,p450-3a4-p1,unfiltered,Mean_IMR90_Toxicity,1,Enzyme activities,7973,929
7044,185,0.026263486655309483,0.2,evaluated,0.8016852980696106,0.1218945350232527,0.11948885493015196,5885,974,83,102,0.18196528761651468,0.16177636796193498,0.09479553903345725,0.7046740719433532,0,tox21-p53-bla-p7_Activity__t0__t0,p53-bla-p7,unfiltered,recomputed_max_toxicity,2,Cellular stress responses,7973,929
7044,185,0.026263486655309483,0.2,evaluated,0.7947289613567498,0.11696785568670097,0.11371176112510305,6276,583,110,75,0.1760725525091555,0.17793594306049823,0.11398176291793313,0.660203796156559,0,tox21-p53-bla-p7_Activity__t0__t0,p53-bla-p7,unfiltered,Mean_HepG2_Toxicity,2,Cellular stress responses,7973,929
7044,185,0.026263486655309483,0.2,evaluated,0.7807382685207441,0.09616480314558151,0.0945995852840392,6323,536,123,62,0.1474470632586919,0.1583652618135377,0.10367892976588629,0.6284948164376652,0,tox21-p53-bla-p7_Activity__t0__t0,p53-bla-p7,unfiltered,Mean_HSkMC_Toxicity,2,Cellular stress responses,7973,929
7044,185,0.026263486655309483,0.2,evaluated,0.8048683323942107,0.12374446228129589,0.1199632278227682,6024,835,88,97,0.1900097133779692,0.17367949865711726,0.10407725321888411,0.7012932308310643,0,tox21-p53-bla-p7_Activity__t0__t0,p53-bla-p7,unfiltered,Mean_IMR90_Toxicity,2,Cellular stress responses,7973,929
7044,7044,1.0,0.2,single_class,,,,0,0,5968,1076,,0.2650246305418719,1.0,,0,tox21-pgc-err-p1_Activity__t33__t0,pgc-err-p1,unfiltered,recomputed_max_toxicity,4,Receptors / hormone signaling,7973,929
7044,7044,1.0,0.2,single_class,,,,0,0,6386,658,,0.17086471046481433,1.0,,0,tox21-pgc-err-p1_Activity__t33__t0,pgc-err-p1,unfiltered,Mean_HepG2_Toxicity,4,Receptors / hormone signaling,7973,929
7044,7044,1.0,0.2,single_class,,,,0,0,6446,598,,0.15650353310651663,1.0,,0,tox21-pgc-err-p1_Activity__t33__t0,pgc-err-p1,unfiltered,Mean_HSkMC_Toxicity,4,Receptors / hormone signaling,7973,929
7044,7044,1.0,0.2,single_class,,,,0,0,6112,932,,0.2337011033099298,1.0,,0,tox21-pgc-err-p1_Activity__t33__t0,pgc-err-p1,unfiltered,Mean_IMR90_Toxicity,4,Receptors / hormone signaling,7973,929
6729,95,0.014117996730569179,0.2,evaluated,0.7736667565809308,0.07661741186579943,0.07164578715296661,5659,975,43,52,0.13135387747361635,0.09269162210338681,0.05063291139240506,0.70019913364962,0,tox21-ppard-bla-antagonist-p1_Activity__t17__t0,ppard-bla-antagonist-p1,unfiltered,recomputed_max_toxicity,4,Receptors / hormone signaling,7973,1244
6729,95,0.014117996730569179,0.2,evaluated,0.7678450724338732,0.07110698216537788,0.06554981205048781,6033,601,57,38,0.12451432489702409,0.10354223433242507,0.0594679186228482,0.6547030449201086,0,tox21-ppard-bla-antagonist-p1_Activity__t17__t0,ppard-bla-antagonist-p1,unfiltered,Mean_HepG2_Toxicity,4,Receptors / hormone signaling,7973,1244
6729,95,0.014117996730569179,0.2,evaluated,0.7749075734255748,0.05015095750491848,0.048327934213602375,6088,546,62,33,0.11151294963918408,0.09792284866468842,0.05699481865284974,0.6325325674753661,0,tox21-ppard-bla-antagonist-p1_Activity__t17__t0,ppard-bla-antagonist-p1,unfiltered,Mean_HSkMC_Toxicity,4,Receptors / hormone signaling,7973,1244
6729,95,0.014117996730569179,0.2,evaluated,0.7820160893642003,0.09200226132941325,0.08589038165578343,5799,835,45,50,0.13978805324506452,0.10204081632653061,0.05649717514124294,0.7002245212065437,0,tox21-ppard-bla-antagonist-p1_Activity__t17__t0,ppard-bla-antagonist-p1,unfiltered,Mean_IMR90_Toxicity,4,Receptors / hormone signaling,7973,1244
7381,333,0.045115837962335724,0.2,evaluated,0.7342623554314813,0.14133543061283044,0.1389180856193037,6011,1037,190,143,0.1598774217691448,0.1890284203569068,0.1211864406779661,0.6411477453617067,0,tox21-pparg-bla-agonist-p1_Activity__t14__t0,pparg-bla-agonist-p1,unfiltered,recomputed_max_toxicity,4,Receptors / hormone signaling,7973,592
7381,333,0.045115837962335724,0.2,evaluated,0.7224088447130445,0.12726365195001527,0.1250337083570625,6391,657,225,108,0.1573760180811857,0.19672131147540983,0.1411764705882353,0.6155531950793018,0,tox21-pparg-bla-agonist-p1_Activity__t14__t0,pparg-bla-agonist-p1,unfiltered,Mean_HepG2_Toxicity,4,Receptors / hormone signaling,7973,592
7381,333,0.045115837962335724,0.2,evaluated,0.7451993707669076,0.14644980121082976,0.14521220701352366,6482,566,229,104,0.1676188918558096,0.2073778664007976,0.15522388059701492,0.6160029211958837,0,tox21-pparg-bla-agonist-p1_Activity__t14__t0,pparg-bla-agonist-p1,unfiltered,Mean_HSkMC_Toxicity,4,Receptors / hormone signaling,7973,592
7381,333,0.045115837962335724,0.2,evaluated,0.7339133969383684,0.1422906800574503,0.13989676171122245,6160,888,196,137,0.17131006649683903,0.20176730486008837,0.13365853658536586,0.6427091109270451,0,tox21-pparg-bla-agonist-p1_Activity__t14__t0,pparg-bla-agonist-p1,unfiltered,Mean_IMR90_Toxicity,4,Receptors / hormone signaling,7973,592
7044,830,0.11783077796706416,0.2,evaluated,0.7652629507408455,0.23466985917645192,0.23368509649391483,5418,796,550,280,0.18753089215300345,0.2938090241343127,0.26022304832713755,0.6046257770056731,0,tox21-pr-bla-antagonist-p1_Activity__t40__t0,pr-bla-antagonist-p1,unfiltered,recomputed_max_toxicity,4,Receptors / hormone signaling,7973,929
7044,830,0.11783077796706416,0.2,evaluated,0.7974898305807716,0.25456322501057266,0.25349408766714,5723,491,663,167,0.13537293264955258,0.22446236559139784,0.25379939209726443,0.5610948460724132,0,tox21-pr-bla-antagonist-p1_Activity__t40__t0,pr-bla-antagonist-p1,unfiltered,Mean_HepG2_Toxicity,4,Receptors / hormone signaling,7973,929
7044,830,0.11783077796706416,0.2,evaluated,0.7905622166813375,0.25878909404343076,0.25806110668133087,5785,429,661,169,0.1556679221077071,0.23669467787114845,0.2826086956521739,0.5672884004637798,0,tox21-pr-bla-antagonist-p1_Activity__t40__t0,pr-bla-antagonist-p1,unfiltered,Mean_HSkMC_Toxicity,4,Receptors / hormone signaling,7973,929
7044,830,0.11783077796706416,0.2,evaluated,0.7488443313000956,0.22811294421249412,0.22701336392814614,5515,699,597,233,0.16008155478959704,0.264472190692395,0.25,0.5841174805433513,0,tox21-pr-bla-antagonist-p1_Activity__t40__t0,pr-bla-antagonist-p1,unfiltered,Mean_IMR90_Toxicity,4,Receptors / hormone signaling,7973,929
6729,733,0.10893149056323377,0.2,evaluated,0.7063604021598755,0.26644890821351297,0.2654345193343308,5221,775,481,252,0.18586252722484092,0.2863636363636364,0.2453748782862707,0.6072698988957623,0,tox21-rar-agonist-p1_Activity__t20__t0,rar-agonist-p1,unfiltered,recomputed_max_toxicity,4,Receptors / hormone signaling,7973,1244
6729,733,0.10893149056323377,0.2,evaluated,0.7345276569099727,0.2721270657792997,0.2707548718025815,5553,443,537,196,0.2056510405269281,0.2857142857142857,0.30672926447574334,0.5967558408652608,0,tox21-rar-agonist-p1_Activity__t20__t0,rar-agonist-p1,unfiltered,Mean_HepG2_Toxicity,4,Receptors / hormone signaling,7973,1244
6729,733,0.10893149056323377,0.2,evaluated,0.704048265009779,0.2754540111612091,0.2748649833727289,5599,397,551,182,0.20229140938228432,0.2774390243902439,0.3143350604490501,0.5910419360974619,0,tox21-rar-agonist-p1_Activity__t20__t0,rar-agonist-p1,unfiltered,Mean_HSkMC_Toxicity,4,Receptors / hormone signaling,7973,1244
6729,733,0.10893149056323377,0.2,evaluated,0.7083772082707253,0.26806211067575797,0.2668034019027299,5351,645,493,240,0.20266661594019406,0.29666254635352285,0.2711864406779661,0.609924920388035,0,tox21-rar-agonist-p1_Activity__t20__t0,rar-agonist-p1,unfiltered,Mean_IMR90_Toxicity,4,Receptors / hormone signaling,7973,1244
7044,7044,1.0,0.2,single_class,,,,0,0,5968,1076,,0.2650246305418719,1.0,,0,tox21-rt-viability-hek293-p1_Activity__t36__t0,rt-viability-hek293-p1,unfiltered,recomputed_max_toxicity,5,Functional cytotoxicity / ion channels,7973,929
7044,7044,1.0,0.2,single_class,,,,0,0,6386,658,,0.17086471046481433,1.0,,0,tox21-rt-viability-hek293-p1_Activity__t36__t0,rt-viability-hek293-p1,unfiltered,Mean_HepG2_Toxicity,5,Functional cytotoxicity / ion channels,7973,929
7044,7044,1.0,0.2,single_class,,,,0,0,6446,598,,0.15650353310651663,1.0,,0,tox21-rt-viability-hek293-p1_Activity__t36__t0,rt-viability-hek293-p1,unfiltered,Mean_HSkMC_Toxicity,5,Functional cytotoxicity / ion channels,7973,929
7044,7044,1.0,0.2,single_class,,,,0,0,6112,932,,0.2337011033099298,1.0,,0,tox21-rt-viability-hek293-p1_Activity__t36__t0,rt-viability-hek293-p1,unfiltered,Mean_IMR90_Toxicity,5,Functional cytotoxicity / ion channels,7973,929
7044,31,0.004400908574673481,0.2,evaluated,0.6672079042147532,0.008255849985342708,0.007770413190656559,5950,1063,18,13,0.04927073632789004,0.023486901535682024,0.012081784386617101,0.6338895967396954,0,tox21-sbe-bla-agonist-p1_Activity__t3__t0,sbe-bla-agonist-p1,unfiltered,recomputed_max_toxicity,3,Signaling pathways,7973,929
7044,31,0.004400908574673481,0.2,evaluated,0.7226625207563834,0.009822643223405834,0.009260909160705788,6363,650,23,8,0.03761725003730355,0.023222060957910014,0.0121580547112462,0.5826897512913805,0,tox21-sbe-bla-agonist-p1_Activity__t3__t0,sbe-bla-agonist-p1,unfiltered,Mean_HepG2_Toxicity,3,Signaling pathways,7973,929
7044,31,0.004400908574673481,0.2,evaluated,0.6801838061112312,0.007522683620935132,0.007068076174495884,6416,597,30,1,-0.012555750695512248,0.003179650238473768,0.0016722408026755853,0.47356522219104613,0,tox21-sbe-bla-agonist-p1_Activity__t3__t0,sbe-bla-agonist-p1,unfiltered,Mean_HSkMC_Toxicity,3,Signaling pathways,7973,929
7044,31,0.004400908574673481,0.2,evaluated,0.6616376038969104,0.00856131354199671,0.008055203598480151,6093,920,19,12,0.04999464663680592,0.024922118380062305,0.012875536480686695,0.6279559159717207,0,tox21-sbe-bla-agonist-p1_Activity__t3__t0,sbe-bla-agonist-p1,unfiltered,Mean_IMR90_Toxicity,3,Signaling pathways,7973,929
7044,960,0.1362862010221465,0.2,evaluated,0.7582662174008328,0.33157346754134903,0.3305464526161145,5385,699,583,377,0.2649526110606132,0.3703339882121807,0.3503717472118959,0.6389084072978304,0,tox21-shh-3t3-gli3-antagonist-p1_Activity__t21__t0,shh-3t3-gli3-antagonist-p1,unfiltered,recomputed_max_toxicity,3,Signaling pathways,7973,929
7044,960,0.1362862010221465,0.2,evaluated,0.7914484542789831,0.3619957033923433,0.3608956240321567,5717,367,669,291,0.2862573087006304,0.35970333745364647,0.44224924012158057,0.6214014217619988,0,tox21-shh-3t3-gli3-antagonist-p1_Activity__t21__t0,shh-3t3-gli3-antagonist-p1,unfiltered,Mean_HepG2_Toxicity,3,Signaling pathways,7973,929
7044,960,0.1362862010221465,0.2,evaluated,0.7749119103385931,0.35067085176843366,0.34971195102805847,5754,330,692,268,0.2768689190668765,0.34403080872913994,0.44816053511705684,0.6124630177514793,0,tox21-shh-3t3-gli3-antagonist-p1_Activity__t21__t0,shh-3t3-gli3-antagonist-p1,unfiltered,Mean_HSkMC_Toxicity,3,Signaling pathways,7973,929
7044,960,0.1362862010221465,0.2,evaluated,0.7345313184856455,0.312850336303512,0.31174204291150603,5464,620,648,312,0.22590052173641295,0.3298097251585624,0.33476394849785407,0.6115466798159106,0,tox21-shh-3t3-gli3-antagonist-p1_Activity__t21__t0,shh-3t3-gli3-antagonist-p1,unfiltered,Mean_IMR90_Toxicity,3,Signaling pathways,7973,929
7044,150,0.02129471890971039,0.2,evaluated,0.7905483028720628,0.12204899581661144,0.1198357072566821,5909,985,59,91,0.1861148319847967,0.14845024469820556,0.0845724907063197,0.7318944009283435,0,tox21-trhr-hek293-p1_Activity__t12__t0,trhr-hek293-p1,unfiltered,recomputed_max_toxicity,4,Receptors / hormone signaling,7973,929
7044,150,0.02129471890971039,0.2,evaluated,0.7940779421719371,0.11118145244047214,0.10836760277490853,6313,581,73,77,0.21284772369248953,0.1905940594059406,0.11702127659574468,0.714528575572962,0,tox21-trhr-hek293-p1_Activity__t12__t0,trhr-hek293-p1,unfiltered,Mean_HepG2_Toxicity,4,Receptors / hormone signaling,7973,929
7044,150,0.02129471890971039,0.2,evaluated,0.7956957741030848,0.13314664405838464,0.13043628556016906,6367,527,79,71,0.20556810719334,0.18983957219251338,0.11872909698996656,0.6984450246591238,0,tox21-trhr-hek293-p1_Activity__t12__t0,trhr-hek293-p1,unfiltered,Mean_HSkMC_Toxicity,4,Receptors / hormone signaling,7973,929
7044,150,0.02129471890971039,0.2,evaluated,0.7837617251716468,0.1184139541763221,0.11544367282150056,6042,852,70,80,0.17458143767795611,0.1478743068391867,0.08583690987124463,0.7048738033072237,0,tox21-trhr-hek293-p1_Activity__t12__t0,trhr-hek293-p1,unfiltered,Mean_IMR90_Toxicity,4,Receptors / hormone signaling,7973,929
7044,353,0.05011357183418512,0.2,evaluated,0.765370208935685,0.15447779891813096,0.15267245372392696,5780,911,188,165,0.2009061324982719,0.23093072078376486,0.1533457249070632,0.6656345274591932,0,tox21-tshr-agonist-p1_Activity__t35__t0,tshr-agonist-p1,unfiltered,recomputed_max_toxicity,4,Receptors / hormone signaling,7973,929
7044,353,0.05011357183418512,0.2,evaluated,0.7818796379052153,0.15247336139284556,0.1506738762326863,6155,536,231,122,0.19905467136241398,0.2413452027695351,0.18541033434650456,0.632750728961105,0,tox21-tshr-agonist-p1_Activity__t35__t0,tshr-agonist-p1,unfiltered,Mean_HepG2_Toxicity,4,Receptors / hormone signaling,7973,929
7044,353,0.05011357183418512,0.2,evaluated,0.7839495614378622,0.1701682647140155,0.16822974959417275,6216,475,230,123,0.21718182934910946,0.2586750788643533,0.205685618729097,0.6387255215347833,0,tox21-tshr-agonist-p1_Activity__t35__t0,tshr-agonist-p1,unfiltered,Mean_HSkMC_Toxicity,4,Receptors / hormone signaling,7973,929
7044,353,0.05011357183418512,0.2,evaluated,0.7538537454438607,0.15746092267023226,0.15532155762994884,5906,785,206,147,0.1926027382765986,0.22879377431906614,0.157725321888412,0.6495544096907477,0,tox21-tshr-agonist-p1_Activity__t35__t0,tshr-agonist-p1,unfiltered,Mean_IMR90_Toxicity,4,Receptors / hormone signaling,7973,929
7044,35,0.004968767745599092,0.2,evaluated,0.6105252430548479,0.06502616362086719,0.06107264888806865,5944,1065,24,11,0.031729431013123435,0.019801980198019802,0.010223048327137546,0.5811691091046206,0,tox21-tshr-wt-p1_Activity__t28__t0,tshr-wt-p1,unfiltered,recomputed_max_toxicity,4,Receptors / hormone signaling,7973,929
7044,35,0.004968767745599092,0.2,evaluated,0.6190530542363899,0.03334510696492857,0.025506505648378256,6360,649,26,9,0.03975815841348154,0.025974025974025976,0.013677811550151976,0.582273811222306,0,tox21-tshr-wt-p1_Activity__t28__t0,tshr-wt-p1,unfiltered,Mean_HepG2_Toxicity,4,Receptors / hormone signaling,7973,929
7044,35,0.004968767745599092,0.2,evaluated,0.6097548050465728,0.057632319313835174,0.0539255830585473,6418,591,28,7,0.029182600485642095,0.022116903633491312,0.011705685618729096,0.5578399201027251,0,tox21-tshr-wt-p1_Activity__t28__t0,tshr-wt-p1,unfiltered,Mean_HSkMC_Toxicity,4,Receptors / hormone signaling,7973,929
7044,35,0.004968767745599092,0.2,evaluated,0.6099749301917943,0.045497627283556906,0.034398074343441026,6088,921,24,11,0.037952143619759446,0.022750775594622543,0.011802575107296138,0.5914416158816216,0,tox21-tshr-wt-p1_Activity__t28__t0,tshr-wt-p1,unfiltered,Mean_IMR90_Toxicity,4,Receptors / hormone signaling,7973,929
6729,61,0.009065240005944419,0.2,evaluated,0.7490952629146302,0.037130144155967305,0.03516145558064093,5675,993,27,34,0.10764901261763142,0.0625,0.033106134371957155,0.7042284166117596,0,tox21-vdr-bla-agonist-p1_Activity__t24__t0,vdr-bla-agonist-p1,unfiltered,recomputed_max_toxicity,4,Receptors / hormone signaling,7973,1244
6729,61,0.009065240005944419,0.2,evaluated,0.7714997984009755,0.03701025812375328,0.03513917242537684,6058,610,32,29,0.1241233744691498,0.08285714285714285,0.04538341158059468,0.6919640662031528,0,tox21-vdr-bla-agonist-p1_Activity__t24__t0,vdr-bla-agonist-p1,unfiltered,Mean_HepG2_Toxicity,4,Receptors / hormone signaling,7973,1244
6729,61,0.009065240005944419,0.2,evaluated,0.7513251448071041,0.04088375562962116,0.037459621954294565,6108,560,42,19,0.0768869080346393,0.059375,0.03281519861830743,0.6137461032383686,0,tox21-vdr-bla-agonist-p1_Activity__t24__t0,vdr-bla-agonist-p1,unfiltered,Mean_HSkMC_Toxicity,4,Receptors / hormone signaling,7973,1244
6729,61,0.009065240005944419,0.2,evaluated,0.7588064354342245,0.04059252151715186,0.03853471791218312,5816,852,28,33,0.11587931412258541,0.06976744186046512,0.03728813559322034,0.7066045807231996,0,tox21-vdr-bla-agonist-p1_Activity__t24__t0,vdr-bla-agonist-p1,unfiltered,Mean_IMR90_Toxicity,4,Receptors / hormone signaling,7973,1244
6729,78,0.0115916183682568,0.2,evaluated,0.7677600052430904,0.08216915895029919,0.07608459709960472,5664,987,38,40,0.10846665996306408,0.07239819004524888,0.03894839337877313,0.6822108878942438,0,tox21-vdr-bla-antagonist-p1_Activity__t42__t0,vdr-bla-antagonist-p1,unfiltered,recomputed_max_toxicity,4,Receptors / hormone signaling,7973,1244
6729,78,0.0115916183682568,0.2,evaluated,0.7578964412523276,0.06825876927529172,0.06183935333356723,6045,606,45,33,0.12120516450447254,0.09205020920502092,0.051643192488262914,0.6659814024496027,0,tox21-vdr-bla-antagonist-p1_Activity__t42__t0,vdr-bla-antagonist-p1,unfiltered,Mean_HepG2_Toxicity,4,Receptors / hormone signaling,7973,1244
6729,78,0.0115916183682568,0.2,evaluated,0.7629621919202433,0.057687727507377766,0.05324703523008134,6099,552,51,27,0.10044581473501113,0.0821917808219178,0.046632124352331605,0.6315794039068734,0,tox21-vdr-bla-antagonist-p1_Activity__t42__t0,vdr-bla-antagonist-p1,unfiltered,Mean_HSkMC_Toxicity,4,Receptors / hormone signaling,7973,1244
6729,78,0.0115916183682568,0.2,evaluated,0.7726021535223159,0.09770066596349948,0.09022969319281565,5805,846,39,39,0.11807044527299218,0.08099688473520249,0.04406779661016949,0.6864005412719891,0,tox21-vdr-bla-antagonist-p1_Activity__t42__t0,vdr-bla-antagonist-p1,unfiltered,Mean_IMR90_Toxicity,4,Receptors / hormone signaling,7973,1244
5396,357,0.06616011860637509,0.2,evaluated,0.6487895813217132,0.13929396501734478,0.13731469038217972,4371,668,245,112,0.12805224912681487,0.19700967458223395,0.14358974358974358,0.5905797524407659,0,tox21-ache-p3_Activity__t45__t0,ache-p3,similarity_le_0_9,recomputed_max_toxicity,1,Enzyme activities,6040,644
5396,357,0.06616011860637509,0.2,evaluated,0.6829658634638615,0.1574420437051956,0.15512079108327326,4677,362,283,74,0.12353203917632925,0.18663303909205547,0.16972477064220184,0.567721631220458,0,tox21-ache-p3_Activity__t45__t0,ache-p3,similarity_le_0_9,Mean_HepG2_Toxicity,1,Enzyme activities,6040,644
5396,357,0.06616011860637509,0.2,evaluated,0.6795371452808152,0.14320851808146434,0.14178144636915987,4689,350,281,76,0.1322068599899532,0.194125159642401,0.1784037558685446,0.5717134641115823,0,tox21-ache-p3_Activity__t45__t0,ache-p3,similarity_le_0_9,Mean_HSkMC_Toxicity,1,Enzyme activities,6040,644
5396,357,0.06616011860637509,0.2,evaluated,0.6204520704888425,0.12725647016731775,0.12510725294181718,4440,599,258,99,0.1173496459104654,0.1876777251184834,0.14183381088825214,0.5792190660745347,0,tox21-ache-p3_Activity__t45__t0,ache-p3,similarity_le_0_9,Mean_IMR90_Toxicity,1,Enzyme activities,6040,644
5499,623,0.11329332605928351,0.2,evaluated,0.6605602242187304,0.16833084629676087,0.1677121031621664,4187,689,466,157,0.09724782938131699,0.2137508509189925,0.18557919621749408,0.5553510363598297,0,tox21-ahr-p1_Activity__t1__t0,ahr-p1,similarity_le_0_9,recomputed_max_toxicity,4,Receptors / hormone signaling,6040,541
5499,623,0.11329332605928351,0.2,evaluated,0.7073833971744858,0.18939852656254597,0.18870018670906652,4468,408,520,103,0.08914134486823182,0.18165784832451498,0.20156555772994128,0.5408269547046035,0,tox21-ahr-p1_Activity__t1__t0,ahr-p1,similarity_le_0_9,Mean_HepG2_Toxicity,4,Receptors / hormone signaling,6040,541
5499,623,0.11329332605928351,0.2,evaluated,0.6721125320467662,0.17534169489047605,0.1747148461421525,4487,389,538,85,0.06398535722362937,0.15496809480401094,0.17932489451476794,0.5283290450689129,0,tox21-ahr-p1_Activity__t1__t0,ahr-p1,similarity_le_0_9,Mean_HSkMC_Toxicity,4,Receptors / hormone signaling,6040,541
5499,623,0.11329332605928351,0.2,evaluated,0.6505541275971543,0.16312658729128363,0.16252654338200762,4261,615,482,141,0.0922231472944816,0.20449601160261058,0.1865079365079365,0.5500981319056091,0,tox21-ahr-p1_Activity__t1__t0,ahr-p1,similarity_le_0_9,Mean_IMR90_Toxicity,4,Receptors / hormone signaling,6040,541
5396,408,0.07561156412157154,0.2,evaluated,0.7364800521251003,0.20017240595554772,0.19884784278642487,4372,616,244,164,0.20935472770400276,0.2760942760942761,0.21025641025641026,0.6392321964872557,0,tox21-ap1-agonist-p1_Activity__t7__t0,ap1-agonist-p1,similarity_le_0_9,recomputed_max_toxicity,3,Signaling pathways,6040,644
5396,408,0.07561156412157154,0.2,evaluated,0.7487275834551945,0.20922684514584103,0.20750829656778486,4668,320,292,116,0.2135733974082584,0.27488151658767773,0.26605504587155965,0.6100798779816659,0,tox21-ap1-agonist-p1_Activity__t7__t0,ap1-agonist-p1,similarity_le_0_9,Mean_HepG2_Toxicity,3,Signaling pathways,6040,644
5396,408,0.07561156412157154,0.2,evaluated,0.7357356184253974,0.20017389593582896,0.1988751145292267,4680,308,290,118,0.22301272612615072,0.2829736211031175,0.27699530516431925,0.6137337453024514,0,tox21-ap1-agonist-p1_Activity__t7__t0,ap1-agonist-p1,similarity_le_0_9,Mean_HSkMC_Toxicity,3,Signaling pathways,6040,644
5396,408,0.07561156412157154,0.2,evaluated,0.7289841207132413,0.18681665046105891,0.18522065516799338,4436,552,262,146,0.19472337657120928,0.2640144665461121,0.20916905444126074,0.6235887699105304,0,tox21-ap1-agonist-p1_Activity__t7__t0,ap1-agonist-p1,similarity_le_0_9,Mean_IMR90_Toxicity,3,Signaling pathways,6040,644
5499,201,0.036552100381887616,0.2,evaluated,0.6642730101850131,0.10113095271032094,0.09773767874529106,4512,786,141,60,0.0780955798315481,0.11461318051575932,0.07092198581560284,0.575074795895945,0,tox21-ar-bla-agonist-p1_Activity__t26__t0,ar-bla-agonist-p1,similarity_le_0_9,recomputed_max_toxicity,4,Receptors / hormone signaling,6040,541
5499,201,0.036552100381887616,0.2,evaluated,0.6890443967403451,0.0904006786134007,0.08777624668568644,4828,470,160,41,0.07450522772878161,0.1151685393258427,0.08023483365949119,0.5576336888603416,0,tox21-ar-bla-agonist-p1_Activity__t26__t0,ar-bla-agonist-p1,similarity_le_0_9,Mean_HepG2_Toxicity,4,Receptors / hormone signaling,6040,541
5499,201,0.036552100381887616,0.2,evaluated,0.6845312884426489,0.09644023137619125,0.09529140236214244,4860,438,165,36,0.06447879969787783,0.10666666666666667,0.0759493670886076,0.5482158854650868,0,tox21-ar-bla-agonist-p1_Activity__t26__t0,ar-bla-agonist-p1,similarity_le_0_9,Mean_HSkMC_Toxicity,4,Receptors / hormone signaling,6040,541
5499,201,0.036552100381887616,0.2,evaluated,0.6700341253340696,0.10554653159288593,0.10276605294208115,4600,698,143,58,0.08545521987232346,0.12121212121212122,0.07671957671957672,0.5784046922803874,0,tox21-ar-bla-agonist-p1_Activity__t26__t0,ar-bla-agonist-p1,similarity_le_0_9,Mean_IMR90_Toxicity,4,Receptors / hormone signaling,6040,541
5499,402,0.07310420076377523,0.2,evaluated,0.724966007709149,0.14817131942367,0.146843679886134,4388,709,265,137,0.14551671429100874,0.21955128205128205,0.16193853427895982,0.6008472938427345,0,tox21-ar-bla-antagonist-p1_Activity__t25__t0,ar-bla-antagonist-p1,similarity_le_0_9,recomputed_max_toxicity,4,Receptors / hormone signaling,6040,541
5499,402,0.07310420076377523,0.2,evaluated,0.7436590834331384,0.15168387626945887,0.1503995266244081,4664,433,324,78,0.09779879677358884,0.17086527929901424,0.15264187866927592,0.5545389591184747,0,tox21-ar-bla-antagonist-p1_Activity__t25__t0,ar-bla-antagonist-p1,similarity_le_0_9,Mean_HepG2_Toxicity,4,Receptors / hormone signaling,6040,541
5499,402,0.07310420076377523,0.2,evaluated,0.7494624191188456,0.15647102049455955,0.15486608510637198,4700,397,325,77,0.10541327849469609,0.17579908675799086,0.16244725738396623,0.5568266671351892,0,tox21-ar-bla-antagonist-p1_Activity__t25__t0,ar-bla-antagonist-p1,similarity_le_0_9,Mean_HSkMC_Toxicity,4,Receptors / hormone signaling,6040,541
5499,402,0.07310420076377523,0.2,evaluated,0.7122900311079485,0.14794896908120458,0.14648650996620943,4464,633,279,123,0.1374129507446271,0.21243523316062177,0.1626984126984127,0.5908897244208622,0,tox21-ar-bla-antagonist-p1_Activity__t25__t0,ar-bla-antagonist-p1,similarity_le_0_9,Mean_IMR90_Toxicity,4,Receptors / hormone signaling,6040,541
5499,226,0.04109838152391344,0.2,evaluated,0.5729052159187982,0.044509384960281895,0.044117182192695614,4452,821,201,25,-0.024803289099582654,0.04664179104477612,0.02955082742316785,0.47746031293163205,0,tox21-ar-mda-kb2-luc-agonist-p1_Activity__t10__t0,ar-mda-kb2-luc-agonist-p1,similarity_le_0_9,recomputed_max_toxicity,4,Receptors / hormone signaling,6040,541
5499,226,0.04109838152391344,0.2,evaluated,0.6081733794971544,0.04950584972704445,0.04906409764518713,4774,499,214,12,-0.028400819624804806,0.032564450474898234,0.023483365949119372,0.4792321544552395,0,tox21-ar-mda-kb2-luc-agonist-p1_Activity__t10__t0,ar-mda-kb2-luc-agonist-p1,similarity_le_0_9,Mean_HepG2_Toxicity,4,Receptors / hormone signaling,6040,541
5499,226,0.04109838152391344,0.2,evaluated,0.6007209880355593,0.048581174157584714,0.04808874711624907,4809,464,216,10,-0.030944305389884016,0.02857142857142857,0.02109704641350211,0.47812616954966775,0,tox21-ar-mda-kb2-luc-agonist-p1_Activity__t10__t0,ar-mda-kb2-luc-agonist-p1,similarity_le_0_9,Mean_HSkMC_Toxicity,4,Receptors / hormone signaling,6040,541
5499,226,0.04109838152391344,0.2,evaluated,0.5805648746578411,0.04581905595048212,0.04539417474688634,4540,733,203,23,-0.02146875928931383,0.04684317718940937,0.03042328042328042,0.4813799301500884,0,tox21-ar-mda-kb2-luc-agonist-p1_Activity__t10__t0,ar-mda-kb2-luc-agonist-p1,similarity_le_0_9,Mean_IMR90_Toxicity,4,Receptors / hormone signaling,6040,541
5396,157,0.029095626389918458,0.2,evaluated,0.5736459649152668,0.03163518023479853,0.031317080774990604,4476,763,140,17,-0.01785583102045299,0.03628601921024546,0.021794871794871794,0.4813208870754982,0,tox21-ar-mda-kb2-luc-agonist-p3_Activity__t38__t0,ar-mda-kb2-luc-agonist-p3,similarity_le_0_9,recomputed_max_toxicity,4,Receptors / hormone signaling,6040,644
5396,157,0.029095626389918458,0.2,evaluated,0.6182781514924203,0.03627601975596758,0.03591139127482802,4811,428,149,8,-0.018957788479782463,0.026981450252951095,0.01834862385321101,0.4846302170273658,0,tox21-ar-mda-kb2-luc-agonist-p3_Activity__t38__t0,ar-mda-kb2-luc-agonist-p3,similarity_le_0_9,Mean_HepG2_Toxicity,4,Receptors / hormone signaling,6040,644
5396,157,0.029095626389918458,0.2,evaluated,0.6018311949939393,0.03440095546828845,0.034061644884865114,4817,422,153,4,-0.034325905939869526,0.0137221269296741,0.009389671361502348,0.47246399188837274,0,tox21-ar-mda-kb2-luc-agonist-p3_Activity__t38__t0,ar-mda-kb2-luc-agonist-p3,similarity_le_0_9,Mean_HSkMC_Toxicity,4,Receptors / hormone signaling,6040,644
5396,157,0.029095626389918458,0.2,evaluated,0.5843727166292007,0.0327814628497642,0.03243905969950119,4558,681,140,17,-0.010871195039781473,0.03976608187134503,0.024355300859598854,0.48914680805278393,0,tox21-ar-mda-kb2-luc-agonist-p3_Activity__t38__t0,ar-mda-kb2-luc-agonist-p3,similarity_le_0_9,Mean_IMR90_Toxicity,4,Receptors / hormone signaling,6040,644
5396,856,0.1586360266864344,0.2,evaluated,0.7439724515212649,0.30575450465460546,0.3045582288989768,4026,514,590,266,0.20522092393170763,0.3251833740831296,0.34102564102564104,0.5987659022602825,0,tox21-ar-mda-kb2-luc-antagonist-p2_Activity__t16__t0,ar-mda-kb2-luc-antagonist-p2,similarity_le_0_9,recomputed_max_toxicity,4,Receptors / hormone signaling,6040,644
5396,856,0.1586360266864344,0.2,evaluated,0.7756838229239573,0.33313843324329107,0.3323320226858968,4266,274,694,162,0.17279586751764783,0.25077399380804954,0.37155963302752293,0.5644499567705545,0,tox21-ar-mda-kb2-luc-antagonist-p2_Activity__t16__t0,ar-mda-kb2-luc-antagonist-p2,similarity_le_0_9,Mean_HepG2_Toxicity,4,Receptors / hormone signaling,6040,644
5396,856,0.1586360266864344,0.2,evaluated,0.7565982800856356,0.31942939218788274,0.31851604259640964,4271,269,699,157,0.16821468870765463,0.24492979719188768,0.3685446009389671,0.5620800568158425,0,tox21-ar-mda-kb2-luc-antagonist-p2_Activity__t16__t0,ar-mda-kb2-luc-antagonist-p2,similarity_le_0_9,Mean_HSkMC_Toxicity,4,Receptors / hormone signaling,6040,644
5396,856,0.1586360266864344,0.2,evaluated,0.7321445664704186,0.30100528855326525,0.3002003661373787,4074,466,624,232,0.18330893987838615,0.2985842985842986,0.332378223495702,0.5841924327885051,0,tox21-ar-mda-kb2-luc-antagonist-p2_Activity__t16__t0,ar-mda-kb2-luc-antagonist-p2,similarity_le_0_9,Mean_IMR90_Toxicity,4,Receptors / hormone signaling,6040,644
5103,747,0.14638447971781304,0.2,evaluated,0.7127045064248423,0.2874855682770585,0.28648684406842084,3872,484,497,250,0.22519619771260097,0.337609723160027,0.3405994550408719,0.6117804551539491,0,tox21-are-bla-p1_Activity__t31__t0,are-bla-p1,similarity_le_0_9,recomputed_max_toxicity,2,Cellular stress responses,6040,937
5103,747,0.14638447971781304,0.2,evaluated,0.7346770000110635,0.29472406646943594,0.29342492014589516,4090,266,595,152,0.18357698222223315,0.2609442060085837,0.36363636363636365,0.571207695796962,0,tox21-are-bla-p1_Activity__t31__t0,are-bla-p1,similarity_le_0_9,Mean_HepG2_Toxicity,2,Cellular stress responses,6040,937
5103,747,0.14638447971781304,0.2,evaluated,0.7208183821911459,0.2907947095604091,0.28982760517455464,4097,259,598,149,0.1824752445588176,0.258008658008658,0.36519607843137253,0.570003153108301,0,tox21-are-bla-p1_Activity__t31__t0,are-bla-p1,similarity_le_0_9,Mean_HSkMC_Toxicity,2,Cellular stress responses,6040,937
5103,747,0.14638447971781304,0.2,evaluated,0.7048896535022859,0.28424117565957097,0.2828894746301426,3925,431,525,222,0.20978255885441457,0.3171428571428571,0.33996937212863704,0.5991223848562293,0,tox21-are-bla-p1_Activity__t31__t0,are-bla-p1,similarity_le_0_9,Mean_IMR90_Toxicity,2,Cellular stress responses,6040,937
5499,531,0.09656301145662848,0.2,evaluated,0.6579729856770714,0.1508802834575125,0.14970392018780304,4251,717,402,129,0.08072828404355342,0.18736383442265794,0.1524822695035461,0.54930709080488,0,tox21-aromatase-p1_Activity__t32__t0,aromatase-p1,similarity_le_0_9,recomputed_max_toxicity,1,Enzyme activities,6040,541
5499,531,0.09656301145662848,0.2,evaluated,0.6965968260899891,0.16636179336916362,0.16508259944251225,4546,422,442,89,0.08409771522078736,0.1708253358925144,0.17416829745596868,0.5413323234804444,0,tox21-aromatase-p1_Activity__t32__t0,aromatase-p1,similarity_le_0_9,Mean_HepG2_Toxicity,1,Enzyme activities,6040,541
5499,531,0.09656301145662848,0.2,evaluated,0.6843246874156561,0.15861692754269735,0.1577106745665872,4579,389,446,85,0.08605917270163091,0.1691542288557214,0.17932489451476794,0.5408871011763421,0,tox21-aromatase-p1_Activity__t32__t0,aromatase-p1,similarity_le_0_9,Mean_HSkMC_Toxicity,1,Enzyme activities,6040,541
5499,531,0.09656301145662848,0.2,evaluated,0.6542573032378977,0.15108065757709757,0.14980477388107377,4324,644,419,112,0.06972757904277375,0.17404817404817405,0.14814814814814814,0.540646578782172,0,tox21-aromatase-p1_Activity__t32__t0,aromatase-p1,similarity_le_0_9,Mean_IMR90_Toxicity,1,Enzyme activities,6040,541
5396,868,0.1608598962194218,0.2,evaluated,0.6797656110061716,0.24219530538848486,0.24124756715796394,3947,581,669,199,0.10547243849002315,0.24150485436893204,0.2551282051282051,0.5504749759815016,0,tox21-car-antagonist-p1_Activity__t43__t0,car-antagonist-p1,similarity_le_0_9,recomputed_max_toxicity,4,Receptors / hormone signaling,6040,644
5396,868,0.1608598962194218,0.2,evaluated,0.7229961092068194,0.2640244036325674,0.26296606677242956,4196,332,764,104,0.06267970728376827,0.15950920245398773,0.23853211009174313,0.5232470567162235,0,tox21-car-antagonist-p1_Activity__t43__t0,car-antagonist-p1,similarity_le_0_9,Mean_HepG2_Toxicity,4,Receptors / hormone signaling,6040,644
5396,868,0.1608598962194218,0.2,evaluated,0.6906779984449041,0.2463826565185908,0.2457070456663951,4208,320,762,106,0.0700974578389676,0.16383307573415765,0.24882629107981222,0.525724218788165,0,tox21-car-antagonist-p1_Activity__t43__t0,car-antagonist-p1,similarity_le_0_9,Mean_HSkMC_Toxicity,4,Receptors / hormone signaling,6040,644
5396,868,0.1608598962194218,0.2,evaluated,0.6746652421797398,0.24235020114210745,0.2412956357702826,4011,517,687,181,0.10328957509793985,0.23116219667943805,0.2593123209169054,0.5471734501962189,0,tox21-car-antagonist-p1_Activity__t43__t0,car-antagonist-p1,similarity_le_0_9,Mean_IMR90_Toxicity,4,Receptors / hormone signaling,6040,644
5396,127,0.023535952557449964,0.2,evaluated,0.8851595201766983,0.2552794337316746,0.25073652259857726,4580,689,36,91,0.25253019585777065,0.20066152149944874,0.11666666666666667,0.7928852910277466,0,tox21-casp3-cho-p1_Activity__t6__t0,casp3-cho-p1,similarity_le_0_9,recomputed_max_toxicity,5,Functional cytotoxicity / ion channels,6040,644
5396,127,0.023535952557449964,0.2,evaluated,0.8880751027776491,0.2572132895258259,0.2526608233218837,4911,358,49,78,0.3038479773977492,0.27708703374777977,0.17889908256880735,0.773114323415969,0,tox21-casp3-cho-p1_Activity__t6__t0,casp3-cho-p1,similarity_le_0_9,Mean_HepG2_Toxicity,5,Functional cytotoxicity / ion channels,6040,644
5396,127,0.023535952557449964,0.2,evaluated,0.8831002311843301,0.25749170167549656,0.2523651347431497,4920,349,50,77,0.30361776386196093,0.27848101265822783,0.1807511737089202,0.7700313675442306,0,tox21-casp3-cho-p1_Activity__t6__t0,casp3-cho-p1,similarity_le_0_9,Mean_HSkMC_Toxicity,5,Functional cytotoxicity / ion channels,6040,644
5396,127,0.023535952557449964,0.2,evaluated,0.8787843918447373,0.2541879235192299,0.2489117354586459,4662,607,36,91,0.2716420516982136,0.2206060606060606,0.1303724928366762,0.8006666537151635,0,tox21-casp3-cho-p1_Activity__t6__t0,casp3-cho-p1,similarity_le_0_9,Mean_IMR90_Toxicity,5,Functional cytotoxicity / ion channels,6040,644
5396,255,0.04725722757598221,0.2,evaluated,0.8592049307565859,0.3339252781628078,0.3308975219595731,4520,621,96,159,0.30335663362837173,0.3072463768115942,0.20384615384615384,0.7513678959232011,0,tox21-casp3-hepg2-p1_Activity__t5__t0,casp3-hepg2-p1,similarity_le_0_9,recomputed_max_toxicity,5,Functional cytotoxicity / ion channels,6040,644
5396,255,0.04725722757598221,0.2,evaluated,0.8691579802510384,0.3533914881674067,0.350039560430256,4835,306,125,130,0.35058619279641706,0.37626628075253254,0.2981651376146789,0.7251412138479201,0,tox21-casp3-hepg2-p1_Activity__t5__t0,casp3-hepg2-p1,similarity_le_0_9,Mean_HepG2_Toxicity,5,Functional cytotoxicity / ion channels,6040,644
5396,255,0.04725722757598221,0.2,evaluated,0.8424156435575592,0.3052029740116297,0.30177013090822147,4839,302,131,124,0.33641750430965583,0.3641703377386197,0.29107981220657275,0.7137655373372847,0,tox21-casp3-hepg2-p1_Activity__t5__t0,casp3-hepg2-p1,similarity_le_0_9,Mean_HSkMC_Toxicity,5,Functional cytotoxicity / ion channels,6040,644
5396,255,0.04725722757598221,0.2,evaluated,0.8548851791251417,0.33211744167473567,0.3287652561420211,4596,545,102,153,0.3123398440735322,0.3210912906610703,0.2191977077363897,0.7469947481034818,0,tox21-casp3-hepg2-p1_Activity__t5__t0,casp3-hepg2-p1,similarity_le_0_9,Mean_IMR90_Toxicity,5,Functional cytotoxicity / ion channels,6040,644
5499,5499,1.0,0.2,single_class,,,,0,0,4653,846,,0.26666666666666666,1.0,,0,tox21-dt40-p1_Activity__t13__t0,dt40-p1,similarity_le_0_9,recomputed_max_toxicity,2,Cellular stress responses,6040,541
5499,5499,1.0,0.2,single_class,,,,0,0,4988,511,,0.17004991680532447,1.0,,0,tox21-dt40-p1_Activity__t13__t0,dt40-p1,similarity_le_0_9,Mean_HepG2_Toxicity,2,Cellular stress responses,6040,541
5499,5499,1.0,0.2,single_class,,,,0,0,5025,474,,0.15871421396283275,1.0,,0,tox21-dt40-p1_Activity__t13__t0,dt40-p1,similarity_le_0_9,Mean_HSkMC_Toxicity,2,Cellular stress responses,6040,541
5499,5499,1.0,0.2,single_class,,,,0,0,4743,756,,0.24172661870503598,1.0,,0,tox21-dt40-p1_Activity__t13__t0,dt40-p1,similarity_le_0_9,Mean_IMR90_Toxicity,2,Cellular stress responses,6040,541
5499,305,0.05546462993271504,0.2,evaluated,0.7945561398082277,0.2767972470012354,0.27547041428314933,4508,686,145,160,0.24900329956966577,0.27801911381407474,0.18912529550827423,0.6962573461181565,0,tox21-elg1-luc-agonist-p1_Activity__t4__t0,elg1-luc-agonist-p1,similarity_le_0_9,recomputed_max_toxicity,2,Cellular stress responses,6040,541
5499,305,0.05546462993271504,0.2,evaluated,0.818105380104408,0.28004231393040374,0.2784636504233079,4812,382,176,129,0.27545814237147004,0.3161764705882353,0.25244618395303325,0.6747022099900895,0,tox21-elg1-luc-agonist-p1_Activity__t4__t0,elg1-luc-agonist-p1,similarity_le_0_9,Mean_HepG2_Toxicity,2,Cellular stress responses,6040,541
5499,305,0.05546462993271504,0.2,evaluated,0.7929117455828605,0.26997251817935125,0.2687043011628901,4837,357,188,117,0.25679092239308277,0.30038510911424904,0.2468354430379747,0.6574367018691176,0,tox21-elg1-luc-agonist-p1_Activity__t4__t0,elg1-luc-agonist-p1,similarity_le_0_9,Mean_HSkMC_Toxicity,2,Cellular stress responses,6040,541
5499,305,0.05546462993271504,0.2,evaluated,0.7921258450797579,0.27872116844430483,0.2772226618401014,4588,606,155,150,0.24934200897701025,0.2827521206409048,0.1984126984126984,0.6875650971802268,0,tox21-elg1-luc-agonist-p1_Activity__t4__t0,elg1-luc-agonist-p1,similarity_le_0_9,Mean_IMR90_Toxicity,2,Cellular stress responses,6040,541
5499,320,0.05819239861793053,0.2,evaluated,0.7119810774280749,0.13061860266349548,0.12828164932094918,4443,736,210,110,0.1308331525349876,0.18867924528301888,0.13002364066193853,0.6008188115466306,0,tox21-er-bla-agonist-p2_Activity__t34__t0,er-bla-agonist-p2,similarity_le_0_9,recomputed_max_toxicity,4,Receptors / hormone signaling,6040,541
5499,320,0.05819239861793053,0.2,evaluated,0.7303159393705347,0.13052295327888666,0.12866289266173334,4738,441,250,70,0.10772726022613063,0.1684717208182912,0.136986301369863,0.5667992131685653,0,tox21-er-bla-agonist-p2_Activity__t34__t0,er-bla-agonist-p2,similarity_le_0_9,Mean_HepG2_Toxicity,4,Receptors / hormone signaling,6040,541
5499,320,0.05819239861793053,0.2,evaluated,0.7034991069704576,0.13029626275076428,0.12879331662802168,4771,408,254,66,0.10632852572887776,0.16624685138539042,0.13924050632911392,0.5637351564008496,0,tox21-er-bla-agonist-p2_Activity__t34__t0,er-bla-agonist-p2,similarity_le_0_9,Mean_HSkMC_Toxicity,4,Receptors / hormone signaling,6040,541
5499,320,0.05819239861793053,0.2,evaluated,0.7185593261247345,0.1374889768885482,0.13550300520559064,4527,652,216,104,0.13536205809839238,0.19330855018587362,0.13756613756613756,0.5995534852288087,0,tox21-er-bla-agonist-p2_Activity__t34__t0,er-bla-agonist-p2,similarity_le_0_9,Mean_IMR90_Toxicity,4,Receptors / hormone signaling,6040,541
5499,368,0.06692125841062012,0.2,evaluated,0.7589780892782998,0.17950869127920394,0.17771983369794153,4443,688,210,158,0.20449333286208138,0.2602965403624382,0.1867612293144208,0.6476304517298942,0,tox21-er-bla-antagonist-p1_Activity__t8__t0,er-bla-antagonist-p1,similarity_le_0_9,recomputed_max_toxicity,4,Receptors / hormone signaling,6040,541
5499,368,0.06692125841062012,0.2,evaluated,0.7793662032996365,0.1882194777814969,0.18633374037365813,4733,398,255,113,0.1975282370498902,0.2571103526734926,0.22113502935420742,0.6147487459008754,0,tox21-er-bla-antagonist-p1_Activity__t8__t0,er-bla-antagonist-p1,similarity_le_0_9,Mean_HepG2_Toxicity,4,Receptors / hormone signaling,6040,541
5499,368,0.06692125841062012,0.2,evaluated,0.7693297030835585,0.18458222449773806,0.18277205041250236,4763,368,262,106,0.1926058789063722,0.2517814726840855,0.22362869198312235,0.6081612830789829,0,tox21-er-bla-antagonist-p1_Activity__t8__t0,er-bla-antagonist-p1,similarity_le_0_9,Mean_HSkMC_Toxicity,4,Receptors / hormone signaling,6040,541
5499,368,0.06692125841062012,0.2,evaluated,0.7489834276732225,0.1789516403924548,0.1770294293991772,4516,615,227,141,0.19106271315300294,0.2508896797153025,0.1865079365079365,0.6316462487183615,0,tox21-er-bla-antagonist-p1_Activity__t8__t0,er-bla-antagonist-p1,similarity_le_0_9,Mean_IMR90_Toxicity,4,Receptors / hormone signaling,6040,541
5499,970,0.17639570831060192,0.2,evaluated,0.7061217173177211,0.3678683720590237,0.3672757972022749,4004,525,649,321,0.22713829172119437,0.3535242290748899,0.37943262411347517,0.6075041029971797,0,tox21-er-luc-bg1-4e2-agonist-p2_Activity__t9__t0,er-luc-bg1-4e2-agonist-p2,similarity_le_0_9,recomputed_max_toxicity,4,Receptors / hormone signaling,6040,541
5499,970,0.17639570831060192,0.2,evaluated,0.7240540343672962,0.3875819459783284,0.3869134837841973,4263,266,725,245,0.25448799676665024,0.33085752869682644,0.4794520547945205,0.5969223537659938,0,tox21-er-luc-bg1-4e2-agonist-p2_Activity__t9__t0,er-luc-bg1-4e2-agonist-p2,similarity_le_0_9,Mean_HepG2_Toxicity,4,Receptors / hormone signaling,6040,541
5499,970,0.17639570831060192,0.2,evaluated,0.706466346318001,0.3740894191616961,0.37346314902471817,4278,251,747,223,0.23695519142346105,0.30886426592797783,0.4704641350210971,0.5872381422812437,0,tox21-er-luc-bg1-4e2-agonist-p2_Activity__t9__t0,er-luc-bg1-4e2-agonist-p2,similarity_le_0_9,Mean_HSkMC_Toxicity,4,Receptors / hormone signaling,6040,541
5499,970,0.17639570831060192,0.2,evaluated,0.6974299645127734,0.36054549519234,0.35990061598326173,4052,477,691,279,0.2017921875476882,0.32329084588644263,0.36904761904761907,0.5911538015037114,0,tox21-er-luc-bg1-4e2-agonist-p2_Activity__t9__t0,er-luc-bg1-4e2-agonist-p2,similarity_le_0_9,Mean_IMR90_Toxicity,4,Receptors / hormone signaling,6040,541
5396,101,0.0187175685693106,0.2,evaluated,0.6964874391121831,0.030568953165317044,0.03006214140974147,4539,756,77,24,0.036554396928534606,0.05448354143019296,0.03076923076923077,0.547423779205116,0,tox21-er-luc-bg1-4e2-agonist-p4_Activity__t23__t0,er-luc-bg1-4e2-agonist-p4,similarity_le_0_9,recomputed_max_toxicity,4,Receptors / hormone signaling,6040,644
5396,101,0.0187175685693106,0.2,evaluated,0.7203694873736667,0.03372627711550019,0.033176271537379426,4872,423,88,13,0.024280766084503434,0.048417132216014895,0.02981651376146789,0.5244130928673604,0,tox21-er-luc-bg1-4e2-agonist-p4_Activity__t23__t0,er-luc-bg1-4e2-agonist-p4,similarity_le_0_9,Mean_HepG2_Toxicity,4,Receptors / hormone signaling,6040,644
5396,101,0.0187175685693106,0.2,evaluated,0.6849353490589851,0.029314200915034547,0.028829865206138026,4879,416,91,10,0.010275486819828449,0.03795066413662239,0.023474178403755867,0.5102226086631326,0,tox21-er-luc-bg1-4e2-agonist-p4_Activity__t23__t0,er-luc-bg1-4e2-agonist-p4,similarity_le_0_9,Mean_HSkMC_Toxicity,4,Receptors / hormone signaling,6040,644
5396,101,0.0187175685693106,0.2,evaluated,0.7135481820136687,0.03314621859331399,0.03258484690612258,4621,674,77,24,0.04455724068812631,0.060075093867334166,0.034383954154727794,0.5551669331239073,0,tox21-er-luc-bg1-4e2-agonist-p4_Activity__t23__t0,er-luc-bg1-4e2-agonist-p4,similarity_le_0_9,Mean_IMR90_Toxicity,4,Receptors / hormone signaling,6040,644
5396,457,0.08469236471460341,0.2,evaluated,0.7777549118944781,0.24748282056635384,0.24627223170297732,4349,590,267,190,0.23459862503896003,0.30719482619240096,0.24358974358974358,0.6481487716885611,0,tox21-er-luc-bg1-4e2-antagonist-p2_Activity__t39__t0,er-luc-bg1-4e2-antagonist-p2,similarity_le_0_9,recomputed_max_toxicity,4,Receptors / hormone signaling,6040,644
5396,457,0.08469236471460341,0.2,evaluated,0.8082707499768511,0.2768632427220523,0.27551259203322936,4644,295,316,141,0.254186821148114,0.3157894736842105,0.32339449541284404,0.6244026134153965,0,tox21-er-luc-bg1-4e2-antagonist-p2_Activity__t39__t0,er-luc-bg1-4e2-antagonist-p2,similarity_le_0_9,Mean_HepG2_Toxicity,4,Receptors / hormone signaling,6040,644
5396,457,0.08469236471460341,0.2,evaluated,0.7852826363472438,0.24525456811573398,0.24385995179246964,4649,290,321,136,0.24664273891291263,0.30804077010192527,0.3192488262910798,0.6194383292359344,0,tox21-er-luc-bg1-4e2-antagonist-p2_Activity__t39__t0,er-luc-bg1-4e2-antagonist-p2,similarity_le_0_9,Mean_HSkMC_Toxicity,4,Receptors / hormone signaling,6040,644
5396,457,0.08469236471460341,0.2,evaluated,0.7543157816388384,0.23879373823430675,0.23757951695847382,4407,532,291,166,0.21199507543247356,0.28744588744588745,0.23782234957020057,0.6277621999332779,0,tox21-er-luc-bg1-4e2-antagonist-p2_Activity__t39__t0,er-luc-bg1-4e2-antagonist-p2,similarity_le_0_9,Mean_IMR90_Toxicity,4,Receptors / hormone signaling,6040,644
5396,384,0.07116382505559674,0.2,evaluated,0.7794109241985901,0.18555098014741242,0.18373528680912957,4387,625,229,155,0.2039434220754827,0.2663230240549828,0.1987179487179487,0.639472557528598,0,tox21-erb-bla-antagonist-p1_Activity__t15__t0,erb-bla-antagonist-p1,similarity_le_0_9,recomputed_max_toxicity,4,Receptors / hormone signaling,6040,644
5396,384,0.07116382505559674,0.2,evaluated,0.8000135612031125,0.19705712834831818,0.1950028387058557,4682,330,278,106,0.19829836177292823,0.25853658536585367,0.24311926605504589,0.6050998437084331,0,tox21-erb-bla-antagonist-p1_Activity__t15__t0,erb-bla-antagonist-p1,similarity_le_0_9,Mean_HepG2_Toxicity,4,Receptors / hormone signaling,6040,644
5396,384,0.07116382505559674,0.2,evaluated,0.7986990077979517,0.2009345163564507,0.1992563738366047,4694,318,276,108,0.20765890531210376,0.26666666666666666,0.2535211267605634,0.6089011372705506,0,tox21-erb-bla-antagonist-p1_Activity__t15__t0,erb-bla-antagonist-p1,similarity_le_0_9,Mean_HSkMC_Toxicity,4,Receptors / hormone signaling,6040,644
5396,384,0.07116382505559674,0.2,evaluated,0.7659541579376165,0.18245460570820793,0.18033914474353524,4447,565,251,133,0.17898049908023972,0.24584103512014788,0.19054441260744986,0.6168123586725193,0,tox21-erb-bla-antagonist-p1_Activity__t15__t0,erb-bla-antagonist-p1,similarity_le_0_9,Mean_IMR90_Toxicity,4,Receptors / hormone signaling,6040,644
5396,86,0.015937731653076354,0.2,evaluated,0.6698703630709937,0.034017908444440664,0.030553632318938036,4550,760,66,20,0.031849971336988685,0.046189376443418015,0.02564102564102564,0.5447159812552008,0,tox21-erb-bla-p1_Activity__t27__t0,erb-bla-p1,similarity_le_0_9,recomputed_max_toxicity,4,Receptors / hormone signaling,6040,644
5396,86,0.015937731653076354,0.2,evaluated,0.6997503613191434,0.038341085255567633,0.03390655684762557,4882,428,78,8,0.005707627912178927,0.03065134099616858,0.01834862385321101,0.5062103096395568,0,tox21-erb-bla-p1_Activity__t27__t0,erb-bla-p1,similarity_le_0_9,Mean_HepG2_Toxicity,4,Receptors / hormone signaling,6040,644
5396,86,0.015937731653076354,0.2,evaluated,0.6592125432488065,0.023188854616080286,0.022430177557585494,4888,422,82,4,-0.015307868737635214,0.015625,0.009389671361502348,0.4835194674374808,0,tox21-erb-bla-p1_Activity__t27__t0,erb-bla-p1,similarity_le_0_9,Mean_HSkMC_Toxicity,4,Receptors / hormone signaling,6040,644
5396,86,0.015937731653076354,0.2,evaluated,0.6850370078395306,0.04050728402279397,0.03575239153013671,4632,678,66,20,0.03913652579877395,0.05102040816326531,0.02865329512893983,0.5524372618578374,0,tox21-erb-bla-p1_Activity__t27__t0,erb-bla-p1,similarity_le_0_9,Mean_IMR90_Toxicity,4,Receptors / hormone signaling,6040,644
5396,5396,1.0,0.2,single_class,,,,0,0,4616,780,,0.25259067357512954,1.0,,0,tox21-err-p1_Activity__t2__t0,err-p1,similarity_le_0_9,recomputed_max_toxicity,4,Receptors / hormone signaling,6040,644
5396,5396,1.0,0.2,single_class,,,,0,0,4960,436,,0.149519890260631,1.0,,0,tox21-err-p1_Activity__t2__t0,err-p1,similarity_le_0_9,Mean_HepG2_Toxicity,4,Receptors / hormone signaling,6040,644
5396,5396,1.0,0.2,single_class,,,,0,0,4970,426,,0.14634146341463414,1.0,,0,tox21-err-p1_Activity__t2__t0,err-p1,similarity_le_0_9,Mean_HSkMC_Toxicity,4,Receptors / hormone signaling,6040,644
5396,5396,1.0,0.2,single_class,,,,0,0,4698,698,,0.2290777814243518,1.0,,0,tox21-err-p1_Activity__t2__t0,err-p1,similarity_le_0_9,Mean_IMR90_Toxicity,4,Receptors / hormone signaling,6040,644
5103,83,0.016264942190868117,0.2,evaluated,0.7624585993375894,0.09559114721930037,0.09180282536083136,4324,696,45,38,0.11505236758026142,0.09302325581395349,0.051771117166212535,0.6595929534872558,0,tox21-fxr-bla-agonist-p2_Activity__t41__t0,fxr-bla-agonist-p2,similarity_le_0_9,recomputed_max_toxicity,4,Receptors / hormone signaling,6040,937
5103,83,0.016264942190868117,0.2,evaluated,0.7869197907166514,0.08716010267930734,0.08049366688271353,4631,389,54,29,0.12542070389132048,0.1157684630738523,0.06937799043062201,0.6359537752604042,0,tox21-fxr-bla-agonist-p2_Activity__t41__t0,fxr-bla-agonist-p2,similarity_le_0_9,Mean_HepG2_Toxicity,4,Receptors / hormone signaling,6040,937
5103,83,0.016264942190868117,0.2,evaluated,0.7790212643402293,0.07700373345428412,0.07414962039946196,4636,384,59,24,0.09918229412215655,0.09775967413441955,0.058823529411764705,0.6063313013008208,0,tox21-fxr-bla-agonist-p2_Activity__t41__t0,fxr-bla-agonist-p2,similarity_le_0_9,Mean_HSkMC_Toxicity,4,Receptors / hormone signaling,6040,937
5103,83,0.016264942190868117,0.2,evaluated,0.7304108865741852,0.09986022446388036,0.09304951140084095,4403,617,47,36,0.11769891222547654,0.09782608695652174,0.055130168453292494,0.6554132866125858,0,tox21-fxr-bla-agonist-p2_Activity__t41__t0,fxr-bla-agonist-p2,similarity_le_0_9,Mean_IMR90_Toxicity,4,Receptors / hormone signaling,6040,937
5499,418,0.07601382069467176,0.2,evaluated,0.6676743454600071,0.1293063524464392,0.1279311517118893,4357,724,296,122,0.10972035008467694,0.1930379746835443,0.14420803782505912,0.574687196601656,0,tox21-gr-hela-bla-antagonist-p1_Activity__t22__t0,gr-hela-bla-antagonist-p1,similarity_le_0_9,recomputed_max_toxicity,4,Receptors / hormone signaling,6040,541
5499,418,0.07601382069467176,0.2,evaluated,0.6980243029430405,0.13592486607477278,0.13452154788005316,4645,436,343,75,0.0854552893248465,0.16146393972012918,0.14677103718199608,0.5468079786878407,0,tox21-gr-hela-bla-antagonist-p1_Activity__t22__t0,gr-hela-bla-antagonist-p1,similarity_le_0_9,Mean_HepG2_Toxicity,4,Receptors / hormone signaling,6040,541
5499,418,0.07601382069467176,0.2,evaluated,0.7071492067737108,0.14132879660084574,0.14014768339475786,4681,400,344,74,0.09283207803630929,0.16591928251121077,0.15611814345991562,0.5491544161615325,0,tox21-gr-hela-bla-antagonist-p1_Activity__t22__t0,gr-hela-bla-antagonist-p1,similarity_le_0_9,Mean_HSkMC_Toxicity,4,Receptors / hormone signaling,6040,541
5499,418,0.07601382069467176,0.2,evaluated,0.6645667930718531,0.1325083270330764,0.1310020343249745,4436,645,307,111,0.10667424501366428,0.1890971039182283,0.14682539682539683,0.5693033620891792,0,tox21-gr-hela-bla-antagonist-p1_Activity__t22__t0,gr-hela-bla-antagonist-p1,similarity_le_0_9,Mean_IMR90_Toxicity,4,Receptors / hormone signaling,6040,541
5396,246,0.04558932542624166,0.2,evaluated,0.6397205777883022,0.06680955416861264,0.06535786596579063,4418,732,198,48,0.03143057589690543,0.0935672514619883,0.06153846153846154,0.5264930144447075,0,tox21-hdac-p1_Activity__t11__t0,hdac-p1,similarity_le_0_9,recomputed_max_toxicity,1,Enzyme activities,6040,644
5396,246,0.04558932542624166,0.2,evaluated,0.6880432551898334,0.07520613112114692,0.07402447264048947,4746,404,214,32,0.03952107359969542,0.093841642228739,0.07339449541284404,0.5258173494356303,0,tox21-hdac-p1_Activity__t11__t0,hdac-p1,similarity_le_0_9,Mean_HepG2_Toxicity,1,Enzyme activities,6040,644
5396,246,0.04558932542624166,0.2,evaluated,0.6433862183282028,0.0640648709478887,0.06249997451868629,4748,402,222,24,0.01508632400386284,0.07142857142857142,0.056338028169014086,0.5097513615912859,0,tox21-hdac-p1_Activity__t11__t0,hdac-p1,similarity_le_0_9,Mean_HSkMC_Toxicity,1,Enzyme activities,6040,644
5396,246,0.04558932542624166,0.2,evaluated,0.6451677322598468,0.0682268342164829,0.06686342287194504,4498,652,200,46,0.03753630018544366,0.09745762711864407,0.0659025787965616,0.5301949640855632,0,tox21-hdac-p1_Activity__t11__t0,hdac-p1,similarity_le_0_9,Mean_IMR90_Toxicity,1,Enzyme activities,6040,644
5396,592,0.10971089696071164,0.2,evaluated,0.8203817694151271,0.35453022063662154,0.3533727764500814,4293,511,323,269,0.3093065374857989,0.39212827988338195,0.34487179487179487,0.6740110999842474,0,tox21-herg-u2os-p1_Activity__t18__t0,herg-u2os-p1,similarity_le_0_9,recomputed_max_toxicity,5,Functional cytotoxicity / ion channels,6040,644
5396,592,0.10971089696071164,0.2,evaluated,0.8595089677520984,0.40817774759808567,0.4067719638734933,4578,226,382,210,0.35284619698109376,0.4085603112840467,0.481651376146789,0.6538427999189864,0,tox21-herg-u2os-p1_Activity__t18__t0,herg-u2os-p1,similarity_le_0_9,Mean_HepG2_Toxicity,5,Functional cytotoxicity / ion channels,6040,644
5396,592,0.10971089696071164,0.2,evaluated,0.8503545046920359,0.3895595322960437,0.38825771259422454,4566,238,404,188,0.3106386605510229,0.3693516699410609,0.4413145539906103,0.6340127596372392,0,tox21-herg-u2os-p1_Activity__t18__t0,herg-u2os-p1,similarity_le_0_9,Mean_HSkMC_Toxicity,5,Functional cytotoxicity / ion channels,6040,644
5396,592,0.10971089696071164,0.2,evaluated,0.7732096493350136,0.306602783075509,0.30522054139337856,4330,474,368,224,0.26048760480619787,0.34728682170542635,0.3209169054441261,0.6398553007628778,0,tox21-herg-u2os-p1_Activity__t18__t0,herg-u2os-p1,similarity_le_0_9,Mean_IMR90_Toxicity,5,Functional cytotoxicity / ion channels,6040,644
5396,83,0.015381764269829503,0.2,evaluated,0.6225012982477623,0.02074167651505523,0.02030839250615176,4550,763,66,17,0.021421304253998633,0.039397450753186555,0.021794871794871794,0.5306046319666016,0,tox21-ms-p53-p1_Activity__t44__t0,ms-p53-p1,similarity_le_0_9,recomputed_max_toxicity,2,Cellular stress responses,6040,644
5396,83,0.015381764269829503,0.2,evaluated,0.6487996027021696,0.02218676227833489,0.021728502656317723,4882,431,78,5,-0.00942914411622427,0.019267822736030827,0.011467889908256881,0.48955959354073547,0,tox21-ms-p53-p1_Activity__t44__t0,ms-p53-p1,similarity_le_0_9,Mean_HepG2_Toxicity,2,Cellular stress responses,6040,644
5396,83,0.015381764269829503,0.2,evaluated,0.7054644325466746,0.02848267857106924,0.027889891272293455,4892,421,78,5,-0.008670585157117088,0.019646365422396856,0.011737089201877934,0.49050068143834513,0,tox21-ms-p53-p1_Activity__t44__t0,ms-p53-p1,similarity_le_0_9,Mean_HSkMC_Toxicity,2,Cellular stress responses,6040,644
5396,83,0.015381764269829503,0.2,evaluated,0.5946337580701121,0.018570309917507407,0.018184908564595967,4628,685,70,13,0.010156983430833062,0.03329065300896287,0.01862464183381089,0.5138487320257881,0,tox21-ms-p53-p1_Activity__t44__t0,ms-p53-p1,similarity_le_0_9,Mean_IMR90_Toxicity,2,Cellular stress responses,6040,644
5396,62,0.011489992587101558,0.2,evaluated,0.6133719172200249,0.03062461449927296,0.030236058580191103,4564,770,52,10,0.005131986144248276,0.023752969121140142,0.01282051282051282,0.5084666836000339,0,tox21-ms-p53-p2_Activity__t19__t0,ms-p53-p2,similarity_le_0_9,recomputed_max_toxicity,2,Cellular stress responses,6040,644
5396,62,0.011489992587101558,0.2,evaluated,0.6393162548229858,0.01861038218035234,0.016583355934023887,4901,433,59,3,-0.012822806113809994,0.012048192771084338,0.006880733944954129,0.4836048719716487,0,tox21-ms-p53-p2_Activity__t19__t0,ms-p53-p2,similarity_le_0_9,Mean_HepG2_Toxicity,2,Cellular stress responses,6040,644
5396,62,0.011489992587101558,0.2,evaluated,0.7028466199789543,0.036351475391996395,0.03581491083835179,4911,423,59,3,-0.012218432571265283,0.012295081967213115,0.007042253521126761,0.4845422547987953,0,tox21-ms-p53-p2_Activity__t19__t0,ms-p53-p2,similarity_le_0_9,Mean_HSkMC_Toxicity,2,Cellular stress responses,6040,644
5396,62,0.011489992587101558,0.2,evaluated,0.5866262684906323,0.0173968784329443,0.015015000768207248,4645,689,53,9,0.005077908588429009,0.02368421052631579,0.012893982808022923,0.5079949683708891,0,tox21-ms-p53-p2_Activity__t19__t0,ms-p53-p2,similarity_le_0_9,Mean_IMR90_Toxicity,2,Cellular stress responses,6040,644
5103,39,0.007642563198118754,0.2,evaluated,0.7187183537894439,0.024226395606963495,0.02119330792129533,4347,717,22,17,0.073037308658904,0.04398447606727038,0.02316076294277929,0.6471548790861588,0,tox21-nfkb-bla-agonist-p1_Activity__t30__t0,nfkb-bla-agonist-p1,similarity_le_0_9,recomputed_max_toxicity,3,Signaling pathways,6040,937
5103,39,0.007642563198118754,0.2,evaluated,0.7460404261352128,0.03012628771201538,0.025208331178162985,4656,408,29,10,0.05584157800105802,0.0437636761487965,0.023923444976076555,0.5879207680155547,0,tox21-nfkb-bla-agonist-p1_Activity__t30__t0,nfkb-bla-agonist-p1,similarity_le_0_9,Mean_HepG2_Toxicity,3,Signaling pathways,6040,937
5103,39,0.007642563198118754,0.2,evaluated,0.7240906144934579,0.02171004055296559,0.019216535782196245,4663,401,32,7,0.03220590593442816,0.03131991051454139,0.01715686274509804,0.5501503827925629,0,tox21-nfkb-bla-agonist-p1_Activity__t30__t0,nfkb-bla-agonist-p1,similarity_le_0_9,Mean_HSkMC_Toxicity,3,Signaling pathways,6040,937
5103,39,0.007642563198118754,0.2,evaluated,0.7030674038967877,0.021979460133911687,0.01960167546807876,4427,637,23,16,0.074160682346182,0.046242774566473986,0.02450229709035222,0.6422332604204641,0,tox21-nfkb-bla-agonist-p1_Activity__t30__t0,nfkb-bla-agonist-p1,similarity_le_0_9,Mean_IMR90_Toxicity,3,Signaling pathways,6040,937
5396,2328,0.4314306893995552,0.2,evaluated,0.6660742807923045,0.5827086980693303,0.5823439704602381,2788,280,1828,500,0.17395943742822742,0.32175032175032175,0.6410256410256411,0.5617559823832757,0,tox21-p450-2c19-p1_Activity__t37__t0,p450-2c19-p1,similarity_le_0_9,recomputed_max_toxicity,1,Enzyme activities,6040,644
5396,2328,0.4314306893995552,0.2,evaluated,0.6955830359503039,0.6059197468931938,0.6054878149708927,2937,131,2023,305,0.16049782752137678,0.22069464544138928,0.6995412844036697,0.5441574595536679,0,tox21-p450-2c19-p1_Activity__t37__t0,p450-2c19-p1,similarity_le_0_9,Mean_HepG2_Toxicity,1,Enzyme activities,6040,644
5396,2328,0.4314306893995552,0.2,evaluated,0.6852409950626577,0.6157143797160156,0.6154866104844833,2954,114,2016,312,0.17790717537687634,0.22657952069716775,0.7323943661971831,0.5484314305299802,0,tox21-p450-2c19-p1_Activity__t37__t0,p450-2c19-p1,similarity_le_0_9,Mean_HSkMC_Toxicity,1,Enzyme activities,6040,644
5396,2328,0.4314306893995552,0.2,evaluated,0.6578251219774459,0.5747612561303845,0.5743182547442908,2816,252,1882,446,0.16151809076679735,0.29477858559153997,0.6389684813753582,0.5547212776157385,0,tox21-p450-2c19-p1_Activity__t37__t0,p450-2c19-p1,similarity_le_0_9,Mean_IMR90_Toxicity,1,Enzyme activities,6040,644
5396,1682,0.3117123795404003,0.2,evaluated,0.7272781844830468,0.5334262041539657,0.5328901644414488,3390,324,1226,456,0.24219251371894204,0.3704305442729488,0.5846153846153846,0.5919341732955037,0,tox21-p450-3a4-p1_Activity__t29__t0,p450-3a4-p1,similarity_le_0_9,recomputed_max_toxicity,1,Enzyme activities,6040,644
5396,1682,0.3117123795404003,0.2,evaluated,0.7634129498116521,0.5795464384877121,0.5789812974451349,3593,121,1367,315,0.2629259793149743,0.29745042492917845,0.7224770642201835,0.5773488109713736,0,tox21-p450-3a4-p1_Activity__t29__t0,p450-3a4-p1,similarity_le_0_9,Mean_HepG2_Toxicity,1,Enzyme activities,6040,644
5396,1682,0.3117123795404003,0.2,evaluated,0.7659970916998188,0.5873343564227014,0.5867838040411764,3594,120,1376,306,0.2569977274332357,0.2903225806451613,0.7183098591549296,0.5748080502671065,0,tox21-p450-3a4-p1_Activity__t29__t0,p450-3a4-p1,similarity_le_0_9,Mean_HSkMC_Toxicity,1,Enzyme activities,6040,644
5396,1682,0.3117123795404003,0.2,evaluated,0.705843077291503,0.5071228604027358,0.5065290103392373,3406,308,1292,390,0.20556700376398218,0.3277310924369748,0.5587392550143266,0.5744686845480385,0,tox21-p450-3a4-p1_Activity__t29__t0,p450-3a4-p1,similarity_le_0_9,Mean_IMR90_Toxicity,1,Enzyme activities,6040,644
5396,117,0.02168272794662713,0.2,evaluated,0.806558157382177,0.12374964924369976,0.12040173345265123,4567,712,49,68,0.18485763482098164,0.1516164994425864,0.08717948717948718,0.7231612760121948,0,tox21-p53-bla-p7_Activity__t0__t0,p53-bla-p7,similarity_le_0_9,recomputed_max_toxicity,2,Cellular stress responses,6040,644
5396,117,0.02168272794662713,0.2,evaluated,0.8080104526401174,0.1203138293053537,0.11489249961802432,4893,386,67,50,0.18930873504136092,0.18083182640144665,0.11467889908256881,0.6771152591383696,0,tox21-p53-bla-p7_Activity__t0__t0,p53-bla-p7,similarity_le_0_9,Mean_HepG2_Toxicity,2,Cellular stress responses,6040,644
5396,117,0.02168272794662713,0.2,evaluated,0.7915851066068911,0.09545274386297309,0.09325763085653427,4894,385,76,41,0.14988006014157043,0.15101289134438306,0.09624413145539906,0.6387484355849576,0,tox21-p53-bla-p7_Activity__t0__t0,p53-bla-p7,similarity_le_0_9,Mean_HSkMC_Toxicity,2,Cellular stress responses,6040,644
5396,117,0.02168272794662713,0.2,evaluated,0.8117618106252318,0.1283582310359419,0.12280668839971026,4647,632,51,66,0.19285988475466834,0.1619631901840491,0.09455587392550144,0.7221914601153093,0,tox21-p53-bla-p7_Activity__t0__t0,p53-bla-p7,similarity_le_0_9,Mean_IMR90_Toxicity,2,Cellular stress responses,6040,644
5396,5396,1.0,0.2,single_class,,,,0,0,4616,780,,0.25259067357512954,1.0,,0,tox21-pgc-err-p1_Activity__t33__t0,pgc-err-p1,similarity_le_0_9,recomputed_max_toxicity,4,Receptors / hormone signaling,6040,644
5396,5396,1.0,0.2,single_class,,,,0,0,4960,436,,0.149519890260631,1.0,,0,tox21-pgc-err-p1_Activity__t33__t0,pgc-err-p1,similarity_le_0_9,Mean_HepG2_Toxicity,4,Receptors / hormone signaling,6040,644
5396,5396,1.0,0.2,single_class,,,,0,0,4970,426,,0.14634146341463414,1.0,,0,tox21-pgc-err-p1_Activity__t33__t0,pgc-err-p1,similarity_le_0_9,Mean_HSkMC_Toxicity,4,Receptors / hormone signaling,6040,644
5396,5396,1.0,0.2,single_class,,,,0,0,4698,698,,0.2290777814243518,1.0,,0,tox21-pgc-err-p1_Activity__t33__t0,pgc-err-p1,similarity_le_0_9,Mean_IMR90_Toxicity,4,Receptors / hormone signaling,6040,644
5103,73,0.014305310601606898,0.2,evaluated,0.7766959884528446,0.07997693685514687,0.07411289210509192,4335,695,34,39,0.13402458167471706,0.09665427509293681,0.05313351498637602,0.698037800593698,0,tox21-ppard-bla-antagonist-p1_Activity__t17__t0,ppard-bla-antagonist-p1,similarity_le_0_9,recomputed_max_toxicity,4,Receptors / hormone signaling,6040,937
5103,73,0.014305310601606898,0.2,evaluated,0.7762112257959095,0.07362901397503838,0.0669529054242034,4639,391,46,27,0.12649628569606913,0.109979633401222,0.0645933014354067,0.6460647076445437,0,tox21-ppard-bla-antagonist-p1_Activity__t17__t0,ppard-bla-antagonist-p1,similarity_le_0_9,Mean_HepG2_Toxicity,4,Receptors / hormone signaling,6040,937
5103,73,0.014305310601606898,0.2,evaluated,0.7745771943680383,0.05115096847694883,0.049234626545036686,4647,383,48,25,0.11660188860530629,0.10395010395010396,0.061274509803921566,0.633161306135788,0,tox21-ppard-bla-antagonist-p1_Activity__t17__t0,ppard-bla-antagonist-p1,similarity_le_0_9,Mean_HSkMC_Toxicity,4,Receptors / hormone signaling,6040,937
5103,73,0.014305310601606898,0.2,evaluated,0.7852909937634467,0.09698242027340101,0.08936280330818143,4416,614,34,39,0.14651924347390824,0.10743801652892562,0.05972434915773354,0.7060894904545331,0,tox21-ppard-bla-antagonist-p1_Activity__t17__t0,ppard-bla-antagonist-p1,similarity_le_0_9,Mean_IMR90_Toxicity,4,Receptors / hormone signaling,6040,937
5499,239,0.04346244771776687,0.2,evaluated,0.7449862386050877,0.1614532325758853,0.15957042648868974,4521,739,132,107,0.1736071527867882,0.19723502304147467,0.12647754137115838,0.6536022240959638,0,tox21-pparg-bla-agonist-p1_Activity__t14__t0,pparg-bla-agonist-p1,similarity_le_0_9,recomputed_max_toxicity,4,Receptors / hormone signaling,6040,541
5499,239,0.04346244771776687,0.2,evaluated,0.7403837281448368,0.14569291598594214,0.14355806001189722,4830,430,158,81,0.1806037552326518,0.216,0.15851272015655576,0.6285815422307778,0,tox21-pparg-bla-agonist-p1_Activity__t14__t0,pparg-bla-agonist-p1,similarity_le_0_9,Mean_HepG2_Toxicity,4,Receptors / hormone signaling,6040,541
5499,239,0.04346244771776687,0.2,evaluated,0.7620416182764052,0.16198924729370837,0.1603621025410452,4864,396,161,78,0.18240532161380912,0.2187938288920056,0.16455696202531644,0.6255373307666608,0,tox21-pparg-bla-agonist-p1_Activity__t14__t0,pparg-bla-agonist-p1,similarity_le_0_9,Mean_HSkMC_Toxicity,4,Receptors / hormone signaling,6040,541
5499,239,0.04346244771776687,0.2,evaluated,0.7388866792879075,0.15997210225684824,0.15771211043597186,4607,653,136,103,0.18167074362254884,0.207035175879397,0.13624338624338625,0.6534089282021096,0,tox21-pparg-bla-agonist-p1_Activity__t14__t0,pparg-bla-agonist-p1,similarity_le_0_9,Mean_IMR90_Toxicity,4,Receptors / hormone signaling,6040,541
5396,626,0.11601186063750926,0.2,evaluated,0.7726386628354801,0.24210502254897764,0.24087495327992148,4204,566,412,214,0.2032591653113185,0.30440967283072545,0.2743589743589744,0.6115973771106691,0,tox21-pr-bla-antagonist-p1_Activity__t40__t0,pr-bla-antagonist-p1,similarity_le_0_9,recomputed_max_toxicity,4,Receptors / hormone signaling,6040,644
5396,626,0.11601186063750926,0.2,evaluated,0.8071444598495656,0.26510026485233895,0.2637093132992438,4459,311,501,125,0.1580244664304188,0.23540489642184556,0.286697247706422,0.5672406748782661,0,tox21-pr-bla-antagonist-p1_Activity__t40__t0,pr-bla-antagonist-p1,similarity_le_0_9,Mean_HepG2_Toxicity,4,Receptors / hormone signaling,6040,644
5396,626,0.11601186063750926,0.2,evaluated,0.7980906022062813,0.26510112241158557,0.26426486002883326,4473,297,497,129,0.17078148327037865,0.24524714828897337,0.3028169014084507,0.57190306829827,0,tox21-pr-bla-antagonist-p1_Activity__t40__t0,pr-bla-antagonist-p1,similarity_le_0_9,Mean_HSkMC_Toxicity,4,Receptors / hormone signaling,6040,644
5396,626,0.11601186063750926,0.2,evaluated,0.7534716780195714,0.23284685740405975,0.23143159138871924,4254,516,444,182,0.17420665000003357,0.27492447129909364,0.2607449856733524,0.5912793618261096,0,tox21-pr-bla-antagonist-p1_Activity__t40__t0,pr-bla-antagonist-p1,similarity_le_0_9,Mean_IMR90_Toxicity,4,Receptors / hormone signaling,6040,644
5103,547,0.10719184793258868,0.2,evaluated,0.6994123906759354,0.2590591787594582,0.25777177810952995,3996,560,373,174,0.17206416115512196,0.2716627634660422,0.23705722070844687,0.5975919413578414,0,tox21-rar-agonist-p1_Activity__t20__t0,rar-agonist-p1,similarity_le_0_9,recomputed_max_toxicity,4,Receptors / hormone signaling,6040,937
5103,547,0.10719184793258868,0.2,evaluated,0.7295817396510297,0.2667086624833839,0.2651021465975823,4272,284,413,134,0.20603064053764863,0.277720207253886,0.32057416267942584,0.5913185978912835,0,tox21-rar-agonist-p1_Activity__t20__t0,rar-agonist-p1,similarity_le_0_9,Mean_HepG2_Toxicity,4,Receptors / hormone signaling,6040,937
5103,547,0.10719184793258868,0.2,evaluated,0.6952400595153065,0.2695694895000461,0.26881630179555543,4278,278,417,130,0.2014793074905039,0.27225130890052357,0.31862745098039214,0.5883207631056461,0,tox21-rar-agonist-p1_Activity__t20__t0,rar-agonist-p1,similarity_le_0_9,Mean_HSkMC_Toxicity,4,Receptors / hormone signaling,6040,937
5103,547,0.10719184793258868,0.2,evaluated,0.6988634630910402,0.25831565010662516,0.2567241691508107,4069,487,381,166,0.18205035405168066,0.27666666666666667,0.2542113323124043,0.5982907406188758,0,tox21-rar-agonist-p1_Activity__t20__t0,rar-agonist-p1,similarity_le_0_9,Mean_IMR90_Toxicity,4,Receptors / hormone signaling,6040,937
5396,5396,1.0,0.2,single_class,,,,0,0,4616,780,,0.25259067357512954,1.0,,0,tox21-rt-viability-hek293-p1_Activity__t36__t0,rt-viability-hek293-p1,similarity_le_0_9,recomputed_max_toxicity,5,Functional cytotoxicity / ion channels,6040,644
5396,5396,1.0,0.2,single_class,,,,0,0,4960,436,,0.149519890260631,1.0,,0,tox21-rt-viability-hek293-p1_Activity__t36__t0,rt-viability-hek293-p1,similarity_le_0_9,Mean_HepG2_Toxicity,5,Functional cytotoxicity / ion channels,6040,644
5396,5396,1.0,0.2,single_class,,,,0,0,4970,426,,0.14634146341463414,1.0,,0,tox21-rt-viability-hek293-p1_Activity__t36__t0,rt-viability-hek293-p1,similarity_le_0_9,Mean_HSkMC_Toxicity,5,Functional cytotoxicity / ion channels,6040,644
5396,5396,1.0,0.2,single_class,,,,0,0,4698,698,,0.2290777814243518,1.0,,0,tox21-rt-viability-hek293-p1_Activity__t36__t0,rt-viability-hek293-p1,similarity_le_0_9,Mean_IMR90_Toxicity,5,Functional cytotoxicity / ion channels,6040,644
5396,23,0.004262416604892513,0.2,evaluated,0.6694745871062234,0.008450283474312151,0.007751385242794334,4602,771,14,9,0.045910220263344674,0.0224159402241594,0.011538461538461539,0.6239045468890345,0,tox21-sbe-bla-agonist-p1_Activity__t3__t0,sbe-bla-agonist-p1,similarity_le_0_9,recomputed_max_toxicity,3,Signaling pathways,6040,644
5396,23,0.004262416604892513,0.2,evaluated,0.7203408346078217,0.00983633903869243,0.009032953448414684,4941,432,19,4,0.02235378718516243,0.017429193899782137,0.009174311926605505,0.5467555167140048,0,tox21-sbe-bla-agonist-p1_Activity__t3__t0,sbe-bla-agonist-p1,similarity_le_0_9,Mean_HepG2_Toxicity,3,Signaling pathways,6040,644
5396,23,0.004262416604892513,0.2,evaluated,0.6704537178646858,0.007156495394045185,0.0065244513786315555,4948,425,22,1,-0.00860586850685933,0.004454342984409799,0.002347417840375587,0.4821895305836752,0,tox21-sbe-bla-agonist-p1_Activity__t3__t0,sbe-bla-agonist-p1,similarity_le_0_9,Mean_HSkMC_Toxicity,3,Signaling pathways,6040,644
5396,23,0.004262416604892513,0.2,evaluated,0.6638425622476312,0.008777840818501595,0.008056520229885988,4684,689,14,9,0.05106935980586138,0.024965325936199722,0.012893982808022923,0.6315352932132482,0,tox21-sbe-bla-agonist-p1_Activity__t3__t0,sbe-bla-agonist-p1,similarity_le_0_9,Mean_IMR90_Toxicity,3,Signaling pathways,6040,644
5396,686,0.12713120830244626,0.2,evaluated,0.7476421050676868,0.2994014280744904,0.2980652728823931,4171,539,445,241,0.2243937613334729,0.32878581173260574,0.308974358974359,0.6184372930245802,0,tox21-shh-3t3-gli3-antagonist-p1_Activity__t21__t0,shh-3t3-gli3-antagonist-p1,similarity_le_0_9,recomputed_max_toxicity,3,Signaling pathways,6040,644
5396,686,0.12713120830244626,0.2,evaluated,0.781476976595916,0.32934638000311595,0.3278619404899404,4446,264,514,172,0.23796062353245426,0.3065953654188948,0.3944954128440367,0.5973389537798741,0,tox21-shh-3t3-gli3-antagonist-p1_Activity__t21__t0,shh-3t3-gli3-antagonist-p1,similarity_le_0_9,Mean_HepG2_Toxicity,3,Signaling pathways,6040,644
5396,686,0.12713120830244626,0.2,evaluated,0.7662943430329365,0.3195431144183286,0.31827321253406404,4457,253,513,173,0.24518097756842053,0.31115107913669066,0.4061032863849765,0.599235544991427,0,tox21-shh-3t3-gli3-antagonist-p1_Activity__t21__t0,shh-3t3-gli3-antagonist-p1,similarity_le_0_9,Mean_HSkMC_Toxicity,3,Signaling pathways,6040,644
5396,686,0.12713120830244626,0.2,evaluated,0.7274131399602607,0.28377802393842083,0.28231736134291285,4219,491,479,207,0.19604779466035796,0.2991329479768786,0.29656160458452724,0.5987514933179824,0,tox21-shh-3t3-gli3-antagonist-p1_Activity__t21__t0,shh-3t3-gli3-antagonist-p1,similarity_le_0_9,Mean_IMR90_Toxicity,3,Signaling pathways,6040,644
5396,106,0.019644180874722018,0.2,evaluated,0.8015319042693583,0.1322560135293698,0.1292002738427477,4575,715,41,65,0.18865618295156794,0.14672686230248308,0.08333333333333333,0.7390234333202554,0,tox21-trhr-hek293-p1_Activity__t12__t0,trhr-hek293-p1,similarity_le_0_9,recomputed_max_toxicity,4,Receptors / hormone signaling,6040,644
5396,106,0.019644180874722018,0.2,evaluated,0.8045582622962514,0.11802906527360475,0.1139990742954703,4908,382,52,54,0.22263781581574366,0.1992619926199262,0.12385321100917432,0.7186111210186539,0,tox21-trhr-hek293-p1_Activity__t12__t0,trhr-hek293-p1,similarity_le_0_9,Mean_HepG2_Toxicity,4,Receptors / hormone signaling,6040,644
5396,106,0.019644180874722018,0.2,evaluated,0.8037860684096017,0.14919617654738948,0.1454496836229986,4915,375,55,51,0.21112496780758536,0.19172932330827067,0.11971830985915492,0.7051218033313122,0,tox21-trhr-hek293-p1_Activity__t12__t0,trhr-hek293-p1,similarity_le_0_9,Mean_HSkMC_Toxicity,4,Receptors / hormone signaling,6040,644
5396,106,0.019644180874722018,0.2,evaluated,0.7951100331704533,0.1239513373684991,0.1196262239472744,4650,640,48,58,0.17623678865781775,0.14427860696517414,0.0830945558739255,0.7130934122766344,0,tox21-trhr-hek293-p1_Activity__t12__t0,trhr-hek293-p1,similarity_le_0_9,Mean_IMR90_Toxicity,4,Receptors / hormone signaling,6040,644
5396,268,0.04966641957005189,0.2,evaluated,0.7815956294968216,0.16898654431710697,0.16658804517071857,4475,653,141,127,0.2140992795085369,0.24236641221374045,0.16282051282051282,0.6732702517055906,0,tox21-tshr-agonist-p1_Activity__t35__t0,tshr-agonist-p1,similarity_le_0_9,recomputed_max_toxicity,4,Receptors / hormone signaling,6040,644
5396,268,0.04966641957005189,0.2,evaluated,0.800045695857685,0.1682919296112615,0.16555176876340397,4784,344,176,92,0.2201823029734352,0.26136363636363635,0.21100917431192662,0.63810044939111,0,tox21-tshr-agonist-p1_Activity__t35__t0,tshr-agonist-p1,similarity_le_0_9,Mean_HepG2_Toxicity,4,Receptors / hormone signaling,6040,644
5396,268,0.04966641957005189,0.2,evaluated,0.7997328102079307,0.18392627753899013,0.18139799492338554,4798,330,172,96,0.23675193501410563,0.276657060518732,0.22535211267605634,0.6469281905604582,0,tox21-tshr-agonist-p1_Activity__t35__t0,tshr-agonist-p1,similarity_le_0_9,Mean_HSkMC_Toxicity,4,Receptors / hormone signaling,6040,644
5396,268,0.04966641957005189,0.2,evaluated,0.772162490977251,0.17326701776987227,0.17044346782889003,4545,583,153,115,0.2041923344868284,0.23809523809523808,0.16475644699140402,0.6577074650150185,0,tox21-tshr-agonist-p1_Activity__t35__t0,tshr-agonist-p1,similarity_le_0_9,Mean_IMR90_Toxicity,4,Receptors / hormone signaling,6040,644
5396,22,0.00407709414381023,0.2,evaluated,0.7312480968975201,0.10677198949939024,0.09993468714418285,4604,770,12,10,0.05640368075209266,0.02493765586034913,0.01282051282051282,0.6556314916940149,0,tox21-tshr-wt-p1_Activity__t28__t0,tshr-wt-p1,similarity_le_0_9,recomputed_max_toxicity,4,Receptors / hormone signaling,6040,644
5396,22,0.00407709414381023,0.2,evaluated,0.7305714382379809,0.06746578219209483,0.05018627098414994,4947,427,13,9,0.07707409598910234,0.039301310043668124,0.020642201834862386,0.6648171329972595,0,tox21-tshr-wt-p1_Activity__t28__t0,tshr-wt-p1,similarity_le_0_9,Mean_HepG2_Toxicity,4,Receptors / hormone signaling,6040,644
5396,22,0.00407709414381023,0.2,evaluated,0.7291504550529485,0.09273792814847355,0.08650315669028207,4955,419,15,7,0.05676428536539316,0.03125,0.01643192488262911,0.6201069120682072,0,tox21-tshr-wt-p1_Activity__t28__t0,tshr-wt-p1,similarity_le_0_9,Mean_HSkMC_Toxicity,4,Receptors / hormone signaling,6040,644
5396,22,0.00407709414381023,0.2,evaluated,0.7285922116588286,0.07957933652154228,0.06108070301131487,4686,688,12,10,0.06199946157614592,0.027777777777777776,0.014326647564469915,0.6632608180803193,0,tox21-tshr-wt-p1_Activity__t28__t0,tshr-wt-p1,similarity_le_0_9,Mean_IMR90_Toxicity,4,Receptors / hormone signaling,6040,644
5103,47,0.009210268469527728,0.2,evaluated,0.7451816253703205,0.04250951170774088,0.03958349675781174,4347,709,22,25,0.1066229914359632,0.06402048655569782,0.0340599455040872,0.6958427316186372,0,tox21-vdr-bla-agonist-p1_Activity__t24__t0,vdr-bla-agonist-p1,similarity_le_0_9,recomputed_max_toxicity,4,Receptors / hormone signaling,6040,937
5103,47,0.009210268469527728,0.2,evaluated,0.7676449299757608,0.04360067462407114,0.04062565922899897,4659,397,26,21,0.12829124564329814,0.09032258064516129,0.050239234449760764,0.6841439705090224,0,tox21-vdr-bla-agonist-p1_Activity__t24__t0,vdr-bla-agonist-p1,similarity_le_0_9,Mean_HepG2_Toxicity,4,Receptors / hormone signaling,6040,937
5103,47,0.009210268469527728,0.2,evaluated,0.7480263600861836,0.05098607572567246,0.04617035107105801,4664,392,31,16,0.09259447387846778,0.07032967032967033,0.0392156862745098,0.6314469431726367,0,tox21-vdr-bla-agonist-p1_Activity__t24__t0,vdr-bla-agonist-p1,similarity_le_0_9,Mean_HSkMC_Toxicity,4,Receptors / hormone signaling,6040,937
5103,47,0.009210268469527728,0.2,evaluated,0.752625908968489,0.04517065717290332,0.04213539262887251,4427,629,23,24,0.11044949321665762,0.06857142857142857,0.036753445635528334,0.6931158261513601,0,tox21-vdr-bla-agonist-p1_Activity__t24__t0,vdr-bla-agonist-p1,similarity_le_0_9,Mean_IMR90_Toxicity,4,Receptors / hormone signaling,6040,937
5103,47,0.009210268469527728,0.2,evaluated,0.7732207783463506,0.08166903957554283,0.07317464495466794,4347,709,22,25,0.1066229914359632,0.06402048655569782,0.0340599455040872,0.6958427316186372,0,tox21-vdr-bla-antagonist-p1_Activity__t42__t0,vdr-bla-antagonist-p1,similarity_le_0_9,recomputed_max_toxicity,4,Receptors / hormone signaling,6040,937
5103,47,0.009210268469527728,0.2,evaluated,0.7678174656611902,0.06621566977118593,0.05701474008182192,4659,397,26,21,0.12829124564329814,0.09032258064516129,0.050239234449760764,0.6841439705090224,0,tox21-vdr-bla-antagonist-p1_Activity__t42__t0,vdr-bla-antagonist-p1,similarity_le_0_9,Mean_HepG2_Toxicity,4,Receptors / hormone signaling,6040,937
5103,47,0.009210268469527728,0.2,evaluated,0.776326420684083,0.059501202891248446,0.05299451151542913,4666,390,29,18,0.10772155801862085,0.07912087912087912,0.04411764705882353,0.652921323727444,0,tox21-vdr-bla-antagonist-p1_Activity__t42__t0,vdr-bla-antagonist-p1,similarity_le_0_9,Mean_HSkMC_Toxicity,4,Receptors / hormone signaling,6040,937
5103,47,0.009210268469527728,0.2,evaluated,0.7702666307568004,0.0963436365746313,0.085320849055415,4427,629,23,24,0.11044949321665762,0.06857142857142857,0.036753445635528334,0.6931158261513601,0,tox21-vdr-bla-antagonist-p1_Activity__t42__t0,vdr-bla-antagonist-p1,similarity_le_0_9,Mean_IMR90_Toxicity,4,Receptors / hormone signaling,6040,937
5396,357,0.06616011860637509,0.2,evaluated,0.6487895813217132,0.13929396501734478,0.13731469038217972,4371,668,245,112,0.12805224912681487,0.19700967458223395,0.14358974358974358,0.5905797524407659,0,tox21-ache-p3_Activity__t45__t0,ache-p3,similarity_lt_0_9,recomputed_max_toxicity,1,Enzyme activities,6040,644
5396,357,0.06616011860637509,0.2,evaluated,0.6829658634638615,0.1574420437051956,0.15512079108327326,4677,362,283,74,0.12353203917632925,0.18663303909205547,0.16972477064220184,0.567721631220458,0,tox21-ache-p3_Activity__t45__t0,ache-p3,similarity_lt_0_9,Mean_HepG2_Toxicity,1,Enzyme activities,6040,644
5396,357,0.06616011860637509,0.2,evaluated,0.6795371452808152,0.14320851808146434,0.14178144636915987,4689,350,281,76,0.1322068599899532,0.194125159642401,0.1784037558685446,0.5717134641115823,0,tox21-ache-p3_Activity__t45__t0,ache-p3,similarity_lt_0_9,Mean_HSkMC_Toxicity,1,Enzyme activities,6040,644
5396,357,0.06616011860637509,0.2,evaluated,0.6204520704888425,0.12725647016731775,0.12510725294181718,4440,599,258,99,0.1173496459104654,0.1876777251184834,0.14183381088825214,0.5792190660745347,0,tox21-ache-p3_Activity__t45__t0,ache-p3,similarity_lt_0_9,Mean_IMR90_Toxicity,1,Enzyme activities,6040,644
5499,623,0.11329332605928351,0.2,evaluated,0.6605602242187304,0.16833084629676087,0.1677121031621664,4187,689,466,157,0.09724782938131699,0.2137508509189925,0.18557919621749408,0.5553510363598297,0,tox21-ahr-p1_Activity__t1__t0,ahr-p1,similarity_lt_0_9,recomputed_max_toxicity,4,Receptors / hormone signaling,6040,541
5499,623,0.11329332605928351,0.2,evaluated,0.7073833971744858,0.18939852656254597,0.18870018670906652,4468,408,520,103,0.08914134486823182,0.18165784832451498,0.20156555772994128,0.5408269547046035,0,tox21-ahr-p1_Activity__t1__t0,ahr-p1,similarity_lt_0_9,Mean_HepG2_Toxicity,4,Receptors / hormone signaling,6040,541
5499,623,0.11329332605928351,0.2,evaluated,0.6721125320467662,0.17534169489047605,0.1747148461421525,4487,389,538,85,0.06398535722362937,0.15496809480401094,0.17932489451476794,0.5283290450689129,0,tox21-ahr-p1_Activity__t1__t0,ahr-p1,similarity_lt_0_9,Mean_HSkMC_Toxicity,4,Receptors / hormone signaling,6040,541
5499,623,0.11329332605928351,0.2,evaluated,0.6505541275971543,0.16312658729128363,0.16252654338200762,4261,615,482,141,0.0922231472944816,0.20449601160261058,0.1865079365079365,0.5500981319056091,0,tox21-ahr-p1_Activity__t1__t0,ahr-p1,similarity_lt_0_9,Mean_IMR90_Toxicity,4,Receptors / hormone signaling,6040,541
5396,408,0.07561156412157154,0.2,evaluated,0.7364800521251003,0.20017240595554772,0.19884784278642487,4372,616,244,164,0.20935472770400276,0.2760942760942761,0.21025641025641026,0.6392321964872557,0,tox21-ap1-agonist-p1_Activity__t7__t0,ap1-agonist-p1,similarity_lt_0_9,recomputed_max_toxicity,3,Signaling pathways,6040,644
5396,408,0.07561156412157154,0.2,evaluated,0.7487275834551945,0.20922684514584103,0.20750829656778486,4668,320,292,116,0.2135733974082584,0.27488151658767773,0.26605504587155965,0.6100798779816659,0,tox21-ap1-agonist-p1_Activity__t7__t0,ap1-agonist-p1,similarity_lt_0_9,Mean_HepG2_Toxicity,3,Signaling pathways,6040,644
5396,408,0.07561156412157154,0.2,evaluated,0.7357356184253974,0.20017389593582896,0.1988751145292267,4680,308,290,118,0.22301272612615072,0.2829736211031175,0.27699530516431925,0.6137337453024514,0,tox21-ap1-agonist-p1_Activity__t7__t0,ap1-agonist-p1,similarity_lt_0_9,Mean_HSkMC_Toxicity,3,Signaling pathways,6040,644
5396,408,0.07561156412157154,0.2,evaluated,0.7289841207132413,0.18681665046105891,0.18522065516799338,4436,552,262,146,0.19472337657120928,0.2640144665461121,0.20916905444126074,0.6235887699105304,0,tox21-ap1-agonist-p1_Activity__t7__t0,ap1-agonist-p1,similarity_lt_0_9,Mean_IMR90_Toxicity,3,Signaling pathways,6040,644
5499,201,0.036552100381887616,0.2,evaluated,0.6642730101850131,0.10113095271032094,0.09773767874529106,4512,786,141,60,0.0780955798315481,0.11461318051575932,0.07092198581560284,0.575074795895945,0,tox21-ar-bla-agonist-p1_Activity__t26__t0,ar-bla-agonist-p1,similarity_lt_0_9,recomputed_max_toxicity,4,Receptors / hormone signaling,6040,541
5499,201,0.036552100381887616,0.2,evaluated,0.6890443967403451,0.0904006786134007,0.08777624668568644,4828,470,160,41,0.07450522772878161,0.1151685393258427,0.08023483365949119,0.5576336888603416,0,tox21-ar-bla-agonist-p1_Activity__t26__t0,ar-bla-agonist-p1,similarity_lt_0_9,Mean_HepG2_Toxicity,4,Receptors / hormone signaling,6040,541
5499,201,0.036552100381887616,0.2,evaluated,0.6845312884426489,0.09644023137619125,0.09529140236214244,4860,438,165,36,0.06447879969787783,0.10666666666666667,0.0759493670886076,0.5482158854650868,0,tox21-ar-bla-agonist-p1_Activity__t26__t0,ar-bla-agonist-p1,similarity_lt_0_9,Mean_HSkMC_Toxicity,4,Receptors / hormone signaling,6040,541
5499,201,0.036552100381887616,0.2,evaluated,0.6700341253340696,0.10554653159288593,0.10276605294208115,4600,698,143,58,0.08545521987232346,0.12121212121212122,0.07671957671957672,0.5784046922803874,0,tox21-ar-bla-agonist-p1_Activity__t26__t0,ar-bla-agonist-p1,similarity_lt_0_9,Mean_IMR90_Toxicity,4,Receptors / hormone signaling,6040,541
5499,402,0.07310420076377523,0.2,evaluated,0.724966007709149,0.14817131942367,0.146843679886134,4388,709,265,137,0.14551671429100874,0.21955128205128205,0.16193853427895982,0.6008472938427345,0,tox21-ar-bla-antagonist-p1_Activity__t25__t0,ar-bla-antagonist-p1,similarity_lt_0_9,recomputed_max_toxicity,4,Receptors / hormone signaling,6040,541
5499,402,0.07310420076377523,0.2,evaluated,0.7436590834331384,0.15168387626945887,0.1503995266244081,4664,433,324,78,0.09779879677358884,0.17086527929901424,0.15264187866927592,0.5545389591184747,0,tox21-ar-bla-antagonist-p1_Activity__t25__t0,ar-bla-antagonist-p1,similarity_lt_0_9,Mean_HepG2_Toxicity,4,Receptors / hormone signaling,6040,541
5499,402,0.07310420076377523,0.2,evaluated,0.7494624191188456,0.15647102049455955,0.15486608510637198,4700,397,325,77,0.10541327849469609,0.17579908675799086,0.16244725738396623,0.5568266671351892,0,tox21-ar-bla-antagonist-p1_Activity__t25__t0,ar-bla-antagonist-p1,similarity_lt_0_9,Mean_HSkMC_Toxicity,4,Receptors / hormone signaling,6040,541
5499,402,0.07310420076377523,0.2,evaluated,0.7122900311079485,0.14794896908120458,0.14648650996620943,4464,633,279,123,0.1374129507446271,0.21243523316062177,0.1626984126984127,0.5908897244208622,0,tox21-ar-bla-antagonist-p1_Activity__t25__t0,ar-bla-antagonist-p1,similarity_lt_0_9,Mean_IMR90_Toxicity,4,Receptors / hormone signaling,6040,541
5499,226,0.04109838152391344,0.2,evaluated,0.5729052159187982,0.044509384960281895,0.044117182192695614,4452,821,201,25,-0.024803289099582654,0.04664179104477612,0.02955082742316785,0.47746031293163205,0,tox21-ar-mda-kb2-luc-agonist-p1_Activity__t10__t0,ar-mda-kb2-luc-agonist-p1,similarity_lt_0_9,recomputed_max_toxicity,4,Receptors / hormone signaling,6040,541
5499,226,0.04109838152391344,0.2,evaluated,0.6081733794971544,0.04950584972704445,0.04906409764518713,4774,499,214,12,-0.028400819624804806,0.032564450474898234,0.023483365949119372,0.4792321544552395,0,tox21-ar-mda-kb2-luc-agonist-p1_Activity__t10__t0,ar-mda-kb2-luc-agonist-p1,similarity_lt_0_9,Mean_HepG2_Toxicity,4,Receptors / hormone signaling,6040,541
5499,226,0.04109838152391344,0.2,evaluated,0.6007209880355593,0.048581174157584714,0.04808874711624907,4809,464,216,10,-0.030944305389884016,0.02857142857142857,0.02109704641350211,0.47812616954966775,0,tox21-ar-mda-kb2-luc-agonist-p1_Activity__t10__t0,ar-mda-kb2-luc-agonist-p1,similarity_lt_0_9,Mean_HSkMC_Toxicity,4,Receptors / hormone signaling,6040,541
5499,226,0.04109838152391344,0.2,evaluated,0.5805648746578411,0.04581905595048212,0.04539417474688634,4540,733,203,23,-0.02146875928931383,0.04684317718940937,0.03042328042328042,0.4813799301500884,0,tox21-ar-mda-kb2-luc-agonist-p1_Activity__t10__t0,ar-mda-kb2-luc-agonist-p1,similarity_lt_0_9,Mean_IMR90_Toxicity,4,Receptors / hormone signaling,6040,541
5396,157,0.029095626389918458,0.2,evaluated,0.5736459649152668,0.03163518023479853,0.031317080774990604,4476,763,140,17,-0.01785583102045299,0.03628601921024546,0.021794871794871794,0.4813208870754982,0,tox21-ar-mda-kb2-luc-agonist-p3_Activity__t38__t0,ar-mda-kb2-luc-agonist-p3,similarity_lt_0_9,recomputed_max_toxicity,4,Receptors / hormone signaling,6040,644
5396,157,0.029095626389918458,0.2,evaluated,0.6182781514924203,0.03627601975596758,0.03591139127482802,4811,428,149,8,-0.018957788479782463,0.026981450252951095,0.01834862385321101,0.4846302170273658,0,tox21-ar-mda-kb2-luc-agonist-p3_Activity__t38__t0,ar-mda-kb2-luc-agonist-p3,similarity_lt_0_9,Mean_HepG2_Toxicity,4,Receptors / hormone signaling,6040,644
5396,157,0.029095626389918458,0.2,evaluated,0.6018311949939393,0.03440095546828845,0.034061644884865114,4817,422,153,4,-0.034325905939869526,0.0137221269296741,0.009389671361502348,0.47246399188837274,0,tox21-ar-mda-kb2-luc-agonist-p3_Activity__t38__t0,ar-mda-kb2-luc-agonist-p3,similarity_lt_0_9,Mean_HSkMC_Toxicity,4,Receptors / hormone signaling,6040,644
5396,157,0.029095626389918458,0.2,evaluated,0.5843727166292007,0.0327814628497642,0.03243905969950119,4558,681,140,17,-0.010871195039781473,0.03976608187134503,0.024355300859598854,0.48914680805278393,0,tox21-ar-mda-kb2-luc-agonist-p3_Activity__t38__t0,ar-mda-kb2-luc-agonist-p3,similarity_lt_0_9,Mean_IMR90_Toxicity,4,Receptors / hormone signaling,6040,644
5396,856,0.1586360266864344,0.2,evaluated,0.7439724515212649,0.30575450465460546,0.3045582288989768,4026,514,590,266,0.20522092393170763,0.3251833740831296,0.34102564102564104,0.5987659022602825,0,tox21-ar-mda-kb2-luc-antagonist-p2_Activity__t16__t0,ar-mda-kb2-luc-antagonist-p2,similarity_lt_0_9,recomputed_max_toxicity,4,Receptors / hormone signaling,6040,644
5396,856,0.1586360266864344,0.2,evaluated,0.7756838229239573,0.33313843324329107,0.3323320226858968,4266,274,694,162,0.17279586751764783,0.25077399380804954,0.37155963302752293,0.5644499567705545,0,tox21-ar-mda-kb2-luc-antagonist-p2_Activity__t16__t0,ar-mda-kb2-luc-antagonist-p2,similarity_lt_0_9,Mean_HepG2_Toxicity,4,Receptors / hormone signaling,6040,644
5396,856,0.1586360266864344,0.2,evaluated,0.7565982800856356,0.31942939218788274,0.31851604259640964,4271,269,699,157,0.16821468870765463,0.24492979719188768,0.3685446009389671,0.5620800568158425,0,tox21-ar-mda-kb2-luc-antagonist-p2_Activity__t16__t0,ar-mda-kb2-luc-antagonist-p2,similarity_lt_0_9,Mean_HSkMC_Toxicity,4,Receptors / hormone signaling,6040,644
5396,856,0.1586360266864344,0.2,evaluated,0.7321445664704186,0.30100528855326525,0.3002003661373787,4074,466,624,232,0.18330893987838615,0.2985842985842986,0.332378223495702,0.5841924327885051,0,tox21-ar-mda-kb2-luc-antagonist-p2_Activity__t16__t0,ar-mda-kb2-luc-antagonist-p2,similarity_lt_0_9,Mean_IMR90_Toxicity,4,Receptors / hormone signaling,6040,644
5103,747,0.14638447971781304,0.2,evaluated,0.7127045064248423,0.2874855682770585,0.28648684406842084,3872,484,497,250,0.22519619771260097,0.337609723160027,0.3405994550408719,0.6117804551539491,0,tox21-are-bla-p1_Activity__t31__t0,are-bla-p1,similarity_lt_0_9,recomputed_max_toxicity,2,Cellular stress responses,6040,937
5103,747,0.14638447971781304,0.2,evaluated,0.7346770000110635,0.29472406646943594,0.29342492014589516,4090,266,595,152,0.18357698222223315,0.2609442060085837,0.36363636363636365,0.571207695796962,0,tox21-are-bla-p1_Activity__t31__t0,are-bla-p1,similarity_lt_0_9,Mean_HepG2_Toxicity,2,Cellular stress responses,6040,937
5103,747,0.14638447971781304,0.2,evaluated,0.7208183821911459,0.2907947095604091,0.28982760517455464,4097,259,598,149,0.1824752445588176,0.258008658008658,0.36519607843137253,0.570003153108301,0,tox21-are-bla-p1_Activity__t31__t0,are-bla-p1,similarity_lt_0_9,Mean_HSkMC_Toxicity,2,Cellular stress responses,6040,937
5103,747,0.14638447971781304,0.2,evaluated,0.7048896535022859,0.28424117565957097,0.2828894746301426,3925,431,525,222,0.20978255885441457,0.3171428571428571,0.33996937212863704,0.5991223848562293,0,tox21-are-bla-p1_Activity__t31__t0,are-bla-p1,similarity_lt_0_9,Mean_IMR90_Toxicity,2,Cellular stress responses,6040,937
5499,531,0.09656301145662848,0.2,evaluated,0.6579729856770714,0.1508802834575125,0.14970392018780304,4251,717,402,129,0.08072828404355342,0.18736383442265794,0.1524822695035461,0.54930709080488,0,tox21-aromatase-p1_Activity__t32__t0,aromatase-p1,similarity_lt_0_9,recomputed_max_toxicity,1,Enzyme activities,6040,541
5499,531,0.09656301145662848,0.2,evaluated,0.6965968260899891,0.16636179336916362,0.16508259944251225,4546,422,442,89,0.08409771522078736,0.1708253358925144,0.17416829745596868,0.5413323234804444,0,tox21-aromatase-p1_Activity__t32__t0,aromatase-p1,similarity_lt_0_9,Mean_HepG2_Toxicity,1,Enzyme activities,6040,541
5499,531,0.09656301145662848,0.2,evaluated,0.6843246874156561,0.15861692754269735,0.1577106745665872,4579,389,446,85,0.08605917270163091,0.1691542288557214,0.17932489451476794,0.5408871011763421,0,tox21-aromatase-p1_Activity__t32__t0,aromatase-p1,similarity_lt_0_9,Mean_HSkMC_Toxicity,1,Enzyme activities,6040,541
5499,531,0.09656301145662848,0.2,evaluated,0.6542573032378977,0.15108065757709757,0.14980477388107377,4324,644,419,112,0.06972757904277375,0.17404817404817405,0.14814814814814814,0.540646578782172,0,tox21-aromatase-p1_Activity__t32__t0,aromatase-p1,similarity_lt_0_9,Mean_IMR90_Toxicity,1,Enzyme activities,6040,541
5396,868,0.1608598962194218,0.2,evaluated,0.6797656110061716,0.24219530538848486,0.24124756715796394,3947,581,669,199,0.10547243849002315,0.24150485436893204,0.2551282051282051,0.5504749759815016,0,tox21-car-antagonist-p1_Activity__t43__t0,car-antagonist-p1,similarity_lt_0_9,recomputed_max_toxicity,4,Receptors / hormone signaling,6040,644
5396,868,0.1608598962194218,0.2,evaluated,0.7229961092068194,0.2640244036325674,0.26296606677242956,4196,332,764,104,0.06267970728376827,0.15950920245398773,0.23853211009174313,0.5232470567162235,0,tox21-car-antagonist-p1_Activity__t43__t0,car-antagonist-p1,similarity_lt_0_9,Mean_HepG2_Toxicity,4,Receptors / hormone signaling,6040,644
5396,868,0.1608598962194218,0.2,evaluated,0.6906779984449041,0.2463826565185908,0.2457070456663951,4208,320,762,106,0.0700974578389676,0.16383307573415765,0.24882629107981222,0.525724218788165,0,tox21-car-antagonist-p1_Activity__t43__t0,car-antagonist-p1,similarity_lt_0_9,Mean_HSkMC_Toxicity,4,Receptors / hormone signaling,6040,644
5396,868,0.1608598962194218,0.2,evaluated,0.6746652421797398,0.24235020114210745,0.2412956357702826,4011,517,687,181,0.10328957509793985,0.23116219667943805,0.2593123209169054,0.5471734501962189,0,tox21-car-antagonist-p1_Activity__t43__t0,car-antagonist-p1,similarity_lt_0_9,Mean_IMR90_Toxicity,4,Receptors / hormone signaling,6040,644
5396,127,0.023535952557449964,0.2,evaluated,0.8851595201766983,0.2552794337316746,0.25073652259857726,4580,689,36,91,0.25253019585777065,0.20066152149944874,0.11666666666666667,0.7928852910277466,0,tox21-casp3-cho-p1_Activity__t6__t0,casp3-cho-p1,similarity_lt_0_9,recomputed_max_toxicity,5,Functional cytotoxicity / ion channels,6040,644
5396,127,0.023535952557449964,0.2,evaluated,0.8880751027776491,0.2572132895258259,0.2526608233218837,4911,358,49,78,0.3038479773977492,0.27708703374777977,0.17889908256880735,0.773114323415969,0,tox21-casp3-cho-p1_Activity__t6__t0,casp3-cho-p1,similarity_lt_0_9,Mean_HepG2_Toxicity,5,Functional cytotoxicity / ion channels,6040,644
5396,127,0.023535952557449964,0.2,evaluated,0.8831002311843301,0.25749170167549656,0.2523651347431497,4920,349,50,77,0.30361776386196093,0.27848101265822783,0.1807511737089202,0.7700313675442306,0,tox21-casp3-cho-p1_Activity__t6__t0,casp3-cho-p1,similarity_lt_0_9,Mean_HSkMC_Toxicity,5,Functional cytotoxicity / ion channels,6040,644
5396,127,0.023535952557449964,0.2,evaluated,0.8787843918447373,0.2541879235192299,0.2489117354586459,4662,607,36,91,0.2716420516982136,0.2206060606060606,0.1303724928366762,0.8006666537151635,0,tox21-casp3-cho-p1_Activity__t6__t0,casp3-cho-p1,similarity_lt_0_9,Mean_IMR90_Toxicity,5,Functional cytotoxicity / ion channels,6040,644
5396,255,0.04725722757598221,0.2,evaluated,0.8592049307565859,0.3339252781628078,0.3308975219595731,4520,621,96,159,0.30335663362837173,0.3072463768115942,0.20384615384615384,0.7513678959232011,0,tox21-casp3-hepg2-p1_Activity__t5__t0,casp3-hepg2-p1,similarity_lt_0_9,recomputed_max_toxicity,5,Functional cytotoxicity / ion channels,6040,644
5396,255,0.04725722757598221,0.2,evaluated,0.8691579802510384,0.3533914881674067,0.350039560430256,4835,306,125,130,0.35058619279641706,0.37626628075253254,0.2981651376146789,0.7251412138479201,0,tox21-casp3-hepg2-p1_Activity__t5__t0,casp3-hepg2-p1,similarity_lt_0_9,Mean_HepG2_Toxicity,5,Functional cytotoxicity / ion channels,6040,644
5396,255,0.04725722757598221,0.2,evaluated,0.8424156435575592,0.3052029740116297,0.30177013090822147,4839,302,131,124,0.33641750430965583,0.3641703377386197,0.29107981220657275,0.7137655373372847,0,tox21-casp3-hepg2-p1_Activity__t5__t0,casp3-hepg2-p1,similarity_lt_0_9,Mean_HSkMC_Toxicity,5,Functional cytotoxicity / ion channels,6040,644
5396,255,0.04725722757598221,0.2,evaluated,0.8548851791251417,0.33211744167473567,0.3287652561420211,4596,545,102,153,0.3123398440735322,0.3210912906610703,0.2191977077363897,0.7469947481034818,0,tox21-casp3-hepg2-p1_Activity__t5__t0,casp3-hepg2-p1,similarity_lt_0_9,Mean_IMR90_Toxicity,5,Functional cytotoxicity / ion channels,6040,644
5499,5499,1.0,0.2,single_class,,,,0,0,4653,846,,0.26666666666666666,1.0,,0,tox21-dt40-p1_Activity__t13__t0,dt40-p1,similarity_lt_0_9,recomputed_max_toxicity,2,Cellular stress responses,6040,541
5499,5499,1.0,0.2,single_class,,,,0,0,4988,511,,0.17004991680532447,1.0,,0,tox21-dt40-p1_Activity__t13__t0,dt40-p1,similarity_lt_0_9,Mean_HepG2_Toxicity,2,Cellular stress responses,6040,541
5499,5499,1.0,0.2,single_class,,,,0,0,5025,474,,0.15871421396283275,1.0,,0,tox21-dt40-p1_Activity__t13__t0,dt40-p1,similarity_lt_0_9,Mean_HSkMC_Toxicity,2,Cellular stress responses,6040,541
5499,5499,1.0,0.2,single_class,,,,0,0,4743,756,,0.24172661870503598,1.0,,0,tox21-dt40-p1_Activity__t13__t0,dt40-p1,similarity_lt_0_9,Mean_IMR90_Toxicity,2,Cellular stress responses,6040,541
5499,305,0.05546462993271504,0.2,evaluated,0.7945561398082277,0.2767972470012354,0.27547041428314933,4508,686,145,160,0.24900329956966577,0.27801911381407474,0.18912529550827423,0.6962573461181565,0,tox21-elg1-luc-agonist-p1_Activity__t4__t0,elg1-luc-agonist-p1,similarity_lt_0_9,recomputed_max_toxicity,2,Cellular stress responses,6040,541
5499,305,0.05546462993271504,0.2,evaluated,0.818105380104408,0.28004231393040374,0.2784636504233079,4812,382,176,129,0.27545814237147004,0.3161764705882353,0.25244618395303325,0.6747022099900895,0,tox21-elg1-luc-agonist-p1_Activity__t4__t0,elg1-luc-agonist-p1,similarity_lt_0_9,Mean_HepG2_Toxicity,2,Cellular stress responses,6040,541
5499,305,0.05546462993271504,0.2,evaluated,0.7929117455828605,0.26997251817935125,0.2687043011628901,4837,357,188,117,0.25679092239308277,0.30038510911424904,0.2468354430379747,0.6574367018691176,0,tox21-elg1-luc-agonist-p1_Activity__t4__t0,elg1-luc-agonist-p1,similarity_lt_0_9,Mean_HSkMC_Toxicity,2,Cellular stress responses,6040,541
5499,305,0.05546462993271504,0.2,evaluated,0.7921258450797579,0.27872116844430483,0.2772226618401014,4588,606,155,150,0.24934200897701025,0.2827521206409048,0.1984126984126984,0.6875650971802268,0,tox21-elg1-luc-agonist-p1_Activity__t4__t0,elg1-luc-agonist-p1,similarity_lt_0_9,Mean_IMR90_Toxicity,2,Cellular stress responses,6040,541
5499,320,0.05819239861793053,0.2,evaluated,0.7119810774280749,0.13061860266349548,0.12828164932094918,4443,736,210,110,0.1308331525349876,0.18867924528301888,0.13002364066193853,0.6008188115466306,0,tox21-er-bla-agonist-p2_Activity__t34__t0,er-bla-agonist-p2,similarity_lt_0_9,recomputed_max_toxicity,4,Receptors / hormone signaling,6040,541
5499,320,0.05819239861793053,0.2,evaluated,0.7303159393705347,0.13052295327888666,0.12866289266173334,4738,441,250,70,0.10772726022613063,0.1684717208182912,0.136986301369863,0.5667992131685653,0,tox21-er-bla-agonist-p2_Activity__t34__t0,er-bla-agonist-p2,similarity_lt_0_9,Mean_HepG2_Toxicity,4,Receptors / hormone signaling,6040,541
5499,320,0.05819239861793053,0.2,evaluated,0.7034991069704576,0.13029626275076428,0.12879331662802168,4771,408,254,66,0.10632852572887776,0.16624685138539042,0.13924050632911392,0.5637351564008496,0,tox21-er-bla-agonist-p2_Activity__t34__t0,er-bla-agonist-p2,similarity_lt_0_9,Mean_HSkMC_Toxicity,4,Receptors / hormone signaling,6040,541
5499,320,0.05819239861793053,0.2,evaluated,0.7185593261247345,0.1374889768885482,0.13550300520559064,4527,652,216,104,0.13536205809839238,0.19330855018587362,0.13756613756613756,0.5995534852288087,0,tox21-er-bla-agonist-p2_Activity__t34__t0,er-bla-agonist-p2,similarity_lt_0_9,Mean_IMR90_Toxicity,4,Receptors / hormone signaling,6040,541
5499,368,0.06692125841062012,0.2,evaluated,0.7589780892782998,0.17950869127920394,0.17771983369794153,4443,688,210,158,0.20449333286208138,0.2602965403624382,0.1867612293144208,0.6476304517298942,0,tox21-er-bla-antagonist-p1_Activity__t8__t0,er-bla-antagonist-p1,similarity_lt_0_9,recomputed_max_toxicity,4,Receptors / hormone signaling,6040,541
5499,368,0.06692125841062012,0.2,evaluated,0.7793662032996365,0.1882194777814969,0.18633374037365813,4733,398,255,113,0.1975282370498902,0.2571103526734926,0.22113502935420742,0.6147487459008754,0,tox21-er-bla-antagonist-p1_Activity__t8__t0,er-bla-antagonist-p1,similarity_lt_0_9,Mean_HepG2_Toxicity,4,Receptors / hormone signaling,6040,541
5499,368,0.06692125841062012,0.2,evaluated,0.7693297030835585,0.18458222449773806,0.18277205041250236,4763,368,262,106,0.1926058789063722,0.2517814726840855,0.22362869198312235,0.6081612830789829,0,tox21-er-bla-antagonist-p1_Activity__t8__t0,er-bla-antagonist-p1,similarity_lt_0_9,Mean_HSkMC_Toxicity,4,Receptors / hormone signaling,6040,541
5499,368,0.06692125841062012,0.2,evaluated,0.7489834276732225,0.1789516403924548,0.1770294293991772,4516,615,227,141,0.19106271315300294,0.2508896797153025,0.1865079365079365,0.6316462487183615,0,tox21-er-bla-antagonist-p1_Activity__t8__t0,er-bla-antagonist-p1,similarity_lt_0_9,Mean_IMR90_Toxicity,4,Receptors / hormone signaling,6040,541
5499,970,0.17639570831060192,0.2,evaluated,0.7061217173177211,0.3678683720590237,0.3672757972022749,4004,525,649,321,0.22713829172119437,0.3535242290748899,0.37943262411347517,0.6075041029971797,0,tox21-er-luc-bg1-4e2-agonist-p2_Activity__t9__t0,er-luc-bg1-4e2-agonist-p2,similarity_lt_0_9,recomputed_max_toxicity,4,Receptors / hormone signaling,6040,541
5499,970,0.17639570831060192,0.2,evaluated,0.7240540343672962,0.3875819459783284,0.3869134837841973,4263,266,725,245,0.25448799676665024,0.33085752869682644,0.4794520547945205,0.5969223537659938,0,tox21-er-luc-bg1-4e2-agonist-p2_Activity__t9__t0,er-luc-bg1-4e2-agonist-p2,similarity_lt_0_9,Mean_HepG2_Toxicity,4,Receptors / hormone signaling,6040,541
5499,970,0.17639570831060192,0.2,evaluated,0.706466346318001,0.3740894191616961,0.37346314902471817,4278,251,747,223,0.23695519142346105,0.30886426592797783,0.4704641350210971,0.5872381422812437,0,tox21-er-luc-bg1-4e2-agonist-p2_Activity__t9__t0,er-luc-bg1-4e2-agonist-p2,similarity_lt_0_9,Mean_HSkMC_Toxicity,4,Receptors / hormone signaling,6040,541
5499,970,0.17639570831060192,0.2,evaluated,0.6974299645127734,0.36054549519234,0.35990061598326173,4052,477,691,279,0.2017921875476882,0.32329084588644263,0.36904761904761907,0.5911538015037114,0,tox21-er-luc-bg1-4e2-agonist-p2_Activity__t9__t0,er-luc-bg1-4e2-agonist-p2,similarity_lt_0_9,Mean_IMR90_Toxicity,4,Receptors / hormone signaling,6040,541
5396,101,0.0187175685693106,0.2,evaluated,0.6964874391121831,0.030568953165317044,0.03006214140974147,4539,756,77,24,0.036554396928534606,0.05448354143019296,0.03076923076923077,0.547423779205116,0,tox21-er-luc-bg1-4e2-agonist-p4_Activity__t23__t0,er-luc-bg1-4e2-agonist-p4,similarity_lt_0_9,recomputed_max_toxicity,4,Receptors / hormone signaling,6040,644
5396,101,0.0187175685693106,0.2,evaluated,0.7203694873736667,0.03372627711550019,0.033176271537379426,4872,423,88,13,0.024280766084503434,0.048417132216014895,0.02981651376146789,0.5244130928673604,0,tox21-er-luc-bg1-4e2-agonist-p4_Activity__t23__t0,er-luc-bg1-4e2-agonist-p4,similarity_lt_0_9,Mean_HepG2_Toxicity,4,Receptors / hormone signaling,6040,644
5396,101,0.0187175685693106,0.2,evaluated,0.6849353490589851,0.029314200915034547,0.028829865206138026,4879,416,91,10,0.010275486819828449,0.03795066413662239,0.023474178403755867,0.5102226086631326,0,tox21-er-luc-bg1-4e2-agonist-p4_Activity__t23__t0,er-luc-bg1-4e2-agonist-p4,similarity_lt_0_9,Mean_HSkMC_Toxicity,4,Receptors / hormone signaling,6040,644
5396,101,0.0187175685693106,0.2,evaluated,0.7135481820136687,0.03314621859331399,0.03258484690612258,4621,674,77,24,0.04455724068812631,0.060075093867334166,0.034383954154727794,0.5551669331239073,0,tox21-er-luc-bg1-4e2-agonist-p4_Activity__t23__t0,er-luc-bg1-4e2-agonist-p4,similarity_lt_0_9,Mean_IMR90_Toxicity,4,Receptors / hormone signaling,6040,644
5396,457,0.08469236471460341,0.2,evaluated,0.7777549118944781,0.24748282056635384,0.24627223170297732,4349,590,267,190,0.23459862503896003,0.30719482619240096,0.24358974358974358,0.6481487716885611,0,tox21-er-luc-bg1-4e2-antagonist-p2_Activity__t39__t0,er-luc-bg1-4e2-antagonist-p2,similarity_lt_0_9,recomputed_max_toxicity,4,Receptors / hormone signaling,6040,644
5396,457,0.08469236471460341,0.2,evaluated,0.8082707499768511,0.2768632427220523,0.27551259203322936,4644,295,316,141,0.254186821148114,0.3157894736842105,0.32339449541284404,0.6244026134153965,0,tox21-er-luc-bg1-4e2-antagonist-p2_Activity__t39__t0,er-luc-bg1-4e2-antagonist-p2,similarity_lt_0_9,Mean_HepG2_Toxicity,4,Receptors / hormone signaling,6040,644
5396,457,0.08469236471460341,0.2,evaluated,0.7852826363472438,0.24525456811573398,0.24385995179246964,4649,290,321,136,0.24664273891291263,0.30804077010192527,0.3192488262910798,0.6194383292359344,0,tox21-er-luc-bg1-4e2-antagonist-p2_Activity__t39__t0,er-luc-bg1-4e2-antagonist-p2,similarity_lt_0_9,Mean_HSkMC_Toxicity,4,Receptors / hormone signaling,6040,644
5396,457,0.08469236471460341,0.2,evaluated,0.7543157816388384,0.23879373823430675,0.23757951695847382,4407,532,291,166,0.21199507543247356,0.28744588744588745,0.23782234957020057,0.6277621999332779,0,tox21-er-luc-bg1-4e2-antagonist-p2_Activity__t39__t0,er-luc-bg1-4e2-antagonist-p2,similarity_lt_0_9,Mean_IMR90_Toxicity,4,Receptors / hormone signaling,6040,644
5396,384,0.07116382505559674,0.2,evaluated,0.7794109241985901,0.18555098014741242,0.18373528680912957,4387,625,229,155,0.2039434220754827,0.2663230240549828,0.1987179487179487,0.639472557528598,0,tox21-erb-bla-antagonist-p1_Activity__t15__t0,erb-bla-antagonist-p1,similarity_lt_0_9,recomputed_max_toxicity,4,Receptors / hormone signaling,6040,644
5396,384,0.07116382505559674,0.2,evaluated,0.8000135612031125,0.19705712834831818,0.1950028387058557,4682,330,278,106,0.19829836177292823,0.25853658536585367,0.24311926605504589,0.6050998437084331,0,tox21-erb-bla-antagonist-p1_Activity__t15__t0,erb-bla-antagonist-p1,similarity_lt_0_9,Mean_HepG2_Toxicity,4,Receptors / hormone signaling,6040,644
5396,384,0.07116382505559674,0.2,evaluated,0.7986990077979517,0.2009345163564507,0.1992563738366047,4694,318,276,108,0.20765890531210376,0.26666666666666666,0.2535211267605634,0.6089011372705506,0,tox21-erb-bla-antagonist-p1_Activity__t15__t0,erb-bla-antagonist-p1,similarity_lt_0_9,Mean_HSkMC_Toxicity,4,Receptors / hormone signaling,6040,644
5396,384,0.07116382505559674,0.2,evaluated,0.7659541579376165,0.18245460570820793,0.18033914474353524,4447,565,251,133,0.17898049908023972,0.24584103512014788,0.19054441260744986,0.6168123586725193,0,tox21-erb-bla-antagonist-p1_Activity__t15__t0,erb-bla-antagonist-p1,similarity_lt_0_9,Mean_IMR90_Toxicity,4,Receptors / hormone signaling,6040,644
5396,86,0.015937731653076354,0.2,evaluated,0.6698703630709937,0.034017908444440664,0.030553632318938036,4550,760,66,20,0.031849971336988685,0.046189376443418015,0.02564102564102564,0.5447159812552008,0,tox21-erb-bla-p1_Activity__t27__t0,erb-bla-p1,similarity_lt_0_9,recomputed_max_toxicity,4,Receptors / hormone signaling,6040,644
5396,86,0.015937731653076354,0.2,evaluated,0.6997503613191434,0.038341085255567633,0.03390655684762557,4882,428,78,8,0.005707627912178927,0.03065134099616858,0.01834862385321101,0.5062103096395568,0,tox21-erb-bla-p1_Activity__t27__t0,erb-bla-p1,similarity_lt_0_9,Mean_HepG2_Toxicity,4,Receptors / hormone signaling,6040,644
5396,86,0.015937731653076354,0.2,evaluated,0.6592125432488065,0.023188854616080286,0.022430177557585494,4888,422,82,4,-0.015307868737635214,0.015625,0.009389671361502348,0.4835194674374808,0,tox21-erb-bla-p1_Activity__t27__t0,erb-bla-p1,similarity_lt_0_9,Mean_HSkMC_Toxicity,4,Receptors / hormone signaling,6040,644
5396,86,0.015937731653076354,0.2,evaluated,0.6850370078395306,0.04050728402279397,0.03575239153013671,4632,678,66,20,0.03913652579877395,0.05102040816326531,0.02865329512893983,0.5524372618578374,0,tox21-erb-bla-p1_Activity__t27__t0,erb-bla-p1,similarity_lt_0_9,Mean_IMR90_Toxicity,4,Receptors / hormone signaling,6040,644
5396,5396,1.0,0.2,single_class,,,,0,0,4616,780,,0.25259067357512954,1.0,,0,tox21-err-p1_Activity__t2__t0,err-p1,similarity_lt_0_9,recomputed_max_toxicity,4,Receptors / hormone signaling,6040,644
5396,5396,1.0,0.2,single_class,,,,0,0,4960,436,,0.149519890260631,1.0,,0,tox21-err-p1_Activity__t2__t0,err-p1,similarity_lt_0_9,Mean_HepG2_Toxicity,4,Receptors / hormone signaling,6040,644
5396,5396,1.0,0.2,single_class,,,,0,0,4970,426,,0.14634146341463414,1.0,,0,tox21-err-p1_Activity__t2__t0,err-p1,similarity_lt_0_9,Mean_HSkMC_Toxicity,4,Receptors / hormone signaling,6040,644
5396,5396,1.0,0.2,single_class,,,,0,0,4698,698,,0.2290777814243518,1.0,,0,tox21-err-p1_Activity__t2__t0,err-p1,similarity_lt_0_9,Mean_IMR90_Toxicity,4,Receptors / hormone signaling,6040,644
5103,83,0.016264942190868117,0.2,evaluated,0.7624585993375894,0.09559114721930037,0.09180282536083136,4324,696,45,38,0.11505236758026142,0.09302325581395349,0.051771117166212535,0.6595929534872558,0,tox21-fxr-bla-agonist-p2_Activity__t41__t0,fxr-bla-agonist-p2,similarity_lt_0_9,recomputed_max_toxicity,4,Receptors / hormone signaling,6040,937
5103,83,0.016264942190868117,0.2,evaluated,0.7869197907166514,0.08716010267930734,0.08049366688271353,4631,389,54,29,0.12542070389132048,0.1157684630738523,0.06937799043062201,0.6359537752604042,0,tox21-fxr-bla-agonist-p2_Activity__t41__t0,fxr-bla-agonist-p2,similarity_lt_0_9,Mean_HepG2_Toxicity,4,Receptors / hormone signaling,6040,937
5103,83,0.016264942190868117,0.2,evaluated,0.7790212643402293,0.07700373345428412,0.07414962039946196,4636,384,59,24,0.09918229412215655,0.09775967413441955,0.058823529411764705,0.6063313013008208,0,tox21-fxr-bla-agonist-p2_Activity__t41__t0,fxr-bla-agonist-p2,similarity_lt_0_9,Mean_HSkMC_Toxicity,4,Receptors / hormone signaling,6040,937
5103,83,0.016264942190868117,0.2,evaluated,0.7304108865741852,0.09986022446388036,0.09304951140084095,4403,617,47,36,0.11769891222547654,0.09782608695652174,0.055130168453292494,0.6554132866125858,0,tox21-fxr-bla-agonist-p2_Activity__t41__t0,fxr-bla-agonist-p2,similarity_lt_0_9,Mean_IMR90_Toxicity,4,Receptors / hormone signaling,6040,937
5499,418,0.07601382069467176,0.2,evaluated,0.6676743454600071,0.1293063524464392,0.1279311517118893,4357,724,296,122,0.10972035008467694,0.1930379746835443,0.14420803782505912,0.574687196601656,0,tox21-gr-hela-bla-antagonist-p1_Activity__t22__t0,gr-hela-bla-antagonist-p1,similarity_lt_0_9,recomputed_max_toxicity,4,Receptors / hormone signaling,6040,541
5499,418,0.07601382069467176,0.2,evaluated,0.6980243029430405,0.13592486607477278,0.13452154788005316,4645,436,343,75,0.0854552893248465,0.16146393972012918,0.14677103718199608,0.5468079786878407,0,tox21-gr-hela-bla-antagonist-p1_Activity__t22__t0,gr-hela-bla-antagonist-p1,similarity_lt_0_9,Mean_HepG2_Toxicity,4,Receptors / hormone signaling,6040,541
5499,418,0.07601382069467176,0.2,evaluated,0.7071492067737108,0.14132879660084574,0.14014768339475786,4681,400,344,74,0.09283207803630929,0.16591928251121077,0.15611814345991562,0.5491544161615325,0,tox21-gr-hela-bla-antagonist-p1_Activity__t22__t0,gr-hela-bla-antagonist-p1,similarity_lt_0_9,Mean_HSkMC_Toxicity,4,Receptors / hormone signaling,6040,541
5499,418,0.07601382069467176,0.2,evaluated,0.6645667930718531,0.1325083270330764,0.1310020343249745,4436,645,307,111,0.10667424501366428,0.1890971039182283,0.14682539682539683,0.5693033620891792,0,tox21-gr-hela-bla-antagonist-p1_Activity__t22__t0,gr-hela-bla-antagonist-p1,similarity_lt_0_9,Mean_IMR90_Toxicity,4,Receptors / hormone signaling,6040,541
5396,246,0.04558932542624166,0.2,evaluated,0.6397205777883022,0.06680955416861264,0.06535786596579063,4418,732,198,48,0.03143057589690543,0.0935672514619883,0.06153846153846154,0.5264930144447075,0,tox21-hdac-p1_Activity__t11__t0,hdac-p1,similarity_lt_0_9,recomputed_max_toxicity,1,Enzyme activities,6040,644
5396,246,0.04558932542624166,0.2,evaluated,0.6880432551898334,0.07520613112114692,0.07402447264048947,4746,404,214,32,0.03952107359969542,0.093841642228739,0.07339449541284404,0.5258173494356303,0,tox21-hdac-p1_Activity__t11__t0,hdac-p1,similarity_lt_0_9,Mean_HepG2_Toxicity,1,Enzyme activities,6040,644
5396,246,0.04558932542624166,0.2,evaluated,0.6433862183282028,0.0640648709478887,0.06249997451868629,4748,402,222,24,0.01508632400386284,0.07142857142857142,0.056338028169014086,0.5097513615912859,0,tox21-hdac-p1_Activity__t11__t0,hdac-p1,similarity_lt_0_9,Mean_HSkMC_Toxicity,1,Enzyme activities,6040,644
5396,246,0.04558932542624166,0.2,evaluated,0.6451677322598468,0.0682268342164829,0.06686342287194504,4498,652,200,46,0.03753630018544366,0.09745762711864407,0.0659025787965616,0.5301949640855632,0,tox21-hdac-p1_Activity__t11__t0,hdac-p1,similarity_lt_0_9,Mean_IMR90_Toxicity,1,Enzyme activities,6040,644
5396,592,0.10971089696071164,0.2,evaluated,0.8203817694151271,0.35453022063662154,0.3533727764500814,4293,511,323,269,0.3093065374857989,0.39212827988338195,0.34487179487179487,0.6740110999842474,0,tox21-herg-u2os-p1_Activity__t18__t0,herg-u2os-p1,similarity_lt_0_9,recomputed_max_toxicity,5,Functional cytotoxicity / ion channels,6040,644
5396,592,0.10971089696071164,0.2,evaluated,0.8595089677520984,0.40817774759808567,0.4067719638734933,4578,226,382,210,0.35284619698109376,0.4085603112840467,0.481651376146789,0.6538427999189864,0,tox21-herg-u2os-p1_Activity__t18__t0,herg-u2os-p1,similarity_lt_0_9,Mean_HepG2_Toxicity,5,Functional cytotoxicity / ion channels,6040,644
5396,592,0.10971089696071164,0.2,evaluated,0.8503545046920359,0.3895595322960437,0.38825771259422454,4566,238,404,188,0.3106386605510229,0.3693516699410609,0.4413145539906103,0.6340127596372392,0,tox21-herg-u2os-p1_Activity__t18__t0,herg-u2os-p1,similarity_lt_0_9,Mean_HSkMC_Toxicity,5,Functional cytotoxicity / ion channels,6040,644
5396,592,0.10971089696071164,0.2,evaluated,0.7732096493350136,0.306602783075509,0.30522054139337856,4330,474,368,224,0.26048760480619787,0.34728682170542635,0.3209169054441261,0.6398553007628778,0,tox21-herg-u2os-p1_Activity__t18__t0,herg-u2os-p1,similarity_lt_0_9,Mean_IMR90_Toxicity,5,Functional cytotoxicity / ion channels,6040,644
5396,83,0.015381764269829503,0.2,evaluated,0.6225012982477623,0.02074167651505523,0.02030839250615176,4550,763,66,17,0.021421304253998633,0.039397450753186555,0.021794871794871794,0.5306046319666016,0,tox21-ms-p53-p1_Activity__t44__t0,ms-p53-p1,similarity_lt_0_9,recomputed_max_toxicity,2,Cellular stress responses,6040,644
5396,83,0.015381764269829503,0.2,evaluated,0.6487996027021696,0.02218676227833489,0.021728502656317723,4882,431,78,5,-0.00942914411622427,0.019267822736030827,0.011467889908256881,0.48955959354073547,0,tox21-ms-p53-p1_Activity__t44__t0,ms-p53-p1,similarity_lt_0_9,Mean_HepG2_Toxicity,2,Cellular stress responses,6040,644
5396,83,0.015381764269829503,0.2,evaluated,0.7054644325466746,0.02848267857106924,0.027889891272293455,4892,421,78,5,-0.008670585157117088,0.019646365422396856,0.011737089201877934,0.49050068143834513,0,tox21-ms-p53-p1_Activity__t44__t0,ms-p53-p1,similarity_lt_0_9,Mean_HSkMC_Toxicity,2,Cellular stress responses,6040,644
5396,83,0.015381764269829503,0.2,evaluated,0.5946337580701121,0.018570309917507407,0.018184908564595967,4628,685,70,13,0.010156983430833062,0.03329065300896287,0.01862464183381089,0.5138487320257881,0,tox21-ms-p53-p1_Activity__t44__t0,ms-p53-p1,similarity_lt_0_9,Mean_IMR90_Toxicity,2,Cellular stress responses,6040,644
5396,62,0.011489992587101558,0.2,evaluated,0.6133719172200249,0.03062461449927296,0.030236058580191103,4564,770,52,10,0.005131986144248276,0.023752969121140142,0.01282051282051282,0.5084666836000339,0,tox21-ms-p53-p2_Activity__t19__t0,ms-p53-p2,similarity_lt_0_9,recomputed_max_toxicity,2,Cellular stress responses,6040,644
5396,62,0.011489992587101558,0.2,evaluated,0.6393162548229858,0.01861038218035234,0.016583355934023887,4901,433,59,3,-0.012822806113809994,0.012048192771084338,0.006880733944954129,0.4836048719716487,0,tox21-ms-p53-p2_Activity__t19__t0,ms-p53-p2,similarity_lt_0_9,Mean_HepG2_Toxicity,2,Cellular stress responses,6040,644
5396,62,0.011489992587101558,0.2,evaluated,0.7028466199789543,0.036351475391996395,0.03581491083835179,4911,423,59,3,-0.012218432571265283,0.012295081967213115,0.007042253521126761,0.4845422547987953,0,tox21-ms-p53-p2_Activity__t19__t0,ms-p53-p2,similarity_lt_0_9,Mean_HSkMC_Toxicity,2,Cellular stress responses,6040,644
5396,62,0.011489992587101558,0.2,evaluated,0.5866262684906323,0.0173968784329443,0.015015000768207248,4645,689,53,9,0.005077908588429009,0.02368421052631579,0.012893982808022923,0.5079949683708891,0,tox21-ms-p53-p2_Activity__t19__t0,ms-p53-p2,similarity_lt_0_9,Mean_IMR90_Toxicity,2,Cellular stress responses,6040,644
5103,39,0.007642563198118754,0.2,evaluated,0.7187183537894439,0.024226395606963495,0.02119330792129533,4347,717,22,17,0.073037308658904,0.04398447606727038,0.02316076294277929,0.6471548790861588,0,tox21-nfkb-bla-agonist-p1_Activity__t30__t0,nfkb-bla-agonist-p1,similarity_lt_0_9,recomputed_max_toxicity,3,Signaling pathways,6040,937
5103,39,0.007642563198118754,0.2,evaluated,0.7460404261352128,0.03012628771201538,0.025208331178162985,4656,408,29,10,0.05584157800105802,0.0437636761487965,0.023923444976076555,0.5879207680155547,0,tox21-nfkb-bla-agonist-p1_Activity__t30__t0,nfkb-bla-agonist-p1,similarity_lt_0_9,Mean_HepG2_Toxicity,3,Signaling pathways,6040,937
5103,39,0.007642563198118754,0.2,evaluated,0.7240906144934579,0.02171004055296559,0.019216535782196245,4663,401,32,7,0.03220590593442816,0.03131991051454139,0.01715686274509804,0.5501503827925629,0,tox21-nfkb-bla-agonist-p1_Activity__t30__t0,nfkb-bla-agonist-p1,similarity_lt_0_9,Mean_HSkMC_Toxicity,3,Signaling pathways,6040,937
5103,39,0.007642563198118754,0.2,evaluated,0.7030674038967877,0.021979460133911687,0.01960167546807876,4427,637,23,16,0.074160682346182,0.046242774566473986,0.02450229709035222,0.6422332604204641,0,tox21-nfkb-bla-agonist-p1_Activity__t30__t0,nfkb-bla-agonist-p1,similarity_lt_0_9,Mean_IMR90_Toxicity,3,Signaling pathways,6040,937
5396,2328,0.4314306893995552,0.2,evaluated,0.6660742807923045,0.5827086980693303,0.5823439704602381,2788,280,1828,500,0.17395943742822742,0.32175032175032175,0.6410256410256411,0.5617559823832757,0,tox21-p450-2c19-p1_Activity__t37__t0,p450-2c19-p1,similarity_lt_0_9,recomputed_max_toxicity,1,Enzyme activities,6040,644
5396,2328,0.4314306893995552,0.2,evaluated,0.6955830359503039,0.6059197468931938,0.6054878149708927,2937,131,2023,305,0.16049782752137678,0.22069464544138928,0.6995412844036697,0.5441574595536679,0,tox21-p450-2c19-p1_Activity__t37__t0,p450-2c19-p1,similarity_lt_0_9,Mean_HepG2_Toxicity,1,Enzyme activities,6040,644
5396,2328,0.4314306893995552,0.2,evaluated,0.6852409950626577,0.6157143797160156,0.6154866104844833,2954,114,2016,312,0.17790717537687634,0.22657952069716775,0.7323943661971831,0.5484314305299802,0,tox21-p450-2c19-p1_Activity__t37__t0,p450-2c19-p1,similarity_lt_0_9,Mean_HSkMC_Toxicity,1,Enzyme activities,6040,644
5396,2328,0.4314306893995552,0.2,evaluated,0.6578251219774459,0.5747612561303845,0.5743182547442908,2816,252,1882,446,0.16151809076679735,0.29477858559153997,0.6389684813753582,0.5547212776157385,0,tox21-p450-2c19-p1_Activity__t37__t0,p450-2c19-p1,similarity_lt_0_9,Mean_IMR90_Toxicity,1,Enzyme activities,6040,644
5396,1682,0.3117123795404003,0.2,evaluated,0.7272781844830468,0.5334262041539657,0.5328901644414488,3390,324,1226,456,0.24219251371894204,0.3704305442729488,0.5846153846153846,0.5919341732955037,0,tox21-p450-3a4-p1_Activity__t29__t0,p450-3a4-p1,similarity_lt_0_9,recomputed_max_toxicity,1,Enzyme activities,6040,644
5396,1682,0.3117123795404003,0.2,evaluated,0.7634129498116521,0.5795464384877121,0.5789812974451349,3593,121,1367,315,0.2629259793149743,0.29745042492917845,0.7224770642201835,0.5773488109713736,0,tox21-p450-3a4-p1_Activity__t29__t0,p450-3a4-p1,similarity_lt_0_9,Mean_HepG2_Toxicity,1,Enzyme activities,6040,644
5396,1682,0.3117123795404003,0.2,evaluated,0.7659970916998188,0.5873343564227014,0.5867838040411764,3594,120,1376,306,0.2569977274332357,0.2903225806451613,0.7183098591549296,0.5748080502671065,0,tox21-p450-3a4-p1_Activity__t29__t0,p450-3a4-p1,similarity_lt_0_9,Mean_HSkMC_Toxicity,1,Enzyme activities,6040,644
5396,1682,0.3117123795404003,0.2,evaluated,0.705843077291503,0.5071228604027358,0.5065290103392373,3406,308,1292,390,0.20556700376398218,0.3277310924369748,0.5587392550143266,0.5744686845480385,0,tox21-p450-3a4-p1_Activity__t29__t0,p450-3a4-p1,similarity_lt_0_9,Mean_IMR90_Toxicity,1,Enzyme activities,6040,644
5396,117,0.02168272794662713,0.2,evaluated,0.806558157382177,0.12374964924369976,0.12040173345265123,4567,712,49,68,0.18485763482098164,0.1516164994425864,0.08717948717948718,0.7231612760121948,0,tox21-p53-bla-p7_Activity__t0__t0,p53-bla-p7,similarity_lt_0_9,recomputed_max_toxicity,2,Cellular stress responses,6040,644
5396,117,0.02168272794662713,0.2,evaluated,0.8080104526401174,0.1203138293053537,0.11489249961802432,4893,386,67,50,0.18930873504136092,0.18083182640144665,0.11467889908256881,0.6771152591383696,0,tox21-p53-bla-p7_Activity__t0__t0,p53-bla-p7,similarity_lt_0_9,Mean_HepG2_Toxicity,2,Cellular stress responses,6040,644
5396,117,0.02168272794662713,0.2,evaluated,0.7915851066068911,0.09545274386297309,0.09325763085653427,4894,385,76,41,0.14988006014157043,0.15101289134438306,0.09624413145539906,0.6387484355849576,0,tox21-p53-bla-p7_Activity__t0__t0,p53-bla-p7,similarity_lt_0_9,Mean_HSkMC_Toxicity,2,Cellular stress responses,6040,644
5396,117,0.02168272794662713,0.2,evaluated,0.8117618106252318,0.1283582310359419,0.12280668839971026,4647,632,51,66,0.19285988475466834,0.1619631901840491,0.09455587392550144,0.7221914601153093,0,tox21-p53-bla-p7_Activity__t0__t0,p53-bla-p7,similarity_lt_0_9,Mean_IMR90_Toxicity,2,Cellular stress responses,6040,644
5396,5396,1.0,0.2,single_class,,,,0,0,4616,780,,0.25259067357512954,1.0,,0,tox21-pgc-err-p1_Activity__t33__t0,pgc-err-p1,similarity_lt_0_9,recomputed_max_toxicity,4,Receptors / hormone signaling,6040,644
5396,5396,1.0,0.2,single_class,,,,0,0,4960,436,,0.149519890260631,1.0,,0,tox21-pgc-err-p1_Activity__t33__t0,pgc-err-p1,similarity_lt_0_9,Mean_HepG2_Toxicity,4,Receptors / hormone signaling,6040,644
5396,5396,1.0,0.2,single_class,,,,0,0,4970,426,,0.14634146341463414,1.0,,0,tox21-pgc-err-p1_Activity__t33__t0,pgc-err-p1,similarity_lt_0_9,Mean_HSkMC_Toxicity,4,Receptors / hormone signaling,6040,644
5396,5396,1.0,0.2,single_class,,,,0,0,4698,698,,0.2290777814243518,1.0,,0,tox21-pgc-err-p1_Activity__t33__t0,pgc-err-p1,similarity_lt_0_9,Mean_IMR90_Toxicity,4,Receptors / hormone signaling,6040,644
5103,73,0.014305310601606898,0.2,evaluated,0.7766959884528446,0.07997693685514687,0.07411289210509192,4335,695,34,39,0.13402458167471706,0.09665427509293681,0.05313351498637602,0.698037800593698,0,tox21-ppard-bla-antagonist-p1_Activity__t17__t0,ppard-bla-antagonist-p1,similarity_lt_0_9,recomputed_max_toxicity,4,Receptors / hormone signaling,6040,937
5103,73,0.014305310601606898,0.2,evaluated,0.7762112257959095,0.07362901397503838,0.0669529054242034,4639,391,46,27,0.12649628569606913,0.109979633401222,0.0645933014354067,0.6460647076445437,0,tox21-ppard-bla-antagonist-p1_Activity__t17__t0,ppard-bla-antagonist-p1,similarity_lt_0_9,Mean_HepG2_Toxicity,4,Receptors / hormone signaling,6040,937
5103,73,0.014305310601606898,0.2,evaluated,0.7745771943680383,0.05115096847694883,0.049234626545036686,4647,383,48,25,0.11660188860530629,0.10395010395010396,0.061274509803921566,0.633161306135788,0,tox21-ppard-bla-antagonist-p1_Activity__t17__t0,ppard-bla-antagonist-p1,similarity_lt_0_9,Mean_HSkMC_Toxicity,4,Receptors / hormone signaling,6040,937
5103,73,0.014305310601606898,0.2,evaluated,0.7852909937634467,0.09698242027340101,0.08936280330818143,4416,614,34,39,0.14651924347390824,0.10743801652892562,0.05972434915773354,0.7060894904545331,0,tox21-ppard-bla-antagonist-p1_Activity__t17__t0,ppard-bla-antagonist-p1,similarity_lt_0_9,Mean_IMR90_Toxicity,4,Receptors / hormone signaling,6040,937
5499,239,0.04346244771776687,0.2,evaluated,0.7449862386050877,0.1614532325758853,0.15957042648868974,4521,739,132,107,0.1736071527867882,0.19723502304147467,0.12647754137115838,0.6536022240959638,0,tox21-pparg-bla-agonist-p1_Activity__t14__t0,pparg-bla-agonist-p1,similarity_lt_0_9,recomputed_max_toxicity,4,Receptors / hormone signaling,6040,541
5499,239,0.04346244771776687,0.2,evaluated,0.7403837281448368,0.14569291598594214,0.14355806001189722,4830,430,158,81,0.1806037552326518,0.216,0.15851272015655576,0.6285815422307778,0,tox21-pparg-bla-agonist-p1_Activity__t14__t0,pparg-bla-agonist-p1,similarity_lt_0_9,Mean_HepG2_Toxicity,4,Receptors / hormone signaling,6040,541
5499,239,0.04346244771776687,0.2,evaluated,0.7620416182764052,0.16198924729370837,0.1603621025410452,4864,396,161,78,0.18240532161380912,0.2187938288920056,0.16455696202531644,0.6255373307666608,0,tox21-pparg-bla-agonist-p1_Activity__t14__t0,pparg-bla-agonist-p1,similarity_lt_0_9,Mean_HSkMC_Toxicity,4,Receptors / hormone signaling,6040,541
5499,239,0.04346244771776687,0.2,evaluated,0.7388866792879075,0.15997210225684824,0.15771211043597186,4607,653,136,103,0.18167074362254884,0.207035175879397,0.13624338624338625,0.6534089282021096,0,tox21-pparg-bla-agonist-p1_Activity__t14__t0,pparg-bla-agonist-p1,similarity_lt_0_9,Mean_IMR90_Toxicity,4,Receptors / hormone signaling,6040,541
5396,626,0.11601186063750926,0.2,evaluated,0.7726386628354801,0.24210502254897764,0.24087495327992148,4204,566,412,214,0.2032591653113185,0.30440967283072545,0.2743589743589744,0.6115973771106691,0,tox21-pr-bla-antagonist-p1_Activity__t40__t0,pr-bla-antagonist-p1,similarity_lt_0_9,recomputed_max_toxicity,4,Receptors / hormone signaling,6040,644
5396,626,0.11601186063750926,0.2,evaluated,0.8071444598495656,0.26510026485233895,0.2637093132992438,4459,311,501,125,0.1580244664304188,0.23540489642184556,0.286697247706422,0.5672406748782661,0,tox21-pr-bla-antagonist-p1_Activity__t40__t0,pr-bla-antagonist-p1,similarity_lt_0_9,Mean_HepG2_Toxicity,4,Receptors / hormone signaling,6040,644
5396,626,0.11601186063750926,0.2,evaluated,0.7980906022062813,0.26510112241158557,0.26426486002883326,4473,297,497,129,0.17078148327037865,0.24524714828897337,0.3028169014084507,0.57190306829827,0,tox21-pr-bla-antagonist-p1_Activity__t40__t0,pr-bla-antagonist-p1,similarity_lt_0_9,Mean_HSkMC_Toxicity,4,Receptors / hormone signaling,6040,644
5396,626,0.11601186063750926,0.2,evaluated,0.7534716780195714,0.23284685740405975,0.23143159138871924,4254,516,444,182,0.17420665000003357,0.27492447129909364,0.2607449856733524,0.5912793618261096,0,tox21-pr-bla-antagonist-p1_Activity__t40__t0,pr-bla-antagonist-p1,similarity_lt_0_9,Mean_IMR90_Toxicity,4,Receptors / hormone signaling,6040,644
5103,547,0.10719184793258868,0.2,evaluated,0.6994123906759354,0.2590591787594582,0.25777177810952995,3996,560,373,174,0.17206416115512196,0.2716627634660422,0.23705722070844687,0.5975919413578414,0,tox21-rar-agonist-p1_Activity__t20__t0,rar-agonist-p1,similarity_lt_0_9,recomputed_max_toxicity,4,Receptors / hormone signaling,6040,937
5103,547,0.10719184793258868,0.2,evaluated,0.7295817396510297,0.2667086624833839,0.2651021465975823,4272,284,413,134,0.20603064053764863,0.277720207253886,0.32057416267942584,0.5913185978912835,0,tox21-rar-agonist-p1_Activity__t20__t0,rar-agonist-p1,similarity_lt_0_9,Mean_HepG2_Toxicity,4,Receptors / hormone signaling,6040,937
5103,547,0.10719184793258868,0.2,evaluated,0.6952400595153065,0.2695694895000461,0.26881630179555543,4278,278,417,130,0.2014793074905039,0.27225130890052357,0.31862745098039214,0.5883207631056461,0,tox21-rar-agonist-p1_Activity__t20__t0,rar-agonist-p1,similarity_lt_0_9,Mean_HSkMC_Toxicity,4,Receptors / hormone signaling,6040,937
5103,547,0.10719184793258868,0.2,evaluated,0.6988634630910402,0.25831565010662516,0.2567241691508107,4069,487,381,166,0.18205035405168066,0.27666666666666667,0.2542113323124043,0.5982907406188758,0,tox21-rar-agonist-p1_Activity__t20__t0,rar-agonist-p1,similarity_lt_0_9,Mean_IMR90_Toxicity,4,Receptors / hormone signaling,6040,937
5396,5396,1.0,0.2,single_class,,,,0,0,4616,780,,0.25259067357512954,1.0,,0,tox21-rt-viability-hek293-p1_Activity__t36__t0,rt-viability-hek293-p1,similarity_lt_0_9,recomputed_max_toxicity,5,Functional cytotoxicity / ion channels,6040,644
5396,5396,1.0,0.2,single_class,,,,0,0,4960,436,,0.149519890260631,1.0,,0,tox21-rt-viability-hek293-p1_Activity__t36__t0,rt-viability-hek293-p1,similarity_lt_0_9,Mean_HepG2_Toxicity,5,Functional cytotoxicity / ion channels,6040,644
5396,5396,1.0,0.2,single_class,,,,0,0,4970,426,,0.14634146341463414,1.0,,0,tox21-rt-viability-hek293-p1_Activity__t36__t0,rt-viability-hek293-p1,similarity_lt_0_9,Mean_HSkMC_Toxicity,5,Functional cytotoxicity / ion channels,6040,644
5396,5396,1.0,0.2,single_class,,,,0,0,4698,698,,0.2290777814243518,1.0,,0,tox21-rt-viability-hek293-p1_Activity__t36__t0,rt-viability-hek293-p1,similarity_lt_0_9,Mean_IMR90_Toxicity,5,Functional cytotoxicity / ion channels,6040,644
5396,23,0.004262416604892513,0.2,evaluated,0.6694745871062234,0.008450283474312151,0.007751385242794334,4602,771,14,9,0.045910220263344674,0.0224159402241594,0.011538461538461539,0.6239045468890345,0,tox21-sbe-bla-agonist-p1_Activity__t3__t0,sbe-bla-agonist-p1,similarity_lt_0_9,recomputed_max_toxicity,3,Signaling pathways,6040,644
5396,23,0.004262416604892513,0.2,evaluated,0.7203408346078217,0.00983633903869243,0.009032953448414684,4941,432,19,4,0.02235378718516243,0.017429193899782137,0.009174311926605505,0.5467555167140048,0,tox21-sbe-bla-agonist-p1_Activity__t3__t0,sbe-bla-agonist-p1,similarity_lt_0_9,Mean_HepG2_Toxicity,3,Signaling pathways,6040,644
5396,23,0.004262416604892513,0.2,evaluated,0.6704537178646858,0.007156495394045185,0.0065244513786315555,4948,425,22,1,-0.00860586850685933,0.004454342984409799,0.002347417840375587,0.4821895305836752,0,tox21-sbe-bla-agonist-p1_Activity__t3__t0,sbe-bla-agonist-p1,similarity_lt_0_9,Mean_HSkMC_Toxicity,3,Signaling pathways,6040,644
5396,23,0.004262416604892513,0.2,evaluated,0.6638425622476312,0.008777840818501595,0.008056520229885988,4684,689,14,9,0.05106935980586138,0.024965325936199722,0.012893982808022923,0.6315352932132482,0,tox21-sbe-bla-agonist-p1_Activity__t3__t0,sbe-bla-agonist-p1,similarity_lt_0_9,Mean_IMR90_Toxicity,3,Signaling pathways,6040,644
5396,686,0.12713120830244626,0.2,evaluated,0.7476421050676868,0.2994014280744904,0.2980652728823931,4171,539,445,241,0.2243937613334729,0.32878581173260574,0.308974358974359,0.6184372930245802,0,tox21-shh-3t3-gli3-antagonist-p1_Activity__t21__t0,shh-3t3-gli3-antagonist-p1,similarity_lt_0_9,recomputed_max_toxicity,3,Signaling pathways,6040,644
5396,686,0.12713120830244626,0.2,evaluated,0.781476976595916,0.32934638000311595,0.3278619404899404,4446,264,514,172,0.23796062353245426,0.3065953654188948,0.3944954128440367,0.5973389537798741,0,tox21-shh-3t3-gli3-antagonist-p1_Activity__t21__t0,shh-3t3-gli3-antagonist-p1,similarity_lt_0_9,Mean_HepG2_Toxicity,3,Signaling pathways,6040,644
5396,686,0.12713120830244626,0.2,evaluated,0.7662943430329365,0.3195431144183286,0.31827321253406404,4457,253,513,173,0.24518097756842053,0.31115107913669066,0.4061032863849765,0.599235544991427,0,tox21-shh-3t3-gli3-antagonist-p1_Activity__t21__t0,shh-3t3-gli3-antagonist-p1,similarity_lt_0_9,Mean_HSkMC_Toxicity,3,Signaling pathways,6040,644
5396,686,0.12713120830244626,0.2,evaluated,0.7274131399602607,0.28377802393842083,0.28231736134291285,4219,491,479,207,0.19604779466035796,0.2991329479768786,0.29656160458452724,0.5987514933179824,0,tox21-shh-3t3-gli3-antagonist-p1_Activity__t21__t0,shh-3t3-gli3-antagonist-p1,similarity_lt_0_9,Mean_IMR90_Toxicity,3,Signaling pathways,6040,644
5396,106,0.019644180874722018,0.2,evaluated,0.8015319042693583,0.1322560135293698,0.1292002738427477,4575,715,41,65,0.18865618295156794,0.14672686230248308,0.08333333333333333,0.7390234333202554,0,tox21-trhr-hek293-p1_Activity__t12__t0,trhr-hek293-p1,similarity_lt_0_9,recomputed_max_toxicity,4,Receptors / hormone signaling,6040,644
5396,106,0.019644180874722018,0.2,evaluated,0.8045582622962514,0.11802906527360475,0.1139990742954703,4908,382,52,54,0.22263781581574366,0.1992619926199262,0.12385321100917432,0.7186111210186539,0,tox21-trhr-hek293-p1_Activity__t12__t0,trhr-hek293-p1,similarity_lt_0_9,Mean_HepG2_Toxicity,4,Receptors / hormone signaling,6040,644
5396,106,0.019644180874722018,0.2,evaluated,0.8037860684096017,0.14919617654738948,0.1454496836229986,4915,375,55,51,0.21112496780758536,0.19172932330827067,0.11971830985915492,0.7051218033313122,0,tox21-trhr-hek293-p1_Activity__t12__t0,trhr-hek293-p1,similarity_lt_0_9,Mean_HSkMC_Toxicity,4,Receptors / hormone signaling,6040,644
5396,106,0.019644180874722018,0.2,evaluated,0.7951100331704533,0.1239513373684991,0.1196262239472744,4650,640,48,58,0.17623678865781775,0.14427860696517414,0.0830945558739255,0.7130934122766344,0,tox21-trhr-hek293-p1_Activity__t12__t0,trhr-hek293-p1,similarity_lt_0_9,Mean_IMR90_Toxicity,4,Receptors / hormone signaling,6040,644
5396,268,0.04966641957005189,0.2,evaluated,0.7815956294968216,0.16898654431710697,0.16658804517071857,4475,653,141,127,0.2140992795085369,0.24236641221374045,0.16282051282051282,0.6732702517055906,0,tox21-tshr-agonist-p1_Activity__t35__t0,tshr-agonist-p1,similarity_lt_0_9,recomputed_max_toxicity,4,Receptors / hormone signaling,6040,644
5396,268,0.04966641957005189,0.2,evaluated,0.800045695857685,0.1682919296112615,0.16555176876340397,4784,344,176,92,0.2201823029734352,0.26136363636363635,0.21100917431192662,0.63810044939111,0,tox21-tshr-agonist-p1_Activity__t35__t0,tshr-agonist-p1,similarity_lt_0_9,Mean_HepG2_Toxicity,4,Receptors / hormone signaling,6040,644
5396,268,0.04966641957005189,0.2,evaluated,0.7997328102079307,0.18392627753899013,0.18139799492338554,4798,330,172,96,0.23675193501410563,0.276657060518732,0.22535211267605634,0.6469281905604582,0,tox21-tshr-agonist-p1_Activity__t35__t0,tshr-agonist-p1,similarity_lt_0_9,Mean_HSkMC_Toxicity,4,Receptors / hormone signaling,6040,644
5396,268,0.04966641957005189,0.2,evaluated,0.772162490977251,0.17326701776987227,0.17044346782889003,4545,583,153,115,0.2041923344868284,0.23809523809523808,0.16475644699140402,0.6577074650150185,0,tox21-tshr-agonist-p1_Activity__t35__t0,tshr-agonist-p1,similarity_lt_0_9,Mean_IMR90_Toxicity,4,Receptors / hormone signaling,6040,644
5396,22,0.00407709414381023,0.2,evaluated,0.7312480968975201,0.10677198949939024,0.09993468714418285,4604,770,12,10,0.05640368075209266,0.02493765586034913,0.01282051282051282,0.6556314916940149,0,tox21-tshr-wt-p1_Activity__t28__t0,tshr-wt-p1,similarity_lt_0_9,recomputed_max_toxicity,4,Receptors / hormone signaling,6040,644
5396,22,0.00407709414381023,0.2,evaluated,0.7305714382379809,0.06746578219209483,0.05018627098414994,4947,427,13,9,0.07707409598910234,0.039301310043668124,0.020642201834862386,0.6648171329972595,0,tox21-tshr-wt-p1_Activity__t28__t0,tshr-wt-p1,similarity_lt_0_9,Mean_HepG2_Toxicity,4,Receptors / hormone signaling,6040,644
5396,22,0.00407709414381023,0.2,evaluated,0.7291504550529485,0.09273792814847355,0.08650315669028207,4955,419,15,7,0.05676428536539316,0.03125,0.01643192488262911,0.6201069120682072,0,tox21-tshr-wt-p1_Activity__t28__t0,tshr-wt-p1,similarity_lt_0_9,Mean_HSkMC_Toxicity,4,Receptors / hormone signaling,6040,644
5396,22,0.00407709414381023,0.2,evaluated,0.7285922116588286,0.07957933652154228,0.06108070301131487,4686,688,12,10,0.06199946157614592,0.027777777777777776,0.014326647564469915,0.6632608180803193,0,tox21-tshr-wt-p1_Activity__t28__t0,tshr-wt-p1,similarity_lt_0_9,Mean_IMR90_Toxicity,4,Receptors / hormone signaling,6040,644
5103,47,0.009210268469527728,0.2,evaluated,0.7451816253703205,0.04250951170774088,0.03958349675781174,4347,709,22,25,0.1066229914359632,0.06402048655569782,0.0340599455040872,0.6958427316186372,0,tox21-vdr-bla-agonist-p1_Activity__t24__t0,vdr-bla-agonist-p1,similarity_lt_0_9,recomputed_max_toxicity,4,Receptors / hormone signaling,6040,937
5103,47,0.009210268469527728,0.2,evaluated,0.7676449299757608,0.04360067462407114,0.04062565922899897,4659,397,26,21,0.12829124564329814,0.09032258064516129,0.050239234449760764,0.6841439705090224,0,tox21-vdr-bla-agonist-p1_Activity__t24__t0,vdr-bla-agonist-p1,similarity_lt_0_9,Mean_HepG2_Toxicity,4,Receptors / hormone signaling,6040,937
5103,47,0.009210268469527728,0.2,evaluated,0.7480263600861836,0.05098607572567246,0.04617035107105801,4664,392,31,16,0.09259447387846778,0.07032967032967033,0.0392156862745098,0.6314469431726367,0,tox21-vdr-bla-agonist-p1_Activity__t24__t0,vdr-bla-agonist-p1,similarity_lt_0_9,Mean_HSkMC_Toxicity,4,Receptors / hormone signaling,6040,937
5103,47,0.009210268469527728,0.2,evaluated,0.752625908968489,0.04517065717290332,0.04213539262887251,4427,629,23,24,0.11044949321665762,0.06857142857142857,0.036753445635528334,0.6931158261513601,0,tox21-vdr-bla-agonist-p1_Activity__t24__t0,vdr-bla-agonist-p1,similarity_lt_0_9,Mean_IMR90_Toxicity,4,Receptors / hormone signaling,6040,937
5103,47,0.009210268469527728,0.2,evaluated,0.7732207783463506,0.08166903957554283,0.07317464495466794,4347,709,22,25,0.1066229914359632,0.06402048655569782,0.0340599455040872,0.6958427316186372,0,tox21-vdr-bla-antagonist-p1_Activity__t42__t0,vdr-bla-antagonist-p1,similarity_lt_0_9,recomputed_max_toxicity,4,Receptors / hormone signaling,6040,937
5103,47,0.009210268469527728,0.2,evaluated,0.7678174656611902,0.06621566977118593,0.05701474008182192,4659,397,26,21,0.12829124564329814,0.09032258064516129,0.050239234449760764,0.6841439705090224,0,tox21-vdr-bla-antagonist-p1_Activity__t42__t0,vdr-bla-antagonist-p1,similarity_lt_0_9,Mean_HepG2_Toxicity,4,Receptors / hormone signaling,6040,937
5103,47,0.009210268469527728,0.2,evaluated,0.776326420684083,0.059501202891248446,0.05299451151542913,4666,390,29,18,0.10772155801862085,0.07912087912087912,0.04411764705882353,0.652921323727444,0,tox21-vdr-bla-antagonist-p1_Activity__t42__t0,vdr-bla-antagonist-p1,similarity_lt_0_9,Mean_HSkMC_Toxicity,4,Receptors / hormone signaling,6040,937
5103,47,0.009210268469527728,0.2,evaluated,0.7702666307568004,0.0963436365746313,0.085320849055415,4427,629,23,24,0.11044949321665762,0.06857142857142857,0.036753445635528334,0.6931158261513601,0,tox21-vdr-bla-antagonist-p1_Activity__t42__t0,vdr-bla-antagonist-p1,similarity_lt_0_9,Mean_IMR90_Toxicity,4,Receptors / hormone signaling,6040,937
5415,358,0.06611265004616805,0.2,evaluated,0.6473920766943989,0.1383521513144481,0.1363830557008193,4385,672,246,112,0.1270803294191341,0.19614711033274956,0.14285714285714285,0.5899820261311551,0,tox21-ache-p3_Activity__t45__t0,ache-p3,similarity_lt_1,recomputed_max_toxicity,1,Enzyme activities,6067,652
5415,358,0.06611265004616805,0.2,evaluated,0.6815868926638554,0.15618846413192986,0.15387886242781573,4692,365,284,74,0.12246842465357863,0.18569636135508155,0.16856492027334852,0.5672633652340967,0,tox21-ache-p3_Activity__t45__t0,ache-p3,similarity_lt_1,Mean_HepG2_Toxicity,1,Enzyme activities,6067,652
5415,358,0.06611265004616805,0.2,evaluated,0.6781605893926556,0.1421337060952281,0.14071749137759684,4704,353,282,76,0.1310859747441669,0.193138500635324,0.17715617715617715,0.5712431355176684,0,tox21-ache-p3_Activity__t45__t0,ache-p3,similarity_lt_1,Mean_HSkMC_Toxicity,1,Enzyme activities,6067,652
5415,358,0.06611265004616805,0.2,evaluated,0.619229333088821,0.12654004473016528,0.12440143222937783,4456,601,259,99,0.11678994010884737,0.18714555765595464,0.14142857142857143,0.5788455738657516,0,tox21-ache-p3_Activity__t45__t0,ache-p3,similarity_lt_1,Mean_IMR90_Toxicity,1,Enzyme activities,6067,652
5525,625,0.11312217194570136,0.2,evaluated,0.6611041632653062,0.16838319203790644,0.16776737998541771,4207,693,467,158,0.09772433077959017,0.2140921409214092,0.18566392479435959,0.5556857142857143,0,tox21-ahr-p1_Activity__t1__t0,ahr-p1,similarity_lt_1,recomputed_max_toxicity,4,Receptors / hormone signaling,6067,542
5525,625,0.11312217194570136,0.2,evaluated,0.707992,0.18957771563279574,0.18888192893993666,4489,411,521,104,0.08990579363376885,0.1824561403508772,0.20194174757281552,0.5412612244897959,0,tox21-ahr-p1_Activity__t1__t0,ahr-p1,similarity_lt_1,Mean_HepG2_Toxicity,4,Receptors / hormone signaling,6067,542
5525,625,0.11312217194570136,0.2,evaluated,0.6728964897959183,0.17550179573206912,0.17487694657969372,4508,392,539,86,0.06489779353443675,0.1559383499546691,0.1799163179916318,0.5288,0,tox21-ahr-p1_Activity__t1__t0,ahr-p1,similarity_lt_1,Mean_HSkMC_Toxicity,4,Receptors / hormone signaling,6067,542
5525,625,0.11312217194570136,0.2,evaluated,0.6511551020408163,0.1631159914485709,0.16252019035636428,4283,617,483,142,0.09319032691583928,0.20520231213872833,0.18708827404479578,0.5506408163265306,0,tox21-ahr-p1_Activity__t1__t0,ahr-p1,similarity_lt_1,Mean_IMR90_Toxicity,4,Receptors / hormone signaling,6067,542
5415,408,0.07534626038781163,0.2,evaluated,0.7364956218157325,0.19900154456805208,0.1976815583646928,4387,620,244,164,0.2086304804572399,0.2751677852348993,0.20918367346938777,0.639067070806753,0,tox21-ap1-agonist-p1_Activity__t7__t0,ap1-agonist-p1,similarity_lt_1,recomputed_max_toxicity,3,Signaling pathways,6067,652
5415,408,0.07534626038781163,0.2,evaluated,0.7486212929349891,0.20770889104627768,0.20599591404001533,4684,323,292,116,0.21256027335196412,0.27390791027154665,0.2642369020501139,0.6099020195256053,0,tox21-ap1-agonist-p1_Activity__t7__t0,ap1-agonist-p1,similarity_lt_1,Mean_HepG2_Toxicity,3,Signaling pathways,6067,652
5415,408,0.07534626038781163,0.2,evaluated,0.7357368801325204,0.19882124445021043,0.19752808527742577,4696,311,290,118,0.2219403596823818,0.2819593787335723,0.27505827505827507,0.613551322266474,0,tox21-ap1-agonist-p1_Activity__t7__t0,ap1-agonist-p1,similarity_lt_1,Mean_HSkMC_Toxicity,3,Signaling pathways,6067,652
5415,408,0.07534626038781163,0.2,evaluated,0.7290819813046049,0.18592283265263823,0.18433219700354714,4453,554,262,146,0.19447959093761055,0.26353790613718414,0.20857142857142857,0.623599020195256,0,tox21-ap1-agonist-p1_Activity__t7__t0,ap1-agonist-p1,similarity_lt_1,Mean_IMR90_Toxicity,3,Signaling pathways,6067,652
5525,203,0.0367420814479638,0.2,evaluated,0.662074704313168,0.10043494674252144,0.09707777150205411,4531,791,143,60,0.07657922001720317,0.11385199240986717,0.07050528789659224,0.573469083625364,0,tox21-ar-bla-agonist-p1_Activity__t26__t0,ar-bla-agonist-p1,similarity_lt_1,recomputed_max_toxicity,4,Receptors / hormone signaling,6067,542
5525,203,0.0367420814479638,0.2,evaluated,0.6870579044508991,0.08996406790919663,0.08736719558437714,4848,474,162,41,0.07306017321117579,0.11420612813370473,0.07961165048543689,0.5564530908969738,0,tox21-ar-bla-agonist-p1_Activity__t26__t0,ar-bla-agonist-p1,similarity_lt_1,Mean_HepG2_Toxicity,4,Receptors / hormone signaling,6067,542
5525,203,0.0367420814479638,0.2,evaluated,0.68263255230172,0.09596624308574837,0.0948312163675833,4880,442,167,36,0.06309765195461023,0.10572687224669604,0.07531380753138076,0.5471442085367366,0,tox21-ar-bla-agonist-p1_Activity__t26__t0,ar-bla-agonist-p1,similarity_lt_1,Mean_HSkMC_Toxicity,4,Receptors / hormone signaling,6067,542
5525,203,0.0367420814479638,0.2,evaluated,0.667894954117401,0.10479326737733727,0.10204276488354865,4621,701,145,58,0.08415879077796336,0.12058212058212059,0.0764163372859025,0.5769984431202019,0,tox21-ar-bla-agonist-p1_Activity__t26__t0,ar-bla-agonist-p1,similarity_lt_1,Mean_IMR90_Toxicity,4,Receptors / hormone signaling,6067,542
5525,405,0.07330316742081448,0.2,evaluated,0.7265591242283952,0.14962954690983213,0.14830464964783469,4408,712,266,139,0.14739989063343065,0.2213375796178344,0.16333725029377202,0.6020736882716049,0,tox21-ar-bla-antagonist-p1_Activity__t25__t0,ar-bla-antagonist-p1,similarity_lt_1,recomputed_max_toxicity,4,Receptors / hormone signaling,6067,542
5525,405,0.07330316742081448,0.2,evaluated,0.7450139853395062,0.1526770474551203,0.15140020848990493,4684,436,326,79,0.09852792930938291,0.17173913043478262,0.1533980582524272,0.5549527391975309,0,tox21-ar-bla-antagonist-p1_Activity__t25__t0,ar-bla-antagonist-p1,similarity_lt_1,Mean_HepG2_Toxicity,4,Receptors / hormone signaling,6067,542
5525,405,0.07330316742081448,0.2,evaluated,0.7510334683641976,0.15766575573223662,0.15607097785305415,4721,399,326,79,0.10859444294678454,0.17893544733861835,0.16527196652719664,0.5585660204475309,0,tox21-ar-bla-antagonist-p1_Activity__t25__t0,ar-bla-antagonist-p1,similarity_lt_1,Mean_HSkMC_Toxicity,4,Receptors / hormone signaling,6067,542
5525,405,0.07330316742081448,0.2,evaluated,0.7139525462962963,0.14949326339740232,0.14803297398848925,4485,635,281,124,0.13790891286405835,0.21305841924398625,0.16337285902503293,0.5910747010030865,0,tox21-ar-bla-antagonist-p1_Activity__t25__t0,ar-bla-antagonist-p1,similarity_lt_1,Mean_IMR90_Toxicity,4,Receptors / hormone signaling,6067,542
5525,230,0.0416289592760181,0.2,evaluated,0.573823541487047,0.045327639655588454,0.04492979374498902,4470,825,204,26,-0.023662735064766904,0.04810360777058279,0.03055229142185664,0.47861805641088806,0,tox21-ar-mda-kb2-luc-agonist-p1_Activity__t10__t0,ar-mda-kb2-luc-agonist-p1,similarity_lt_1,recomputed_max_toxicity,4,Receptors / hormone signaling,6067,542
5525,230,0.0416289592760181,0.2,evaluated,0.6086472061419714,0.05036018867026067,0.04990963233871076,4793,502,217,13,-0.026302647646270133,0.0348993288590604,0.02524271844660194,0.4808576589892023,0,tox21-ar-mda-kb2-luc-agonist-p1_Activity__t10__t0,ar-mda-kb2-luc-agonist-p1,similarity_lt_1,Mean_HepG2_Toxicity,4,Receptors / hormone signaling,6067,542
5525,230,0.0416289592760181,0.2,evaluated,0.6014681611035843,0.04947855356804273,0.04897959475651506,4828,467,219,11,-0.028683262179013465,0.031073446327683617,0.02301255230125523,0.47981483762368105,0,tox21-ar-mda-kb2-luc-agonist-p1_Activity__t10__t0,ar-mda-kb2-luc-agonist-p1,similarity_lt_1,Mean_HSkMC_Toxicity,4,Receptors / hormone signaling,6067,542
5525,230,0.0416289592760181,0.2,evaluated,0.5814123249989736,0.04662544374652358,0.04620101709765047,4560,735,206,24,-0.019996047605572456,0.04853387259858443,0.03162055335968379,0.4827688138933366,0,tox21-ar-mda-kb2-luc-agonist-p1_Activity__t10__t0,ar-mda-kb2-luc-agonist-p1,similarity_lt_1,Mean_IMR90_Toxicity,4,Receptors / hormone signaling,6067,542
5415,157,0.028993536472760848,0.2,evaluated,0.5738940722417523,0.03153977905649692,0.031222945905306138,4491,767,140,17,-0.01792537386853864,0.036131774707757705,0.021683673469387755,0.4812036496403418,0,tox21-ar-mda-kb2-luc-agonist-p3_Activity__t38__t0,ar-mda-kb2-luc-agonist-p3,similarity_lt_1,recomputed_max_toxicity,4,Receptors / hormone signaling,6067,652
5415,157,0.028993536472760848,0.2,evaluated,0.6183274258454814,0.03614772656305744,0.03578476779509859,4827,431,149,8,-0.019065943125183466,0.026845637583892617,0.018223234624145785,0.4844925415442165,0,tox21-ar-mda-kb2-luc-agonist-p3_Activity__t38__t0,ar-mda-kb2-luc-agonist-p3,similarity_lt_1,Mean_HepG2_Toxicity,4,Receptors / hormone signaling,6067,652
5415,157,0.028993536472760848,0.2,evaluated,0.6020271203358909,0.03429423107036905,0.033956407225466737,4833,425,153,4,-0.0343862465362372,0.013651877133105802,0.009324009324009324,0.4723242471889968,0,tox21-ar-mda-kb2-luc-agonist-p3_Activity__t38__t0,ar-mda-kb2-luc-agonist-p3,similarity_lt_1,Mean_HSkMC_Toxicity,4,Receptors / hormone signaling,6067,652
5415,157,0.028993536472760848,0.2,evaluated,0.5846450540638106,0.032688438026006066,0.03234717115960002,4575,683,140,17,-0.01081101740811557,0.039673278879813305,0.024285714285714285,0.4891914777118519,0,tox21-ar-mda-kb2-luc-agonist-p3_Activity__t38__t0,ar-mda-kb2-luc-agonist-p3,similarity_lt_1,Mean_IMR90_Toxicity,4,Receptors / hormone signaling,6067,652
5415,858,0.15844875346260387,0.2,evaluated,0.7442471762748261,0.30518586143200455,0.3039935824657529,4040,517,591,267,0.20519918465677392,0.32521315468940315,0.3405612244897959,0.5988684894214849,0,tox21-ar-mda-kb2-luc-antagonist-p2_Activity__t16__t0,ar-mda-kb2-luc-antagonist-p2,similarity_lt_1,recomputed_max_toxicity,4,Receptors / hormone signaling,6067,652
5415,858,0.15844875346260387,0.2,evaluated,0.7759315697103716,0.33245483913925156,0.33165213123610304,4280,277,696,162,0.17128032512781977,0.24980724749421743,0.3690205011389522,0.5640127921233912,0,tox21-ar-mda-kb2-luc-antagonist-p2_Activity__t16__t0,ar-mda-kb2-luc-antagonist-p2,similarity_lt_1,Mean_HepG2_Toxicity,4,Receptors / hormone signaling,6067,652
5415,858,0.15844875346260387,0.2,evaluated,0.756935716613136,0.31894647534489606,0.31803708984075285,4286,271,700,158,0.1685683315092578,0.24553224553224554,0.3682983682983683,0.5623401176396569,0,tox21-ar-mda-kb2-luc-antagonist-p2_Activity__t16__t0,ar-mda-kb2-luc-antagonist-p2,similarity_lt_1,Mean_HSkMC_Toxicity,4,Receptors / hormone signaling,6067,652
5415,858,0.15844875346260387,0.2,evaluated,0.7324998350343972,0.30048288083069447,0.29968088556944483,4089,468,626,232,0.1825235512393449,0.29781771501925547,0.3314285714285714,0.5838485631112359,0,tox21-ar-mda-kb2-luc-antagonist-p2_Activity__t16__t0,ar-mda-kb2-luc-antagonist-p2,similarity_lt_1,Mean_IMR90_Toxicity,4,Receptors / hormone signaling,6067,652
5121,749,0.1462604959968756,0.2,evaluated,0.7135659378714163,0.28787848911259667,0.28688314501626094,3886,486,497,252,0.22667443547043445,0.3389374579690652,0.34146341463414637,0.6126433292575523,0,tox21-are-bla-p1_Activity__t31__t0,are-bla-p1,similarity_lt_1,recomputed_max_toxicity,2,Cellular stress responses,6067,946
5121,749,0.1462604959968756,0.2,evaluated,0.7353971199171326,0.2952678568789648,0.29397291308280865,4105,267,595,154,0.18593884546867534,0.26324786324786326,0.3657957244655582,0.5722685141640516,0,tox21-are-bla-p1_Activity__t31__t0,are-bla-p1,similarity_lt_1,Mean_HepG2_Toxicity,2,Cellular stress responses,6067,946
5121,749,0.1462604959968756,0.2,evaluated,0.7216361675280368,0.29110180068489216,0.29013832015420143,4111,261,599,150,0.18282644023573993,0.25862068965517243,0.36496350364963503,0.570284472007202,0,tox21-are-bla-p1_Activity__t31__t0,are-bla-p1,similarity_lt_1,Mean_HSkMC_Toxicity,2,Cellular stress responses,6067,946
5121,749,0.1462604959968756,0.2,evaluated,0.7054969297275904,0.28408561603248095,0.2827386181254001,3940,432,526,223,0.2104644548621647,0.3176638176638177,0.34045801526717556,0.5994598470421679,0,tox21-are-bla-p1_Activity__t31__t0,are-bla-p1,similarity_lt_1,Mean_IMR90_Toxicity,2,Cellular stress responses,6067,946
5525,533,0.09647058823529411,0.2,evaluated,0.6586113767017847,0.1510036328929476,0.14983121074845648,4271,721,403,130,0.08135603374008603,0.18786127167630057,0.15276145710928318,0.5497356746404003,0,tox21-aromatase-p1_Activity__t32__t0,aromatase-p1,similarity_lt_1,recomputed_max_toxicity,1,Enzyme activities,6067,542
5525,533,0.09647058823529411,0.2,evaluated,0.6973656912974455,0.1666720660457068,0.16539621915837124,4567,425,443,90,0.08501667011602072,0.1717557251908397,0.17475728155339806,0.5418596583802376,0,tox21-aromatase-p1_Activity__t32__t0,aromatase-p1,similarity_lt_1,Mean_HepG2_Toxicity,1,Enzyme activities,6067,542
5525,533,0.09647058823529411,0.2,evaluated,0.6851446366719586,0.1588666375477292,0.15796327968939583,4600,392,447,86,0.08698268360914868,0.17012858555885263,0.1799163179916318,0.5414126016260162,0,tox21-aromatase-p1_Activity__t32__t0,aromatase-p1,similarity_lt_1,Mean_HSkMC_Toxicity,1,Enzyme activities,6067,542
5525,533,0.09647058823529411,0.2,evaluated,0.6549184135517391,0.15107152436637578,0.1498012895738558,4346,646,420,113,0.07084111973303542,0.17492260061919504,0.14888010540184454,0.5413002267041901,0,tox21-aromatase-p1_Activity__t32__t0,aromatase-p1,similarity_lt_1,Mean_IMR90_Toxicity,1,Enzyme activities,6067,542
5415,873,0.16121883656509695,0.2,evaluated,0.6804833643786918,0.2430904972696543,0.2421473916769673,3959,583,672,201,0.10647238472446496,0.24260712130356066,0.25637755102040816,0.5509414990444285,0,tox21-car-antagonist-p1_Activity__t43__t0,car-antagonist-p1,similarity_lt_1,recomputed_max_toxicity,4,Receptors / hormone signaling,6067,652
5415,873,0.16121883656509695,0.2,evaluated,0.7235879910197959,0.26496203698054943,0.26390871125664683,4208,334,768,105,0.06297061085314311,0.1600609756097561,0.23917995444191345,0.5233695134075093,0,tox21-car-antagonist-p1_Activity__t43__t0,car-antagonist-p1,similarity_lt_1,Mean_HepG2_Toxicity,4,Receptors / hormone signaling,6067,652
5415,873,0.16121883656509695,0.2,evaluated,0.6913030879413371,0.24738311086350934,0.24671005124658335,4221,321,765,108,0.07221210384625196,0.16589861751152074,0.2517482517482518,0.5265188140925248,0,tox21-car-antagonist-p1_Activity__t43__t0,car-antagonist-p1,similarity_lt_1,Mean_HSkMC_Toxicity,4,Receptors / hormone signaling,6067,652
5415,873,0.16121883656509695,0.2,evaluated,0.6754530579552028,0.24310501371564858,0.24205685597855064,4024,518,691,182,0.10350231951784206,0.23140495867768596,0.26,0.5472149211407542,0,tox21-car-antagonist-p1_Activity__t43__t0,car-antagonist-p1,similarity_lt_1,Mean_IMR90_Toxicity,4,Receptors / hormone signaling,6067,652
5415,128,0.02363804247460757,0.2,evaluated,0.8860826082844713,0.2596139748217588,0.25508523021920376,4595,692,36,92,0.2537992209019193,0.20175438596491227,0.11734693877551021,0.7939314592396445,0,tox21-casp3-cho-p1_Activity__t6__t0,casp3-cho-p1,similarity_lt_1,recomputed_max_toxicity,5,Functional cytotoxicity / ion channels,6067,652
5415,128,0.02363804247460757,0.2,evaluated,0.888919756005296,0.26176823799041277,0.2572313513606557,4927,360,49,79,0.3056225804415913,0.2786596119929453,0.17995444191343962,0.774547977350104,0,tox21-casp3-cho-p1_Activity__t6__t0,casp3-cho-p1,similarity_lt_1,Mean_HepG2_Toxicity,5,Functional cytotoxicity / ion channels,6067,652
5415,128,0.02363804247460757,0.2,evaluated,0.8840123770569321,0.2617470175305527,0.25663823786262235,4936,351,50,78,0.3054170540133482,0.2800718132854578,0.18181818181818182,0.7714928716663514,0,tox21-casp3-cho-p1_Activity__t6__t0,casp3-cho-p1,similarity_lt_1,Mean_HSkMC_Toxicity,5,Functional cytotoxicity / ion channels,6067,652
5415,128,0.02363804247460757,0.2,evaluated,0.8798261064876112,0.25895841850174367,0.25369740535777296,4679,608,36,92,0.27338683394741803,0.2222222222222222,0.13142857142857142,0.8018754728579535,0,tox21-casp3-cho-p1_Activity__t6__t0,casp3-cho-p1,similarity_lt_1,Mean_IMR90_Toxicity,5,Functional cytotoxicity / ion channels,6067,652
5415,257,0.047460757156048014,0.2,evaluated,0.8580505821488436,0.33569192177902735,0.3326892195502015,4534,624,97,160,0.30308295895101073,0.30739673390970224,0.20408163265306123,0.7507954852346777,0,tox21-casp3-hepg2-p1_Activity__t5__t0,casp3-hepg2-p1,similarity_lt_1,recomputed_max_toxicity,5,Functional cytotoxicity / ion channels,6067,652
5415,257,0.047460757156048014,0.2,evaluated,0.8680890098566241,0.35499062036232076,0.3516684854435328,4850,308,126,131,0.35055918406914044,0.3764367816091954,0.2984054669703872,0.7250072796894401,0,tox21-casp3-hepg2-p1_Activity__t5__t0,casp3-hepg2-p1,similarity_lt_1,Mean_HepG2_Toxicity,5,Functional cytotoxicity / ion channels,6067,652
5415,257,0.047460757156048014,0.2,evaluated,0.8412922089972434,0.3069726975858827,0.30356632103247955,4854,304,132,125,0.3364971722158009,0.36443148688046645,0.2913752913752914,0.7137218751273002,0,tox21-casp3-hepg2-p1_Activity__t5__t0,casp3-hepg2-p1,similarity_lt_1,Mean_HSkMC_Toxicity,5,Functional cytotoxicity / ion channels,6067,652
5415,257,0.047460757156048014,0.2,evaluated,0.8539083257016038,0.33428396141012523,0.3309588633099648,4612,546,103,154,0.3126707747467606,0.3218390804597701,0.22,0.746683403665946,0,tox21-casp3-hepg2-p1_Activity__t5__t0,casp3-hepg2-p1,similarity_lt_1,Mean_IMR90_Toxicity,5,Functional cytotoxicity / ion channels,6067,652
5525,5525,1.0,0.2,single_class,,,,0,0,4674,851,,0.26693851944792973,1.0,,0,tox21-dt40-p1_Activity__t13__t0,dt40-p1,similarity_lt_1,recomputed_max_toxicity,2,Cellular stress responses,6067,542
5525,5525,1.0,0.2,single_class,,,,0,0,5010,515,,0.17052980132450332,1.0,,0,tox21-dt40-p1_Activity__t13__t0,dt40-p1,similarity_lt_1,Mean_HepG2_Toxicity,2,Cellular stress responses,6067,542
5525,5525,1.0,0.2,single_class,,,,0,0,5047,478,,0.1592537064800933,1.0,,0,tox21-dt40-p1_Activity__t13__t0,dt40-p1,similarity_lt_1,Mean_HSkMC_Toxicity,2,Cellular stress responses,6067,542
5525,5525,1.0,0.2,single_class,,,,0,0,4766,759,,0.24156588160407383,1.0,,0,tox21-dt40-p1_Activity__t13__t0,dt40-p1,similarity_lt_1,Mean_IMR90_Toxicity,2,Cellular stress responses,6067,542
5525,308,0.05574660633484163,0.2,evaluated,0.79476561391455,0.2779107901059641,0.27659312476061515,4528,689,146,162,0.25036234133952695,0.27955133735979293,0.19036427732079905,0.6969528937614045,0,tox21-elg1-luc-agonist-p1_Activity__t4__t0,elg1-luc-agonist-p1,similarity_lt_1,recomputed_max_toxicity,2,Cellular stress responses,6067,542
5525,308,0.05574660633484163,0.2,evaluated,0.8181357649442755,0.2819539084695951,0.28038686253668293,4833,384,177,131,0.27756156027182277,0.3183475091130012,0.2543689320388349,0.6758595774553222,0,tox21-elg1-luc-agonist-p1_Activity__t4__t0,elg1-luc-agonist-p1,similarity_lt_1,Mean_HepG2_Toxicity,2,Cellular stress responses,6067,542
5525,308,0.05574660633484163,0.2,evaluated,0.7921878772942603,0.27167940238370414,0.27041941584673646,4857,360,190,118,0.2563535287056154,0.30025445292620867,0.24686192468619247,0.6570558538643645,0,tox21-elg1-luc-agonist-p1_Activity__t4__t0,elg1-luc-agonist-p1,similarity_lt_1,Mean_HSkMC_Toxicity,2,Cellular stress responses,6067,542
5525,308,0.05574660633484163,0.2,evaluated,0.7917590843122758,0.27944387014365657,0.27795755516843346,4609,608,157,151,0.24907577932017394,0.2830365510777882,0.19894598155467721,0.6868588331354288,0,tox21-elg1-luc-agonist-p1_Activity__t4__t0,elg1-luc-agonist-p1,similarity_lt_1,Mean_IMR90_Toxicity,2,Cellular stress responses,6067,542
5525,322,0.05828054298642534,0.2,evaluated,0.7121560303838087,0.13017837499580096,0.12785867675441992,4462,741,212,110,0.12927920207038118,0.1875532821824382,0.12925969447708577,0.5995985354841867,0,tox21-er-bla-agonist-p2_Activity__t34__t0,er-bla-agonist-p2,similarity_lt_1,recomputed_max_toxicity,4,Receptors / hormone signaling,6067,542
5525,322,0.05828054298642534,0.2,evaluated,0.7307448044188554,0.13024793933721712,0.1284023187304871,4758,445,252,70,0.10625703870106559,0.16726403823178015,0.13592233009708737,0.5659318620528291,0,tox21-er-bla-agonist-p2_Activity__t34__t0,er-bla-agonist-p2,similarity_lt_1,Mean_HepG2_Toxicity,4,Receptors / hormone signaling,6067,542
5525,322,0.05828054298642534,0.2,evaluated,0.7042186602807985,0.12998776486830094,0.12849733969474939,4791,412,256,66,0.10482120820644163,0.165,0.13807531380753138,0.5628919292858994,0,tox21-er-bla-agonist-p2_Activity__t34__t0,er-bla-agonist-p2,similarity_lt_1,Mean_HSkMC_Toxicity,4,Receptors / hormone signaling,6067,542
5525,322,0.05828054298642534,0.2,evaluated,0.7188763529879442,0.13710331183143398,0.13513223995537327,4548,655,218,104,0.1341303147375726,0.19241443108233117,0.1370223978919631,0.5985462281077687,0,tox21-er-bla-agonist-p2_Activity__t34__t0,er-bla-agonist-p2,similarity_lt_1,Mean_IMR90_Toxicity,4,Receptors / hormone signaling,6067,542
5525,372,0.06733031674208145,0.2,evaluated,0.7587836399717046,0.18037512323226115,0.17859695156344096,4461,692,213,159,0.20349356280199332,0.26001635322976285,0.18683901292596944,0.6465643251973483,0,tox21-er-bla-antagonist-p1_Activity__t8__t0,er-bla-antagonist-p1,similarity_lt_1,recomputed_max_toxicity,4,Receptors / hormone signaling,6067,542
5525,372,0.06733031674208145,0.2,evaluated,0.779635362217228,0.18952852353404226,0.18765227293371106,4752,401,258,114,0.19706873334301234,0.2570462232243517,0.22135922330097088,0.6143164332709414,0,tox21-er-bla-antagonist-p1_Activity__t8__t0,er-bla-antagonist-p1,similarity_lt_1,Mean_HepG2_Toxicity,4,Receptors / hormone signaling,6067,542
5525,372,0.06733031674208145,0.2,evaluated,0.7692671457695591,0.18573841841620975,0.18393485412583063,4782,371,265,107,0.1922185319503125,0.25176470588235295,0.22384937238493724,0.6078187567947683,0,tox21-er-bla-antagonist-p1_Activity__t8__t0,er-bla-antagonist-p1,similarity_lt_1,Mean_HSkMC_Toxicity,4,Receptors / hormone signaling,6067,542
5525,372,0.06733031674208145,0.2,evaluated,0.749182280287712,0.18015425705109434,0.17824279965597184,4536,617,230,142,0.1907124256011163,0.251105216622458,0.18708827404479578,0.630992177017668,0,tox21-er-bla-antagonist-p1_Activity__t8__t0,er-bla-antagonist-p1,similarity_lt_1,Mean_IMR90_Toxicity,4,Receptors / hormone signaling,6067,542
5525,975,0.17647058823529413,0.2,evaluated,0.7068879120879119,0.3681804047949858,0.3675903957101517,4022,528,652,323,0.22730972271079092,0.3537787513691128,0.3795534665099882,0.6076190476190476,0,tox21-er-luc-bg1-4e2-agonist-p2_Activity__t9__t0,er-luc-bg1-4e2-agonist-p2,similarity_lt_1,recomputed_max_toxicity,4,Receptors / hormone signaling,6067,542
5525,975,0.17647058823529413,0.2,evaluated,0.7250697097774021,0.38849446836838664,0.3878296747703093,4282,268,728,247,0.2549492835558437,0.3315436241610738,0.4796116504854369,0.5972161172161172,0,tox21-er-luc-bg1-4e2-agonist-p2_Activity__t9__t0,er-luc-bg1-4e2-agonist-p2,similarity_lt_1,Mean_HepG2_Toxicity,4,Receptors / hormone signaling,6067,542
5525,975,0.17647058823529413,0.2,evaluated,0.7076121724429416,0.37496638197111726,0.3743439523708122,4296,254,751,224,0.23584434576778734,0.3083275980729525,0.4686192468619247,0.5869597069597069,0,tox21-er-luc-bg1-4e2-agonist-p2_Activity__t9__t0,er-luc-bg1-4e2-agonist-p2,similarity_lt_1,Mean_HSkMC_Toxicity,4,Receptors / hormone signaling,6067,542
5525,975,0.17647058823529413,0.2,evaluated,0.6981066215835446,0.3608008438583928,0.36015870698019964,4071,479,695,280,0.20144392157649293,0.3229527104959631,0.3689064558629776,0.5909523809523809,0,tox21-er-luc-bg1-4e2-agonist-p2_Activity__t9__t0,er-luc-bg1-4e2-agonist-p2,similarity_lt_1,Mean_IMR90_Toxicity,4,Receptors / hormone signaling,6067,542
5415,102,0.018836565096952907,0.2,evaluated,0.696117182050686,0.03063173590707502,0.030130015685636176,4553,760,78,24,0.03563978668473381,0.05417607223476298,0.030612244897959183,0.546124378605197,0,tox21-er-luc-bg1-4e2-agonist-p4_Activity__t23__t0,er-luc-bg1-4e2-agonist-p4,similarity_lt_1,recomputed_max_toxicity,4,Receptors / hormone signaling,6067,652
5415,102,0.018836565096952907,0.2,evaluated,0.7212682174319002,0.03396885534994076,0.03342296738175987,4887,426,89,13,0.023544302471993,0.04805914972273567,0.029612756264236904,0.5236351457579079,0,tox21-er-luc-bg1-4e2-agonist-p4_Activity__t23__t0,er-luc-bg1-4e2-agonist-p4,similarity_lt_1,Mean_HepG2_Toxicity,4,Receptors / hormone signaling,6067,652
5415,102,0.018836565096952907,0.2,evaluated,0.6853740178548362,0.02946847530646677,0.02898860901831954,4894,419,92,10,0.0096521566358228,0.03766478342749529,0.023310023310023312,0.5095880249332935,0,tox21-er-luc-bg1-4e2-agonist-p4_Activity__t23__t0,er-luc-bg1-4e2-agonist-p4,similarity_lt_1,Mean_HSkMC_Toxicity,4,Receptors / hormone signaling,6067,652
5415,102,0.018836565096952907,0.2,evaluated,0.7133114115211301,0.03322145563263958,0.03266505690219012,4637,676,78,24,0.043786598169408754,0.059850374064837904,0.03428571428571429,0.5540295169451179,0,tox21-er-luc-bg1-4e2-agonist-p4_Activity__t23__t0,er-luc-bg1-4e2-agonist-p4,similarity_lt_1,Mean_IMR90_Toxicity,4,Receptors / hormone signaling,6067,652
5415,457,0.08439519852262234,0.2,evaluated,0.7777172891236055,0.24606602244959389,0.2448583789241838,4364,594,267,190,0.23379335094414583,0.30620467365028203,0.2423469387755102,0.6479742749379249,0,tox21-er-luc-bg1-4e2-antagonist-p2_Activity__t39__t0,er-luc-bg1-4e2-antagonist-p2,similarity_lt_1,recomputed_max_toxicity,4,Receptors / hormone signaling,6067,652
5415,457,0.08439519852262234,0.2,evaluated,0.8080923521254688,0.27502785423805426,0.2736803641911657,4660,298,316,141,0.2530120871102543,0.31473214285714285,0.3211845102505695,0.6242145179243059,0,tox21-er-luc-bg1-4e2-antagonist-p2_Activity__t39__t0,er-luc-bg1-4e2-antagonist-p2,similarity_lt_1,Mean_HepG2_Toxicity,4,Receptors / hormone signaling,6067,652
5415,457,0.08439519852262234,0.2,evaluated,0.7852042496136032,0.24365416978678744,0.24226474516661628,4665,293,321,136,0.24546453199105991,0.30699774266365687,0.317016317016317,0.6192482939845688,0,tox21-er-luc-bg1-4e2-antagonist-p2_Activity__t39__t0,er-luc-bg1-4e2-antagonist-p2,similarity_lt_1,Mean_HSkMC_Toxicity,4,Receptors / hormone signaling,6067,652
5415,457,0.08439519852262234,0.2,evaluated,0.7544010828817648,0.237648065543248,0.23643596343558448,4424,534,291,166,0.21172387460482517,0.28694900605012963,0.23714285714285716,0.6277668961949964,0,tox21-er-luc-bg1-4e2-antagonist-p2_Activity__t39__t0,er-luc-bg1-4e2-antagonist-p2,similarity_lt_1,Mean_IMR90_Toxicity,4,Receptors / hormone signaling,6067,652
5415,389,0.07183748845798707,0.2,evaluated,0.7807071608100601,0.18905374577366235,0.1872417625055483,4400,626,231,158,0.20665694731285636,0.2693947144075021,0.20153061224489796,0.6408086689574112,0,tox21-erb-bla-antagonist-p1_Activity__t15__t0,erb-bla-antagonist-p1,similarity_lt_1,recomputed_max_toxicity,4,Receptors / hormone signaling,6067,652
5415,389,0.07183748845798707,0.2,evaluated,0.8013443205869326,0.20086532196793364,0.1988130078351705,4695,331,281,108,0.200351801271517,0.2608695652173913,0.2460136674259681,0.6058887103258429,0,tox21-erb-bla-antagonist-p1_Activity__t15__t0,erb-bla-antagonist-p1,similarity_lt_1,Mean_HepG2_Toxicity,4,Receptors / hormone signaling,6067,652
5415,389,0.07183748845798707,0.2,evaluated,0.7997863551690592,0.2047107285021515,0.20303123450542976,4708,318,278,111,0.2123161299513864,0.2713936430317848,0.25874125874125875,0.6110380264271035,0,tox21-erb-bla-antagonist-p1_Activity__t15__t0,erb-bla-antagonist-p1,similarity_lt_1,Mean_HSkMC_Toxicity,4,Receptors / hormone signaling,6067,652
5415,389,0.07183748845798707,0.2,evaluated,0.7674143298037863,0.18558338575188263,0.18347761025822465,4461,565,254,135,0.18058284797482604,0.24793388429752067,0.19285714285714287,0.6173141310429979,0,tox21-erb-bla-antagonist-p1_Activity__t15__t0,erb-bla-antagonist-p1,similarity_lt_1,Mean_IMR90_Toxicity,4,Receptors / hormone signaling,6067,652
5415,87,0.016066481994459834,0.2,evaluated,0.6628438783611198,0.03374201499722858,0.03031806519975413,4564,764,67,20,0.03090441772940766,0.045924225028702644,0.025510204081632654,0.5432458320389355,0,tox21-erb-bla-p1_Activity__t27__t0,erb-bla-p1,similarity_lt_1,recomputed_max_toxicity,4,Receptors / hormone signaling,6067,652
5415,87,0.016066481994459834,0.2,evaluated,0.6932816437126781,0.038014361753922525,0.033631677022565976,4897,431,79,8,0.005095058057380169,0.030418250950570342,0.018223234624145785,0.5055303147975562,0,tox21-erb-bla-p1_Activity__t27__t0,erb-bla-p1,similarity_lt_1,Mean_HepG2_Toxicity,4,Receptors / hormone signaling,6067,652
5415,87,0.016066481994459834,0.2,evaluated,0.6528166097131615,0.023049822687519587,0.02230148151138896,4903,425,83,4,-0.01572998941445992,0.015503875968992248,0.009324009324009324,0.48310487211349284,0,tox21-erb-bla-p1_Activity__t27__t0,erb-bla-p1,similarity_lt_1,Mean_HSkMC_Toxicity,4,Receptors / hormone signaling,6067,652
5415,87,0.016066481994459834,0.2,evaluated,0.6779149839494666,0.04016277152023909,0.0354628494697505,4648,680,67,20,0.03832187401145526,0.05082592121982211,0.02857142857142857,0.5511287149218184,0,tox21-erb-bla-p1_Activity__t27__t0,erb-bla-p1,similarity_lt_1,Mean_IMR90_Toxicity,4,Receptors / hormone signaling,6067,652
5415,5415,1.0,0.2,single_class,,,,0,0,4631,784,,0.25294402322955317,1.0,,0,tox21-err-p1_Activity__t2__t0,err-p1,similarity_lt_1,recomputed_max_toxicity,4,Receptors / hormone signaling,6067,652
5415,5415,1.0,0.2,single_class,,,,0,0,4976,439,,0.14998291766313632,1.0,,0,tox21-err-p1_Activity__t2__t0,err-p1,similarity_lt_1,Mean_HepG2_Toxicity,4,Receptors / hormone signaling,6067,652
5415,5415,1.0,0.2,single_class,,,,0,0,4986,429,,0.14681724845995894,1.0,,0,tox21-err-p1_Activity__t2__t0,err-p1,similarity_lt_1,Mean_HSkMC_Toxicity,4,Receptors / hormone signaling,6067,652
5415,5415,1.0,0.2,single_class,,,,0,0,4715,700,,0.22894521668029436,1.0,,0,tox21-err-p1_Activity__t2__t0,err-p1,similarity_lt_1,Mean_IMR90_Toxicity,4,Receptors / hormone signaling,6067,652
5121,83,0.016207771919546962,0.2,evaluated,0.7624822433840165,0.09525262418907826,0.0914726463850638,4338,700,45,38,0.1146545871277614,0.0925700365408039,0.051490514905149054,0.6594436499471487,0,tox21-fxr-bla-agonist-p2_Activity__t41__t0,fxr-bla-agonist-p2,similarity_lt_1,recomputed_max_toxicity,4,Receptors / hormone signaling,6067,946
5121,83,0.016207771919546962,0.2,evaluated,0.7868273411231269,0.08666014723050632,0.08000725580946018,4646,392,54,29,0.12485048240986245,0.11507936507936507,0.0688836104513064,0.6357944680667889,0,tox21-fxr-bla-agonist-p2_Activity__t41__t0,fxr-bla-agonist-p2,similarity_lt_1,Mean_HepG2_Toxicity,4,Receptors / hormone signaling,6067,946
5121,83,0.016207771919546962,0.2,evaluated,0.7789809496022997,0.0765611243699838,0.07372236912138629,4651,387,59,24,0.0986891605644716,0.09716599190283401,0.058394160583941604,0.6061702148012454,0,tox21-fxr-bla-agonist-p2_Activity__t41__t0,fxr-bla-agonist-p2,similarity_lt_1,Mean_HSkMC_Toxicity,4,Receptors / hormone signaling,6067,946
5121,83,0.016207771919546962,0.2,evaluated,0.7305227260769955,0.09951915183050179,0.09271759311287028,4419,619,47,36,0.11753444139418212,0.0975609756097561,0.0549618320610687,0.6554343615031782,0,tox21-fxr-bla-agonist-p2_Activity__t41__t0,fxr-bla-agonist-p2,similarity_lt_1,Mean_IMR90_Toxicity,4,Receptors / hormone signaling,6067,946
5525,421,0.07619909502262444,0.2,evaluated,0.6664283148050247,0.12884417982154303,0.12748138666107206,4375,729,299,122,0.10801342323368464,0.1918238993710692,0.14336075205640422,0.5734785348364471,0,tox21-gr-hela-bla-antagonist-p1_Activity__t22__t0,gr-hela-bla-antagonist-p1,similarity_lt_1,recomputed_max_toxicity,4,Receptors / hormone signaling,6067,542
5525,421,0.07619909502262444,0.2,evaluated,0.6967212618857921,0.13548221440154332,0.13409096947867813,4664,440,346,75,0.0839035157721688,0.16025641025641027,0.14563106796116504,0.5459701859284135,0,tox21-gr-hela-bla-antagonist-p1_Activity__t22__t0,gr-hela-bla-antagonist-p1,similarity_lt_1,Mean_HepG2_Toxicity,4,Receptors / hormone signaling,6067,542
5525,421,0.07619909502262444,0.2,evaluated,0.705134392288848,0.14071109770044882,0.1395418917392345,4700,404,347,74,0.09118543426189156,0.1646273637374861,0.15481171548117154,0.5483091832403815,0,tox21-gr-hela-bla-antagonist-p1_Activity__t22__t0,gr-hela-bla-antagonist-p1,similarity_lt_1,Mean_HSkMC_Toxicity,4,Receptors / hormone signaling,6067,542
5525,421,0.07619909502262444,0.2,evaluated,0.6634936317470719,0.1320963707729361,0.1306037504021599,4456,648,310,111,0.1053568770069653,0.188135593220339,0.14624505928853754,0.5683493547978764,0,tox21-gr-hela-bla-antagonist-p1_Activity__t22__t0,gr-hela-bla-antagonist-p1,similarity_lt_1,Mean_IMR90_Toxicity,4,Receptors / hormone signaling,6067,542
5415,247,0.0456140350877193,0.2,evaluated,0.6399902545718905,0.06673901207492955,0.06529614728329006,4432,736,199,48,0.030783991202961148,0.09311348205625607,0.061224489795918366,0.5259585615622767,0,tox21-hdac-p1_Activity__t11__t0,hdac-p1,similarity_lt_1,recomputed_max_toxicity,1,Enzyme activities,6067,652
5415,247,0.0456140350877193,0.2,evaluated,0.6878909138767376,0.07502834154217956,0.07385555362579489,4761,407,215,32,0.038833605475387535,0.09329446064139942,0.07289293849658314,0.5254003929507025,0,tox21-hdac-p1_Activity__t11__t0,hdac-p1,similarity_lt_1,Mean_HepG2_Toxicity,1,Enzyme activities,6067,652
5415,247,0.0456140350877193,0.2,evaluated,0.6433181145886865,0.06395963602944794,0.06240461745867987,4763,405,223,24,0.014522535247073186,0.07100591715976332,0.055944055944055944,0.5093995594189092,0,tox21-hdac-p1_Activity__t11__t0,hdac-p1,similarity_lt_1,Mean_HSkMC_Toxicity,1,Enzyme activities,6067,652
5415,247,0.0456140350877193,0.2,evaluated,0.6455711572930898,0.06819238659590816,0.06683756765445754,4514,654,201,46,0.03711918019271329,0.09714889123548047,0.06571428571428571,0.529843415098833,0,tox21-hdac-p1_Activity__t11__t0,hdac-p1,similarity_lt_1,Mean_IMR90_Toxicity,1,Enzyme activities,6067,652
5415,595,0.10987996306555864,0.2,evaluated,0.8206448969629345,0.35341677174288905,0.3522619669999189,4307,513,324,271,0.3102059657304191,0.3930384336475707,0.34566326530612246,0.6745153248021201,0,tox21-herg-u2os-p1_Activity__t18__t0,herg-u2os-p1,similarity_lt_1,recomputed_max_toxicity,5,Functional cytotoxicity / ion channels,6067,652
5415,595,0.10987996306555864,0.2,evaluated,0.859812406290317,0.4068222995676698,0.4054191782139508,4592,228,384,211,0.35212664469426075,0.4081237911025145,0.4806378132118451,0.6536594720875902,0,tox21-herg-u2os-p1_Activity__t18__t0,herg-u2os-p1,similarity_lt_1,Mean_HepG2_Toxicity,5,Functional cytotoxicity / ion channels,6067,652
5415,595,0.10987996306555864,0.2,evaluated,0.8506136894591863,0.3886113292721693,0.3873126775234295,4580,240,406,189,0.3101531602679368,0.369140625,0.4405594405594406,0.6339272638515987,0,tox21-herg-u2os-p1_Activity__t18__t0,herg-u2os-p1,similarity_lt_1,Mean_HSkMC_Toxicity,5,Functional cytotoxicity / ion channels,6067,652
5415,595,0.10987996306555864,0.2,evaluated,0.7733817427385892,0.30537788448174513,0.30400095261284815,4344,476,371,224,0.2588761844272119,0.34594594594594597,0.32,0.6388577007566512,0,tox21-herg-u2os-p1_Activity__t18__t0,herg-u2os-p1,similarity_lt_1,Mean_IMR90_Toxicity,5,Functional cytotoxicity / ion channels,6067,652
5415,83,0.015327793167128347,0.2,evaluated,0.6226534043149342,0.020669985794909376,0.02023868917307628,4565,767,66,17,0.021286815449434178,0.0392156862745098,0.021683673469387755,0.5304854074964525,0,tox21-ms-p53-p1_Activity__t44__t0,ms-p53-p1,similarity_lt_1,recomputed_max_toxicity,2,Cellular stress responses,6067,652
5415,83,0.015327793167128347,0.2,evaluated,0.648801507605817,0.022102521516877416,0.02164671868885359,4898,434,78,5,-0.009521646947688143,0.019157088122605363,0.011389521640091117,0.48942280750910616,0,tox21-ms-p53-p1_Activity__t44__t0,ms-p53-p1,similarity_lt_1,Mean_HepG2_Toxicity,2,Cellular stress responses,6067,652
5415,83,0.015327793167128347,0.2,evaluated,0.7054723018103923,0.028365149866574627,0.0277759857941897,4908,424,78,5,-0.00876923981546043,0.01953125,0.011655011655011656,0.49036054194271456,0,tox21-ms-p53-p1_Activity__t44__t0,ms-p53-p1,similarity_lt_1,Mean_HSkMC_Toxicity,2,Cellular stress responses,6067,652
5415,83,0.015327793167128347,0.2,evaluated,0.5948874266759461,0.01851650379471182,0.018132451065343898,4645,687,70,13,0.010173128915287877,0.033205619412515965,0.018571428571428572,0.513890897423151,0,tox21-ms-p53-p1_Activity__t44__t0,ms-p53-p1,similarity_lt_1,Mean_IMR90_Toxicity,2,Cellular stress responses,6067,652
5415,62,0.011449676823638042,0.2,evaluated,0.6135751432720875,0.03057655391507234,0.030189762861008055,4579,774,52,10,0.005048665915661013,0.02364066193853428,0.012755102040816327,0.508349252454156,0,tox21-ms-p53-p2_Activity__t19__t0,ms-p53-p2,similarity_lt_1,recomputed_max_toxicity,2,Cellular stress responses,6067,652
5415,62,0.011449676823638042,0.2,evaluated,0.6393701451703298,0.01855408849471711,0.016529266722655284,4917,436,59,3,-0.01288719698188239,0.011976047904191617,0.00683371298405467,0.48346872118739564,0,tox21-ms-p53-p2_Activity__t19__t0,ms-p53-p2,similarity_lt_1,Mean_HepG2_Toxicity,2,Cellular stress responses,6067,652
5415,62,0.011449676823638042,0.2,evaluated,0.7029009961251755,0.03626963379516544,0.03573626432013418,4927,426,59,3,-0.01228759714597301,0.012219959266802444,0.006993006993006993,0.4844027768571136,0,tox21-ms-p53-p2_Activity__t19__t0,ms-p53-p2,similarity_lt_1,Mean_HSkMC_Toxicity,2,Cellular stress responses,6067,652
5415,62,0.011449676823638042,0.2,evaluated,0.5869003211946272,0.017357404168150667,0.014976812705816403,4662,691,53,9,0.005097416128855477,0.023622047244094488,0.012857142857142857,0.5080373983837824,0,tox21-ms-p53-p2_Activity__t19__t0,ms-p53-p2,similarity_lt_1,Mean_IMR90_Toxicity,2,Cellular stress responses,6067,652
5121,39,0.007615700058582308,0.2,evaluated,0.7187408551044916,0.024096871554427825,0.021073765533222637,4361,721,22,17,0.07278111959700226,0.043758043758043756,0.023035230352303523,0.6470120788302607,0,tox21-nfkb-bla-agonist-p1_Activity__t30__t0,nfkb-bla-agonist-p1,similarity_lt_1,recomputed_max_toxicity,3,Signaling pathways,6067,946
5121,39,0.007615700058582308,0.2,evaluated,0.7459611095974733,0.029943268478391197,0.025040923555082247,4671,411,29,10,0.05555553076810742,0.043478260869565216,0.023752969121140142,0.5877682923137468,0,tox21-nfkb-bla-agonist-p1_Activity__t30__t0,nfkb-bla-agonist-p1,similarity_lt_1,Mean_HepG2_Toxicity,3,Signaling pathways,6067,946
5121,39,0.007615700058582308,0.2,evaluated,0.7241294059475877,0.021547421582191365,0.019074576775889952,4678,404,32,7,0.03199475771082374,0.03111111111111111,0.0170316301703163,0.5499954590863682,0,tox21-nfkb-bla-agonist-p1_Activity__t30__t0,nfkb-bla-agonist-p1,similarity_lt_1,Mean_HSkMC_Toxicity,3,Signaling pathways,6067,946
5121,39,0.007615700058582308,0.2,evaluated,0.7032159759432487,0.021881863379970046,0.019513370600475814,4443,639,23,16,0.07405939380351914,0.04610951008645533,0.024427480916030534,0.6422592558956195,0,tox21-nfkb-bla-agonist-p1_Activity__t30__t0,nfkb-bla-agonist-p1,similarity_lt_1,Mean_IMR90_Toxicity,3,Signaling pathways,6067,946
5415,2335,0.4312096029547553,0.2,evaluated,0.6658757195695097,0.5812899140763593,0.5809237946269347,2797,283,1834,501,0.1726592105138147,0.32125681308111576,0.639030612244898,0.5613389554770711,0,tox21-p450-2c19-p1_Activity__t37__t0,p450-2c19-p1,similarity_lt_1,recomputed_max_toxicity,1,Enzyme activities,6067,652
5415,2335,0.4312096029547553,0.2,evaluated,0.6950118885397257,0.6042881930260405,0.6038545044522774,2947,133,2029,306,0.1594315581140435,0.220620043258832,0.6970387243735763,0.5439337161767568,0,tox21-p450-2c19-p1_Activity__t37__t0,p450-2c19-p1,similarity_lt_1,Mean_HepG2_Toxicity,1,Enzyme activities,6067,652
5415,2335,0.4312096029547553,0.2,evaluated,0.6847903862732556,0.6138107959164762,0.6135796371620492,2963,117,2023,312,0.1753543271047871,0.22575976845151954,0.7272727272727273,0.5478159153480353,0,tox21-p450-2c19-p1_Activity__t37__t0,p450-2c19-p1,similarity_lt_1,Mean_HSkMC_Toxicity,1,Enzyme activities,6067,652
5415,2335,0.4312096029547553,0.2,evaluated,0.6576537167329459,0.5734976818147722,0.5730538537763132,2826,254,1889,446,0.1602191096747545,0.2939044481054366,0.6371428571428571,0.5542694457576685,0,tox21-p450-2c19-p1_Activity__t37__t0,p450-2c19-p1,similarity_lt_1,Mean_IMR90_Toxicity,1,Enzyme activities,6067,652
5415,1689,0.31191135734072023,0.2,evaluated,0.7276080234995981,0.5348630178816725,0.5343308517412029,3402,324,1229,460,0.24408239702740137,0.37201779215527697,0.5867346938775511,0.5926969907586171,0,tox21-p450-3a4-p1_Activity__t29__t0,p450-3a4-p1,similarity_lt_1,recomputed_max_toxicity,1,Enzyme activities,6067,652
5415,1689,0.31191135734072023,0.2,evaluated,0.7636203059358858,0.5808249414201261,0.5802643594128699,3605,121,1371,318,0.2644468870368417,0.29887218045112784,0.724373576309795,0.5779012917723758,0,tox21-p450-3a4-p1_Activity__t29__t0,p450-3a4-p1,similarity_lt_1,Mean_HepG2_Toxicity,1,Enzyme activities,6067,652
5415,1689,0.31191135734072023,0.2,evaluated,0.7663446690355675,0.588734286342981,0.5881878569471345,3606,120,1380,309,0.25856325657351564,0.29178470254957506,0.7202797202797203,0.5753711855341325,0,tox21-p450-3a4-p1_Activity__t29__t0,p450-3a4-p1,similarity_lt_1,Mean_HSkMC_Toxicity,1,Enzyme activities,6067,652
5415,1689,0.31191135734072023,0.2,evaluated,0.7061229762725374,0.5081989460109552,0.507608811499815,3418,308,1297,392,0.20633707291163245,0.3281707827542905,0.56,0.574713810780946,0,tox21-p450-3a4-p1_Activity__t29__t0,p450-3a4-p1,similarity_lt_1,Mean_IMR90_Toxicity,1,Enzyme activities,6067,652
5415,117,0.021606648199445983,0.2,evaluated,0.8065307663269158,0.12313450325403019,0.11979592327407444,4582,716,49,68,0.1843054765576417,0.1509433962264151,0.08673469387755102,0.7230256216666182,0,tox21-p53-bla-p7_Activity__t0__t0,p53-bla-p7,similarity_lt_1,recomputed_max_toxicity,2,Cellular stress responses,6067,652
5415,117,0.021606648199445983,0.2,evaluated,0.8079020304388368,0.11958113649513369,0.11417256748261907,4909,389,67,50,0.18853393655929915,0.17985611510791366,0.11389521640091116,0.6769632468952967,0,tox21-p53-bla-p7_Activity__t0__t0,p53-bla-p7,similarity_lt_1,Mean_HepG2_Toxicity,2,Cellular stress responses,6067,652
5415,117,0.021606648199445983,0.2,evaluated,0.7915452694614642,0.09482469028980388,0.09264205453464079,4910,388,76,41,0.14921932766557006,0.15018315018315018,0.09557109557109557,0.6385960836696963,0,tox21-p53-bla-p7_Activity__t0__t0,p53-bla-p7,similarity_lt_1,Mean_HSkMC_Toxicity,2,Cellular stress responses,6067,652
5415,117,0.021606648199445983,0.2,evaluated,0.8118335253103091,0.12776423175482035,0.12222203265030909,4664,634,51,66,0.1926047806847429,0.16156670746634028,0.09428571428571429,0.7222173824665331,0,tox21-p53-bla-p7_Activity__t0__t0,p53-bla-p7,similarity_lt_1,Mean_IMR90_Toxicity,2,Cellular stress responses,6067,652
5415,5415,1.0,0.2,single_class,,,,0,0,4631,784,,0.25294402322955317,1.0,,0,tox21-pgc-err-p1_Activity__t33__t0,pgc-err-p1,similarity_lt_1,recomputed_max_toxicity,4,Receptors / hormone signaling,6067,652
5415,5415,1.0,0.2,single_class,,,,0,0,4976,439,,0.14998291766313632,1.0,,0,tox21-pgc-err-p1_Activity__t33__t0,pgc-err-p1,similarity_lt_1,Mean_HepG2_Toxicity,4,Receptors / hormone signaling,6067,652
5415,5415,1.0,0.2,single_class,,,,0,0,4986,429,,0.14681724845995894,1.0,,0,tox21-pgc-err-p1_Activity__t33__t0,pgc-err-p1,similarity_lt_1,Mean_HSkMC_Toxicity,4,Receptors / hormone signaling,6067,652
5415,5415,1.0,0.2,single_class,,,,0,0,4715,700,,0.22894521668029436,1.0,,0,tox21-pgc-err-p1_Activity__t33__t0,pgc-err-p1,similarity_lt_1,Mean_IMR90_Toxicity,4,Receptors / hormone signaling,6067,652
5121,73,0.01425502831478227,0.2,evaluated,0.7766781364652758,0.07941953565597908,0.07357342564221511,4349,699,34,39,0.1335846403027752,0.09617755856966707,0.052845528455284556,0.6978879469422313,0,tox21-ppard-bla-antagonist-p1_Activity__t17__t0,ppard-bla-antagonist-p1,similarity_lt_1,recomputed_max_toxicity,4,Receptors / hormone signaling,6067,946
5121,73,0.01425502831478227,0.2,evaluated,0.7761164057920674,0.07318362383287493,0.06652190035411228,4654,394,46,27,0.12593159985048857,0.10931174089068826,0.06413301662707839,0.6459061502724529,0,tox21-ppard-bla-antagonist-p1_Activity__t17__t0,ppard-bla-antagonist-p1,similarity_lt_1,Mean_HepG2_Toxicity,4,Receptors / hormone signaling,6067,946
5121,73,0.01425502831478227,0.2,evaluated,0.7745234787139353,0.0507373012297805,0.04883911098832873,4662,386,48,25,0.1160569336234463,0.10330578512396695,0.06082725060827251,0.632999913162408,0,tox21-ppard-bla-antagonist-p1_Activity__t17__t0,ppard-bla-antagonist-p1,similarity_lt_1,Mean_HSkMC_Toxicity,4,Receptors / hormone signaling,6067,946
5121,73,0.01425502831478227,0.2,evaluated,0.7853537546403838,0.09636940335996062,0.08876745574803942,4432,616,34,39,0.1463080080381288,0.10714285714285714,0.059541984732824425,0.706109024596748,0,tox21-ppard-bla-antagonist-p1_Activity__t17__t0,ppard-bla-antagonist-p1,similarity_lt_1,Mean_IMR90_Toxicity,4,Receptors / hormone signaling,6067,946
5525,240,0.04343891402714932,0.2,evaluated,0.744011352885525,0.16009775477710866,0.15822781362040556,4541,744,133,107,0.17226647403328751,0.19615032080659944,0.12573443008225618,0.6525287764112268,0,tox21-pparg-bla-agonist-p1_Activity__t14__t0,pparg-bla-agonist-p1,similarity_lt_1,recomputed_max_toxicity,4,Receptors / hormone signaling,6067,542
5525,240,0.04343891402714932,0.2,evaluated,0.7392928098391676,0.1443903789164144,0.1422700827878272,4851,434,159,81,0.17905805937231942,0.21456953642384105,0.15728155339805824,0.6276903973509934,0,tox21-pparg-bla-agonist-p1_Activity__t14__t0,pparg-bla-agonist-p1,similarity_lt_1,Mean_HepG2_Toxicity,4,Receptors / hormone signaling,6067,542
5525,240,0.04343891402714932,0.2,evaluated,0.7596515294859667,0.16051764583073191,0.15890305965365006,4885,400,162,78,0.18077748939725438,0.21727019498607242,0.16317991631799164,0.6246570482497635,0,tox21-pparg-bla-agonist-p1_Activity__t14__t0,pparg-bla-agonist-p1,similarity_lt_1,Mean_HSkMC_Toxicity,4,Receptors / hormone signaling,6067,542
5525,240,0.04343891402714932,0.2,evaluated,0.7380755282245348,0.15867256528706497,0.1564273422126196,4629,656,137,103,0.1806298591325633,0.2062062062062062,0.13570487483530963,0.6525208924629454,0,tox21-pparg-bla-agonist-p1_Activity__t14__t0,pparg-bla-agonist-p1,similarity_lt_1,Mean_IMR90_Toxicity,4,Receptors / hormone signaling,6067,542
5415,629,0.11615881809787627,0.2,evaluated,0.7727422058375083,0.2419429349208707,0.2407212055233368,4217,569,414,215,0.2029892451322694,0.3043170559094126,0.274234693877551,0.6114619880321314,0,tox21-pr-bla-antagonist-p1_Activity__t40__t0,pr-bla-antagonist-p1,similarity_lt_1,recomputed_max_toxicity,4,Receptors / hormone signaling,6067,652
5415,629,0.11615881809787627,0.2,evaluated,0.8071881952993528,0.2648861839002244,0.26350503216002796,4472,314,504,125,0.1562726270235343,0.2340823970037453,0.2847380410022779,0.5665600582515112,0,tox21-pr-bla-antagonist-p1_Activity__t40__t0,pr-bla-antagonist-p1,similarity_lt_1,Mean_HepG2_Toxicity,4,Receptors / hormone signaling,6067,652
5415,629,0.11615881809787627,0.2,evaluated,0.79805085314414,0.2649104618381257,0.26408126120580244,4487,299,499,130,0.17107334086731985,0.24574669187145556,0.30303030303030304,0.5721016916722529,0,tox21-pr-bla-antagonist-p1_Activity__t40__t0,pr-bla-antagonist-p1,similarity_lt_1,Mean_HSkMC_Toxicity,4,Receptors / hormone signaling,6067,652
5415,629,0.11615881809787627,0.2,evaluated,0.753758976399767,0.23276368974290712,0.23135728395051747,4268,518,447,182,0.17297295526193301,0.27389014296463504,0.26,0.5905579136817307,0,tox21-pr-bla-antagonist-p1_Activity__t40__t0,pr-bla-antagonist-p1,similarity_lt_1,Mean_IMR90_Toxicity,4,Receptors / hormone signaling,6067,652
5121,550,0.10740089826205819,0.2,evaluated,0.7001058053737992,0.26039493376784006,0.25911444599594624,4008,563,375,175,0.1719249381304799,0.2717391304347826,0.23712737127371275,0.5975070106004257,0,tox21-rar-agonist-p1_Activity__t20__t0,rar-agonist-p1,similarity_lt_1,recomputed_max_toxicity,4,Receptors / hormone signaling,6067,946
5121,550,0.10740089826205819,0.2,evaluated,0.7302571547900796,0.26809768041623044,0.2664998936462714,4285,286,415,135,0.20614740227061756,0.2780638516992791,0.32066508313539194,0.5914430898351266,0,tox21-rar-agonist-p1_Activity__t20__t0,rar-agonist-p1,similarity_lt_1,Mean_HepG2_Toxicity,4,Receptors / hormone signaling,6067,946
5121,550,0.10740089826205819,0.2,evaluated,0.6959117758198922,0.2708342708101402,0.2700867124865512,4291,280,419,131,0.20162641815896384,0.2726326742976067,0.31873479318734793,0.5884630377279688,0,tox21-rar-agonist-p1_Activity__t20__t0,rar-agonist-p1,similarity_lt_1,Mean_HSkMC_Toxicity,4,Receptors / hormone signaling,6067,946
5121,550,0.10740089826205819,0.2,evaluated,0.699725542451423,0.2600024181742148,0.2584191599425745,4083,488,383,167,0.18251581663784933,0.27717842323651454,0.2549618320610687,0.5984381774427716,0,tox21-rar-agonist-p1_Activity__t20__t0,rar-agonist-p1,similarity_lt_1,Mean_IMR90_Toxicity,4,Receptors / hormone signaling,6067,946
5415,5415,1.0,0.2,single_class,,,,0,0,4631,784,,0.25294402322955317,1.0,,0,tox21-rt-viability-hek293-p1_Activity__t36__t0,rt-viability-hek293-p1,similarity_lt_1,recomputed_max_toxicity,5,Functional cytotoxicity / ion channels,6067,652
5415,5415,1.0,0.2,single_class,,,,0,0,4976,439,,0.14998291766313632,1.0,,0,tox21-rt-viability-hek293-p1_Activity__t36__t0,rt-viability-hek293-p1,similarity_lt_1,Mean_HepG2_Toxicity,5,Functional cytotoxicity / ion channels,6067,652
5415,5415,1.0,0.2,single_class,,,,0,0,4986,429,,0.14681724845995894,1.0,,0,tox21-rt-viability-hek293-p1_Activity__t36__t0,rt-viability-hek293-p1,similarity_lt_1,Mean_HSkMC_Toxicity,5,Functional cytotoxicity / ion channels,6067,652
5415,5415,1.0,0.2,single_class,,,,0,0,4715,700,,0.22894521668029436,1.0,,0,tox21-rt-viability-hek293-p1_Activity__t36__t0,rt-viability-hek293-p1,similarity_lt_1,Mean_IMR90_Toxicity,5,Functional cytotoxicity / ion channels,6067,652
5415,23,0.004247460757156048,0.2,evaluated,0.6695345761837181,0.008409599984887483,0.007714922038691172,4617,775,14,9,0.04575583982285532,0.022304832713754646,0.011479591836734694,0.6237864469100761,0,tox21-sbe-bla-agonist-p1_Activity__t3__t0,sbe-bla-agonist-p1,similarity_lt_1,recomputed_max_toxicity,3,Signaling pathways,6067,652
5415,23,0.004247460757156048,0.2,evaluated,0.7203102825441879,0.009784118852271588,0.008986326413126862,4957,435,19,4,0.022215659988918217,0.017316017316017316,0.009111617312072893,0.5466189846471423,0,tox21-sbe-bla-agonist-p1_Activity__t3__t0,sbe-bla-agonist-p1,similarity_lt_1,Mean_HepG2_Toxicity,3,Signaling pathways,6067,652
5415,23,0.004247460757156048,0.2,evaluated,0.670558637595149,0.007126870224041188,0.006499278057638193,4964,428,22,1,-0.008643935403340023,0.004424778761061947,0.002331002331002331,0.4820507031350793,0,tox21-sbe-bla-agonist-p1_Activity__t3__t0,sbe-bla-agonist-p1,similarity_lt_1,Mean_HSkMC_Toxicity,3,Signaling pathways,6067,652
5415,23,0.004247460757156048,0.2,evaluated,0.6639869049154947,0.008746087648237493,0.008027839263919338,4701,691,14,9,0.051009948928838665,0.024896265560165973,0.012857142857142857,0.6315757644174945,0,tox21-sbe-bla-agonist-p1_Activity__t3__t0,sbe-bla-agonist-p1,similarity_lt_1,Mean_IMR90_Toxicity,3,Signaling pathways,6067,652
5415,688,0.1270544783010157,0.2,evaluated,0.7472011047372591,0.29987402706042093,0.2985412703260891,4185,542,446,242,0.22438475153422452,0.328804347826087,0.3086734693877551,0.6185418624330294,0,tox21-shh-3t3-gli3-antagonist-p1_Activity__t21__t0,shh-3t3-gli3-antagonist-p1,similarity_lt_1,recomputed_max_toxicity,3,Signaling pathways,6067,652
5415,688,0.1270544783010157,0.2,evaluated,0.7809300603657366,0.329582499201321,0.3281024818813022,4461,266,515,173,0.23815085102726435,0.3070097604259095,0.3940774487471526,0.5975905055568949,0,tox21-shh-3t3-gli3-antagonist-p1_Activity__t21__t0,shh-3t3-gli3-antagonist-p1,similarity_lt_1,Mean_HepG2_Toxicity,3,Signaling pathways,6067,652
5415,688,0.1270544783010157,0.2,evaluated,0.7658361663083424,0.31975910635898375,0.31849224194226583,4472,255,514,174,0.2453304229687863,0.3115487914055506,0.40559440559440557,0.5994807784080567,0,tox21-shh-3t3-gli3-antagonist-p1_Activity__t21__t0,shh-3t3-gli3-antagonist-p1,similarity_lt_1,Mean_HSkMC_Toxicity,3,Signaling pathways,6067,652
5415,688,0.1270544783010157,0.2,evaluated,0.7271437646671028,0.2846485623585022,0.2831908808392759,4235,492,480,208,0.19678602532349274,0.29971181556195964,0.29714285714285715,0.599121326767063,0,tox21-shh-3t3-gli3-antagonist-p1_Activity__t21__t0,shh-3t3-gli3-antagonist-p1,similarity_lt_1,Mean_IMR90_Toxicity,3,Signaling pathways,6067,652
5415,106,0.019575253924284396,0.2,evaluated,0.8014923039196522,0.1312434518039364,0.12820178767586354,4590,719,41,65,0.18810019479073997,0.14606741573033707,0.08290816326530612,0.7388885729821556,0,tox21-trhr-hek293-p1_Activity__t12__t0,trhr-hek293-p1,similarity_lt_1,recomputed_max_toxicity,4,Receptors / hormone signaling,6067,652
5415,106,0.019575253924284396,0.2,evaluated,0.8044509679184866,0.11696383039587518,0.11295172854249284,4924,385,52,54,0.22176060511201434,0.1981651376146789,0.12300683371298406,0.7184577986118268,0,tox21-trhr-hek293-p1_Activity__t12__t0,trhr-hek293-p1,similarity_lt_1,Mean_HepG2_Toxicity,4,Receptors / hormone signaling,6067,652
5415,106,0.019575253924284396,0.2,evaluated,0.8037241849902446,0.14803645450285982,0.1443024322172269,4931,378,55,51,0.2102647993818686,0.19065420560747665,0.11888111888111888,0.704966113079605,0,tox21-trhr-hek293-p1_Activity__t12__t0,trhr-hek293-p1,similarity_lt_1,Mean_HSkMC_Toxicity,4,Receptors / hormone signaling,6067,652
5415,106,0.019575253924284396,0.2,evaluated,0.7951485018320619,0.12308462984577213,0.11877221583647214,4667,642,48,58,0.17600571559489792,0.14392059553349876,0.08285714285714285,0.713121541561677,0,tox21-trhr-hek293-p1_Activity__t12__t0,trhr-hek293-p1,similarity_lt_1,Mean_IMR90_Toxicity,4,Receptors / hormone signaling,6067,652
5415,270,0.04986149584487535,0.2,evaluated,0.7819479537846886,0.17097051461141266,0.16857084190206162,4489,656,142,128,0.21437403228705804,0.2428842504743833,0.16326530612244897,0.6732858222654141,0,tox21-tshr-agonist-p1_Activity__t35__t0,tshr-agonist-p1,similarity_lt_1,recomputed_max_toxicity,4,Receptors / hormone signaling,6067,652
5415,270,0.04986149584487535,0.2,evaluated,0.7998740236835475,0.1701159684073203,0.16737133029698348,4799,346,177,93,0.2210482231006744,0.2623413258110014,0.21184510250569477,0.6385973436993846,0,tox21-tshr-agonist-p1_Activity__t35__t0,tshr-agonist-p1,similarity_lt_1,Mean_HepG2_Toxicity,4,Receptors / hormone signaling,6067,652
5415,270,0.04986149584487535,0.2,evaluated,0.7999733650073787,0.18595846757832643,0.18343292617486742,4813,332,173,97,0.2375171660958788,0.27753934191702434,0.2261072261072261,0.6473652953244791,0,tox21-tshr-agonist-p1_Activity__t35__t0,tshr-agonist-p1,similarity_lt_1,Mean_HSkMC_Toxicity,4,Receptors / hormone signaling,6067,652
5415,270,0.04986149584487535,0.2,evaluated,0.7727567217363136,0.17570136413712725,0.17287972997037038,4561,584,154,116,0.2050872007315589,0.23917525773195877,0.1657142857142857,0.6580606845912969,0,tox21-tshr-agonist-p1_Activity__t35__t0,tshr-agonist-p1,similarity_lt_1,Mean_IMR90_Toxicity,4,Receptors / hormone signaling,6067,652
5415,22,0.004062788550323176,0.2,evaluated,0.7313689462771606,0.1066119394970775,0.09978648718602934,4619,774,12,10,0.05622480166526985,0.02481389578163772,0.012755102040816327,0.655513038787654,0,tox21-tshr-wt-p1_Activity__t28__t0,tshr-wt-p1,similarity_lt_1,recomputed_max_toxicity,4,Receptors / hormone signaling,6067,652
5415,22,0.004062788550323176,0.2,evaluated,0.7305935303339346,0.06710627076973803,0.04985747085092214,4963,430,13,9,0.07675774692356514,0.039045553145336226,0.02050113895216401,0.6646789609426361,0,tox21-tshr-wt-p1_Activity__t28__t0,tshr-wt-p1,similarity_lt_1,Mean_HepG2_Toxicity,4,Receptors / hormone signaling,6067,652
5415,22,0.004062788550323176,0.2,evaluated,0.7292786946041164,0.09259810461776113,0.0863737537198209,4971,422,15,7,0.056508056096709273,0.031042128603104215,0.016317016317016316,0.6199661176946547,0,tox21-tshr-wt-p1_Activity__t28__t0,tshr-wt-p1,similarity_lt_1,Mean_HSkMC_Toxicity,4,Receptors / hormone signaling,6067,652
5415,22,0.004062788550323176,0.2,evaluated,0.7286971326466969,0.07948014909962853,0.06098861250953438,4703,690,12,10,0.061923470408534596,0.027700831024930747,0.014285714285714285,0.6633009119565767,0,tox21-tshr-wt-p1_Activity__t28__t0,tshr-wt-p1,similarity_lt_1,Mean_IMR90_Toxicity,4,Receptors / hormone signaling,6067,652
5121,47,0.009177894942394065,0.2,evaluated,0.7451882353927827,0.042135057528767395,0.03923249593263142,4361,713,22,25,0.10627352036674458,0.06369426751592357,0.03387533875338753,0.6956972970253021,0,tox21-vdr-bla-agonist-p1_Activity__t24__t0,vdr-bla-agonist-p1,similarity_lt_1,recomputed_max_toxicity,4,Receptors / hormone signaling,6067,946
5121,47,0.009177894942394065,0.2,evaluated,0.7675592717147914,0.043178601708134125,0.04023083135268766,4674,400,26,21,0.12774761015305022,0.08974358974358974,0.0498812351543943,0.6839876214996772,0,tox21-vdr-bla-agonist-p1_Activity__t24__t0,vdr-bla-agonist-p1,similarity_lt_1,Mean_HepG2_Toxicity,4,Receptors / hormone signaling,6067,946
5121,47,0.009177894942394065,0.2,evaluated,0.7480312649384848,0.05043745993149765,0.04565270517994516,4679,395,31,16,0.09216172670387057,0.06986899563318777,0.038929440389294405,0.6312888400607184,0,tox21-vdr-bla-agonist-p1_Activity__t24__t0,vdr-bla-agonist-p1,similarity_lt_1,Mean_HSkMC_Toxicity,4,Receptors / hormone signaling,6067,946
5121,47,0.009177894942394065,0.2,evaluated,0.75269416885415,0.04479994573958079,0.04178800283189556,4443,631,23,24,0.11029226231169673,0.06837606837606838,0.0366412213740458,0.6931394090859534,0,tox21-vdr-bla-agonist-p1_Activity__t24__t0,vdr-bla-agonist-p1,similarity_lt_1,Mean_IMR90_Toxicity,4,Receptors / hormone signaling,6067,946
5121,47,0.009177894942394065,0.2,evaluated,0.7732621038418638,0.08113565233765009,0.07266028757913148,4361,713,22,25,0.10627352036674458,0.06369426751592357,0.03387533875338753,0.6956972970253021,0,tox21-vdr-bla-antagonist-p1_Activity__t42__t0,vdr-bla-antagonist-p1,similarity_lt_1,recomputed_max_toxicity,4,Receptors / hormone signaling,6067,946
5121,47,0.009177894942394065,0.2,evaluated,0.7677647414017225,0.06585190770733133,0.05666612866202731,4674,400,26,21,0.12774761015305022,0.08974358974358974,0.0498812351543943,0.6839876214996772,0,tox21-vdr-bla-antagonist-p1_Activity__t42__t0,vdr-bla-antagonist-p1,similarity_lt_1,Mean_HepG2_Toxicity,4,Receptors / hormone signaling,6067,946
5121,47,0.009177894942394065,0.2,evaluated,0.7763189895923313,0.0589553403428473,0.052476663266872614,4681,393,29,18,0.10723575223767089,0.07860262008733625,0.043795620437956206,0.6527625189744966,0,tox21-vdr-bla-antagonist-p1_Activity__t42__t0,vdr-bla-antagonist-p1,similarity_lt_1,Mean_HSkMC_Toxicity,4,Receptors / hormone signaling,6067,946
5121,47,0.009177894942394065,0.2,evaluated,0.7703729484480748,0.09588455363204325,0.08487644932072924,4443,631,23,24,0.11029226231169673,0.06837606837606838,0.0366412213740458,0.6931394090859534,0,tox21-vdr-bla-antagonist-p1_Activity__t42__t0,vdr-bla-antagonist-p1,similarity_lt_1,Mean_IMR90_Toxicity,4,Receptors / hormone signaling,6067,946
