dataset,property,x,density
internal_100k,MW,60.0,7.359200285938212e-06
internal_100k,MW,62.10526315789474,8.437534292307675e-06
internal_100k,MW,64.21052631578948,9.676420833152143e-06
internal_100k,MW,66.3157894736842,1.1091221398432466e-05
internal_100k,MW,68.42105263157895,1.2697348168551575e-05
internal_100k,MW,70.52631578947368,1.4510854224784287e-05
internal_100k,MW,72.63157894736842,1.6549137511308845e-05
internal_100k,MW,74.73684210526315,1.8831606429469574e-05
internal_100k,MW,76.84210526315789,2.1380126730847982e-05
internal_100k,MW,78.94736842105263,2.421906866458531e-05
internal_100k,MW,81.05263157894737,2.7374805261849686e-05
internal_100k,MW,83.15789473684211,3.087457715658384e-05
internal_100k,MW,85.26315789473685,3.474473042657879e-05
internal_100k,MW,87.36842105263158,3.9008439893046424e-05
internal_100k,MW,89.47368421052632,4.3683135173306476e-05
internal_100k,MW,91.57894736842105,4.877793267046877e-05
internal_100k,MW,93.68421052631578,5.429142681562298e-05
internal_100k,MW,95.78947368421052,6.021019568489676e-05
internal_100k,MW,97.89473684210526,6.65083240309122e-05
internal_100k,MW,100.0,7.314814408278495e-05
internal_100k,MW,102.10526315789474,8.008225370699924e-05
internal_100k,MW,104.21052631578948,8.725671298843486e-05
internal_100k,MW,106.3157894736842,9.461516870516457e-05
internal_100k,MW,108.42105263157895,0.00010210353582858359
internal_100k,MW,110.52631578947368,0.00010967479464311022
internal_100k,MW,112.63157894736841,0.0001172934497940631
internal_100k,MW,114.73684210526315,0.0001249392398745583
internal_100k,MW,116.84210526315789,0.00013260976861671674
internal_100k,MW,118.94736842105263,0.00014032183079639034
internal_100k,MW,121.05263157894737,0.00014811130762672526
internal_100k,MW,123.15789473684211,0.00015603159494652027
internal_100k,MW,125.26315789473684,0.00016415060140046456
internal_100k,MW,127.36842105263158,0.00017254642247141648
internal_100k,MW,129.4736842105263,0.0001813018749197738
internal_100k,MW,131.57894736842104,0.0001904981776820617
internal_100k,MW,133.68421052631578,0.00020020819118554928
internal_100k,MW,135.78947368421052,0.00021048976222282916
internal_100k,MW,137.89473684210526,0.00022137983438685262
internal_100k,MW,140.0,0.00023289003339384496
internal_100k,MW,142.10526315789474,0.0002450043836884892
internal_100k,MW,144.21052631578948,0.0002576796349547709
internal_100k,MW,146.31578947368422,0.00027084837898111246
internal_100k,MW,148.42105263157896,0.000284424754346083
internal_100k,MW,150.5263157894737,0.0002983121308408931
internal_100k,MW,152.6315789473684,0.0003124118138423579
internal_100k,MW,154.73684210526315,0.00032663158438101826
internal_100k,MW,156.8421052631579,0.00034089284653541276
internal_100k,MW,158.94736842105263,0.0003551353102757791
internal_100k,MW,161.05263157894737,0.00036931847754806
internal_100k,MW,163.15789473684208,0.00038341967087769386
internal_100k,MW,165.26315789473682,0.00039742887249243357
internal_100k,MW,167.36842105263156,0.00041134114444854353
internal_100k,MW,169.4736842105263,0.00042514779854068324
internal_100k,MW,171.57894736842104,0.00043882771802127555
internal_100k,MW,173.68421052631578,0.00045234026497996193
internal_100k,MW,175.78947368421052,0.0004656210290498936
internal_100k,MW,177.89473684210526,0.00047858130418752863
internal_100k,MW,180.0,0.0004911116655401482
internal_100k,MW,182.10526315789474,0.0005030894243130051
internal_100k,MW,184.21052631578948,0.0005143891466715919
internal_100k,MW,186.31578947368422,0.0005248949207105228
internal_100k,MW,188.42105263157893,0.0005345127252038265
internal_100k,MW,190.52631578947367,0.0005431811576094365
internal_100k,MW,192.6315789473684,0.0005508789465839983
internal_100k,MW,194.73684210526315,0.000557628094280781
internal_100k,MW,196.8421052631579,0.0005634921098340206
internal_100k,MW,198.94736842105263,0.0005685695132489135
internal_100k,MW,201.05263157894737,0.0005729834902362019
internal_100k,MW,203.1578947368421,0.0005768691422982538
internal_100k,MW,205.26315789473682,0.000580360101855625
internal_100k,MW,207.36842105263156,0.0005835763096723531
internal_100k,MW,209.4736842105263,0.0005866144761790201
internal_100k,MW,211.57894736842104,0.0005895422222643943
internal_100k,MW,213.68421052631578,0.0005923962209984453
internal_100k,MW,215.78947368421052,0.0005951839724654282
internal_100k,MW,217.89473684210526,0.0005978882766553885
internal_100k,MW,220.0,0.0006004731370618655
internal_100k,MW,222.10526315789474,0.0006028897936177311
internal_100k,MW,224.21052631578945,0.0006050818459124543
internal_100k,MW,226.3157894736842,0.0006069889170117976
internal_100k,MW,228.42105263157893,0.0006085489016859392
internal_100k,MW,230.52631578947367,0.0006096993911502161
internal_100k,MW,232.6315789473684,0.0006103792294951654
internal_100k,MW,234.73684210526315,0.0006105312394804383
internal_100k,MW,236.8421052631579,0.0006101069327327551
internal_100k,MW,238.94736842105263,0.0006090735470553891
internal_100k,MW,241.05263157894737,0.0006074231557283261
internal_100k,MW,243.15789473684208,0.0006051830335474003
internal_100k,MW,245.26315789473682,0.0006024261027676034
internal_100k,MW,247.36842105263156,0.0005992802351409113
internal_100k,MW,249.4736842105263,0.0005959354924749396
internal_100k,MW,251.57894736842104,0.0005926489941789461
internal_100k,MW,253.68421052631578,0.0005897478678194445
internal_100k,MW,255.78947368421052,0.0005876314714991653
internal_100k,MW,257.89473684210526,0.0005867745609366297
internal_100k,MW,260.0,0.0005877331229505187
internal_100k,MW,262.10526315789474,0.0005911540931205274
internal_100k,MW,264.2105263157895,0.0005977891017255654
internal_100k,MW,266.31578947368416,0.0006085108497568514
internal_100k,MW,268.42105263157896,0.0006243289264269419
internal_100k,MW,270.52631578947364,0.000646400164640084
internal_100k,MW,272.63157894736844,0.0006760273816969838
internal_100k,MW,274.7368421052631,0.0007146399695309364
internal_100k,MW,276.8421052631579,0.0007637506171524671
internal_100k,MW,278.9473684210526,0.0008248846511288773
internal_100k,MW,281.0526315789474,0.000899482017648348
internal_100k,MW,283.1578947368421,0.000988776463093225
internal_100k,MW,285.2631578947368,0.001093661367456101
internal_100k,MW,287.36842105263156,0.0012145560876689271
internal_100k,MW,289.4736842105263,0.0013512896289484023
internal_100k,MW,291.57894736842104,0.0015030191404574488
internal_100k,MW,293.6842105263158,0.0016681986020097874
internal_100k,MW,295.7894736842105,0.001844608095327881
internal_100k,MW,297.89473684210526,0.0020294467716504196
internal_100k,MW,300.0,0.0022194840983992474
internal_100k,MW,302.1052631578947,0.0024112556015549688
internal_100k,MW,304.2105263157895,0.0026012826010604114
internal_100k,MW,306.31578947368416,0.0027862916089048248
internal_100k,MW,308.42105263157896,0.0029634088589498057
internal_100k,MW,310.52631578947364,0.0031303089292609833
internal_100k,MW,312.63157894736844,0.0032853029865114996
internal_100k,MW,314.7368421052631,0.003427360671907949
internal_100k,MW,316.84210526315786,0.003556068612222793
internal_100k,MW,318.9473684210526,0.003671536534817854
internal_100k,MW,321.05263157894734,0.0037742678206769166
internal_100k,MW,323.1578947368421,0.0038650143295153316
internal_100k,MW,325.2631578947368,0.003944635290577089
internal_100k,MW,327.36842105263156,0.00401397727992155
internal_100k,MW,329.4736842105263,0.004073787484381432
internal_100k,MW,331.57894736842104,0.004124666485256387
internal_100k,MW,333.6842105263158,0.00416706063559549
internal_100k,MW,335.7894736842105,0.004201288620192455
internal_100k,MW,337.89473684210526,0.004227592652424582
internal_100k,MW,340.0,0.0042462023972630455
internal_100k,MW,342.10526315789474,0.004257399255399681
internal_100k,MW,344.2105263157895,0.004261569967972724
internal_100k,MW,346.3157894736842,0.004259241241178822
internal_100k,MW,348.42105263157896,0.004251090716078374
internal_100k,MW,350.52631578947364,0.004237933514012578
internal_100k,MW,352.6315789473684,0.004220687183244293
internal_100k,MW,354.7368421052631,0.004200320676474677
internal_100k,MW,356.84210526315786,0.00417779469453328
internal_100k,MW,358.9473684210526,0.004154001236332108
internal_100k,MW,361.05263157894734,0.0041297095917237625
internal_100k,MW,363.1578947368421,0.004105524545425553
internal_100k,MW,365.2631578947368,0.004081860554467057
internal_100k,MW,367.36842105263156,0.004058933461251966
internal_100k,MW,369.4736842105263,0.004036769209019225
internal_100k,MW,371.57894736842104,0.00401522725809085
internal_100k,MW,373.6842105263158,0.003994035093628452
internal_100k,MW,375.7894736842105,0.0039728294240920165
internal_100k,MW,377.89473684210526,0.00395119939146194
internal_100k,MW,380.0,0.003928727309659167
internal_100k,MW,382.10526315789474,0.0039050230548047017
internal_100k,MW,384.2105263157895,0.0038797491735423606
internal_100k,MW,386.3157894736842,0.0038526349634494723
internal_100k,MW,388.4210526315789,0.003823479107156198
internal_100k,MW,390.52631578947364,0.003792141789395931
internal_100k,MW,392.6315789473684,0.003758528464082935
internal_100k,MW,394.7368421052631,0.003722568436517848
internal_100k,MW,396.84210526315786,0.0036841920654577345
internal_100k,MW,398.9473684210526,0.003643310577945796
internal_100k,MW,401.05263157894734,0.0035998021722366993
internal_100k,MW,403.1578947368421,0.0035535072581432915
internal_100k,MW,405.2631578947368,0.0035042344091400896
internal_100k,MW,407.36842105263156,0.003451777004637298
internal_100k,MW,409.4736842105263,0.0033959388190931005
internal_100k,MW,411.57894736842104,0.003336565215178856
internal_100k,MW,413.6842105263158,0.0032735753923606612
internal_100k,MW,415.7894736842105,0.0032069905794162826
internal_100k,MW,417.89473684210526,0.0031369533128329853
internal_100k,MW,420.0,0.0030637340582308
internal_100k,MW,422.10526315789474,0.0029877232928971456
internal_100k,MW,424.2105263157895,0.0029094094946644482
internal_100k,MW,426.31578947368416,0.0028293458701695237
internal_100k,MW,428.4210526315789,0.0027481106467748657
internal_100k,MW,430.52631578947364,0.002666266935197769
internal_100k,MW,432.6315789473684,0.002584328274422131
internal_100k,MW,434.7368421052631,0.002502734940263768
internal_100k,MW,436.84210526315786,0.00242184411547442
internal_100k,MW,438.9473684210526,0.002341934470722629
internal_100k,MW,441.05263157894734,0.002263223105655032
internal_100k,MW,443.1578947368421,0.002185890673383964
internal_100k,MW,445.2631578947368,0.002110109282056259
internal_100k,MW,447.36842105263156,0.0020360676599979976
internal_100k,MW,449.4736842105263,0.0019639890719744275
internal_100k,MW,451.57894736842104,0.0018941393384827939
internal_100k,MW,453.6842105263158,0.0018268246224239452
internal_100k,MW,455.7894736842105,0.0017623809154313284
internal_100k,MW,457.89473684210526,0.0017011589126011831
internal_100k,MW,460.0,0.001643508857663293
internal_100k,MW,462.10526315789474,0.0015897697943297354
internal_100k,MW,464.2105263157895,0.0015402664954552686
internal_100k,MW,466.31578947368416,0.0014953153675658767
internal_100k,MW,468.4210526315789,0.0014552381988687639
internal_100k,MW,470.52631578947364,0.0014203801792849761
internal_100k,MW,472.6315789473684,0.0013911266427402054
internal_100k,MW,474.7368421052631,0.001367911895229172
internal_100k,MW,476.84210526315786,0.0013512136195214402
internal_100k,MW,478.9473684210526,0.0013415278412590161
internal_100k,MW,481.05263157894734,0.0013393222337252243
internal_100k,MW,483.1578947368421,0.0013449693149535189
internal_100k,MW,485.2631578947368,0.0013586653008836318
internal_100k,MW,487.36842105263156,0.0013803442969469195
internal_100k,MW,489.4736842105263,0.0014096003498713268
internal_100k,MW,491.57894736842104,0.0014456309413215969
internal_100k,MW,493.6842105263158,0.0014872143335958891
internal_100k,MW,495.7894736842105,0.001532729705122454
internal_100k,MW,497.89473684210526,0.001580223617531883
internal_100k,MW,500.0,0.0016275198323724067
internal_100k,MW,502.10526315789474,0.0016723629283752627
internal_100k,MW,504.2105263157894,0.001712580724213476
internal_100k,MW,506.31578947368416,0.0017462471908041937
internal_100k,MW,508.4210526315789,0.001771826968188472
internal_100k,MW,510.52631578947364,0.0017882848976892938
internal_100k,MW,512.6315789473683,0.0017951487166837862
internal_100k,MW,514.7368421052631,0.0017925193782507357
internal_100k,MW,516.8421052631579,0.0017810302415146668
internal_100k,MW,518.9473684210526,0.0017617625111838037
internal_100k,MW,521.0526315789473,0.0017361288805875772
internal_100k,MW,523.1578947368421,0.0017057398168950674
internal_100k,MW,525.2631578947369,0.0016722672178012894
internal_100k,MW,527.3684210526316,0.0016373185554537978
internal_100k,MW,529.4736842105262,0.0016023316679071133
internal_100k,MW,531.578947368421,0.0015684967362640122
internal_100k,MW,533.6842105263158,0.0015367083305621284
internal_100k,MW,535.7894736842105,0.0015075471977408147
internal_100k,MW,537.8947368421052,0.0014812889713374557
internal_100k,MW,540.0,0.0014579352772242404
internal_100k,MW,542.1052631578947,0.0014372617213023484
internal_100k,MW,544.2105263157894,0.0014188768326118223
internal_100k,MW,546.3157894736842,0.0014022860555312914
internal_100k,MW,548.421052631579,0.0013869552339947832
internal_100k,MW,550.5263157894736,0.0013723686545691184
internal_100k,MW,552.6315789473683,0.0013580775911911618
internal_100k,MW,554.7368421052631,0.0013437364004300323
internal_100k,MW,556.8421052631579,0.001329124502195551
internal_100k,MW,558.9473684210526,0.0013141539544504527
internal_100k,MW,561.0526315789473,0.0012988636627295103
internal_100k,MW,563.1578947368421,0.0012834024132006745
internal_100k,MW,565.2631578947369,0.0012680037551800114
internal_100k,MW,567.3684210526316,0.0012529562027006004
internal_100k,MW,569.4736842105262,0.001238572251304245
internal_100k,MW,571.578947368421,0.0012251593512708353
internal_100k,MW,573.6842105263157,0.0012129953240886408
internal_100k,MW,575.7894736842105,0.0012023098642335443
internal_100k,MW,577.8947368421052,0.001193272850451847
internal_100k,MW,580.0,0.001185989310889702
internal_100k,MW,582.1052631578947,0.0011805001414485789
internal_100k,MW,584.2105263157895,0.0011767871442545943
internal_100k,MW,586.3157894736842,0.0011747806863020506
internal_100k,MW,588.421052631579,0.0011743682988224666
internal_100k,MW,590.5263157894736,0.0011754028280021507
internal_100k,MW,592.6315789473684,0.001177709245789285
internal_100k,MW,594.7368421052631,0.0011810898342962946
internal_100k,MW,596.8421052631579,0.0011853280426661085
internal_100k,MW,598.9473684210526,0.0011901917556720516
internal_100k,MW,601.0526315789473,0.0011954369130339182
internal_100k,MW,603.1578947368421,0.0012008123364855813
internal_100k,MW,605.2631578947368,0.0012060662840557763
internal_100k,MW,607.3684210526316,0.0012109547456420646
internal_100k,MW,609.4736842105262,0.0012152509483339686
internal_100k,MW,611.578947368421,0.0012187550886054576
internal_100k,MW,613.6842105263157,0.0012213030589131918
internal_100k,MW,615.7894736842105,0.001222772943316027
internal_100k,MW,617.8947368421052,0.001223088312783954
internal_100k,MW,620.0,0.0012222177928399363
internal_100k,MW,622.1052631578947,0.0012201709067534774
internal_100k,MW,624.2105263157895,0.001216990712521742
internal_100k,MW,626.3157894736842,0.0012127441654320066
internal_100k,MW,628.421052631579,0.0012075113980712416
internal_100k,MW,630.5263157894736,0.0012013752010524427
internal_100k,MW,632.6315789473684,0.001194411923975532
internal_100k,MW,634.7368421052631,0.001186684825339434
internal_100k,MW,636.8421052631579,0.001178240611756194
internal_100k,MW,638.9473684210526,0.00116910954477701
internal_100k,MW,641.0526315789473,0.0011593090776604016
internal_100k,MW,643.1578947368421,0.00114885053787363
internal_100k,MW,645.2631578947368,0.001137747930149245
internal_100k,MW,647.3684210526316,0.0011260275529757552
internal_100k,MW,649.4736842105262,0.0011137368652547725
internal_100k,MW,651.578947368421,0.0011009509765962
internal_100k,MW,653.6842105263157,0.0010877753132226668
internal_100k,MW,655.7894736842105,0.0010743434443061736
internal_100k,MW,657.8947368421052,0.0010608097057459652
internal_100k,MW,660.0,0.0010473370468870244
internal_100k,MW,662.1052631578947,0.0010340813307538907
internal_100k,MW,664.2105263157895,0.0010211740041508653
internal_100k,MW,666.3157894736842,0.0010087054933404756
internal_100k,MW,668.421052631579,0.0009967117796975712
internal_100k,MW,670.5263157894736,0.0009851663251281078
internal_100k,MW,672.6315789473684,0.0009739788686540104
internal_100k,MW,674.7368421052631,0.0009630016856915562
internal_100k,MW,676.8421052631578,0.0009520428256380385
internal_100k,MW,678.9473684210526,0.0009408847907129272
internal_100k,MW,681.0526315789473,0.0009293062656238442
internal_100k,MW,683.1578947368421,0.0009171040052143526
internal_100k,MW,685.2631578947368,0.0009041119333151129
internal_100k,MW,687.3684210526316,0.000890214922087319
internal_100k,MW,689.4736842105262,0.0008753555446124143
internal_100k,MW,691.578947368421,0.0008595331865425145
internal_100k,MW,693.6842105263157,0.0008427960773524611
internal_100k,MW,695.7894736842105,0.0008252278562000356
internal_100k,MW,697.8947368421052,0.0008069310446509227
internal_100k,MW,700.0,0.0007880101395830281
internal_100k,MW,702.1052631578947,0.0007685569235374548
internal_100k,MW,704.2105263157895,0.0007486400576465242
internal_100k,MW,706.3157894736842,0.0007283001853130149
internal_100k,MW,708.421052631579,0.0007075507911422708
internal_100k,MW,710.5263157894736,0.0006863841042871535
internal_100k,MW,712.6315789473684,0.0006647805694720061
internal_100k,MW,714.7368421052631,0.0006427199525015645
internal_100k,MW,716.8421052631578,0.0006201920593065676
internal_100k,MW,718.9473684210526,0.0005972053181440062
internal_100k,MW,721.0526315789473,0.0005737920270832319
internal_100k,MW,723.1578947368421,0.0005500097775214892
internal_100k,MW,725.2631578947368,0.0005259392807957952
internal_100k,MW,727.3684210526316,0.0005016794101403658
internal_100k,MW,729.4736842105262,0.00047734062473574055
internal_100k,MW,731.578947368421,0.00045303802597806796
internal_100k,MW,733.6842105263157,0.00042888513150690297
internal_100k,MW,735.7894736842105,0.00040498911474835857
internal_100k,MW,737.8947368421052,0.00038144784877463243
internal_100k,MW,740.0,0.0003583487132889277
internal_100k,MW,742.1052631578947,0.0003357688457990718
internal_100k,MW,744.2105263157895,0.00031377637507900734
internal_100k,MW,746.3157894736842,0.00029243215853086104
internal_100k,MW,748.421052631579,0.0002717916175630638
internal_100k,MW,750.5263157894736,0.0002519063777292038
internal_100k,MW,752.6315789473684,0.00023282553013702063
internal_100k,MW,754.7368421052631,0.00021459641177377087
internal_100k,MW,756.8421052631578,0.00019726484948872307
internal_100k,MW,758.9473684210526,0.000180874836139842
internal_100k,MW,761.0526315789473,0.0001654676262029199
internal_100k,MW,763.1578947368421,0.00015108026894099648
internal_100k,MW,765.2631578947368,0.0001377436490231923
internal_100k,MW,767.3684210526316,0.00012548017543297105
internal_100k,MW,769.4736842105262,0.00011430133785973048
internal_100k,MW,771.578947368421,0.00010420541742953837
internal_100k,MW,773.6842105263157,9.517567610416167e-05
internal_100k,MW,775.7894736842105,8.717934053833316e-05
internal_100k,MW,777.8947368421052,8.016763373614091e-05
internal_100k,MW,780.0,7.407699420545196e-05
internal_100k,MW,782.1052631578947,6.883147136848272e-05
internal_100k,MW,784.2105263157895,6.434612097361442e-05
internal_100k,MW,786.3157894736842,6.053107362281373e-05
internal_100k,MW,788.421052631579,5.729584131932368e-05
internal_100k,MW,790.5263157894736,5.4553382799384365e-05
internal_100k,MW,792.6315789473683,5.222347872088534e-05
internal_100k,MW,794.7368421052631,5.02350691168993e-05
internal_100k,MW,796.8421052631578,4.8527361109380914e-05
internal_100k,MW,798.9473684210526,4.70496979368448e-05
internal_100k,MW,801.0526315789473,4.576035948472359e-05
internal_100k,MW,803.1578947368421,4.462460987297755e-05
internal_100k,MW,805.2631578947368,4.361239651760901e-05
internal_100k,MW,807.3684210526316,4.269612565698183e-05
internal_100k,MW,809.4736842105262,4.1848892261904366e-05
internal_100k,MW,811.578947368421,4.1043439609826826e-05
internal_100k,MW,813.6842105263157,4.025198606781443e-05
internal_100k,MW,815.7894736842105,3.944690831206255e-05
internal_100k,MW,817.8947368421052,3.860213518703445e-05
internal_100k,MW,820.0,3.769500381424493e-05
internal_100k,MW,822.1052631578947,3.670827106341732e-05
internal_100k,MW,824.2105263157895,3.56319623109697e-05
internal_100k,MW,826.3157894736842,3.4464771090191035e-05
internal_100k,MW,828.421052631579,3.3214787851932244e-05
internal_100k,MW,830.5263157894736,3.189942103915394e-05
internal_100k,MW,832.6315789473683,3.054446660416703e-05
internal_100k,MW,834.7368421052631,2.9182372687627012e-05
internal_100k,MW,836.8421052631578,2.784982720241858e-05
internal_100k,MW,838.9473684210526,2.6584863104877806e-05
internal_100k,MW,841.0526315789473,2.5423726568108548e-05
internal_100k,MW,843.1578947368421,2.439778502525154e-05
internal_100k,MW,845.2631578947368,2.35307627003087e-05
internal_100k,MW,847.3684210526316,2.2836577868942872e-05
internal_100k,MW,849.4736842105262,2.2318016005087997e-05
internal_100k,MW,851.578947368421,2.196640512808157e-05
internal_100k,MW,853.6842105263157,2.1762366289697632e-05
internal_100k,MW,855.7894736842105,2.1677599959150824e-05
internal_100k,MW,857.8947368421052,2.167754964348831e-05
internal_100k,MW,860.0,2.172467291085463e-05
internal_100k,MW,862.1052631578947,2.1781964302528148e-05
internal_100k,MW,864.2105263157895,2.181633030273886e-05
internal_100k,MW,866.3157894736842,2.180142467548642e-05
internal_100k,MW,868.421052631579,2.1719616428555752e-05
internal_100k,MW,870.5263157894736,2.1562876324906268e-05
internal_100k,MW,872.6315789473683,2.133251576458517e-05
internal_100k,MW,874.7368421052631,2.1037871283644667e-05
internal_100k,MW,876.8421052631578,2.0694172757208802e-05
internal_100k,MW,878.9473684210526,2.0319939113732115e-05
internal_100k,MW,881.0526315789473,1.99342939748386e-05
internal_100k,MW,883.1578947368421,1.9554577556220063e-05
internal_100k,MW,885.2631578947368,1.9194555029773494e-05
internal_100k,MW,887.3684210526316,1.886340135135049e-05
internal_100k,MW,889.4736842105262,1.8565502289383236e-05
internal_100k,MW,891.578947368421,1.830097784698737e-05
internal_100k,MW,893.6842105263157,1.8066731306669508e-05
internal_100k,MW,895.7894736842105,1.7857770709609283e-05
internal_100k,MW,897.8947368421052,1.7668544873659722e-05
internal_100k,MW,900.0,1.7494077175241308e-05
tox21,MW,60.0,0.0006120907142011699
tox21,MW,62.10526315789474,0.0006624155234125017
tox21,MW,64.21052631578948,0.0007153640109713641
tox21,MW,66.3157894736842,0.0007709269072484466
tox21,MW,68.42105263157895,0.00082908127982023
tox21,MW,70.52631578947368,0.000889790177478967
tox21,MW,72.63157894736842,0.000953002363299411
tox21,MW,74.73684210526315,0.00101865213167777
tox21,MW,76.84210526315789,0.0010866592034399576
tox21,MW,78.94736842105263,0.0011569286930456675
tox21,MW,81.05263157894737,0.0012293511426383294
tox21,MW,83.15789473684211,0.0013038026191990364
tox21,MW,85.26315789473685,0.001380144873284822
tox21,MW,87.36842105263158,0.0014582255606359674
tox21,MW,89.47368421052632,0.0015378785311312227
tox21,MW,91.57894736842105,0.001618924192912539
tox21,MW,93.68421052631578,0.0017011699627138875
tox21,MW,95.78947368421052,0.001784410816214479
tox21,MW,97.89473684210526,0.0018684299543023624
tox21,MW,100.0,0.0019529996022086976
tox21,MW,102.10526315789474,0.002037881958336811
tox21,MW,104.21052631578948,0.0021228303081088752
tox21,MW,106.3157894736842,0.002207590315216059
tox21,MW,108.42105263157895,0.0022919014983134953
tox21,MW,110.52631578947368,0.002375498895567348
tox21,MW,112.63157894736841,0.0024581149127602397
tox21,MW,114.73684210526315,0.0025394813431905846
tox21,MW,116.84210526315789,0.0026193315397287677
tox21,MW,118.94736842105263,0.0026974027115304676
tox21,MW,121.05263157894737,0.0027734383104809314
tox21,MW,123.15789473684211,0.002847190465870927
tox21,MW,125.26315789473684,0.0029184224204706634
tox21,MW,127.36842105263158,0.002986910917387035
tox21,MW,129.4736842105263,0.003052448485110462
tox21,MW,131.57894736842104,0.0031148455681222153
tox21,MW,133.68421052631578,0.003173932452394826
tox21,MW,135.78947368421052,0.003229560939020099
tox21,MW,137.89473684210526,0.0032816057248958768
tox21,MW,140.0,0.003329965456659001
tox21,MW,142.10526315789474,0.0033745634325672027
tox21,MW,144.21052631578948,0.003415347936454206
tox21,MW,146.31578947368422,0.0034522921978210005
tox21,MW,148.42105263157896,0.003485393982190553
tox21,MW,150.5263157894737,0.0035146748256491924
tox21,MW,152.6315789473684,0.003540178936664106
tox21,MW,154.73684210526315,0.003561971796479007
tox21,MW,156.8421052631579,0.0035801384963788973
tox21,MW,158.94736842105263,0.00359478185567803
tox21,MW,161.05263157894737,0.0036060203682791855
tox21,MW,163.15789473684208,0.003613986028024077
tox21,MW,165.26315789473682,0.0036188220838032424
tox21,MW,167.36842105263156,0.003620680774600288
tox21,MW,169.4736842105263,0.0036197210924428843
tox21,MW,171.57894736842104,0.0036161066178007936
tox21,MW,173.68421052631578,0.0036100034675301458
tox21,MW,175.78947368421052,0.0036015783902399903
tox21,MW,177.89473684210526,0.003590997038191669
tox21,MW,180.0,0.0035784224387560002
tox21,MW,182.10526315789474,0.0035640136822391163
tox21,MW,184.21052631578948,0.003547924836714899
tox21,MW,186.31578947368422,0.003530304094483761
tox21,MW,188.42105263157893,0.0035112931490058914
tox21,MW,190.52631578947367,0.0034910267956799793
tox21,MW,192.6315789473684,0.003469632744686545
tox21,MW,194.73684210526315,0.003447231629312961
tox21,MW,196.8421052631579,0.003423937188752289
tox21,MW,198.94736842105263,0.003399856600368067
tox21,MW,201.05263157894737,0.003375090932923617
tox21,MW,203.1578947368421,0.00334973568939927
tox21,MW,205.26315789473682,0.0033238814059080115
tox21,MW,207.36842105263156,0.003297614272041407
tox21,MW,209.4736842105263,0.0032710167379012218
tox21,MW,211.57894736842104,0.003244168074261529
tox21,MW,213.68421052631578,0.0032171448548661942
tox21,MW,215.78947368421052,0.003190021333855154
tox21,MW,217.89473684210526,0.0031628696966775247
tox21,MW,220.0,0.003135760169448091
tox21,MW,222.10526315789474,0.0031087609792783103
tox21,MW,224.21052631578945,0.0030819381663004766
tox21,MW,226.3157894736842,0.003055355256460047
tox21,MW,228.42105263157893,0.0030290728121709454
tox21,MW,230.52631578947367,0.003003147885093632
tox21,MW,232.6315789473684,0.002977633401109871
tox21,MW,234.73684210526315,0.002952577511607933
tox21,MW,236.8421052631579,0.0029280229471491336
tox21,MW,238.94736842105263,0.0029040064092939262
tox21,MW,241.05263157894737,0.002880558033828465
tox21,MW,243.15789473684208,0.0028577009540272425
tox21,MW,245.26315789473682,0.0028354509862558827
tox21,MW,247.36842105263156,0.0028138164526424884
tox21,MW,249.4736842105263,0.002792798147308412
tox21,MW,251.57894736842104,0.0027723894443855016
tox21,MW,253.68421052631578,0.002752576538388468
tox21,MW,255.78947368421052,0.002733338801036873
tox21,MW,257.89473684210526,0.0027146492337980937
tox21,MW,260.0,0.002696474992576708
tox21,MW,262.10526315789474,0.0026787779602534595
tox21,MW,264.2105263157895,0.0026615153441435116
tox21,MW,266.31578947368416,0.0026446402786797956
tox21,MW,268.42105263157896,0.002628102418359013
tox21,MW,270.52631578947364,0.002611848511708263
tox21,MW,272.63157894736844,0.0025958229531620677
tox21,MW,274.7368421052631,0.0025799683156675847
tox21,MW,276.8421052631579,0.0025642258719743207
tox21,MW,278.9473684210526,0.00254853611640177
tox21,MW,281.0526315789474,0.0025328393010155864
tox21,MW,283.1578947368421,0.0025170760003397287
tox21,MW,285.2631578947368,0.0025011877169087747
tox21,MW,287.36842105263156,0.00248511753622813
tox21,MW,289.4736842105263,0.0024688108343278274
tox21,MW,291.57894736842104,0.002452216034488846
tox21,MW,293.6842105263158,0.0024352854024218946
tox21,MW,295.7894736842105,0.0024179758617972977
tox21,MW,297.89473684210526,0.0024002498051956546
tox21,MW,300.0,0.002382075869888649
tox21,MW,302.1052631578947,0.0023634296439141588
tox21,MW,304.2105263157895,0.002344294266115498
tox21,MW,306.31578947368416,0.002324660884459733
tox21,MW,308.42105263157896,0.0023045289401534353
tox21,MW,310.52631578947364,0.002283906250764827
tox21,MW,312.63157894736844,0.0022628088734879914
tox21,MW,314.7368421052631,0.0022412607394168152
tox21,MW,316.84210526315786,0.002219293060657299
tox21,MW,318.9473684210526,0.0021969435236109413
tox21,MW,321.05263157894734,0.002174255293050808
tox21,MW,323.1578947368421,0.00215127586192059
tox21,MW,325.2631578947368,0.002128055790387874
tox21,MW,327.36842105263156,0.0021046473839429645
tox21,MW,329.4736842105263,0.0020811033637697807
tox21,MW,331.57894736842104,0.002057475582920274
tox21,MW,333.6842105263158,0.0020338138389113503
tox21,MW,335.7894736842105,0.0020101648273675747
tox21,MW,337.89473684210526,0.001986571272613713
tox21,MW,340.0,0.0019630712602366355
tox21,MW,342.10526315789474,0.0019396977843141043
tox21,MW,344.2105263157895,0.0019164785090851177
tox21,MW,346.3157894736842,0.001893435732212797
tox21,MW,348.42105263157896,0.001870586525345482
tox21,MW,350.52631578947364,0.0018479430182262533
tox21,MW,352.6315789473684,0.001825512785799793
tox21,MW,354.7368421052631,0.0018032992940972506
tox21,MW,356.84210526315786,0.0017813023603920923
tox21,MW,358.9473684210526,0.0017595185862126434
tox21,MW,361.05263157894734,0.001737941728019167
tox21,MW,363.1578947368421,0.001716562979222424
tox21,MW,365.2631578947368,0.001695371148057876
tox21,MW,367.36842105263156,0.0016743527278092994
tox21,MW,369.4736842105263,0.0016534918680892873
tox21,MW,371.57894736842104,0.001632770267405894
tox21,MW,373.6842105263158,0.0016121670171970325
tox21,MW,375.7894736842105,0.0015916584351376218
tox21,MW,377.89473684210526,0.0015712179302218657
tox21,MW,380.0,0.0015508159435085299
tox21,MW,382.10526315789474,0.0015304200063359693
tox21,MW,384.2105263157895,0.0015099949523534658
tox21,MW,386.3157894736842,0.0014895033111935547
tox21,MW,388.4210526315789,0.001468905900555113
tox21,MW,390.52631578947364,0.0014481626205750382
tox21,MW,392.6315789473684,0.0014272334404588066
tox21,MW,394.7368421052631,0.0014060795533068014
tox21,MW,396.84210526315786,0.0013846646618167796
tox21,MW,398.9473684210526,0.0013629563459226842
tox21,MW,401.05263157894734,0.0013409274542107257
tox21,MW,403.1578947368421,0.0013185574547610595
tox21,MW,405.2631578947368,0.0012958336783465006
tox21,MW,407.36842105263156,0.001272752387928859
tox21,MW,409.4736842105263,0.0012493196131643143
tox21,MW,411.57894736842104,0.001225551696982405
tox21,MW,413.6842105263158,0.0012014755128534214
tox21,MW,415.7894736842105,0.0011771283255379598
tox21,MW,417.89473684210526,0.001152557284195696
tox21,MW,420.0,0.0011278185538803583
tox21,MW,422.10526315789474,0.0011029761087560526
tox21,MW,424.2105263157895,0.0010781002269055794
tox21,MW,426.31578947368416,0.0010532657414650435
tox21,MW,428.4210526315789,0.001028550115188893
tox21,MW,430.52631578947364,0.0010040314147303283
tox21,MW,432.6315789473684,0.0009797862663840089
tox21,MW,434.7368421052631,0.0009558878764487879
tox21,MW,436.84210526315786,0.0009324041966149429
tox21,MW,438.9473684210526,0.0009093963079782321
tox21,MW,441.05263157894734,0.0008869170867723984
tox21,MW,443.1578947368421,0.0008650102012415341
tox21,MW,445.2631578947368,0.0008437094729720321
tox21,MW,447.36842105263156,0.0008230386183382669
tox21,MW,449.4736842105263,0.0008030113674444741
tox21,MW,451.57894736842104,0.000783631940059386
tox21,MW,453.6842105263158,0.000764895841509697
tox21,MW,455.7894736842105,0.000746790927210706
tox21,MW,457.89473684210526,0.0007292986732229746
tox21,MW,460.0,0.0007123955825072904
tox21,MW,462.10526315789474,0.0006960546527705356
tox21,MW,464.2105263157895,0.0006802468320812645
tox21,MW,466.31578947368416,0.0006649423926757941
tox21,MW,468.4210526315789,0.0006501121612333991
tox21,MW,470.52631578947364,0.0006357285548255351
tox21,MW,472.6315789473684,0.0006217663850222249
tox21,MW,474.7368421052631,0.0006082034074299414
tox21,MW,476.84210526315786,0.0005950206093324009
tox21,MW,478.9473684210526,0.0005822022431919071
tox21,MW,481.05263157894734,0.0005697356276750125
tox21,MW,483.1578947368421,0.0005576107498244694
tox21,MW,485.2631578947368,0.0005458197113869756
tox21,MW,487.36842105263156,0.0005343560686824432
tox21,MW,489.4736842105263,0.0005232141185255993
tox21,MW,491.57894736842104,0.0005123881825558335
tox21,MW,493.6842105263158,0.0005018719390703479
tox21,MW,495.7894736842105,0.0004916578454469223
tox21,MW,497.89473684210526,0.0004817366859972058
tox21,MW,500.0,0.00047209727023339105
tox21,MW,502.10526315789474,0.0004627262957528438
tox21,MW,504.2105263157894,0.00045360837895852665
tox21,MW,506.31578947368416,0.00044472624632346737
tox21,MW,508.4210526315789,0.00043606106949063803
tox21,MW,510.52631578947364,0.0004275929196861355
tox21,MW,512.6315789473683,0.0004193013110915792
tox21,MW,514.7368421052631,0.0004111657992006298
tox21,MW,516.8421052631579,0.0004031665988488181
tox21,MW,518.9473684210526,0.00039528518748011937
tox21,MW,521.0526315789473,0.00038750486208661287
tox21,MW,523.1578947368421,0.00037981122280497854
tox21,MW,525.2631578947369,0.0003721925619665619
tox21,MW,527.3684210526316,0.00036464014401583057
tox21,MW,529.4736842105262,0.0003571483686560699
tox21,MW,531.578947368421,0.00034971481638711394
tox21,MW,533.6842105263158,0.00034234018184809204
tox21,MW,535.7894736842105,0.00033502810571832495
tox21,MW,537.8947368421052,0.00032778492009938884
tox21,MW,540.0,0.0003206193251380729
tox21,MW,542.1052631578947,0.00031354201609433055
tox21,MW,544.2105263157894,0.0003065652801510354
tox21,MW,546.3157894736842,0.0002997025811349063
tox21,MW,548.421052631579,0.0002929681481763932
tox21,MW,550.5263157894736,0.0002863765814423032
tox21,MW,552.6315789473683,0.00027994248472311726
tox21,MW,554.7368421052631,0.0002736801311516496
tox21,MW,556.8421052631579,0.0002676031649625923
tox21,MW,558.9473684210526,0.0002617243392315694
tox21,MW,561.0526315789473,0.0002560552871651906
tox21,MW,563.1578947368421,0.0002506063228942935
tox21,MW,565.2631578947369,0.0002453862669242719
tox21,MW,567.3684210526316,0.00024040229141889568
tox21,MW,569.4736842105262,0.00023565978126720852
tox21,MW,571.578947368421,0.00023116220827469042
tox21,MW,573.6842105263157,0.00022691101764851885
tox21,MW,575.7894736842105,0.00022290552799744594
tox21,MW,577.8947368421052,0.00021914284810912313
tox21,MW,580.0,0.0002156178155747942
tox21,MW,582.1052631578947,0.00021232296369818414
tox21,MW,584.2105263157895,0.00020924852388566498
tox21,MW,586.3157894736842,0.00020638247075405546
tox21,MW,588.421052631579,0.0002037106164576399
tox21,MW,590.5263157894736,0.00020121675924055432
tox21,MW,592.6315789473684,0.00019888288904316344
tox21,MW,594.7368421052631,0.00019668945027024665
tox21,MW,596.8421052631579,0.00019461565875256485
tox21,MW,598.9473684210526,0.0001926398667245518
tox21,MW,601.0526315789473,0.00019073996653944374
tox21,MW,603.1578947368421,0.00018889382108779152
tox21,MW,605.2631578947368,0.0001870797066936089
tox21,MW,607.3684210526316,0.00018527675281434342
tox21,MW,609.4736842105262,0.00018346536229330544
tox21,MW,611.578947368421,0.00018162759627040362
tox21,MW,613.6842105263157,0.0001797475091448461
tox21,MW,615.7894736842105,0.00017781142112964163
tox21,MW,617.8947368421052,0.0001758081188079324
tox21,MW,620.0,0.00017372897750913446
tox21,MW,622.1052631578947,0.00017156800304568426
tox21,MW,624.2105263157895,0.00016932179414646853
tox21,MW,626.3157894736842,0.00016698943054788563
tox21,MW,628.421052631579,0.0001645722949330684
tox21,MW,630.5263157894736,0.0001620738395536399
tox21,MW,632.6315789473684,0.00015949931028412637
tox21,MW,634.7368421052631,0.00015685544196137393
tox21,MW,636.8421052631579,0.00015415013912589576
tox21,MW,638.9473684210526,0.00015139215574524285
tox21,MW,641.0526315789473,0.00014859078625206564
tox21,MW,643.1578947368421,0.00014575557840719645
tox21,MW,645.2631578947368,0.00014289607626814026
tox21,MW,647.3684210526316,0.0001400215990900973
tox21,MW,649.4736842105262,0.0001371410594956806
tox21,MW,651.578947368421,0.0001342628218932311
tox21,MW,653.6842105263157,0.00013139460004860784
tox21,MW,655.7894736842105,0.00012854339103239823
tox21,MW,657.8947368421052,0.00012571544154284052
tox21,MW,660.0,0.00012291624186951513
tox21,MW,662.1052631578947,0.00012015054249691704
tox21,MW,664.2105263157895,0.000117422388495892
tox21,MW,666.3157894736842,0.00011473516733083496
tox21,MW,668.421052631579,0.00011209166641814989
tox21,MW,670.5263157894736,0.00010949413759476415
tox21,MW,672.6315789473684,0.00010694436648458011
tox21,MW,674.7368421052631,0.00010444374548779442
tox21,MW,676.8421052631578,0.00010199334968526731
tox21,MW,678.9473684210526,9.959401529587283e-05
tox21,MW,681.0526315789473,9.724642042623221e-05
tox21,MW,683.1578947368421,9.495116771599214e-05
tox21,MW,685.2631578947368,9.270886814131904e-05
tox21,MW,687.3684210526316,9.052022475000936e-05
tox21,MW,689.4736842105262,8.838611453471157e-05
tox21,MW,691.578947368421,8.630766608509638e-05
tox21,MW,693.6842105263157,8.42863301741943e-05
tox21,MW,695.7894736842105,8.232394009929994e-05
tox21,MW,697.8947368421052,8.042275846999636e-05
tox21,MW,700.0,7.858550725130583e-05
tox21,MW,702.1052631578947,7.681537824213794e-05
tox21,MW,704.2105263157895,7.511602178756992e-05
tox21,MW,706.3157894736842,7.349151235485164e-05
tox21,MW,708.421052631579,7.194629059481653e-05
tox21,MW,710.5263157894736,7.048508259557979e-05
tox21,MW,712.6315789473684,6.911279813866113e-05
tox21,MW,714.7368421052631,6.783441081210726e-05
tox21,MW,716.8421052631578,6.665482374895253e-05
tox21,MW,718.9473684210526,6.557872548183794e-05
tox21,MW,721.0526315789473,6.461044089114528e-05
tox21,MW,723.1578947368421,6.37537824492745e-05
tox21,MW,725.2631578947368,6.301190692306898e-05
tox21,MW,727.3684210526316,6.238718240539629e-05
tox21,MW,729.4736842105262,6.188107003888475e-05
tox21,MW,731.578947368421,6.149402411701418e-05
tox21,MW,733.6842105263157,6.122541345621609e-05
tox21,MW,735.7894736842105,6.10734660865708e-05
tox21,MW,737.8947368421052,6.103523846480483e-05
tox21,MW,740.0,6.110660962065953e-05
tox21,MW,742.1052631578947,6.12822999437091e-05
tox21,MW,744.2105263157895,6.155591372548152e-05
tox21,MW,746.3157894736842,6.192000409922475e-05
tox21,MW,748.421052631579,6.236615866056471e-05
tox21,MW,750.5263157894736,6.288510378848306e-05
tox21,MW,752.6315789473684,6.346682549137371e-05
tox21,MW,754.7368421052631,6.41007044478705e-05
tox21,MW,756.8421052631578,6.477566276862734e-05
tox21,MW,758.9473684210526,6.548031985127401e-05
tox21,MW,761.0526315789473,6.620315452413551e-05
tox21,MW,763.1578947368421,6.693267047484069e-05
tox21,MW,765.2631578947368,6.765756175029375e-05
tox21,MW,767.3684210526316,6.836687491897999e-05
tox21,MW,769.4736842105262,6.9050164338441e-05
tox21,MW,771.578947368421,6.969763690793292e-05
tox21,MW,773.6842105263157,7.030028274630491e-05
tox21,MW,775.7894736842105,7.084998844969019e-05
tox21,MW,777.8947368421052,7.133962997338398e-05
tox21,MW,780.0,7.176314275285806e-05
tox21,MW,782.1052631578947,7.211556741801017e-05
tox21,MW,784.2105263157895,7.239307033173869e-05
tox21,MW,786.3157894736842,7.259293915090976e-05
tox21,MW,788.421052631579,7.271355460316945e-05
tox21,MW,790.5263157894736,7.275434062676121e-05
tox21,MW,792.6315789473683,7.271569586044224e-05
tox21,MW,794.7368421052631,7.259891012968806e-05
tox21,MW,796.8421052631578,7.240606999867753e-05
tox21,MW,798.9473684210526,7.213995760823293e-05
tox21,MW,801.0526315789473,7.180394688386934e-05
tox21,MW,803.1578947368421,7.140190078647921e-05
tox21,MW,805.2631578947368,7.093807262721971e-05
tox21,MW,807.3684210526316,7.041701363690575e-05
tox21,MW,809.4736842105262,6.984348804553097e-05
tox21,MW,811.578947368421,6.922239597749069e-05
tox21,MW,813.6842105263157,6.8558703593778e-05
tox21,MW,815.7894736842105,6.78573791994469e-05
tox21,MW,817.8947368421052,6.712333355471244e-05
tox21,MW,820.0,6.636136243174519e-05
tox21,MW,822.1052631578947,6.557608957054995e-05
tox21,MW,824.2105263157895,6.477190860059948e-05
tox21,MW,826.3157894736842,6.395292317438093e-05
tox21,MW,828.421052631579,6.31228854412259e-05
tox21,MW,830.5263157894736,6.228513398858878e-05
tox21,MW,832.6315789473683,6.144253339165388e-05
tox21,MW,834.7368421052631,6.05974184325263e-05
tox21,MW,836.8421052631578,5.975154677207274e-05
tox21,MW,838.9473684210526,5.890606428828306e-05
tox21,MW,841.0526315789473,5.8061487364044235e-05
tox21,MW,843.1578947368421,5.7217706072547216e-05
tox21,MW,845.2631578947368,5.637401146217661e-05
tox21,MW,847.3684210526316,5.552914901264428e-05
tox21,MW,849.4736842105262,5.468139888355137e-05
tox21,MW,851.578947368421,5.382868190000601e-05
tox21,MW,853.6842105263157,5.296868843663633e-05
tox21,MW,855.7894736842105,5.2099025606264536e-05
tox21,MW,857.8947368421052,5.121737657287634e-05
tox21,MW,860.0,5.032166452443346e-05
tox21,MW,862.1052631578947,4.941021297649545e-05
tox21,MW,864.2105263157895,4.848189372216068e-05
tox21,MW,866.3157894736842,4.753625395180481e-05
tox21,MW,868.421052631579,4.657361485083661e-05
tox21,MW,870.5263157894736,4.559513531538963e-05
tox21,MW,872.6315789473683,4.460283623250426e-05
tox21,MW,874.7368421052631,4.359958294324645e-05
tox21,MW,876.8421052631578,4.258902590445308e-05
tox21,MW,878.9473684210526,4.157550202737128e-05
tox21,MW,881.0526315789473,4.056390153098225e-05
tox21,MW,883.1578947368421,3.955950724010089e-05
tox21,MW,885.2631578947368,3.856781493589151e-05
tox21,MW,887.3684210526316,3.759434450951677e-05
tox21,MW,889.4736842105262,3.6644452195504684e-05
tox21,MW,891.578947368421,3.572315403058595e-05
tox21,MW,893.6842105263157,3.48349699030404e-05
tox21,MW,895.7894736842105,3.398379617957004e-05
tox21,MW,897.8947368421052,3.3172813015790027e-05
tox21,MW,900.0,3.240443020170095e-05
internal_100k,logP,-8.0,0.00024543251139307005
internal_100k,logP,-7.959899749373434,0.0002463130953361464
internal_100k,logP,-7.919799498746867,0.0002492809000231212
internal_100k,logP,-7.879699248120301,0.00025485108330468363
internal_100k,logP,-7.839598997493734,0.00026292254463444704
internal_100k,logP,-7.799498746867168,0.00027275361468441945
internal_100k,logP,-7.7593984962406015,0.00028311566194333144
internal_100k,logP,-7.719298245614035,0.0002925891464552291
internal_100k,logP,-7.679197994987469,0.0002999193652842159
internal_100k,logP,-7.639097744360902,0.0003043249869807985
internal_100k,logP,-7.598997493734336,0.0003056622278318983
internal_100k,logP,-7.5588972431077694,0.0003043910474296584
internal_100k,logP,-7.518796992481203,0.00030135449675393886
internal_100k,logP,-7.478696741854637,0.00029744647540931785
internal_100k,logP,-7.43859649122807,0.0002932827966941164
internal_100k,logP,-7.398496240601504,0.0002889892257416412
internal_100k,logP,-7.358395989974937,0.00028417689919606843
internal_100k,logP,-7.318295739348371,0.0002781064200156295
internal_100k,logP,-7.2781954887218046,0.00026997460135702524
internal_100k,logP,-7.238095238095238,0.0002592194386676195
internal_100k,logP,-7.197994987468672,0.0002457433906948437
internal_100k,logP,-7.157894736842105,0.0002299967328292083
internal_100k,logP,-7.117794486215539,0.0002129196380495879
internal_100k,logP,-7.0776942355889725,0.0001957872115938447
internal_100k,logP,-7.037593984962406,0.00018001834522988615
internal_100k,logP,-6.99749373433584,0.0001669961116083881
internal_100k,logP,-6.957393483709273,0.00015791868261613829
internal_100k,logP,-6.917293233082707,0.00015367516160763015
internal_100k,logP,-6.87719298245614,0.00015473418645818148
internal_100k,logP,-6.837092731829574,0.00016104593391170355
internal_100k,logP,-6.796992481203008,0.00017197955669693012
internal_100k,logP,-6.756892230576441,0.00018633247240065697
internal_100k,logP,-6.716791979949875,0.00020244345409085494
internal_100k,logP,-6.676691729323308,0.00021841610159511647
internal_100k,logP,-6.636591478696742,0.0002324216098629912
internal_100k,logP,-6.5964912280701755,0.00024301515095371897
internal_100k,logP,-6.556390977443609,0.0002493842209591138
internal_100k,logP,-6.516290726817043,0.0002514592217089686
internal_100k,logP,-6.476190476190476,0.0002498549468054159
internal_100k,logP,-6.43609022556391,0.0002456639793225606
internal_100k,logP,-6.3959899749373434,0.0002401696898136571
internal_100k,logP,-6.355889724310777,0.00023456873301569813
internal_100k,logP,-6.315789473684211,0.00022978130529225773
internal_100k,logP,-6.275689223057644,0.0002263872170355284
internal_100k,logP,-6.235588972431078,0.00022467529259887736
internal_100k,logP,-6.195488721804511,0.00022475529472200324
internal_100k,logP,-6.155388471177945,0.000226670953901356
internal_100k,logP,-6.1152882205513786,0.00023047040299200476
internal_100k,logP,-6.075187969924812,0.00023622279115606643
internal_100k,logP,-6.035087719298246,0.00024399796129622613
internal_100k,logP,-5.994987468671679,0.0002538365133250209
internal_100k,logP,-5.954887218045113,0.0002657297458362056
internal_100k,logP,-5.9147869674185465,0.00027961334441697867
internal_100k,logP,-5.87468671679198,0.00029536824793908415
internal_100k,logP,-5.834586466165414,0.00031282305075495015
internal_100k,logP,-5.794486215538847,0.00033176031751126994
internal_100k,logP,-5.754385964912281,0.00035193389583656554
internal_100k,logP,-5.714285714285714,0.00037309809097705595
internal_100k,logP,-5.674185463659148,0.00039503448049560554
internal_100k,logP,-5.634085213032582,0.0004175496049003925
internal_100k,logP,-5.593984962406015,0.00044041979777398034
internal_100k,logP,-5.553884711779449,0.0004632827195549252
internal_100k,logP,-5.513784461152882,0.00048550995299982843
internal_100k,logP,-5.473684210526316,0.0005061226341707498
internal_100k,logP,-5.4335839598997495,0.0005238144179363293
internal_100k,logP,-5.393483709273183,0.000537116382905872
internal_100k,logP,-5.353383458646617,0.0005446860013691542
internal_100k,logP,-5.31328320802005,0.0005456481496404255
internal_100k,logP,-5.273182957393484,0.0005398834459004619
internal_100k,logP,-5.2330827067669174,0.0005281630490234696
internal_100k,logP,-5.192982456140351,0.000512070600283604
internal_100k,logP,-5.152882205513785,0.0004937182682618026
internal_100k,logP,-5.112781954887218,0.00047533217853249025
internal_100k,logP,-5.072681704260652,0.0004588279554286416
internal_100k,logP,-5.032581453634085,0.0004455013845705027
internal_100k,logP,-4.992481203007519,0.000435918447499582
internal_100k,logP,-4.9523809523809526,0.0004300170205400975
internal_100k,logP,-4.912280701754386,0.0004273569565105719
internal_100k,logP,-4.87218045112782,0.000427406540238213
internal_100k,logP,-4.832080200501253,0.0004297513628659114
internal_100k,logP,-4.791979949874687,0.000434156513146992
internal_100k,logP,-4.7518796992481205,0.00044048427771190896
internal_100k,logP,-4.711779448621554,0.0004485355049045165
internal_100k,logP,-4.671679197994988,0.0004579144638934502
internal_100k,logP,-4.631578947368421,0.0004680012530932734
internal_100k,logP,-4.591478696741855,0.00047806107941293896
internal_100k,logP,-4.551378446115288,0.00048745231829354845
internal_100k,logP,-4.511278195488722,0.0004958470693636089
internal_100k,logP,-4.471177944862156,0.0005033713470622106
internal_100k,logP,-4.431077694235589,0.0005106090482238261
internal_100k,logP,-4.390977443609023,0.0005184748407507303
internal_100k,logP,-4.350877192982456,0.0005280148835104839
internal_100k,logP,-4.31077694235589,0.0005402141140620533
internal_100k,logP,-4.2706766917293235,0.0005558666490539035
internal_100k,logP,-4.230576441102757,0.0005755165151496667
internal_100k,logP,-4.190476190476191,0.0005994293295557002
internal_100k,logP,-4.150375939849624,0.0006275402799062502
internal_100k,logP,-4.110275689223058,0.0006593511417563099
internal_100k,logP,-4.0701754385964914,0.0006938058500293048
internal_100k,logP,-4.030075187969925,0.0007292279798674522
internal_100k,logP,-3.9899749373433586,0.0007634192521491699
internal_100k,logP,-3.949874686716792,0.0007939772201450622
internal_100k,logP,-3.909774436090226,0.000818802962960553
internal_100k,logP,-3.8696741854636594,0.0008366734046409999
internal_100k,logP,-3.829573934837093,0.000847695493374852
internal_100k,logP,-3.7894736842105265,0.000853474311530553
internal_100k,logP,-3.74937343358396,0.0008569142886853289
internal_100k,logP,-3.7092731829573937,0.0008616965988087367
internal_100k,logP,-3.6691729323308273,0.0008715828485165408
internal_100k,logP,-3.629072681704261,0.0008897409602074498
internal_100k,logP,-3.5889724310776945,0.0009182607329339607
internal_100k,logP,-3.548872180451128,0.0009579460048304023
internal_100k,logP,-3.5087719298245617,0.0010083789770679724
internal_100k,logP,-3.4686716791979952,0.0010681863428983088
internal_100k,logP,-3.428571428571429,0.0011354103311925366
internal_100k,logP,-3.3884711779448624,0.0012078917243394077
internal_100k,logP,-3.348370927318296,0.001283588403556657
internal_100k,logP,-3.3082706766917296,0.0013607712417216353
internal_100k,logP,-3.268170426065163,0.001438061947218492
internal_100k,logP,-3.2280701754385968,0.0015143135798478958
internal_100k,logP,-3.1879699248120303,0.0015883845947294274
internal_100k,logP,-3.147869674185464,0.0016589054432256374
internal_100k,logP,-3.1077694235588975,0.0017241559630688979
internal_100k,logP,-3.067669172932331,0.0017821415395851592
internal_100k,logP,-3.0275689223057647,0.0018308797875014183
internal_100k,logP,-2.9874686716791983,0.001868818502340348
internal_100k,logP,-2.947368421052632,0.0018952440592397246
internal_100k,logP,-2.9072681704260654,0.0019105393019068126
internal_100k,logP,-2.867167919799499,0.00191621166551687
internal_100k,logP,-2.8270676691729326,0.0019147039307348174
internal_100k,logP,-2.786967418546366,0.0019090760319495845
internal_100k,logP,-2.7468671679198,0.0019026731147149636
internal_100k,logP,-2.7067669172932334,0.0018988674990410926
internal_100k,logP,-2.666666666666667,0.0019009025657203027
internal_100k,logP,-2.6265664160401005,0.001911808468274403
internal_100k,logP,-2.586466165413534,0.0019343292856372298
internal_100k,logP,-2.5463659147869677,0.0019708070836971098
internal_100k,logP,-2.5062656641604013,0.0020230016225387154
internal_100k,logP,-2.466165413533835,0.0020918677874046604
internal_100k,logP,-2.4260651629072685,0.002177349204492359
internal_100k,logP,-2.385964912280702,0.002278264173021301
internal_100k,logP,-2.3458646616541357,0.002392353440981236
internal_100k,logP,-2.3057644110275692,0.0025165285318753347
internal_100k,logP,-2.265664160401003,0.002647309992317297
internal_100k,logP,-2.2255639097744364,0.0027813888088768736
internal_100k,logP,-2.18546365914787,0.0029161978651863624
internal_100k,logP,-2.1453634085213036,0.0030503605050008027
internal_100k,logP,-2.105263157894737,0.0031839002701917187
internal_100k,logP,-2.0651629072681708,0.0033181476531869277
internal_100k,logP,-2.0250626566416043,0.0034553515803746144
internal_100k,logP,-1.984962406015038,0.003598074326765559
internal_100k,logP,-1.9448621553884715,0.00374850077988809
internal_100k,logP,-1.904761904761905,0.003907818050543704
internal_100k,logP,-1.8646616541353387,0.004075819513233176
internal_100k,logP,-1.8245614035087723,0.004250860481863301
internal_100k,logP,-1.7844611528822059,0.004430239401703544
internal_100k,logP,-1.7443609022556394,0.004610995725532593
internal_100k,logP,-1.704260651629073,0.0047910082752618014
internal_100k,logP,-1.6641604010025066,0.004970166810335075
internal_100k,logP,-1.6240601503759402,0.00515131086342274
internal_100k,logP,-1.5839598997493738,0.005340621966707412
internal_100k,logP,-1.5438596491228074,0.005547240252522767
internal_100k,logP,-1.503759398496241,0.005782046906041449
internal_100k,logP,-1.4636591478696745,0.00605577293219524
internal_100k,logP,-1.4235588972431081,0.006376805472571611
internal_100k,logP,-1.3834586466165417,0.006749204571180585
internal_100k,logP,-1.3433583959899753,0.0071714658029700005
internal_100k,logP,-1.303258145363409,0.007636441837162446
internal_100k,logP,-1.2631578947368425,0.00813257931827203
internal_100k,logP,-1.223057644110276,0.008646290174284204
internal_100k,logP,-1.1829573934837097,0.009164950572897805
internal_100k,logP,-1.1428571428571432,0.009679813389272733
internal_100k,logP,-1.1027568922305768,0.010188115252799456
internal_100k,logP,-1.0626566416040104,0.010693878440572758
internal_100k,logP,-1.022556390977444,0.01120728945774159
internal_100k,logP,-0.9824561403508776,0.011742949366845327
internal_100k,logP,-0.9423558897243112,0.012317584642893998
internal_100k,logP,-0.9022556390977448,0.012947875003213385
internal_100k,logP,-0.8621553884711783,0.013648885219132953
internal_100k,logP,-0.8220551378446119,0.014433273962721553
internal_100k,logP,-0.7819548872180455,0.015311146426363676
internal_100k,logP,-0.7418546365914791,0.016290252512420327
internal_100k,logP,-0.7017543859649127,0.017376253498495604
internal_100k,logP,-0.6616541353383463,0.018572921827196692
internal_100k,logP,-0.6215538847117799,0.01988227052482583
internal_100k,logP,-0.5814536340852134,0.021304621813076418
internal_100k,logP,-0.541353383458647,0.022838506278122953
internal_100k,logP,-0.5012531328320806,0.02448013210689709
internal_100k,logP,-0.4611528822055142,0.026222127598162163
internal_100k,logP,-0.4210526315789478,0.028051445917229505
internal_100k,logP,-0.3809523809523814,0.029946720976069107
internal_100k,logP,-0.34085213032581496,0.031875846223151975
internal_100k,logP,-0.30075187969924855,0.03379491185050655
internal_100k,logP,-0.26065162907268213,0.03564968629677824
internal_100k,logP,-0.22055137844611572,0.03738044894914852
internal_100k,logP,-0.1804511278195493,0.038930181516896485
internal_100k,logP,-0.1403508771929829,0.040255062992440624
internal_100k,logP,-0.10025062656641648,0.0413351863127429
internal_100k,logP,-0.060150375939850065,0.04218280408549738
internal_100k,logP,-0.02005012531328365,0.04284554972762015
internal_100k,logP,0.020050125313282763,0.043403090290583805
internal_100k,logP,0.06015037593984829,0.04395733647289516
internal_100k,logP,0.10025062656641559,0.04461813764032662
internal_100k,logP,0.1403508771929829,0.04548767321661621
internal_100k,logP,0.18045112781954842,0.046647026079833113
internal_100k,logP,0.22055137844611394,0.048147596071701604
internal_100k,logP,0.26065162907268125,0.05000843760518596
internal_100k,logP,0.30075187969924855,0.05221891544483364
internal_100k,logP,0.3408521303258141,0.05474487153474251
internal_100k,logP,0.3809523809523796,0.05753609405173532
internal_100k,logP,0.4210526315789469,0.060533200157290384
internal_100k,logP,0.4611528822055142,0.06367273364352223
internal_100k,logP,0.5012531328320797,0.06688995046415805
internal_100k,logP,0.5413533834586453,0.0701192198702948
internal_100k,logP,0.5814536340852126,0.07329227501081453
internal_100k,logP,0.6215538847117799,0.07633493440078816
internal_100k,logP,0.6616541353383454,0.07916354848332337
internal_100k,logP,0.7017543859649109,0.08168319179844087
internal_100k,logP,0.7418546365914782,0.0837900876595021
internal_100k,logP,0.7819548872180455,0.08538035160124577
internal_100k,logP,0.822055137844611,0.08636553034846503
internal_100k,logP,0.8621553884711766,0.08669281933109817
internal_100k,logP,0.9022556390977439,0.08636514844618808
internal_100k,logP,0.9423558897243112,0.0854547890744185
internal_100k,logP,0.9824561403508767,0.08410478904751739
internal_100k,logP,1.0225563909774422,0.08251558626441534
internal_100k,logP,1.0626566416040095,0.08091868400733765
internal_100k,logP,1.1027568922305768,0.07954357635385059
internal_100k,logP,1.1428571428571423,0.07858641492075259
internal_100k,logP,1.1829573934837079,0.07818821670410714
internal_100k,logP,1.2230576441102752,0.07842700411434142
internal_100k,logP,1.2631578947368425,0.07932355580431331
internal_100k,logP,1.303258145363408,0.08085630984953815
internal_100k,logP,1.3433583959899735,0.08297889794783406
internal_100k,logP,1.3834586466165408,0.08563431967102605
internal_100k,logP,1.4235588972431081,0.08876233156694963
internal_100k,logP,1.4636591478696737,0.09229997124564057
internal_100k,logP,1.5037593984962392,0.0961779155032092
internal_100k,logP,1.5438596491228065,0.100316677400541
internal_100k,logP,1.5839598997493738,0.10462625852265256
internal_100k,logP,1.6240601503759393,0.1090111859457258
internal_100k,logP,1.6641604010025048,0.11338062698394832
internal_100k,logP,1.7042606516290721,0.11766128129625143
internal_100k,logP,1.7443609022556394,0.12180960083007424
internal_100k,logP,1.784461152882205,0.12581986493745875
internal_100k,logP,1.8245614035087705,0.12972566987678105
internal_100k,logP,1.8646616541353378,0.13359410498692165
internal_100k,logP,1.904761904761905,0.13751373344224188
internal_100k,logP,1.9448621553884706,0.14157893607381825
internal_100k,logP,1.9849624060150362,0.14587386676186556
internal_100k,logP,2.0250626566416035,0.15045914451785053
internal_100k,logP,2.0651629072681708,0.1553636432405546
internal_100k,logP,2.1052631578947363,0.16058259907229985
internal_100k,logP,2.145363408521302,0.1660819611191871
internal_100k,logP,2.185463659147869,0.17180762504842353
internal_100k,logP,2.2255639097744364,0.1776970902920889
internal_100k,logP,2.265664160401002,0.18369044555348693
internal_100k,logP,2.3057644110275675,0.1897377363891884
internal_100k,logP,2.3458646616541348,0.1958008783580955
internal_100k,logP,2.385964912280702,0.20185016116994448
internal_100k,logP,2.4260651629072676,0.20785743351659644
internal_100k,logP,2.466165413533833,0.21378943546804974
internal_100k,logP,2.5062656641604004,0.21960479343566838
internal_100k,logP,2.5463659147869677,0.22525677479031606
internal_100k,logP,2.5864661654135332,0.23070151903031888
internal_100k,logP,2.6265664160400988,0.23590906480465249
internal_100k,logP,2.666666666666666,0.24087305429712141
internal_100k,logP,2.7067669172932334,0.24561511668333016
internal_100k,logP,2.746867167919799,0.2501815964969205
internal_100k,logP,2.7869674185463644,0.2546328899210265
internal_100k,logP,2.8270676691729317,0.2590282023249971
internal_100k,logP,2.867167919799499,0.2634100447818659
internal_100k,logP,2.9072681704260646,0.267792600395673
internal_100k,logP,2.94736842105263,0.2721562117024041
internal_100k,logP,2.9874686716791974,0.2764474036519479
internal_100k,logP,3.0275689223057647,0.2805813352922724
internal_100k,logP,3.06766917293233,0.28444268493728114
internal_100k,logP,3.1077694235588957,0.28788245122724426
internal_100k,logP,3.147869674185463,0.29071165961848816
internal_100k,logP,3.1879699248120303,0.29269704070782726
internal_100k,logP,3.228070175438596,0.29356631063025906
internal_100k,logP,3.2681704260651614,0.29302994170606445
internal_100k,logP,3.3082706766917287,0.2908217066846215
internal_100k,logP,3.348370927318296,0.2867530071152523
internal_100k,logP,3.3884711779448615,0.28076875665415907
internal_100k,logP,3.428571428571427,0.27298857411288463
internal_100k,logP,3.4686716791979944,0.2637185152313097
internal_100k,logP,3.5087719298245617,0.25342570919344876
internal_100k,logP,3.548872180451127,0.2426788372159639
internal_100k,logP,3.5889724310776927,0.23206757515011237
internal_100k,logP,3.62907268170426,0.2221201243825895
internal_100k,logP,3.6691729323308273,0.2132376666670395
internal_100k,logP,3.709273182957393,0.20565845200365815
internal_100k,logP,3.7493734335839584,0.19945494085683568
internal_100k,logP,3.7894736842105257,0.19455854316301677
internal_100k,logP,3.829573934837093,0.19080090000427669
internal_100k,logP,3.8696741854636585,0.18795946282034365
internal_100k,logP,3.909774436090224,0.18579761840678166
internal_100k,logP,3.9498746867167913,0.18409394792931885
internal_100k,logP,3.9899749373433586,0.18265946688863355
internal_100k,logP,4.030075187969924,0.1813446246916337
internal_100k,logP,4.07017543859649,0.18003912057375732
internal_100k,logP,4.110275689223057,0.17866757691592888
internal_100k,logP,4.150375939849624,0.1771834211086536
internal_100k,logP,4.19047619047619,0.17556249263745158
internal_100k,logP,4.230576441102755,0.1737972055191018
internal_100k,logP,4.270676691729323,0.17189163907940058
internal_100k,logP,4.31077694235589,0.1698576693642867
internal_100k,logP,4.3508771929824555,0.16771212376659017
internal_100k,logP,4.390977443609021,0.1654748836059523
internal_100k,logP,4.431077694235588,0.16316782953327522
internal_100k,logP,4.471177944862156,0.16081449366025694
internal_100k,logP,4.511278195488721,0.15844023447383754
internal_100k,logP,4.551378446115287,0.15607268036794153
internal_100k,logP,4.591478696741854,0.15374209703628078
internal_100k,logP,4.631578947368421,0.15148123692128196
internal_100k,logP,4.671679197994987,0.1493241645618444
internal_100k,logP,4.711779448621552,0.14730359489475392
internal_100k,logP,4.75187969924812,0.14544652826253623
internal_100k,logP,4.791979949874687,0.14376847914808727
internal_100k,logP,4.832080200501252,0.1422673271745552
internal_100k,logP,4.872180451127818,0.1409185533914933
internal_100k,logP,4.912280701754385,0.13967400593301094
internal_100k,logP,4.9523809523809526,0.13846600409450874
internal_100k,logP,4.992481203007518,0.13721737484716845
internal_100k,logP,5.032581453634084,0.13585612783237488
internal_100k,logP,5.072681704260651,0.1343315127527719
internal_100k,logP,5.112781954887218,0.13262696915002112
internal_100k,logP,5.152882205513784,0.13076563735200256
internal_100k,logP,5.192982456140349,0.1288058401050619
internal_100k,logP,5.233082706766917,0.1268268253249803
internal_100k,logP,5.273182957393484,0.12490813161498124
internal_100k,logP,5.313283208020049,0.12310810071416292
internal_100k,logP,5.353383458646615,0.12144750320583285
internal_100k,logP,5.393483709273182,0.11990276501429672
internal_100k,logP,5.4335839598997495,0.11841037343886245
internal_100k,logP,5.473684210526315,0.11688070067664347
internal_100k,logP,5.513784461152881,0.11521684499183309
internal_100k,logP,5.553884711779448,0.11333301302524541
internal_100k,logP,5.593984962406015,0.11116772623768188
internal_100k,logP,5.634085213032581,0.1086893369586396
internal_100k,logP,5.674185463659146,0.10589409340312606
internal_100k,logP,5.7142857142857135,0.10279926815413952
internal_100k,logP,5.754385964912281,0.0994348967111182
internal_100k,logP,5.794486215538846,0.09583724546701387
internal_100k,logP,5.834586466165412,0.09204561785655414
internal_100k,logP,5.874686716791979,0.08810227692426838
internal_100k,logP,5.9147869674185465,0.08405390745711262
internal_100k,logP,5.954887218045112,0.07995264452194181
internal_100k,logP,5.9949874686716775,0.07585525300810855
internal_100k,logP,6.035087719298245,0.07182012694301029
internal_100k,logP,6.075187969924812,0.06790279846719
internal_100k,logP,6.115288220551378,0.06415116465791582
internal_100k,logP,6.155388471177943,0.060601559295339155
internal_100k,logP,6.1954887218045105,0.057276343174316686
internal_100k,logP,6.235588972431078,0.05418321250322383
internal_100k,logP,6.275689223057643,0.05131616792658333
internal_100k,logP,6.315789473684209,0.048658043565953976
internal_100k,logP,6.355889724310776,0.0461844766381224
internal_100k,logP,6.3959899749373434,0.04386900886427076
internal_100k,logP,6.436090225563909,0.0416886241232507
internal_100k,logP,6.4761904761904745,0.03962862730271126
internal_100k,logP,6.516290726817042,0.03768563886169845
internal_100k,logP,6.556390977443609,0.035867804313211564
internal_100k,logP,6.596491228070175,0.03419204819759392
internal_100k,logP,6.63659147869674,0.03267906021216572
internal_100k,logP,6.6766917293233075,0.03134732962456023
internal_100k,logP,6.716791979949875,0.030207700485959377
internal_100k,logP,6.75689223057644,0.02925959614758762
internal_100k,logP,6.796992481203006,0.028489461827158207
internal_100k,logP,6.837092731829573,0.027871381087300914
internal_100k,logP,6.87719298245614,0.027369439478453456
internal_100k,logP,6.917293233082706,0.026941274574732808
internal_100k,logP,6.9573934837092715,0.02654226420253742
internal_100k,logP,6.997493734335839,0.02612982635701887
internal_100k,logP,7.037593984962406,0.02566727221421567
internal_100k,logP,7.077694235588972,0.025126623038676667
internal_100k,logP,7.117794486215537,0.02448989681932045
internal_100k,logP,7.157894736842104,0.02374867640182774
internal_100k,logP,7.197994987468672,0.022902242641053998
internal_100k,logP,7.238095238095237,0.02195501126329134
internal_100k,logP,7.278195488721803,0.02091422279563451
internal_100k,logP,7.31829573934837,0.019788664859142283
internal_100k,logP,7.358395989974937,0.018588704904444815
internal_100k,logP,7.398496240601503,0.017327301675210807
internal_100k,logP,7.438596491228068,0.016021225948072784
internal_100k,logP,7.478696741854636,0.014691646631546854
internal_100k,logP,7.518796992481203,0.01336353599565978
internal_100k,logP,7.558897243107769,0.012063854417643466
internal_100k,logP,7.598997493734334,0.01081895275239069
internal_100k,logP,7.639097744360901,0.009651888734182759
internal_100k,logP,7.679197994987469,0.00858032848937839
internal_100k,logP,7.719298245614034,0.007615460736525394
internal_100k,logP,7.7593984962406,0.006762025540674089
internal_100k,logP,7.799498746867167,0.006019280026723152
internal_100k,logP,7.839598997493734,0.005382558360912266
internal_100k,logP,7.8796992481203,0.00484503336934522
internal_100k,logP,7.919799498746865,0.004399315424606765
internal_100k,logP,7.959899749373433,0.004038594665868391
internal_100k,logP,8.0,0.0037571317262032333
tox21,logP,-8.0,0.0008042256769965414
tox21,logP,-7.959899749373434,0.000809247473060775
tox21,logP,-7.919799498746867,0.0008170265104432653
tox21,logP,-7.879699248120301,0.0008276907231389713
tox21,logP,-7.839598997493734,0.000841261657389165
tox21,logP,-7.799498746867168,0.0008576460540852772
tox21,logP,-7.7593984962406015,0.0008766329068436913
tox21,logP,-7.719298245614035,0.0008978965629719316
tox21,logP,-7.679197994987469,0.0009210060308592158
tox21,logP,-7.639097744360902,0.0009454402259041243
tox21,logP,-7.598997493734336,0.0009706084598554861
tox21,logP,-7.5588972431077694,0.0009958750878321918
tox21,logP,-7.518796992481203,0.0010205869041145582
tox21,logP,-7.478696741854637,0.0010441016489931324
tox21,logP,-7.43859649122807,0.0010658158753479995
tox21,logP,-7.398496240601504,0.0010851904379308975
tox21,logP,-7.358395989974937,0.0011017720135855168
tox21,logP,-7.318295739348371,0.0011152093293908996
tox21,logP,-7.2781954887218046,0.0011252631499861162
tox21,logP,-7.238095238095238,0.0011318095277512508
tox21,logP,-7.197994987468672,0.0011348363153622274
tox21,logP,-7.157894736842105,0.0011344334403778258
tox21,logP,-7.117794486215539,0.0011307779058934639
tox21,logP,-7.0776942355889725,0.0011241148725292614
tox21,logP,-7.037593984962406,0.001114736463750189
tox21,logP,-6.99749373433584,0.0011029600960656175
tox21,logP,-6.957393483709273,0.0010891081557398857
tox21,logP,-6.917293233082707,0.0010734907230142774
tox21,logP,-6.87719298245614,0.0010563927928865595
tox21,logP,-6.837092731829574,0.0010380670770092002
tox21,logP,-6.796992481203008,0.001018733020610429
tox21,logP,-6.756892230576441,0.0009985821632922801
tox21,logP,-6.716791979949875,0.0009777894480915868
tox21,logP,-6.676691729323308,0.0009565295753157278
tox21,logP,-6.636591478696742,0.000934997041401394
tox21,logP,-6.5964912280701755,0.000913428130491441
tox21,logP,-6.556390977443609,0.0008921228649281842
tox21,logP,-6.516290726817043,0.0008714647912689123
tox21,logP,-6.476190476190476,0.0008519364935190646
tox21,logP,-6.43609022556391,0.0008341288885320195
tox21,logP,-6.3959899749373434,0.000818742663471414
tox21,logP,-6.355889724310777,0.0008065806455915773
tox21,logP,-6.315789473684211,0.0007985304253590218
tox21,logP,-6.275689223057644,0.0007955371534056134
tox21,logP,-6.235588972431078,0.0007985670643195216
tox21,logP,-6.195488721804511,0.0008085629093443395
tox21,logP,-6.155388471177945,0.0008263930712489291
tox21,logP,-6.1152882205513786,0.0008527966578241575
tox21,logP,-6.075187969924812,0.0008883273009254861
tox21,logP,-6.035087719298246,0.0009332987061964431
tox21,logP,-5.994987468671679,0.0009877351889923754
tox21,logP,-5.954887218045113,0.0010513304810358403
tox21,logP,-5.9147869674185465,0.0011234179867454434
tox21,logP,-5.87468671679198,0.001202955394331057
tox21,logP,-5.834586466165414,0.001288526091506071
tox21,logP,-5.794486215538847,0.0013783591894123213
tox21,logP,-5.754385964912281,0.0014703691198294927
tox21,logP,-5.714285714285714,0.0015622147530011954
tox21,logP,-5.674185463659148,0.001651376819593083
tox21,logP,-5.634085213032582,0.0017352511676777312
tox21,logP,-5.593984962406015,0.0018112541264222904
tox21,logP,-5.553884711779449,0.0018769350858911166
tox21,logP,-5.513784461152882,0.0019300904535838055
tox21,logP,-5.473684210526316,0.001968872529825338
tox21,logP,-5.4335839598997495,0.0019918866575392023
tox21,logP,-5.393483709273183,0.0019982703176552666
tox21,logP,-5.353383458646617,0.0019877486846172285
tox21,logP,-5.31328320802005,0.001960662497889482
tox21,logP,-5.273182957393484,0.0019179658587966165
tox21,logP,-5.2330827067669174,0.0018611935896090167
tox21,logP,-5.192982456140351,0.0017923999169925265
tox21,logP,-5.152882205513785,0.0017140722687007438
tox21,logP,-5.112781954887218,0.0016290257078461381
tox21,logP,-5.072681704260652,0.0015402848067699935
tox21,logP,-5.032581453634085,0.0014509604626309653
tox21,logP,-4.992481203007519,0.0013641292206511351
tox21,logP,-4.9523809523809526,0.0012827221075261866
tox21,logP,-4.912280701754386,0.0012094288615333362
tox21,logP,-4.87218045112782,0.0011466219075067494
tox21,logP,-4.832080200501253,0.0010963026328787166
tox21,logP,-4.791979949874687,0.0010600706619313918
tox21,logP,-4.7518796992481205,0.0010391150814783499
tox21,logP,-4.711779448621554,0.001034225099958855
tox21,logP,-4.671679197994988,0.0010458165401527227
tox21,logP,-4.631578947368421,0.001073969939166003
tox21,logP,-4.591478696741855,0.0011184758692487093
tox21,logP,-4.551378446115288,0.0011788833592755877
tox21,logP,-4.511278195488722,0.001254547906734656
tox21,logP,-4.471177944862156,0.0013446764117467974
tox21,logP,-4.431077694235589,0.0014483673117801567
tox21,logP,-4.390977443609023,0.001564645123678191
tox21,logP,-4.350877192982456,0.0016924893995123483
tox21,logP,-4.31077694235589,0.0018308586927869878
tox21,logP,-4.2706766917293235,0.0019787104643153126
tox21,logP,-4.230576441102757,0.0021350179227911845
tox21,logP,-4.190476190476191,0.0022987846200267946
tox21,logP,-4.150375939849624,0.002469057262318514
tox21,logP,-4.110275689223058,0.0026449367374166673
tox21,logP,-4.0701754385964914,0.0028255868832723725
tox21,logP,-4.030075187969925,0.003010240132911893
tox21,logP,-3.9899749373433586,0.003198198941322035
tox21,logP,-3.949874686716792,0.003388831895596479
tox21,logP,-3.909774436090226,0.00358156365945415
tox21,logP,-3.8696741854636594,0.0037758584029941845
tox21,logP,-3.829573934837093,0.003971197076590106
tox21,logP,-3.7894736842105265,0.0041670497280406164
tox21,logP,-3.74937343358396,0.004362844930801639
tox21,logP,-3.7092731829573937,0.004557939168155567
tox21,logP,-3.6691729323308273,0.00475158958130315
tox21,logP,-3.629072681704261,0.00494293373065908
tox21,logP,-3.5889724310776945,0.00513097986177712
tox21,logP,-3.548872180451128,0.005314610577613083
tox21,logP,-3.5087719298245617,0.005492601818484002
tox21,logP,-3.4686716791979952,0.0056636577179591755
tox21,logP,-3.428571428571429,0.005826460366363334
tox21,logP,-3.3884711779448624,0.0059797319413058495
tox21,logP,-3.348370927318296,0.0061223052429188645
tox21,logP,-3.3082706766917296,0.006253197580883208
tox21,logP,-3.268170426065163,0.006371682350652994
tox21,logP,-3.2280701754385968,0.0064773526043331005
tox21,logP,-3.1879699248120303,0.006570171495397746
tox21,logP,-3.147869674185464,0.00665050560852407
tox21,logP,-3.1077694235588975,0.006719138757668527
tox21,logP,-3.067669172932331,0.006777265671610477
tox21,logP,-3.0275689223057647,0.006826466876598441
tox21,logP,-2.9874686716791983,0.006868667813469517
tox21,logP,-2.947368421052632,0.006906086595671997
tox21,logP,-2.9072681704260654,0.006941175674556777
tox21,logP,-2.867167919799499,0.006976562941846201
tox21,logP,-2.8270676691729326,0.007014997450739115
tox21,logP,-2.786967418546366,0.0070593040315023795
tox21,logP,-2.7468671679198,0.007112349729874147
tox21,logP,-2.7067669172932334,0.007177023366243434
tox21,logP,-2.666666666666667,0.007256227783103548
tox21,logP,-2.6265664160401005,0.007352882703323303
tox21,logP,-2.586466165413534,0.007469934732133909
tox21,logP,-2.5463659147869677,0.007610370040405724
tox21,logP,-2.5062656641604013,0.007777224763620314
tox21,logP,-2.466165413533835,0.007973588190601068
tox21,logP,-2.4260651629072685,0.008202594399847168
tox21,logP,-2.385964912280702,0.008467399081899574
tox21,logP,-2.3458646616541357,0.00877113977074934
tox21,logP,-2.3057644110275692,0.009116879463014227
tox21,logP,-2.265664160401003,0.009507535465591365
tox21,logP,-2.2255639097744364,0.00994579709517679
tox21,logP,-2.18546365914787,0.01043403736516255
tox21,logP,-2.1453634085213036,0.010974224858578185
tox21,logP,-2.105263157894737,0.011567842455384269
tox21,logP,-2.0651629072681708,0.012215819369030432
tox21,logP,-2.0250626566416043,0.012918482034423836
tox21,logP,-1.984962406015038,0.01367552784559015
tox21,logP,-1.9448621553884715,0.014486023720466173
tox21,logP,-1.904761904761905,0.015348429201117045
tox21,logP,-1.8646616541353387,0.0162606415591395
tox21,logP,-1.8245614035087723,0.01722005846184619
tox21,logP,-1.7844611528822059,0.018223652431390864
tox21,logP,-1.7443609022556394,0.019268050792571993
tox21,logP,-1.704260651629073,0.020349615145863018
tox21,logP,-1.6641604010025066,0.021464515582267103
tox21,logP,-1.6240601503759402,0.02260879670648884
tox21,logP,-1.5839598997493738,0.02377843477219252
tox21,logP,-1.5438596491228074,0.024969387500634474
tox21,logP,-1.503759398496241,0.02617764007350156
tox21,logP,-1.4636591478696745,0.027399252023533247
tox21,logP,-1.4235588972431081,0.028630410050542496
tox21,logP,-1.3834586466165417,0.029867491065204484
tox21,logP,-1.3433583959899753,0.03110713807228207
tox21,logP,-1.303258145363409,0.03234634907385786
tox21,logP,-1.2631578947368425,0.03358257635803684
tox21,logP,-1.223057644110276,0.03481383077467668
tox21,logP,-1.1829573934837097,0.036038783334140616
tox21,logP,-1.1428571428571432,0.037256855086436606
tox21,logP,-1.1027568922305768,0.0384682860139152
tox21,logP,-1.0626566416040104,0.039674174703116696
tox21,logP,-1.022556390977444,0.04087648276848297
tox21,logP,-0.9824561403508776,0.04207800112638559
tox21,logP,-0.9423558897243112,0.04328227886851777
tox21,logP,-0.9022556390977448,0.04449351918532805
tox21,logP,-0.8621553884711783,0.04571645005794686
tox21,logP,-0.8220551378446119,0.046956179844746884
tox21,logP,-0.7819548872180455,0.04821804912866669
tox21,logP,-0.7418546365914791,0.049507490115676775
tox21,logP,-0.7017543859649127,0.050829903511644695
tox21,logP,-0.6616541353383463,0.05219056034981229
tox21,logP,-0.6215538847117799,0.05359453302367714
tox21,logP,-0.5814536340852134,0.05504665621316321
tox21,logP,-0.541353383458647,0.056551514911714174
tox21,logP,-0.5012531328320806,0.05811345376757743
tox21,logP,-0.4611528822055142,0.05973659975581739
tox21,logP,-0.4210526315789478,0.06142488898844656
tox21,logP,-0.3809523809523814,0.06318208830363317
tox21,logP,-0.34085213032581496,0.06501180308009989
tox21,logP,-0.30075187969924855,0.06691746432942497
tox21,logP,-0.26065162907268213,0.06890229029787166
tox21,logP,-0.22055137844611572,0.07096922031625169
tox21,logP,-0.1804511278195493,0.07312082125124005
tox21,logP,-0.1403508771929829,0.07535916946558459
tox21,logP,-0.10025062656641648,0.07768571357958387
tox21,logP,-0.060150375939850065,0.08010112548519062
tox21,logP,-0.02005012531328365,0.08260514896715257
tox21,logP,0.020050125313282763,0.08519645689624854
tox21,logP,0.06015037593984829,0.08787252920264237
tox21,logP,0.10025062656641559,0.09062956457676566
tox21,logP,0.1403508771929829,0.0934624388818511
tox21,logP,0.18045112781954842,0.09636472235479189
tox21,logP,0.22055137844611394,0.0993287655803373
tox21,logP,0.26065162907268125,0.10234586077014958
tox21,logP,0.30075187969924855,0.1054064800144638
tox21,logP,0.3408521303258141,0.10850058603997967
tox21,logP,0.3809523809523796,0.11161800396834252
tox21,logP,0.4210526315789469,0.11474883521836948
tox21,logP,0.4611528822055142,0.11788388781496052
tox21,logP,0.5012531328320797,0.12101509185171469
tox21,logP,0.5413533834586453,0.12413586559362998
tox21,logP,0.5814536340852126,0.12724139745791999
tox21,logP,0.6215538847117799,0.1303288123675148
tox21,logP,0.6616541353383454,0.13339719785307452
tox21,logP,0.7017543859649109,0.13644747546659997
tox21,logP,0.7418546365914782,0.13948211579748754
tox21,logP,0.7819548872180455,0.14250470949325328
tox21,logP,0.822055137844611,0.1455194207507198
tox21,logP,0.8621553884711766,0.14853036221799784
tox21,logP,0.9022556390977439,0.15154093967413176
tox21,logP,0.9423558897243112,0.15455322004622515
tox21,logP,0.9824561403508767,0.1575673765356046
tox21,logP,1.0225563909774422,0.16058125965543918
tox21,logP,1.0626566416040095,0.16359013322089053
tox21,logP,1.1027568922305768,0.16658660071830886
tox21,logP,1.1428571428571423,0.16956073138933214
tox21,logP,1.1829573934837079,0.17250037844529198
tox21,logP,1.2230576441102752,0.17539166578834808
tox21,logP,1.2631578947368425,0.17821960602825013
tox21,logP,1.303258145363408,0.1809688026933264
tox21,logP,1.3433583959899735,0.18362418413162035
tox21,logP,1.3834586466165408,0.18617171595215243
tox21,logP,1.4235588972431081,0.1885990427212071
tox21,logP,1.4636591478696737,0.19089601731540778
tox21,logP,1.5037593984962392,0.19305508683182268
tox21,logP,1.5438596491228065,0.19507151608386125
tox21,logP,1.5839598997493738,0.19694344227032112
tox21,logP,1.6240601503759393,0.19867176631052513
tox21,logP,1.6641604010025048,0.20025989672267772
tox21,logP,1.7042606516290721,0.20171337018762103
tox21,logP,1.7443609022556394,0.20303937876754138
tox21,logP,1.784461152882205,0.20424623707306072
tox21,logP,1.8245614035087705,0.20534282362614328
tox21,logP,1.8646616541353378,0.2063380295201404
tox21,logP,1.904761904761905,0.20724024457662424
tox21,logP,1.9448621553884706,0.2080569069122299
tox21,logP,1.9849624060150362,0.20879413652143294
tox21,logP,2.0250626566416035,0.20945646749683203
tox21,logP,2.0651629072681708,0.21004668716670524
tox21,logP,2.1052631578947363,0.21056578403309834
tox21,logP,2.145363408521302,0.21101300023286212
tox21,logP,2.185463659147869,0.21138597859993002
tox21,logP,2.2255639097744364,0.21168098954681316
tox21,logP,2.265664160401002,0.21189321914875492
tox21,logP,2.3057644110275675,0.21201709720797485
tox21,logP,2.3458646616541348,0.212046642843055
tox21,logP,2.385964912280702,0.2119758053637451
tox21,logP,2.4260651629072676,0.2117987798441996
tox21,logP,2.466165413533833,0.2115102797980173
tox21,logP,2.5062656641604004,0.21110575349527966
tox21,logP,2.5463659147869677,0.21058153546790162
tox21,logP,2.5864661654135332,0.20993493027169086
tox21,logP,2.6265664160400988,0.20916423120057215
tox21,logP,2.666666666666666,0.20826868193504733
tox21,logP,2.7067669172932334,0.20724839360698236
tox21,logP,2.746867167919799,0.2061042330664277
tox21,logP,2.7869674185463644,0.2048376999139933
tox21,logP,2.8270676691729317,0.20345080990602532
tox21,logP,2.867167919799499,0.20194600059763862
tox21,logP,2.9072681704260646,0.20032607168629826
tox21,logP,2.94736842105263,0.1985941677612002
tox21,logP,2.9874686716791974,0.19675380551485022
tox21,logP,3.0275689223057647,0.19480894151209113
tox21,logP,3.06766917293233,0.1927640709707108
tox21,logP,3.1077694235588957,0.19062434330065686
tox21,logP,3.147869674185463,0.1883956768974351
tox21,logP,3.1879699248120303,0.18608485425662613
tox21,logP,3.228070175438596,0.18369957903907655
tox21,logP,3.2681704260651614,0.18124847922226126
tox21,logP,3.3082706766917287,0.17874104466813653
tox21,logP,3.348370927318296,0.17618749289583518
tox21,logP,3.3884711779448615,0.1735985630273594
tox21,logP,3.428571428571427,0.17098524418430586
tox21,logP,3.4686716791979944,0.16835845047912346
tox21,logP,3.5087719298245617,0.16572865966693148
tox21,logP,3.548872180451127,0.16310553612547365
tox21,logP,3.5889724310776927,0.16049756087848974
tox21,logP,3.62907268170426,0.15791169178960138
tox21,logP,3.6691729323308273,0.15535307588580397
tox21,logP,3.709273182957393,0.15282483319022805
tox21,logP,3.7493734335839584,0.15032792770090822
tox21,logP,3.7894736842105257,0.14786113653804328
tox21,logP,3.829573934837093,0.14542112310214855
tox21,logP,3.8696741854636585,0.14300261463444724
tox21,logP,3.909774436090224,0.1405986791180624
tox21,logP,3.9498746867167913,0.13820109124213903
tox21,logP,3.9899749373433586,0.13580077237903881
tox21,logP,4.030075187969924,0.13338828538188485
tox21,logP,4.07017543859649,0.1309543616635028
tox21,logP,4.110275689223057,0.1284904356242234
tox21,logP,4.150375939849624,0.1259891601987868
tox21,logP,4.19047619047619,0.12344487721781353
tox21,logP,4.230576441102755,0.12085401752250226
tox21,logP,4.270676691729323,0.1182154083811612
tox21,logP,4.31077694235589,0.11553046971541849
tox21,logP,4.3508771929824555,0.11280328585205653
tox21,logP,4.390977443609021,0.11004054577730014
tox21,logP,4.431077694235588,0.10725135188905016
tox21,logP,4.471177944862156,0.10444690463242594
tox21,logP,4.511278195488721,0.10164007770649712
tox21,logP,4.551378446115287,0.09884490524574052
tox21,logP,4.591478696741854,0.09607600800854825
tox21,logP,4.631578947368421,0.09334798969211641
tox21,logP,4.671679197994987,0.0906748366743878
tox21,logP,4.711779448621552,0.0880693545275273
tox21,logP,4.75187969924812,0.08554267248387804
tox21,logP,4.791979949874687,0.08310384277237366
tox21,logP,4.832080200501252,0.08075955566381637
tox21,logP,4.872180451127818,0.07851398360487516
tox21,logP,4.912280701754385,0.07636875953754996
tox21,logP,4.9523809523809526,0.07432308601434823
tox21,logP,4.992481203007518,0.07237396365982535
tox21,logP,5.032581453634084,0.07051652047737969
tox21,logP,5.072681704260651,0.06874441793605603
tox21,logP,5.112781954887218,0.06705030603431587
tox21,logP,5.152882205513784,0.06542629780078886
tox21,logP,5.192982456140349,0.06386443396190931
tox21,logP,5.233082706766917,0.0623571106339682
tox21,logP,5.273182957393484,0.060897446607315865
tox21,logP,5.313283208020049,0.059479571720502784
tox21,logP,5.353383458646615,0.058098823564662554
tox21,logP,5.393483709273182,0.056751845901385704
tox21,logP,5.4335839598997495,0.05543658833697423
tox21,logP,5.473684210526315,0.054152212638478796
tox21,logP,5.513784461152881,0.05289891632835344
tox21,logP,5.553884711779448,0.051677688640337886
tox21,logP,5.593984962406015,0.050490017396555696
tox21,logP,5.634085213032581,0.04933756775404198
tox21,logP,5.674185463659146,0.04822185498136085
tox21,logP,5.7142857142857135,0.047143933407943074
tox21,logP,5.754385964912281,0.046104122422291095
tox21,logP,5.794486215538846,0.04510178791005596
tox21,logP,5.834586466165412,0.04413519391090909
tox21,logP,5.874686716791979,0.04320143470056939
tox21,logP,5.9147869674185465,0.04229645221888876
tox21,logP,5.954887218045112,0.04141513809116193
tox21,logP,5.9949874686716775,0.04055151381231337
tox21,logP,6.035087719298245,0.03969897739739293
tox21,logP,6.075187969924812,0.03885060035326084
tox21,logP,6.115288220551378,0.037999455550117425
tox21,logP,6.155388471177943,0.037138954729734656
tox21,logP,6.1954887218045105,0.03626317411761213
tox21,logP,6.235588972431078,0.035367147904839864
tox21,logP,6.275689223057643,0.0344471120862668
tox21,logP,6.315789473684209,0.033500685014113275
tox21,logP,6.355889724310776,0.03252697568725574
tox21,logP,6.3959899749373434,0.03152661583206173
tox21,logP,6.436090225563909,0.03050171682151408
tox21,logP,6.4761904761904745,0.029455757043353556
tox21,logP,6.516290726817042,0.028393409155029612
tox21,logP,6.556390977443609,0.02732031953821852
tox21,logP,6.596491228070175,0.02624285407804086
tox21,logP,6.63659147869674,0.025167825133145246
tox21,logP,6.6766917293233075,0.024102214312048207
tox21,logP,6.716791979949875,0.023052904575730112
tox21,logP,6.75689223057644,0.022026433437045096
tox21,logP,6.796992481203006,0.0210287768333368
tox21,logP,6.837092731829573,0.020065170815848115
tox21,logP,6.87719298245614,0.019139975713154362
tox21,logP,6.917293233082706,0.01825658503779791
tox21,logP,6.9573934837092715,0.01741737922760266
tox21,logP,6.997493734335839,0.01662372241692921
tox21,logP,7.037593984962406,0.015875998852142578
tox21,logP,7.077694235588972,0.01517368430343489
tox21,logP,7.117794486215537,0.014515446864970067
tox21,logP,7.157894736842104,0.013899270850199005
tox21,logP,7.197994987468672,0.013322597052170848
tox21,logP,7.238095238095237,0.01278247243046763
tox21,logP,7.278195488721803,0.012275702299838665
tox21,logP,7.31829573934837,0.011798998335761486
tox21,logP,7.358395989974937,0.01134911619209173
tox21,logP,7.398496240601503,0.010922977258895324
tox21,logP,7.438596491228068,0.010517770077648219
tox21,logP,7.478696741854636,0.010131028159117256
tox21,logP,7.518796992481203,0.009760682370934989
tox21,logP,7.558897243107769,0.009405087599862982
tox21,logP,7.598997493734334,0.009063024941459493
tox21,logP,7.639097744360901,0.008733682100692211
tox21,logP,7.679197994987469,0.008416615869231942
tox21,logP,7.719298245614034,0.008111701360544876
tox21,logP,7.7593984962406,0.007819073047119724
tox21,logP,7.799498746867167,0.007539062519008712
tox21,logP,7.839598997493734,0.007272137292265132
tox21,logP,7.8796992481203,0.007018844023178519
tox21,logP,7.919799498746865,0.006779758264769167
tox21,logP,7.959899749373433,0.006555441605705935
tox21,logP,8.0,0.006346405839217105
internal_100k,TPSA,0.0,0.0001222360002120291
internal_100k,TPSA,0.6516290726817042,0.00013244933339052835
internal_100k,TPSA,1.3032581453634084,0.000141714051928187
internal_100k,TPSA,1.9548872180451127,0.00015001906394403094
internal_100k,TPSA,2.606516290726817,0.00015747336249173892
internal_100k,TPSA,3.258145363408521,0.0001643015122272369
internal_100k,TPSA,3.9097744360902253,0.00017082911040355717
internal_100k,TPSA,4.56140350877193,0.0001774598011810504
internal_100k,TPSA,5.213032581453634,0.00018464602834681104
internal_100k,TPSA,5.864661654135338,0.00019285625786342233
internal_100k,TPSA,6.516290726817042,0.0002025419598293642
internal_100k,TPSA,7.167919799498747,0.0002141081334762432
internal_100k,TPSA,7.819548872180451,0.00022789134629982167
internal_100k,TPSA,8.471177944862156,0.00024414880571570164
internal_100k,TPSA,9.12280701754386,0.0002630606170912651
internal_100k,TPSA,9.774436090225564,0.00028474507162932827
internal_100k,TPSA,10.426065162907268,0.0003092838772491703
internal_100k,TPSA,11.077694235588972,0.00033675138208723413
internal_100k,TPSA,11.729323308270676,0.00036723994137947833
internal_100k,TPSA,12.38095238095238,0.00040087347990084443
internal_100k,TPSA,13.032581453634084,0.00043780346205008234
internal_100k,TPSA,13.68421052631579,0.0004781857356976696
internal_100k,TPSA,14.335839598997493,0.0005221422040928129
internal_100k,TPSA,14.987468671679197,0.000569716599170035
internal_100k,TPSA,15.639097744360901,0.0006208371893252704
internal_100k,TPSA,16.290726817042607,0.0006752997441761969
internal_100k,TPSA,16.94235588972431,0.0007327809013186349
internal_100k,TPSA,17.593984962406015,0.0007928856152106514
internal_100k,TPSA,18.24561403508772,0.0008552239640088747
internal_100k,TPSA,18.897243107769423,0.0009195042680013646
internal_100k,TPSA,19.548872180451127,0.0009856234178466817
internal_100k,TPSA,20.20050125313283,0.0010537332841062776
internal_100k,TPSA,20.852130325814535,0.001124264927878003
internal_100k,TPSA,21.50375939849624,0.0011978997293230448
internal_100k,TPSA,22.155388471177943,0.0012754870497240348
internal_100k,TPSA,22.807017543859647,0.001357919418703415
internal_100k,TPSA,23.45864661654135,0.0014459860188432859
internal_100k,TPSA,24.110275689223055,0.0015402312732589437
internal_100k,TPSA,24.76190476190476,0.0016408462578177598
internal_100k,TPSA,25.413533834586463,0.0017476161283793575
internal_100k,TPSA,26.065162907268167,0.0018599375086725595
internal_100k,TPSA,26.716791979949875,0.0019769074482914773
internal_100k,TPSA,27.36842105263158,0.002097472330337069
internal_100k,TPSA,28.020050125313283,0.0022206133767613476
internal_100k,TPSA,28.671679197994987,0.0023455373596551156
internal_100k,TPSA,29.32330827067669,0.0024718384072064583
internal_100k,TPSA,29.974937343358395,0.002599600160054959
internal_100k,TPSA,30.6265664160401,0.00272941670409716
internal_100k,TPSA,31.278195488721803,0.002862324316273672
internal_100k,TPSA,31.929824561403507,0.002999651826085984
internal_100k,TPSA,32.581453634085214,0.0031428124640188316
internal_100k,TPSA,33.233082706766915,0.0032930715241515415
internal_100k,TPSA,33.88471177944862,0.0034513296195403083
internal_100k,TPSA,34.53634085213032,0.0036179594274841427
internal_100k,TPSA,35.18796992481203,0.003792724714564233
internal_100k,TPSA,35.83959899749373,0.003974795721860165
internal_100k,TPSA,36.49122807017544,0.004162857547459174
internal_100k,TPSA,37.14285714285714,0.0043552914992828415
internal_100k,TPSA,37.794486215538846,0.004550396864134167
internal_100k,TPSA,38.44611528822055,0.004746614563645733
internal_100k,TPSA,39.097744360902254,0.0049427156715590405
internal_100k,TPSA,39.749373433583955,0.005137926048860595
internal_100k,TPSA,40.40100250626566,0.005331971376792673
internal_100k,TPSA,41.05263157894736,0.005525041856878019
internal_100k,TPSA,41.70426065162907,0.005717689970739662
internal_100k,TPSA,42.35588972431078,0.00591068561463603
internal_100k,TPSA,43.00751879699248,0.006104859098649319
internal_100k,TPSA,43.659147869674186,0.006300963222097936
internal_100k,TPSA,44.310776942355886,0.0064995809497034995
internal_100k,TPSA,44.962406015037594,0.0067010958127154035
internal_100k,TPSA,45.614035087719294,0.006905729344219774
internal_100k,TPSA,46.265664160401,0.007113635508234764
internal_100k,TPSA,46.9172932330827,0.007325028570304912
internal_100k,TPSA,47.56892230576441,0.007540310800606311
internal_100k,TPSA,48.22055137844611,0.007760162227469864
internal_100k,TPSA,48.87218045112782,0.00798555805053207
internal_100k,TPSA,49.52380952380952,0.00821769066910004
internal_100k,TPSA,50.175438596491226,0.00845779132762374
internal_100k,TPSA,50.827067669172926,0.008706868207033392
internal_100k,TPSA,51.478696741854634,0.008965399209200035
internal_100k,TPSA,52.130325814536334,0.009233034012722399
internal_100k,TPSA,52.78195488721804,0.009508367069847225
internal_100k,TPSA,53.43358395989975,0.009788838461149623
internal_100k,TPSA,54.08521303258145,0.010070802618759936
internal_100k,TPSA,54.73684210526316,0.010349778125825495
internal_100k,TPSA,55.38847117794486,0.010620859605815092
internal_100k,TPSA,56.040100250626566,0.010879241061863058
internal_100k,TPSA,56.691729323308266,0.011120775123361615
internal_100k,TPSA,57.34335839598997,0.011342479774837228
internal_100k,TPSA,57.994987468671674,0.011542906555494635
internal_100k,TPSA,58.64661654135338,0.011722302485270227
internal_100k,TPSA,59.29824561403508,0.011882529666617172
internal_100k,TPSA,59.94987468671679,0.01202674646404491
internal_100k,TPSA,60.60150375939849,0.012158895263391142
internal_100k,TPSA,61.2531328320802,0.012283076277086509
internal_100k,TPSA,61.9047619047619,0.012402907806313935
internal_100k,TPSA,62.556390977443606,0.0125209763482514
internal_100k,TPSA,63.20802005012531,0.012638464040631367
internal_100k,TPSA,63.859649122807014,0.01275500913701699
internal_100k,TPSA,64.51127819548871,0.012868813766823516
internal_100k,TPSA,65.16290726817043,0.012976970329386092
internal_100k,TPSA,65.81453634085213,0.013075941776502627
internal_100k,TPSA,66.46616541353383,0.013162108353495324
internal_100k,TPSA,67.11779448621553,0.013232287715868164
internal_100k,TPSA,67.76942355889724,0.01328414678462735
internal_100k,TPSA,68.42105263157895,0.01331644897822419
internal_100k,TPSA,69.07268170426065,0.013329113832461034
internal_100k,TPSA,69.72431077694235,0.013323100602027373
internal_100k,TPSA,70.37593984962406,0.013300156613700336
internal_100k,TPSA,71.02756892230576,0.013262489855396357
internal_100k,TPSA,71.67919799498746,0.01321243093245906
internal_100k,TPSA,72.33082706766916,0.013152142295669467
internal_100k,TPSA,72.98245614035088,0.013083415290139271
internal_100k,TPSA,73.63408521303258,0.013007572634671557
internal_100k,TPSA,74.28571428571428,0.012925470685134206
internal_100k,TPSA,74.93734335839599,0.012837577101165558
internal_100k,TPSA,75.58897243107769,0.01274408874987229
internal_100k,TPSA,76.2406015037594,0.012645053235434618
internal_100k,TPSA,76.8922305764411,0.012540464551141838
internal_100k,TPSA,77.54385964912281,0.012430316377734549
internal_100k,TPSA,78.19548872180451,0.01231461176199865
internal_100k,TPSA,78.84711779448621,0.012193341415949296
internal_100k,TPSA,79.49874686716791,0.012066451579131603
internal_100k,TPSA,80.15037593984962,0.011933824636858293
internal_100k,TPSA,80.80200501253132,0.011795291525390213
internal_100k,TPSA,81.45363408521303,0.011650685882935396
internal_100k,TPSA,82.10526315789473,0.011499938326453471
internal_100k,TPSA,82.75689223057644,0.011343197786314973
internal_100k,TPSA,83.40852130325814,0.011180957829223076
internal_100k,TPSA,84.06015037593984,0.011014161020312562
internal_100k,TPSA,84.71177944862156,0.010844254557624668
internal_100k,TPSA,85.36340852130326,0.010673175871678606
internal_100k,TPSA,86.01503759398496,0.01050325711241429
internal_100k,TPSA,86.66666666666666,0.010337051164812074
internal_100k,TPSA,87.31829573934837,0.010177096961409074
internal_100k,TPSA,87.96992481203007,0.010025655642114018
internal_100k,TPSA,88.62155388471177,0.009884458520641166
internal_100k,TPSA,89.27318295739347,0.009754510201709898
internal_100k,TPSA,89.92481203007519,0.009635984042626725
internal_100k,TPSA,90.57644110275689,0.009528232722632892
internal_100k,TPSA,91.22807017543859,0.009429916240883022
internal_100k,TPSA,91.87969924812029,0.009339227202673462
internal_100k,TPSA,92.531328320802,0.009254173682564532
internal_100k,TPSA,93.1829573934837,0.009172867932088316
internal_100k,TPSA,93.8345864661654,0.009093767912619458
internal_100k,TPSA,94.48621553884712,0.009015828839001426
internal_100k,TPSA,95.13784461152882,0.008938541574990673
internal_100k,TPSA,95.78947368421052,0.008861859350739654
internal_100k,TPSA,96.44110275689222,0.008786038033197257
internal_100k,TPSA,97.09273182957394,0.008711432380969386
internal_100k,TPSA,97.74436090225564,0.008638297350920154
internal_100k,TPSA,98.39598997493734,0.008566638361732572
internal_100k,TPSA,99.04761904761904,0.008496139285941878
internal_100k,TPSA,99.69924812030075,0.008426176121489869
internal_100k,TPSA,100.35087719298245,0.00835590325603935
internal_100k,TPSA,101.00250626566415,0.008284383117586808
internal_100k,TPSA,101.65413533834585,0.008210722320960493
internal_100k,TPSA,102.30576441102757,0.00813417936047615
internal_100k,TPSA,102.95739348370927,0.008054219289543411
internal_100k,TPSA,103.60902255639097,0.007970506648509937
internal_100k,TPSA,104.26065162907267,0.007882845120578418
internal_100k,TPSA,104.91228070175438,0.007791086886821522
internal_100k,TPSA,105.56390977443608,0.0076950430413937985
internal_100k,TPSA,106.21553884711778,0.007594426772528113
internal_100k,TPSA,106.8671679197995,0.007488853222484491
internal_100k,TPSA,107.5187969924812,0.007377905839718157
internal_100k,TPSA,108.1704260651629,0.007261262004059695
internal_100k,TPSA,108.8220551378446,0.0071388548608311364
internal_100k,TPSA,109.47368421052632,0.0070110374550508905
internal_100k,TPSA,110.12531328320802,0.006878711925145209
internal_100k,TPSA,110.77694235588972,0.006743391307361531
internal_100k,TPSA,111.42857142857142,0.006607173108082131
internal_100k,TPSA,112.08020050125313,0.0064726195212977036
internal_100k,TPSA,112.73182957393483,0.006342555738716509
internal_100k,TPSA,113.38345864661653,0.006219812185242674
internal_100k,TPSA,114.03508771929823,0.006106946420915162
internal_100k,TPSA,114.68671679197995,0.006005984510761894
internal_100k,TPSA,115.33834586466165,0.005918219385710543
internal_100k,TPSA,115.98997493734335,0.005844095410253055
internal_100k,TPSA,116.64160401002506,0.00578319513502508
internal_100k,TPSA,117.29323308270676,0.005734327958640955
internal_100k,TPSA,117.94486215538846,0.0056957038041676915
internal_100k,TPSA,118.59649122807016,0.005665160999013442
internal_100k,TPSA,119.24812030075188,0.0056404092242395695
internal_100k,TPSA,119.89974937343358,0.005619247649412281
internal_100k,TPSA,120.55137844611528,0.005599725621346662
internal_100k,TPSA,121.20300751879698,0.005580227118394595
internal_100k,TPSA,121.8546365914787,0.005559477569341265
internal_100k,TPSA,122.5062656641604,0.005536488563859607
internal_100k,TPSA,123.1578947368421,0.005510468470528044
internal_100k,TPSA,123.8095238095238,0.005480732088146596
internal_100k,TPSA,124.46115288220551,0.005446639058978451
internal_100k,TPSA,125.11278195488721,0.00540757987878661
internal_100k,TPSA,125.76441102756891,0.005363012875837681
internal_100k,TPSA,126.41604010025063,0.005312539616579858
internal_100k,TPSA,127.06766917293233,0.005255994065984721
internal_100k,TPSA,127.71929824561403,0.005193515699759899
internal_100k,TPSA,128.37092731829574,0.0051255799300632095
internal_100k,TPSA,129.02255639097743,0.005052969674755336
internal_100k,TPSA,129.67418546365914,0.004976686695260059
internal_100k,TPSA,130.32581453634086,0.004897816390003867
internal_100k,TPSA,130.97744360902254,0.004817371140131114
internal_100k,TPSA,131.62907268170426,0.004736142410469577
internal_100k,TPSA,132.28070175438594,0.004654589872479612
internal_100k,TPSA,132.93233082706766,0.004572787976279013
internal_100k,TPSA,133.58395989974937,0.0044904390448195445
internal_100k,TPSA,134.23558897243106,0.004406949829774848
internal_100k,TPSA,134.88721804511277,0.004321557852923995
internal_100k,TPSA,135.5388471177945,0.004233486231098356
internal_100k,TPSA,136.19047619047618,0.004142101735887973
internal_100k,TPSA,136.8421052631579,0.00404705075109654
internal_100k,TPSA,137.4937343358396,0.0039483514618858665
internal_100k,TPSA,138.1453634085213,0.003846427668901932
internal_100k,TPSA,138.796992481203,0.0037420792450394967
internal_100k,TPSA,139.4486215538847,0.0036363950030975003
internal_100k,TPSA,140.1002506265664,0.0035306236525999794
internal_100k,TPSA,140.75187969924812,0.003426025522475408
internal_100k,TPSA,141.4035087719298,0.0033237302636506187
internal_100k,TPSA,142.05513784461152,0.0032246233341843467
internal_100k,TPSA,142.70676691729324,0.003129277465213325
internal_100k,TPSA,143.35839598997492,0.0030379362344406242
internal_100k,TPSA,144.01002506265664,0.0029505474352932493
internal_100k,TPSA,144.66165413533832,0.002866835962000087
internal_100k,TPSA,145.31328320802004,0.0027864005982564818
internal_100k,TPSA,145.96491228070175,0.002708816819629339
internal_100k,TPSA,146.61654135338344,0.0026337283621400503
internal_100k,TPSA,147.26817042606515,0.00256091344289151
internal_100k,TPSA,147.91979949874687,0.0024903165812501507
internal_100k,TPSA,148.57142857142856,0.0024220432708793337
internal_100k,TPSA,149.22305764411027,0.002356321402100958
internal_100k,TPSA,149.87468671679198,0.002293439224019488
internal_100k,TPSA,150.52631578947367,0.0022336735920292197
internal_100k,TPSA,151.17794486215539,0.002177223327418837
internal_100k,TPSA,151.82957393483707,0.0021241603570471544
internal_100k,TPSA,152.4812030075188,0.0020744063402563214
internal_100k,TPSA,153.1328320802005,0.002027735950217928
internal_100k,TPSA,153.7844611528822,0.0019838015729008803
internal_100k,TPSA,154.4360902255639,0.0019421696364807623
internal_100k,TPSA,155.08771929824562,0.0019023572816690387
internal_100k,TPSA,155.7393483709273,0.0018638599215617421
internal_100k,TPSA,156.39097744360902,0.0018261647151713136
internal_100k,TPSA,157.04260651629073,0.0017887506250911377
internal_100k,TPSA,157.69423558897242,0.0017510807952133413
internal_100k,TPSA,158.34586466165413,0.0017125959892601776
internal_100k,TPSA,158.99749373433582,0.0016727180032305394
internal_100k,TPSA,159.64912280701753,0.001630869411042928
internal_100k,TPSA,160.30075187969925,0.001586511576348361
internal_100k,TPSA,160.95238095238093,0.0015391978185438086
internal_100k,TPSA,161.60401002506265,0.0014886342063796748
internal_100k,TPSA,162.25563909774436,0.0014347376022691084
internal_100k,TPSA,162.90726817042605,0.0013776797789780602
internal_100k,TPSA,163.55889724310777,0.0013179077370140397
internal_100k,TPSA,164.21052631578945,0.0012561335018022159
internal_100k,TPSA,164.86215538847117,0.001193291182374539
internal_100k,TPSA,165.51378446115288,0.0011304642579955126
internal_100k,TPSA,166.16541353383457,0.0010687911100130854
internal_100k,TPSA,166.81704260651628,0.001009360838970315
internal_100k,TPSA,167.468671679198,0.0009531135710705318
internal_100k,TPSA,168.12030075187968,0.0009007591977337077
internal_100k,TPSA,168.7719298245614,0.0008527256990135063
internal_100k,TPSA,169.4235588972431,0.0008091433233527691
internal_100k,TPSA,170.0751879699248,0.0007698648798334582
internal_100k,TPSA,170.7268170426065,0.0007345164825272323
internal_100k,TPSA,171.3784461152882,0.0007025684937530557
internal_100k,TPSA,172.0300751879699,0.0006734140482990543
internal_100k,TPSA,172.68170426065163,0.0006464427717597489
internal_100k,TPSA,173.33333333333331,0.0006210998940927861
internal_100k,TPSA,173.98496240601503,0.0005969251454356625
internal_100k,TPSA,174.63659147869674,0.0005735705376994133
internal_100k,TPSA,175.28822055137843,0.0005508002806697836
internal_100k,TPSA,175.93984962406014,0.0005284787846438604
internal_100k,TPSA,176.59147869674183,0.0005065535162075102
internal_100k,TPSA,177.24310776942355,0.0004850384540287735
internal_100k,TPSA,177.89473684210526,0.0004640015426783039
internal_100k,TPSA,178.54636591478695,0.000443556661456006
internal_100k,TPSA,179.19799498746866,0.0004238580784211937
internal_100k,TPSA,179.84962406015038,0.000405093856238434
internal_100k,TPSA,180.50125313283206,0.00038747459313167194
internal_100k,TPSA,181.15288220551378,0.0003712151838784335
internal_100k,TPSA,181.8045112781955,0.00035650955426706174
internal_100k,TPSA,182.45614035087718,0.00034350088463541055
internal_100k,TPSA,183.1077694235589,0.0003322519552801401
internal_100k,TPSA,183.75939849624058,0.0003227213138423735
internal_100k,TPSA,184.4110275689223,0.00031475066712317027
internal_100k,TPSA,185.062656641604,0.0003080672829416246
internal_100k,TPSA,185.7142857142857,0.0003023026286715216
internal_100k,TPSA,186.3659147869674,0.0002970255636675611
internal_100k,TPSA,187.01754385964912,0.000291785784846271
internal_100k,TPSA,187.6691729323308,0.000286161429259773
internal_100k,TPSA,188.32080200501252,0.0002798040720242692
internal_100k,TPSA,188.97243107769424,0.0002724748663262749
internal_100k,TPSA,189.62406015037593,0.0002640670656708227
internal_100k,TPSA,190.27568922305764,0.0002546123041267886
internal_100k,TPSA,190.92731829573933,0.0002442703850557882
internal_100k,TPSA,191.57894736842104,0.0002333045619111073
internal_100k,TPSA,192.23057644110276,0.00022204608346627924
internal_100k,TPSA,192.88220551378444,0.00021085292341176386
internal_100k,TPSA,193.53383458646616,0.00020006803548330352
internal_100k,TPSA,194.18546365914787,0.00018998218824256184
internal_100k,TPSA,194.83709273182956,0.00018080554185101523
internal_100k,TPSA,195.48872180451127,0.00017265079714481836
internal_100k,TPSA,196.14035087719296,0.0001655291718578172
internal_100k,TPSA,196.79197994987467,0.00015935884074056198
internal_100k,TPSA,197.4436090225564,0.00015398399756741632
internal_100k,TPSA,198.09523809523807,0.0001492015074136182
internal_100k,TPSA,198.7468671679198,0.0001447913303451426
internal_100k,TPSA,199.3984962406015,0.00014054658922106435
internal_100k,TPSA,200.0501253132832,0.0001362993617611412
internal_100k,TPSA,200.7017543859649,0.00013193898954453915
internal_100k,TPSA,201.35338345864662,0.00012742084278216838
internal_100k,TPSA,202.0050125313283,0.00012276491884305783
internal_100k,TPSA,202.65664160401002,0.00011804517974619887
internal_100k,TPSA,203.3082706766917,0.00011337190569157857
internal_100k,TPSA,203.95989974937342,0.00010887032073472309
internal_100k,TPSA,204.61152882205513,0.00010465915470275507
internal_100k,TPSA,205.26315789473682,0.00010083256936886461
internal_100k,TPSA,205.91478696741854,9.744805189527446e-05
internal_100k,TPSA,206.56641604010025,9.452163921499528e-05
internal_100k,TPSA,207.21804511278194,9.203043821666178e-05
internal_100k,TPSA,207.86967418546365,8.99211248547871e-05
internal_100k,TPSA,208.52130325814534,8.812217726186057e-05
internal_100k,TPSA,209.17293233082705,8.655717201172645e-05
internal_100k,TPSA,209.82456140350877,8.51565849447375e-05
internal_100k,TPSA,210.47619047619045,8.386611527829318e-05
internal_100k,TPSA,211.12781954887217,8.265043796250719e-05
internal_100k,TPSA,211.77944862155388,8.149228551285629e-05
internal_100k,TPSA,212.43107769423557,8.038766888583141e-05
internal_100k,TPSA,213.08270676691728,7.93387080313644e-05
internal_100k,TPSA,213.734335839599,7.834586115294521e-05
internal_100k,TPSA,214.38596491228068,7.740129572557677e-05
internal_100k,TPSA,215.0375939849624,7.648478052568655e-05
internal_100k,TPSA,215.68922305764409,7.556289368744611e-05
internal_100k,TPSA,216.3408521303258,7.459166097755087e-05
internal_100k,TPSA,216.99248120300751,7.352208621531813e-05
internal_100k,TPSA,217.6441102756892,7.230751765075516e-05
internal_100k,TPSA,218.29573934837092,7.091148298797644e-05
internal_100k,TPSA,218.94736842105263,6.931455659991988e-05
internal_100k,TPSA,219.59899749373432,6.751899366159443e-05
internal_100k,TPSA,220.25062656641603,6.555024368628306e-05
internal_100k,TPSA,220.90225563909775,6.345498010127129e-05
internal_100k,TPSA,221.55388471177943,6.129587255828859e-05
internal_100k,TPSA,222.20551378446115,5.914389151182717e-05
internal_100k,TPSA,222.85714285714283,5.706937526726896e-05
internal_100k,TPSA,223.50877192982455,5.513332593245809e-05
internal_100k,TPSA,224.16040100250626,5.3380379422382755e-05
internal_100k,TPSA,224.81203007518795,5.183460659170697e-05
internal_100k,TPSA,225.46365914786966,5.049879006351916e-05
internal_100k,TPSA,226.11528822055138,4.9357175457706044e-05
internal_100k,TPSA,226.76691729323306,4.838104129869788e-05
internal_100k,TPSA,227.41854636591478,4.7535902552823465e-05
internal_100k,TPSA,228.07017543859646,4.678887156702338e-05
internal_100k,TPSA,228.72180451127818,4.611471268672707e-05
internal_100k,TPSA,229.3734335839599,4.549944363232894e-05
internal_100k,TPSA,230.02506265664158,4.4940890674697075e-05
internal_100k,TPSA,230.6766917293233,4.4446274284585964e-05
internal_100k,TPSA,231.328320802005,4.4027538588056576e-05
internal_100k,TPSA,231.9799498746867,4.369560057701452e-05
internal_100k,TPSA,232.6315789473684,4.3454883801715624e-05
internal_100k,TPSA,233.28320802005013,4.329938144849623e-05
internal_100k,TPSA,233.9348370927318,4.321110297911098e-05
internal_100k,TPSA,234.58646616541353,4.3161196105667216e-05
internal_100k,TPSA,235.2380952380952,4.311343646078597e-05
internal_100k,TPSA,235.88972431077693,4.302927716831476e-05
internal_100k,TPSA,236.54135338345864,4.287335523304899e-05
internal_100k,TPSA,237.19298245614033,4.261831369343416e-05
internal_100k,TPSA,237.84461152882204,4.224800917227775e-05
internal_100k,TPSA,238.49624060150376,4.175857110258425e-05
internal_100k,TPSA,239.14786967418544,4.115726323636488e-05
internal_100k,TPSA,239.79949874686716,4.0459560595153225e-05
internal_100k,TPSA,240.45112781954887,3.968519926337329e-05
internal_100k,TPSA,241.10275689223056,3.885411778893652e-05
internal_100k,TPSA,241.75438596491227,3.798316557366627e-05
internal_100k,TPSA,242.40601503759396,3.7084227598245364e-05
internal_100k,TPSA,243.05764411027567,3.616406447530944e-05
internal_100k,TPSA,243.7092731829574,3.522577221893254e-05
internal_100k,TPSA,244.36090225563908,3.427141102500824e-05
internal_100k,TPSA,245.0125313283208,3.330510681372946e-05
internal_100k,TPSA,245.6641604010025,3.233583656021752e-05
internal_100k,TPSA,246.3157894736842,3.137917892603903e-05
internal_100k,TPSA,246.9674185463659,3.0457524301783277e-05
internal_100k,TPSA,247.6190476190476,2.9598547825908057e-05
internal_100k,TPSA,248.2706766917293,2.8832096329723872e-05
internal_100k,TPSA,248.92230576441102,2.8185963572548268e-05
internal_100k,TPSA,249.5739348370927,2.768127174639646e-05
internal_100k,TPSA,250.22556390977442,2.7328298227374728e-05
internal_100k,TPSA,250.87719298245614,2.7123560475678575e-05
internal_100k,TPSA,251.52882205513782,2.7048796986262145e-05
internal_100k,TPSA,252.18045112781954,2.7072181670996515e-05
internal_100k,TPSA,252.83208020050125,2.7151731153312802e-05
internal_100k,TPSA,253.48370927318294,2.7240476505549218e-05
internal_100k,TPSA,254.13533834586465,2.729264805979991e-05
internal_100k,TPSA,254.78696741854634,2.726993106582694e-05
internal_100k,TPSA,255.43859649122805,2.714683341560335e-05
internal_100k,TPSA,256.09022556390977,2.6914369636053198e-05
internal_100k,TPSA,256.7418546365915,2.658157256141391e-05
internal_100k,TPSA,257.39348370927314,2.617472696796894e-05
internal_100k,TPSA,258.04511278195486,2.5734592817698947e-05
internal_100k,TPSA,258.69674185463657,2.5312169380129718e-05
internal_100k,TPSA,259.3483709273183,2.496369045250652e-05
internal_100k,TPSA,260.0,2.4745519099910434e-05
tox21,TPSA,0.0,0.005213740706043677
tox21,TPSA,0.6516290726817042,0.005393580018652463
tox21,TPSA,1.3032581453634084,0.005568015565994794
tox21,TPSA,1.9548872180451127,0.005737410283512215
tox21,TPSA,2.606516290726817,0.005902301980832147
tox21,TPSA,3.258145363408521,0.006063383318336401
tox21,TPSA,3.9097744360902253,0.006221476385957401
tox21,TPSA,4.56140350877193,0.006377502706298227
tox21,TPSA,5.213032581453634,0.006532449663718603
tox21,TPSA,5.864661654135338,0.006687334500889409
tox21,TPSA,6.516290726817042,0.006843167118545848
tox21,TPSA,7.167919799498747,0.007000912959051258
tox21,TPSA,7.819548872180451,0.007161457248529538
tox21,TPSA,8.471177944862156,0.007325571816732988
tox21,TPSA,9.12280701754386,0.0074938856116945
tox21,TPSA,9.774436090225564,0.007666859882794178
tox21,TPSA,10.426065162907268,0.00784476882802609
tox21,TPSA,11.077694235588972,0.008027686297124604
tox21,TPSA,11.729323308270676,0.008215478920725086
tox21,TPSA,12.38095238095238,0.008407805806211316
tox21,TPSA,13.032581453634084,0.008604124712506399
tox21,TPSA,13.68421052631579,0.008803704397474911
tox21,TPSA,14.335839598997493,0.00900564263068931
tox21,TPSA,14.987468671679197,0.009208889187701625
tox21,TPSA,15.639097744360901,0.009412272995084117
tox21,TPSA,16.290726817042607,0.009614532482233765
tox21,TPSA,16.94235588972431,0.00981434811874908
tox21,TPSA,17.593984962406015,0.010010376076054267
tox21,TPSA,18.24561403508772,0.010201281948521384
tox21,TPSA,18.897243107769423,0.010385773501036677
tox21,TPSA,19.548872180451127,0.010562631474078606
tox21,TPSA,20.20050125313283,0.010730737570483876
tox21,TPSA,20.852130325814535,0.010889098865803986
tox21,TPSA,21.50375939849624,0.011036868021867804
tox21,TPSA,22.155388471177943,0.01117335883568552
tox21,TPSA,22.807017543859647,0.011298056817840997
tox21,TPSA,23.45864661654135,0.011410624660707898
tox21,TPSA,24.110275689223055,0.01151090262185213
tox21,TPSA,24.76190476190476,0.011598904006764261
tox21,TPSA,25.413533834586463,0.011674806082800759
tox21,TPSA,26.065162907268167,0.011738936888522893
tox21,TPSA,26.716791979949875,0.01179175851565973
tox21,TPSA,27.36842105263158,0.01183384753142914
tox21,TPSA,28.020050125313283,0.011865873274468907
tox21,TPSA,28.671679197994987,0.01188857479645467
tox21,TPSA,29.32330827067669,0.011902737232855167
tox21,TPSA,29.974937343358395,0.011909168370359883
tox21,TPSA,30.6265664160401,0.01190867613647542
tox21,TPSA,31.278195488721803,0.011902047670729528
tox21,TPSA,31.929824561403507,0.011890030549871172
tox21,TPSA,32.581453634085214,0.011873316635250444
tox21,TPSA,33.233082706766915,0.011852528893676268
tox21,TPSA,33.88471177944862,0.011828211418460171
tox21,TPSA,34.53634085213032,0.011800822750310127
tox21,TPSA,35.18796992481203,0.011770732473454108
tox21,TPSA,35.83959899749373,0.011738220945884089
tox21,TPSA,36.49122807017544,0.011703481918486046
tox21,TPSA,37.14285714285714,0.011666627709875838
tox21,TPSA,37.794486215538846,0.011627696535011315
tox21,TPSA,38.44611528822055,0.011586661538033822
tox21,TPSA,39.097744360902254,0.011543441054180632
tox21,TPSA,39.749373433583955,0.011497909621796991
tox21,TPSA,40.40100250626566,0.011449909282080855
tox21,TPSA,41.05263157894736,0.011399260739096374
tox21,TPSA,41.70426065162907,0.01134577400260506
tox21,TPSA,42.35588972431078,0.011289258197936391
tox21,TPSA,43.00751879699248,0.01122953029634608
tox21,TPSA,43.659147869674186,0.011166422592147562
tox21,TPSA,44.310776942355886,0.01109978882535317
tox21,TPSA,44.962406015037594,0.01102950891707245
tox21,TPSA,45.614035087719294,0.010955492346463215
tox21,TPSA,46.265664160401,0.010877680250215542
tox21,TPSA,46.9172932330827,0.010796046366780878
tox21,TPSA,47.56892230576441,0.010710596977008715
tox21,TPSA,48.22055137844611,0.010621370010426314
tox21,TPSA,48.87218045112782,0.010528433492774806
tox21,TPSA,49.52380952380952,0.010431883506756385
tox21,TPSA,50.175438596491226,0.010331841825925978
tox21,TPSA,50.827067669172926,0.010228453363238065
tox21,TPSA,51.478696741854634,0.010121883552974489
tox21,TPSA,52.130325814536334,0.01001231575972559
tox21,TPSA,52.78195488721804,0.00989994878265406
tox21,TPSA,53.43358395989975,0.009784994499101548
tox21,TPSA,54.08521303258145,0.009667675670023853
tox21,TPSA,54.73684210526316,0.009548223911677466
tox21,TPSA,55.38847117794486,0.009426877824021752
tox21,TPSA,56.040100250626566,0.009303881256602097
tox21,TPSA,56.691729323308266,0.009179481687127533
tox21,TPSA,57.34335839598997,0.00905392868614628
tox21,TPSA,57.994987468671674,0.008927472442565244
tox21,TPSA,58.64661654135338,0.008800362328544944
tox21,TPSA,59.29824561403508,0.008672845487777102
tox21,TPSA,59.94987468671679,0.008545165437574703
tox21,TPSA,60.60150375939849,0.008417560681888306
tox21,TPSA,61.2531328320802,0.008290263338753419
tox21,TPSA,61.9047619047619,0.008163497791293654
tox21,TPSA,62.556390977443606,0.008037479375959031
tox21,TPSA,63.20802005012531,0.007912413124953555
tox21,TPSA,63.859649122807014,0.007788492581746303
tox21,TPSA,64.51127819548871,0.007665898709172397
tox21,TPSA,65.16290726817043,0.007544798909021205
tox21,TPSA,65.81453634085213,0.0074253461703356494
tox21,TPSA,66.46616541353383,0.007307678361096431
tox21,TPSA,67.11779448621553,0.0071919176747488635
tox21,TPSA,67.76942355889724,0.007078170239380201
tox21,TPSA,68.42105263157895,0.006966525893463735
tox21,TPSA,69.07268170426065,0.006857058128187161
tox21,TPSA,69.72431077694235,0.006749824192645417
tox21,TPSA,70.37593984962406,0.006644865354787348
tox21,TPSA,71.02756892230576,0.006542207308100979
tox21,TPSA,71.67919799498746,0.006441860711734425
tox21,TPSA,72.33082706766916,0.006343821850137089
tox21,TPSA,72.98245614035088,0.0062480733974537
tox21,TPSA,73.63408521303258,0.0061545852717628255
tox21,TPSA,74.28571428571428,0.006063315564817998
tox21,TPSA,74.93734335839599,0.005974211534095344
tox21,TPSA,75.58897243107769,0.005887210645550653
tox21,TPSA,76.2406015037594,0.005802241657357009
tox21,TPSA,76.8922305764411,0.005719225736819987
tox21,TPSA,77.54385964912281,0.005638077604434915
tox21,TPSA,78.19548872180451,0.005558706700444959
tox21,TPSA,78.84711779448621,0.005481018370081654
tox21,TPSA,79.49874686716791,0.005404915063785893
tox21,TPSA,80.15037593984962,0.005330297548021318
tox21,TPSA,80.80200501253132,0.005257066120786627
tox21,TPSA,81.45363408521303,0.005185121823687834
tox21,TPSA,82.10526315789473,0.005114367639573551
tox21,TPSA,82.75689223057644,0.005044709661503948
tox21,TPSA,83.40852130325814,0.0049760582154788156
tox21,TPSA,84.06015037593984,0.004908328916231808
tox21,TPSA,84.71177944862156,0.004841443632820028
tox21,TPSA,85.36340852130326,0.004775331339045994
tox21,TPSA,86.01503759398496,0.0047099288232067245
tox21,TPSA,86.66666666666666,0.004645181232505357
tox21,TPSA,87.31829573934837,0.0045810424298091176
tox21,TPSA,87.96992481203007,0.004517475144325109
tox21,TPSA,88.62155388471177,0.004454450903114455
tox21,TPSA,89.27318295739347,0.00439194973698842
tox21,TPSA,89.92481203007519,0.004329959661941714
tox21,TPSA,90.57644110275689,0.004268475945508558
tox21,TPSA,91.22807017543859,0.00420750017585424
tox21,TPSA,91.87969924812029,0.004147039159578355
tox21,TPSA,92.531328320802,0.0040871036816534576
tox21,TPSA,93.1829573934837,0.004027707167225119
tox21,TPSA,93.8345864661654,0.003968864289792069
tox21,TPSA,94.48621553884712,0.003910589573281062
tox21,TPSA,95.13784461152882,0.0038528960365449886
tox21,TPSA,95.78947368421052,0.0037957939277685525
tox21,TPSA,96.44110275689222,0.0037392895932027545
tox21,TPSA,97.09273182957394,0.003683384519711487
tox21,TPSA,97.74436090225564,0.0036280745840438305
tox21,TPSA,98.39598997493734,0.003573349533870399
tox21,TPSA,99.04761904761904,0.003519192716816438
tox21,TPSA,99.69924812030075,0.0034655810644113267
tox21,TPSA,100.35087719298245,0.0034124853284721356
tox21,TPSA,101.00250626566415,0.0033598705583642754
tox21,TPSA,101.65413533834585,0.0033076967992089635
tox21,TPSA,102.30576441102757,0.0032559199837569005
tox21,TPSA,102.95739348370927,0.003204492984580479
tox21,TPSA,103.60902255639097,0.0031533667886329765
tox21,TPSA,104.26065162907267,0.0031024917531884038
tox21,TPSA,104.91228070175438,0.0030518189007429004
tox21,TPSA,105.56390977443608,0.0030013012105828806
tox21,TPSA,106.21553884711778,0.002950894866310295
tox21,TPSA,106.8671679197995,0.00290056042150791
tox21,TPSA,107.5187969924812,0.002850263849739869
tox21,TPSA,108.1704260651629,0.002799977450002507
tox21,TPSA,108.8220551378446,0.0027496805843408483
tox21,TPSA,109.47368421052632,0.0026993602304013382
tox21,TPSA,110.12531328320802,0.002649011337978992
tox21,TPSA,110.77694235588972,0.0025986369849314217
tox21,TPSA,111.42857142857142,0.0025482483339847014
tox21,TPSA,112.08020050125313,0.0024978643977805024
tox21,TPSA,112.73182957393483,0.002447511624865553
tox21,TPSA,113.38345864661653,0.0023972233240820355
tox21,TPSA,114.03508771929823,0.0023470389488813624
tox21,TPSA,114.68671679197995,0.002297003266375236
tox21,TPSA,115.33834586466165,0.0022471654383964205
tox21,TPSA,115.98997493734335,0.0021975780434274027
tox21,TPSA,116.64160401002506,0.0021482960689482525
tox21,TPSA,117.29323308270676,0.0020993759035501814
tox21,TPSA,117.94486215538846,0.0020508743570810738
tox21,TPSA,118.59649122807016,0.002002847735170954
tox21,TPSA,119.24812030075188,0.001955350991792794
tox21,TPSA,119.89974937343358,0.0019084369801332273
tox21,TPSA,120.55137844611528,0.0018621558180870143
tox21,TPSA,121.20300751879698,0.0018165543802784402
tox21,TPSA,121.8546365914787,0.0017716759238005217
tox21,TPSA,122.5062656641604,0.0017275598500113983
tox21,TPSA,123.1578947368421,0.001684241599907184
tox21,TPSA,123.8095238095238,0.0016417526759750865
tox21,TPSA,124.46115288220551,0.0016001207791847064
tox21,TPSA,125.11278195488721,0.0015593700460551244
tox21,TPSA,125.76441102756891,0.0015195213676696601
tox21,TPSA,126.41604010025063,0.0014805927702068616
tox21,TPSA,127.06766917293233,0.001442599835085447
tox21,TPSA,127.71929824561403,0.0014055561362203313
tox21,TPSA,128.37092731829574,0.0013694736721546683
tox21,TPSA,129.02255639097743,0.001334363271931951
tox21,TPSA,129.67418546365914,0.0013002349554322487
tox21,TPSA,130.32581453634086,0.0012670982314177482
tox21,TPSA,130.97744360902254,0.0012349623195934021
tox21,TPSA,131.62907268170426,0.0012038362864518625
tox21,TPSA,132.28070175438594,0.0011737290883942425
tox21,TPSA,132.93233082706766,0.00114464951945357
tox21,TPSA,133.58395989974937,0.0011166060647604405
tox21,TPSA,134.23558897243106,0.001089606664552301
tox21,TPSA,134.88721804511277,0.00106365839693092
tox21,TPSA,135.5388471177945,0.0010387670906251176
tox21,TPSA,136.19047619047618,0.0010149368816461065
tox21,TPSA,136.8421052631579,0.0009921697298791148
tox21,TPSA,137.4937343358396,0.0009704649133007895
tox21,TPSA,138.1453634085213,0.0009498185186282308
tox21,TPSA,138.796992481203,0.0009302229477829815
tox21,TPSA,139.4486215538847,0.0009116664595934082
tox21,TPSA,140.1002506265664,0.0008941327656693988
tox21,TPSA,140.75187969924812,0.0008776006983772448
tox21,TPSA,141.4035087719298,0.0008620439673372999
tox21,TPSA,142.05513784461152,0.0008474310188847155
tox21,TPSA,142.70676691729324,0.0008337250105011502
tox21,TPSA,143.35839598997492,0.0008208839093775323
tox21,TPSA,144.01002506265664,0.0008088607210471601
tox21,TPSA,144.66165413533832,0.0007976038504899827
tox21,TPSA,145.31328320802004,0.0007870575943186041
tox21,TPSA,145.96491228070175,0.0007771627586970484
tox21,TPSA,146.61654135338344,0.0007678573936095957
tox21,TPSA,147.26817042606515,0.0007590776300997657
tox21,TPSA,147.91979949874687,0.0007507586032608247
tox21,TPSA,148.57142857142856,0.0007428354402104765
tox21,TPSA,149.22305764411027,0.0007352442891602741
tox21,TPSA,149.87468671679198,0.0007279233631308174
tox21,TPSA,150.52631578947367,0.0007208139699966003
tox21,TPSA,151.17794486215539,0.0007138614994867245
tox21,TPSA,151.82957393483707,0.0007070163376161195
tox21,TPSA,152.4812030075188,0.0007002346798482853
tox21,TPSA,153.1328320802005,0.000693479216133507
tox21,TPSA,153.7844611528822,0.0006867196638285518
tox21,TPSA,154.4360902255639,0.0006799331283469638
tox21,TPSA,155.08771929824562,0.0006731042761329558
tox21,TPSA,155.7393483709273,0.0006662253100737603
tox21,TPSA,156.39097744360902,0.0006592957436022796
tox21,TPSA,157.04260651629073,0.000652321976294518
tox21,TPSA,157.69423558897242,0.0006453166805049912
tox21,TPSA,158.34586466165413,0.0006382980152565128
tox21,TPSA,158.99749373433582,0.0006312886899440026
tox21,TPSA,159.64912280701753,0.0006243149061599
tox21,TPSA,160.30075187969925,0.0006174052108462178
tox21,TPSA,160.95238095238093,0.0006105892977930387
tox21,TPSA,161.60401002506265,0.0006038967970381385
tox21,TPSA,162.25563909774436,0.0005973560928259753
tox21,TPSA,162.90726817042605,0.0005909932103611117
tox21,TPSA,163.55889724310777,0.0005848308096082556
tox21,TPSA,164.21052631578945,0.0005788873208838707
tox21,TPSA,164.86215538847117,0.000573176252056763
tox21,TPSA,165.51378446115288,0.000567705690998356
tox21,TPSA,166.16541353383457,0.0005624780197307871
tox21,TPSA,166.81704260651628,0.0005574898487974341
tox21,TPSA,167.468671679198,0.0005527321720519707
tox21,TPSA,168.12030075187968,0.0005481907336794584
tox21,TPSA,168.7719298245614,0.0005438465911861025
tox21,TPSA,169.4235588972431,0.0005396768506737881
tox21,TPSA,170.0751879699248,0.0005356555442751822
tox21,TPSA,170.7268170426065,0.0005317546144453339
tox21,TPSA,171.3784461152882,0.0005279449661083707
tox21,TPSA,172.0300751879699,0.0005241975455949919
tox21,TPSA,172.68170426065163,0.0005204844049523613
tox21,TPSA,173.33333333333331,0.000516779711554902
tox21,TPSA,173.98496240601503,0.0005130606659042538
tox21,TPSA,174.63659147869674,0.0005093082949153353
tox21,TPSA,175.28822055137843,0.0005055080936133598
tox21,TPSA,175.93984962406014,0.0005016504947314121
tox21,TPSA,176.59147869674183,0.0004977311528805651
tox21,TPSA,177.24310776942355,0.0004937510374263194
tox21,TPSA,177.89473684210526,0.0004897163356076463
tox21,TPSA,178.54636591478695,0.0004856381744564484
tox21,TPSA,179.19799498746866,0.000481532176427919
tox21,TPSA,179.84962406015038,0.00047741786909528505
tox21,TPSA,180.50125313283206,0.0004733179736125401
tox21,TPSA,181.15288220551378,0.0004692575997870983
tox21,TPSA,181.8045112781955,0.0004652633774780966
tox21,TPSA,182.45614035087718,0.00046136255465771206
tox21,TPSA,183.1077694235589,0.00045758209191389636
tox21,TPSA,183.75939849624058,0.00045394778155586355
tox21,TPSA,184.4110275689223,0.0004504834169706486
tox21,TPSA,185.062656641604,0.00044721003465966747
tox21,TPSA,185.7142857142857,0.00044414524766183615
tox21,TPSA,186.3659147869674,0.00044130268504940595
tox21,TPSA,187.01754385964912,0.00043869154805827005
tox21,TPSA,187.6691729323308,0.0004363162893603746
tox21,TPSA,188.32080200501252,0.0004341764181477845
tox21,TPSA,188.97243107769424,0.0004322664301897659
tox21,TPSA,189.62406015037593,0.0004305758589243926
tox21,TPSA,190.27568922305764,0.00042908944099945604
tox21,TPSA,190.92731829573933,0.00042778738749709274
tox21,TPSA,191.57894736842104,0.0004266457503492318
tox21,TPSA,192.23057644110276,0.00042563687214316787
tox21,TPSA,192.88220551378444,0.0004247299065808364
tox21,TPSA,193.53383458646616,0.00042389139623767
tox21,TPSA,194.18546365914787,0.0004230858939128931
tox21,TPSA,194.83709273182956,0.00042227661372368317
tox21,TPSA,195.48872180451127,0.0004214260981311659
tox21,TPSA,196.14035087719296,0.0004204968872694634
tox21,TPSA,196.79197994987467,0.00041945217726589116
tox21,TPSA,197.4436090225564,0.00041825645468994974
tox21,TPSA,198.09523809523807,0.00041687609486086433
tox21,TPSA,198.7468671679198,0.00041527991249605377
tox21,TPSA,199.3984962406015,0.0004134396541181621
tox21,TPSA,200.0501253132832,0.00041133042277796895
tox21,TPSA,200.7017543859649,0.00040893102701188434
tox21,TPSA,201.35338345864662,0.0004062242475443379
tox21,TPSA,202.0050125313283,0.00040319701706342066
tox21,TPSA,202.65664160401002,0.0003998405104242098
tox21,TPSA,203.3082706766917,0.00039615014483354154
tox21,TPSA,203.95989974937342,0.0003921254918913599
tox21,TPSA,204.61152882205513,0.00038777010574074733
tox21,TPSA,205.26315789473682,0.0003830912739315698
tox21,TPSA,205.91478696741854,0.0003780996998424278
tox21,TPSA,206.56641604010025,0.0003728091275377778
tox21,TPSA,207.21804511278194,0.00036723592166748175
tox21,TPSA,207.86967418546365,0.0003613986163556284
tox21,TPSA,208.52130325814534,0.0003553174478964655
tox21,TPSA,209.17293233082705,0.0003490138864160045
tox21,TPSA,209.82456140350877,0.00034251018142794653
tox21,TPSA,210.47619047619045,0.0003358289353961703
tox21,TPSA,211.12781954887217,0.00032899271802492636
tox21,TPSA,211.77944862155388,0.0003220237320722983
tox21,TPSA,212.43107769423557,0.00031494353909078214
tox21,TPSA,213.08270676691728,0.00030777285073552114
tox21,TPSA,213.734335839599,0.0003005313882627755
tox21,TPSA,214.38596491228068,0.0002932378097028169
tox21,TPSA,215.0375939849624,0.00028590970107807904
tox21,TPSA,215.68922305764409,0.0002785636250980074
tox21,TPSA,216.3408521303258,0.00027121521814173227
tox21,TPSA,216.99248120300751,0.00026387932417148974
tox21,TPSA,217.6441102756892,0.0002565701526171953
tox21,TPSA,218.29573934837092,0.00024930144632318046
tox21,TPSA,218.94736842105263,0.0002420866454075493
tox21,TPSA,219.59899749373432,0.0002349390333732325
tox21,TPSA,220.25062656641603,0.0002278718530105061
tox21,TPSA,220.90225563909775,0.00022089838148914805
tox21,TPSA,221.55388471177943,0.00021403195646513287
tox21,TPSA,222.20551378446115,0.0002072859479016485
tox21,TPSA,222.85714285714283,0.00020067367348232601
tox21,TPSA,223.50877192982455,0.00019420825881373782
tox21,TPSA,224.16040100250626,0.00018790244690364792
tox21,TPSA,224.81203007518795,0.0001817683644907302
tox21,TPSA,225.46365914786966,0.00017581725552974384
tox21,TPSA,226.11528822055138,0.00017005919436087445
tox21,TPSA,226.76691729323306,0.00016450279269637568
tox21,TPSA,227.41854636591478,0.0001591549154571864
tox21,TPSA,228.07017543859646,0.00015402042063878202
tox21,TPSA,228.72180451127818,0.00014910193776992005
tox21,TPSA,229.3734335839599,0.00014439969818030155
tox21,TPSA,230.02506265664158,0.0001399114282807684
tox21,TPSA,230.6766917293233,0.00013563231448339433
tox21,TPSA,231.328320802005,0.00013155504537724344
tox21,TPSA,231.9799498746867,0.00012766993347802536
tox21,TPSA,232.6315789473684,0.00012396511544828708
tox21,TPSA,233.28320802005013,0.0001204268263050245
tox21,TPSA,233.9348370927318,0.00011703973995482791
tox21,TPSA,234.58646616541353,0.00011378736557099732
tox21,TPSA,235.2380952380952,0.00011065248698007433
tox21,TPSA,235.88972431077693,0.00010761763045798299
tox21,TPSA,236.54135338345864,0.00010466554521823594
tox21,TPSA,237.19298245614033,0.00010177968044225289
tox21,TPSA,237.84461152882204,9.894464295578264e-05
tox21,TPSA,238.49624060150376,9.614662056290308e-05
tox21,TPSA,239.14786967418544,9.3373757546447e-05
tox21,TPSA,239.79949874686716,9.061647084094092e-05
tox21,TPSA,240.45112781954887,8.786769777058571e-05
tox21,TPSA,241.10275689223056,8.512306889606841e-05
tox21,TPSA,241.75438596491227,8.238100229903204e-05
tox21,TPSA,242.40601503759396,7.964271842169656e-05
tox21,TPSA,243.05764411027567,7.691217724899636e-05
tox21,TPSA,243.7092731829574,7.419594206332807e-05
tox21,TPSA,244.36090225563908,7.150297612830227e-05
tox21,TPSA,245.0125313283208,6.8844380401334e-05
tox21,TPSA,245.6641604010025,6.623308169400332e-05
tox21,TPSA,246.3157894736842,6.368348157778787e-05
tox21,TPSA,246.9674185463659,6.121107677929089e-05
tox21,TPSA,247.6190476190476,5.883206185338932e-05
tox21,TPSA,248.2706766917293,5.6562924612659404e-05
tox21,TPSA,248.92230576441102,5.44200441879713e-05
tox21,TPSA,249.5739348370927,5.2419300767097135e-05
tox21,TPSA,250.22556390977442,5.057570507675025e-05
tox21,TPSA,250.87719298245614,4.890305460706991e-05
tox21,TPSA,251.52882205513782,4.7413622487136633e-05
tox21,TPSA,252.18045112781954,4.611788385554437e-05
tox21,TPSA,252.83208020050125,4.50242835675729e-05
tox21,TPSA,253.48370927318294,4.413904816149712e-05
tox21,TPSA,254.13533834586465,4.3466044177631924e-05
tox21,TPSA,254.78696741854634,4.300668417810931e-05
tox21,TPSA,255.43859649122805,4.275988113548891e-05
tox21,TPSA,256.09022556390977,4.272205121904134e-05
tox21,TPSA,256.7418546365915,4.288716438030434e-05
tox21,TPSA,257.39348370927314,4.3246841496367636e-05
tox21,TPSA,258.04511278195486,4.3790496147051956e-05
tox21,TPSA,258.69674185463657,4.4505518365744576e-05
tox21,TPSA,259.3483709273183,4.537749690914535e-05
tox21,TPSA,260.0,4.639047574729276e-05
internal_100k,QED,0.0,0.017568289320494708
internal_100k,QED,0.002506265664160401,0.020329514984805914
internal_100k,QED,0.005012531328320802,0.023301250787991362
internal_100k,QED,0.007518796992481203,0.026462132299871145
internal_100k,QED,0.010025062656641603,0.029786069034088477
internal_100k,QED,0.012531328320802004,0.03324339752533229
internal_100k,QED,0.015037593984962405,0.036802330378877444
internal_100k,QED,0.017543859649122806,0.04043061669971355
internal_100k,QED,0.020050125313283207,0.044097303192051324
internal_100k,QED,0.022556390977443608,0.04777446619461892
internal_100k,QED,0.02506265664160401,0.05143877581140606
internal_100k,QED,0.02756892230576441,0.055072756427406055
internal_100k,QED,0.03007518796992481,0.05866562469844886
internal_100k,QED,0.03258145363408521,0.06221361674715431
internal_100k,QED,0.03508771929824561,0.06571975937495703
internal_100k,QED,0.03759398496240601,0.06919309243953228
internal_100k,QED,0.040100250626566414,0.072647406250995
internal_100k,QED,0.042606516290726815,0.07609961262178967
internal_100k,QED,0.045112781954887216,0.07956791403228401
internal_100k,QED,0.047619047619047616,0.08306996538846982
internal_100k,QED,0.05012531328320802,0.08662123144513843
internal_100k,QED,0.05263157894736842,0.09023372686724854
internal_100k,QED,0.05513784461152882,0.09391528500443888
internal_100k,QED,0.05764411027568922,0.0976694392809459
internal_100k,QED,0.06015037593984962,0.10149592467731716
internal_100k,QED,0.06265664160401002,0.10539172587847796
internal_100k,QED,0.06516290726817042,0.10935252451224503
internal_100k,QED,0.06766917293233082,0.1133743414932102
internal_100k,QED,0.07017543859649122,0.11745514077450887
internal_100k,QED,0.07268170426065163,0.12159616313101822
internal_100k,QED,0.07518796992481203,0.12580279360399918
internal_100k,QED,0.07769423558897243,0.13008482957525194
internal_100k,QED,0.08020050125313283,0.13445609927226604
internal_100k,QED,0.08270676691729323,0.13893347082413227
internal_100k,QED,0.08521303258145363,0.1435353764919928
internal_100k,QED,0.08771929824561403,0.14828004294051472
internal_100k,QED,0.09022556390977443,0.15318365682250853
internal_100k,QED,0.09273182957393483,0.1582587003537893
internal_100k,QED,0.09523809523809523,0.16351266399895265
internal_100k,QED,0.09774436090225563,0.16894728801960907
internal_100k,QED,0.10025062656641603,0.17455841076017295
internal_100k,QED,0.10275689223057644,0.18033642099201325
internal_100k,QED,0.10526315789473684,0.18626723673920959
internal_100k,QED,0.10776942355889724,0.19233367456061787
internal_100k,QED,0.11027568922305764,0.19851703879103852
internal_100k,QED,0.11278195488721804,0.20479875290319463
internal_100k,QED,0.11528822055137844,0.21116187340875672
internal_100k,QED,0.11779448621553884,0.2175923648620246
internal_100k,QED,0.12030075187969924,0.2240800639166192
internal_100k,QED,0.12280701754385964,0.2306193111455009
internal_100k,QED,0.12531328320802004,0.23720927227012148
internal_100k,QED,0.12781954887218044,0.24385399872734548
internal_100k,QED,0.13032581453634084,0.2505622878800295
internal_100k,QED,0.13283208020050125,0.25734739644081567
internal_100k,QED,0.13533834586466165,0.2642266413234723
internal_100k,QED,0.13784461152882205,0.2712208972650019
internal_100k,QED,0.14035087719298245,0.27835397826562847
internal_100k,QED,0.14285714285714285,0.28565187743111414
internal_100k,QED,0.14536340852130325,0.2931418419605858
internal_100k,QED,0.14786967418546365,0.300851278005634
internal_100k,QED,0.15037593984962405,0.3088065112046901
internal_100k,QED,0.15288220551378445,0.3170314667122887
internal_100k,QED,0.15538847117794485,0.3255463691593207
internal_100k,QED,0.15789473684210525,0.33436658942719905
internal_100k,QED,0.16040100250626566,0.34350177405589194
internal_100k,QED,0.16290726817042606,0.3529553802305986
internal_100k,QED,0.16541353383458646,0.3627247043325188
internal_100k,QED,0.16791979949874686,0.37280143895468215
internal_100k,QED,0.17042606516290726,0.3831727296001491
internal_100k,QED,0.17293233082706766,0.3938226377396209
internal_100k,QED,0.17543859649122806,0.4047338616718726
internal_100k,QED,0.17794486215538846,0.4158895294346998
internal_100k,QED,0.18045112781954886,0.42727486460151126
internal_100k,QED,0.18295739348370926,0.43887853796628923
internal_100k,QED,0.18546365914786966,0.45069355353479246
internal_100k,QED,0.18796992481203006,0.462717570041046
internal_100k,QED,0.19047619047619047,0.4749526212595546
internal_100k,QED,0.19298245614035087,0.4874042609072968
internal_100k,QED,0.19548872180451127,0.5000802131662796
internal_100k,QED,0.19799498746867167,0.5129886524081491
internal_100k,QED,0.20050125313283207,0.5261362632473168
internal_100k,QED,0.20300751879699247,0.5395262452951913
internal_100k,QED,0.20551378446115287,0.5531564288492975
internal_100k,QED,0.20802005012531327,0.567017661975626
internal_100k,QED,0.21052631578947367,0.58109261903139
internal_100k,QED,0.21303258145363407,0.5953551665521228
internal_100k,QED,0.21553884711779447,0.6097704027726257
internal_100k,QED,0.21804511278195488,0.624295457611354
internal_100k,QED,0.22055137844611528,0.6388810953583244
internal_100k,QED,0.22305764411027568,0.6534740982329047
internal_100k,QED,0.22556390977443608,0.6680203245533735
internal_100k,QED,0.22807017543859648,0.6824682351594659
internal_100k,QED,0.23057644110275688,0.6967725771822542
internal_100k,QED,0.23308270676691728,0.7108978224510644
internal_100k,QED,0.23558897243107768,0.7248208995384375
internal_100k,QED,0.23809523809523808,0.7385327540991523
internal_100k,QED,0.24060150375939848,0.75203833707984
internal_100k,QED,0.24310776942355888,0.7653547601770399
internal_100k,QED,0.24561403508771928,0.7785075652528295
internal_100k,QED,0.24812030075187969,0.791525307959224
internal_100k,QED,0.2506265664160401,0.8044329221486813
internal_100k,QED,0.2531328320802005,0.8172445698436829
internal_100k,QED,0.2556390977443609,0.8299568499337155
internal_100k,QED,0.2581453634085213,0.84254330251127
internal_100k,QED,0.2606516290726817,0.8549510837887669
internal_100k,QED,0.2631578947368421,0.8671004964280935
internal_100k,QED,0.2656641604010025,0.8788877597732253
internal_100k,QED,0.2681704260651629,0.8901910301836986
internal_100k,QED,0.2706766917293233,0.900879282770423
internal_100k,QED,0.2731829573934837,0.9108232970025741
internal_100k,QED,0.2756892230576441,0.9199077011730994
internal_100k,QED,0.2781954887218045,0.9280428643824413
internal_100k,QED,0.2807017543859649,0.9351754018233803
internal_100k,QED,0.2832080200501253,0.9412961815662975
internal_100k,QED,0.2857142857142857,0.9464449706557423
internal_100k,QED,0.2882205513784461,0.9507112007776451
internal_100k,QED,0.2907268170426065,0.9542307244419401
internal_100k,QED,0.2932330827067669,0.9571788238275503
internal_100k,QED,0.2957393483709273,0.9597600822329166
internal_100k,QED,0.2982456140350877,0.9621959979023713
internal_100k,QED,0.3007518796992481,0.9647113900871961
internal_100k,QED,0.3032581453634085,0.9675207095453993
internal_100k,QED,0.3057644110275689,0.970815324833042
internal_100k,QED,0.3082706766917293,0.9747527258851044
internal_100k,QED,0.3107769423558897,0.9794483877104116
internal_100k,QED,0.3132832080200501,0.9849707920845463
internal_100k,QED,0.3157894736842105,0.9913398360008066
internal_100k,QED,0.3182957393483709,0.998528582290369
internal_100k,QED,0.3208020050125313,1.0064680476341825
internal_100k,QED,0.3233082706766917,1.015054491468126
internal_100k,QED,0.3258145363408521,1.02415848010373
internal_100k,QED,0.3283208020050125,1.0336348672154214
internal_100k,QED,0.3308270676691729,1.0433327673866448
internal_100k,QED,0.3333333333333333,1.0531046143704101
internal_100k,QED,0.3358395989974937,1.0628134966648477
internal_100k,QED,0.3383458646616541,1.0723381495621562
internal_100k,QED,0.3408521303258145,1.0815752451702658
internal_100k,QED,0.3433583959899749,1.0904389391585223
internal_100k,QED,0.3458646616541353,1.0988579734545252
internal_100k,QED,0.3483709273182957,1.106770957741295
internal_100k,QED,0.3508771929824561,1.1141207155689763
internal_100k,QED,0.3533834586466165,1.120848742018975
internal_100k,QED,0.3558897243107769,1.126890847623126
internal_100k,QED,0.3583959899749373,1.1321749422071534
internal_100k,QED,0.3609022556390977,1.1366216475913065
internal_100k,QED,0.3634085213032581,1.1401480466374732
internal_100k,QED,0.3659147869674185,1.1426744245996883
internal_100k,QED,0.3684210526315789,1.144133397500518
internal_100k,QED,0.37092731829573933,1.1444804168748117
internal_100k,QED,0.37343358395989973,1.1437043514382401
internal_100k,QED,0.37593984962406013,1.141836720346573
internal_100k,QED,0.37844611528822053,1.1389582139684489
internal_100k,QED,0.38095238095238093,1.1352013845027575
internal_100k,QED,0.38345864661654133,1.1307487920342512
internal_100k,QED,0.38596491228070173,1.125826401178299
internal_100k,QED,0.38847117794486213,1.1206925739715066
internal_100k,QED,0.39097744360902253,1.115623525494886
internal_100k,QED,0.39348370927318294,1.1108965339889452
internal_100k,QED,0.39598997493734334,1.106772474687965
internal_100k,QED,0.39849624060150374,1.1034793441453292
internal_100k,QED,0.40100250626566414,1.101198350755644
internal_100k,QED,0.40350877192982454,1.1000538821476895
internal_100k,QED,0.40601503759398494,1.1001082559577764
internal_100k,QED,0.40852130325814534,1.1013616667396557
internal_100k,QED,0.41102756892230574,1.1037572159082045
internal_100k,QED,0.41353383458646614,1.1071904119435798
internal_100k,QED,0.41604010025062654,1.1115221071514925
internal_100k,QED,0.41854636591478694,1.1165935365607227
internal_100k,QED,0.42105263157894735,1.122241970715901
internal_100k,QED,0.42355889724310775,1.1283154971568075
internal_100k,QED,0.42606516290726815,1.1346855984105237
internal_100k,QED,0.42857142857142855,1.1412564752025292
internal_100k,QED,0.43107769423558895,1.1479704378464843
internal_100k,QED,0.43358395989974935,1.1548091136520966
internal_100k,QED,0.43609022556390975,1.161790647464921
internal_100k,QED,0.43859649122807015,1.1689634614036837
internal_100k,QED,0.44110275689223055,1.1763974500239163
internal_100k,QED,0.44360902255639095,1.1841736902155149
internal_100k,QED,0.44611528822055135,1.19237382568994
internal_100k,QED,0.44862155388471175,1.2010702424074464
internal_100k,QED,0.45112781954887216,1.2103179955646568
internal_100k,QED,0.45363408521303256,1.2201492038395263
internal_100k,QED,0.45614035087719296,1.230570323371005
internal_100k,QED,0.45864661654135336,1.2415623871828005
internal_100k,QED,0.46115288220551376,1.2530839799427564
internal_100k,QED,0.46365914786967416,1.2650764436868953
internal_100k,QED,0.46616541353383456,1.2774706014061428
internal_100k,QED,0.46867167919799496,1.290194157928748
internal_100k,QED,0.47117794486215536,1.303178898340611
internal_100k,QED,0.47368421052631576,1.316366852081323
internal_100k,QED,0.47619047619047616,1.3297147176037156
internal_100k,QED,0.47869674185463656,1.3431960343460618
internal_100k,QED,0.48120300751879697,1.356800827991587
internal_100k,QED,0.48370927318295737,1.3705327211706166
internal_100k,QED,0.48621553884711777,1.3844037728955205
internal_100k,QED,0.48872180451127817,1.3984275634067869
internal_100k,QED,0.49122807017543857,1.412611254248397
internal_100k,QED,0.49373433583959897,1.426947505098845
internal_100k,QED,0.49624060150375937,1.4414072008278522
internal_100k,QED,0.49874686716791977,1.455933920909672
internal_100k,QED,0.5012531328320802,1.4704409622968266
internal_100k,QED,0.5037593984962405,1.4848115090392182
internal_100k,QED,0.506265664160401,1.4989022412067952
internal_100k,QED,0.5087719298245614,1.512550317366663
internal_100k,QED,0.5112781954887218,1.5255832846143687
internal_100k,QED,0.5137844611528821,1.5378311108039981
internal_100k,QED,0.5162907268170426,1.5491392403594426
internal_100k,QED,0.518796992481203,1.5593813892412318
internal_100k,QED,0.5213032581453634,1.5684707473557595
internal_100k,QED,0.5238095238095237,1.5763683629532765
internal_100k,QED,0.5263157894736842,1.583087738642253
internal_100k,QED,0.5288220551378446,1.5886950472064434
internal_100k,QED,0.531328320802005,1.593304833959358
internal_100k,QED,0.5338345864661653,1.597071554868433
internal_100k,QED,0.5363408521303258,1.6001777455142137
internal_100k,QED,0.5388471177944862,1.602819968844411
internal_100k,QED,0.5413533834586466,1.6051939061755989
internal_100k,QED,0.5438596491228069,1.6074800116831074
internal_100k,QED,0.5463659147869674,1.6098310438215366
internal_100k,QED,0.5488721804511278,1.6123625378247257
internal_100k,QED,0.5513784461152882,1.6151469297646048
internal_100k,QED,0.5538847117794485,1.6182116341645103
internal_100k,QED,0.556390977443609,1.6215409668553769
internal_100k,QED,0.5588972431077694,1.6250814411587264
internal_100k,QED,0.5614035087719298,1.6287496861376984
internal_100k,QED,0.5639097744360901,1.6324420630926952
internal_100k,QED,0.5664160401002506,1.6360449969081905
internal_100k,QED,0.568922305764411,1.6394450836464602
internal_100k,QED,0.5714285714285714,1.6425381649964632
internal_100k,QED,0.5739348370927317,1.6452367472841858
internal_100k,QED,0.5764411027568922,1.6474753594569616
internal_100k,QED,0.5789473684210527,1.6492136648942979
internal_100k,QED,0.581453634085213,1.650437345413034
internal_100k,QED,0.5839598997493733,1.6511569482381256
internal_100k,QED,0.5864661654135338,1.6514050201611472
internal_100k,QED,0.5889724310776943,1.6512319449062973
internal_100k,QED,0.5914786967418546,1.6507009506952728
internal_100k,QED,0.593984962406015,1.6498827679080132
internal_100k,QED,0.5964912280701754,1.6488503951463067
internal_100k,QED,0.5989974937343359,1.647674379865116
internal_100k,QED,0.6015037593984962,1.6464189414877495
internal_100k,QED,0.6040100250626566,1.6451391660622272
internal_100k,QED,0.606516290726817,1.6438793891431491
internal_100k,QED,0.6090225563909775,1.6426727666229088
internal_100k,QED,0.6115288220551378,1.6415419221190821
internal_100k,QED,0.6140350877192982,1.6405004651953443
internal_100k,QED,0.6165413533834586,1.6395551071457768
internal_100k,QED,0.6190476190476191,1.6387080676420265
internal_100k,QED,0.6215538847117794,1.6379594694607864
internal_100k,QED,0.6240601503759398,1.637309457992913
internal_100k,QED,0.6265664160401002,1.6367598505065593
internal_100k,QED,0.6290726817042607,1.6363152063644004
internal_100k,QED,0.631578947368421,1.635983300442079
internal_100k,QED,0.6340852130325814,1.63577506465621
internal_100k,QED,0.6365914786967418,1.6357041257027756
internal_100k,QED,0.6390977443609023,1.635786103649831
internal_100k,QED,0.6416040100250626,1.6360378435770766
internal_100k,QED,0.644110275689223,1.636476733470026
internal_100k,QED,0.6466165413533834,1.6371202224003278
internal_100k,QED,0.6491228070175439,1.6379856022883423
internal_100k,QED,0.6516290726817042,1.6390900633385619
internal_100k,QED,0.6541353383458646,1.6404509854200366
internal_100k,QED,0.656641604010025,1.6420863906638485
internal_100k,QED,0.6591478696741855,1.6440154588518245
internal_100k,QED,0.6616541353383458,1.6462589965251482
internal_100k,QED,0.6641604010025062,1.6488397509076367
internal_100k,QED,0.6666666666666666,1.6517824675976223
internal_100k,QED,0.6691729323308271,1.655113603645162
internal_100k,QED,0.6716791979949874,1.658860623330427
internal_100k,QED,0.6741854636591478,1.6630508224950216
internal_100k,QED,0.6766917293233082,1.66770964996018
internal_100k,QED,0.6791979949874687,1.6728585236145175
internal_100k,QED,0.681704260651629,1.6785121763864361
internal_100k,QED,0.6842105263157894,1.6846756146206776
internal_100k,QED,0.6867167919799498,1.69134082731358
internal_100k,QED,0.6892230576441103,1.6984834454125084
internal_100k,QED,0.6917293233082706,1.7060596092572164
internal_100k,QED,0.694235588972431,1.7140033502647443
internal_100k,QED,0.6967418546365914,1.7222248201179025
internal_100k,QED,0.6992481203007519,1.7306096976824954
internal_100k,QED,0.7017543859649122,1.7390200639220836
internal_100k,QED,0.7042606516290726,1.7472969557545077
internal_100k,QED,0.706766917293233,1.755264694076777
internal_100k,QED,0.7092731829573935,1.7627369376391582
internal_100k,QED,0.7117794486215538,1.7695242564526774
internal_100k,QED,0.7142857142857142,1.7754428623984146
internal_100k,QED,0.7167919799498746,1.7803239978120513
internal_100k,QED,0.7192982456140351,1.7840233803960566
internal_100k,QED,0.7218045112781954,1.786430046280077
internal_100k,QED,0.7243107769423558,1.7874739285389716
internal_100k,QED,0.7268170426065163,1.7871315564922776
internal_100k,QED,0.7293233082706767,1.7854293571779367
internal_100k,QED,0.731829573934837,1.7824441764629277
internal_100k,QED,0.7343358395989974,1.778300803321651
internal_100k,QED,0.7368421052631579,1.7731664664113647
internal_100k,QED,0.7393483709273183,1.767242467129905
internal_100k,QED,0.7418546365914787,1.7607533083321656
internal_100k,QED,0.744360902255639,1.753933863346588
internal_100k,QED,0.7468671679197995,1.7470152957026697
internal_100k,QED,0.7493734335839599,1.7402105746106722
internal_100k,QED,0.7518796992481203,1.7337005220674797
internal_100k,QED,0.7543859649122806,1.727621361621426
internal_100k,QED,0.7568922305764411,1.7220547051044401
internal_100k,QED,0.7593984962406015,1.7170208049367213
internal_100k,QED,0.7619047619047619,1.712475715422095
internal_100k,QED,0.7644110275689222,1.7083127546031034
internal_100k,QED,0.7669172932330827,1.7043683554327402
internal_100k,QED,0.7694235588972431,1.7004320656973018
internal_100k,QED,0.7719298245614035,1.6962601299141176
internal_100k,QED,0.7744360902255638,1.6915917943334435
internal_100k,QED,0.7769423558897243,1.6861672464498754
internal_100k,QED,0.7794486215538847,1.679745954791741
internal_100k,QED,0.7819548872180451,1.6721241257579649
internal_100k,QED,0.7844611528822054,1.6631500442287046
internal_100k,QED,0.7869674185463659,1.6527362062743454
internal_100k,QED,0.7894736842105263,1.6408673705354992
internal_100k,QED,0.7919799498746867,1.6276039298306286
internal_100k,QED,0.794486215538847,1.6130803142923524
internal_100k,QED,0.7969924812030075,1.5974984601903206
internal_100k,QED,0.7994987468671679,1.5811166947522148
internal_100k,QED,0.8020050125313283,1.5642346793887125
internal_100k,QED,0.8045112781954886,1.5471753067332505
internal_100k,QED,0.8070175438596491,1.5302646477450017
internal_100k,QED,0.8095238095238095,1.5138111823964202
internal_100k,QED,0.8120300751879699,1.4980856116790529
internal_100k,QED,0.8145363408521302,1.4833025330297114
internal_100k,QED,0.8170426065162907,1.469605162990924
internal_100k,QED,0.8195488721804511,1.457054112503141
internal_100k,QED,0.8220551378446115,1.445620970587256
internal_100k,QED,0.8245614035087718,1.4351871468908346
internal_100k,QED,0.8270676691729323,1.4255480841522472
internal_100k,QED,0.8295739348370927,1.4164226037729655
internal_100k,QED,0.8320802005012531,1.4074668186272146
internal_100k,QED,0.8345864661654134,1.3982917627450027
internal_100k,QED,0.8370927318295739,1.3884836689070672
internal_100k,QED,0.8395989974937343,1.377625686997334
internal_100k,QED,0.8421052631578947,1.3653197844712528
internal_100k,QED,0.844611528822055,1.3512076034145262
internal_100k,QED,0.8471177944862155,1.3349891568290957
internal_100k,QED,0.849624060150376,1.3164384149184394
internal_100k,QED,0.8521303258145363,1.295415042127448
internal_100k,QED,0.8546365914786966,1.2718717789460288
internal_100k,QED,0.8571428571428571,1.2458572022371601
internal_100k,QED,0.8596491228070176,1.2175138306940458
internal_100k,QED,0.8621553884711779,1.187071758606526
internal_100k,QED,0.8646616541353382,1.154838195893214
internal_100k,QED,0.8671679197994987,1.1211834626676582
internal_100k,QED,0.8696741854636592,1.0865241312749851
internal_100k,QED,0.8721804511278195,1.0513041266248941
internal_100k,QED,0.8746867167919798,1.015974684547499
internal_100k,QED,0.8771929824561403,0.9809741240022137
internal_100k,QED,0.8796992481203008,0.9467084071063885
internal_100k,QED,0.8822055137844611,0.9135334355108152
internal_100k,QED,0.8847117794486214,0.8817399580584249
internal_100k,QED,0.8872180451127819,0.8515418410084996
internal_100k,QED,0.8897243107769424,0.8230682806118284
internal_100k,QED,0.8922305764411027,0.7963603257327628
internal_100k,QED,0.894736842105263,0.7713718379079022
internal_100k,QED,0.8972431077694235,0.7479747643658761
internal_100k,QED,0.899749373433584,0.7259683553566646
internal_100k,QED,0.9022556390977443,0.7050917401729276
internal_100k,QED,0.9047619047619047,0.6850391037438253
internal_100k,QED,0.9072681704260651,0.6654765902885662
internal_100k,QED,0.9097744360902256,0.6460600085844009
internal_100k,QED,0.9122807017543859,0.6264524242653621
internal_100k,QED,0.9147869674185463,0.6063407909586308
internal_100k,QED,0.9172932330827067,0.5854508816034906
internal_100k,QED,0.9197994987468672,0.563559918787704
internal_100k,QED,0.9223057644110275,0.5405064530257032
internal_100k,QED,0.9248120300751879,0.516197187592935
internal_100k,QED,0.9273182957393483,0.4906105890019039
internal_100k,QED,0.9298245614035088,0.4637972496177468
internal_100k,QED,0.9323308270676691,0.4358770839892922
internal_100k,QED,0.9348370927318295,0.407033547016438
internal_100k,QED,0.9373433583959899,0.3775051647480988
internal_100k,QED,0.9398496240601504,0.34757477053868513
internal_100k,QED,0.9423558897243107,0.3175569401208291
internal_100k,QED,0.9448621553884711,0.2877842139890191
internal_100k,QED,0.9473684210526315,0.258592775139586
internal_100k,QED,0.949874686716792,0.23030830265849556
internal_100k,QED,0.9523809523809523,0.20323273449431153
internal_100k,QED,0.9548872180451127,0.17763263611536312
internal_100k,QED,0.9573934837092731,0.15372978092261416
internal_100k,QED,0.9598997493734336,0.13169440557396545
internal_100k,QED,0.9624060150375939,0.11164141861938248
internal_100k,QED,0.9649122807017543,0.09362963052870232
internal_100k,QED,0.9674185463659147,0.07766385821165575
internal_100k,QED,0.9699248120300752,0.06369955970944602
internal_100k,QED,0.9724310776942355,0.05164949508213566
internal_100k,QED,0.9749373433583959,0.04139180282808408
internal_100k,QED,0.9774436090225563,0.03277883558770811
internal_100k,QED,0.9799498746867168,0.025646114656845905
internal_100k,QED,0.9824561403508771,0.019820832821821285
internal_100k,QED,0.9849624060150375,0.015129446295406088
internal_100k,QED,0.9874686716791979,0.011404032698260421
internal_100k,QED,0.9899749373433584,0.008487235864392284
internal_100k,QED,0.9924812030075187,0.00623575407100932
internal_100k,QED,0.9949874686716791,0.004522443797957496
internal_100k,QED,0.9974937343358395,0.003237198429698795
internal_100k,QED,1.0,0.002286817200645767
tox21,QED,0.0,0.039103025980502165
tox21,QED,0.002506265664160401,0.04339234508305017
tox21,QED,0.005012531328320802,0.047935425184313915
tox21,QED,0.007518796992481203,0.05272043260868071
tox21,QED,0.010025062656641603,0.057732427848294715
tox21,QED,0.012531328320802004,0.06295352158917131
tox21,QED,0.015037593984962405,0.06836310222627451
tox21,QED,0.017543859649122806,0.07393813011306319
tox21,QED,0.020050125313283207,0.07965349170356541
tox21,QED,0.022556390977443608,0.08548240497112497
tox21,QED,0.02506265664160401,0.09139686609197334
tox21,QED,0.02756892230576441,0.09736812640029303
tox21,QED,0.03007518796992481,0.10336718806240713
tox21,QED,0.03258145363408521,0.1093653067623998
tox21,QED,0.03508771929824561,0.11533448989885553
tox21,QED,0.03759398496240601,0.12124797930557862
tox21,QED,0.040100250626566414,0.12708070826290316
tox21,QED,0.042606516290726815,0.13280972349478543
tox21,QED,0.045112781954887216,0.13841456389120282
tox21,QED,0.047619047619047616,0.14387758880869977
tox21,QED,0.05012531328320802,0.14918424995314664
tox21,QED,0.05263157894736842,0.15432330202344025
tox21,QED,0.05513784461152882,0.15928694849327918
tox21,QED,0.05764411027568922,0.16407092014120628
tox21,QED,0.06015037593984962,0.16867448522247297
tox21,QED,0.06265664160401002,0.1731003915235094
tox21,QED,0.06516290726817042,0.17735474195559037
tox21,QED,0.06766917293233082,0.1814468068188683
tox21,QED,0.07017543859649122,0.18538877737328707
tox21,QED,0.07268170426065163,0.18919546684149818
tox21,QED,0.07518796992481203,0.19288396637567298
tox21,QED,0.07769423558897243,0.19647326476679997
tox21,QED,0.08020050125313283,0.1999838416774009
tox21,QED,0.08270676691729323,0.2034372448549409
tox21,QED,0.08521303258145363,0.2068556620640094
tox21,QED,0.08771929824561403,0.210261498312113
tox21,QED,0.09022556390977443,0.21367696831687702
tox21,QED,0.09273182957393483,0.21712371308556783
tox21,QED,0.09523809523809523,0.22062244800081943
tox21,QED,0.09774436090225563,0.224192648013206
tox21,QED,0.10025062656641603,0.22785227354493837
tox21,QED,0.10275689223057644,0.23161753864356793
tox21,QED,0.10526315789473684,0.23550272093470087
tox21,QED,0.10776942355889724,0.23952001115140137
tox21,QED,0.11027568922305764,0.24367939859428459
tox21,QED,0.11278195488721804,0.24798858790414363
tox21,QED,0.11528822055137844,0.2524529420771872
tox21,QED,0.11779448621553884,0.2570754467488476
tox21,QED,0.12030075187969924,0.2618566913979226
tox21,QED,0.12280701754385964,0.2667948642161958
tox21,QED,0.12531328320802004,0.27188575884698857
tox21,QED,0.12781954887218044,0.2771227928838703
tox21,QED,0.13032581453634084,0.28249703978014634
tox21,QED,0.13283208020050125,0.28799727748300497
tox21,QED,0.13533834586466165,0.2936100585088084
tox21,QED,0.13784461152882205,0.2993198071702789
tox21,QED,0.14035087719298245,0.30510895013302447
tox21,QED,0.14285714285714285,0.3109580863377929
tox21,QED,0.14536340852130325,0.3168462015414195
tox21,QED,0.14786967418546365,0.3227509313185807
tox21,QED,0.15037593984962405,0.3286488743923828
tox21,QED,0.15288220551378445,0.33451595573389603
tox21,QED,0.15538847117794485,0.3403278361362162
tox21,QED,0.15789473684210525,0.3460603621021907
tox21,QED,0.16040100250626566,0.3516900470760821
tox21,QED,0.16290726817042606,0.3571945724891352
tox21,QED,0.16541353383458646,0.3625532949557988
tox21,QED,0.16791979949874686,0.3677477444048856
tox21,QED,0.17042606516290726,0.37276209707648444
tox21,QED,0.17293233082706766,0.3775836072356484
tox21,QED,0.17543859649122806,0.3822029821749673
tox21,QED,0.17794486215538846,0.3866146865781116
tox21,QED,0.18045112781954886,0.39081716452726756
tox21,QED,0.18295739348370926,0.39481297025013334
tox21,QED,0.18546365914786966,0.3986088019747802
tox21,QED,0.18796992481203006,0.40221543682842276
tox21,QED,0.19047619047619047,0.4056475684008571
tox21,QED,0.19298245614035087,0.40892355221525295
tox21,QED,0.19548872180451127,0.4120650677354165
tox21,QED,0.19799498746867167,0.4150967085336195
tox21,QED,0.20050125313283207,0.4180455147135798
tox21,QED,0.20300751879699247,0.4209404635249849
tox21,QED,0.20551378446115287,0.423811935247235
tox21,QED,0.20802005012531327,0.42669117182288363
tox21,QED,0.21052631578947367,0.4296097453826718
tox21,QED,0.21303258145363407,0.43259905275468924
tox21,QED,0.21553884711779447,0.43568985035256286
tox21,QED,0.21804511278195488,0.43891184158257884
tox21,QED,0.22055137844611528,0.4422933262126383
tox21,QED,0.22305764411027568,0.44586091814085616
tox21,QED,0.22556390977443608,0.44963933483551594
tox21,QED,0.22807017543859648,0.4536512585428794
tox21,QED,0.23057644110275688,0.4579172663254061
tox21,QED,0.23308270676691728,0.46245582323992196
tox21,QED,0.23558897243107768,0.46728333061569255
tox21,QED,0.23809523809523808,0.472414219544175
tox21,QED,0.24060150375939848,0.47786107841395115
tox21,QED,0.24310776942355888,0.4836348026519555
tox21,QED,0.24561403508771928,0.4897447547680491
tox21,QED,0.24812030075187969,0.49619892331461685
tox21,QED,0.2506265664160401,0.5030040704089195
tox21,QED,0.2531328320802005,0.5101658589436087
tox21,QED,0.2556390977443609,0.5176889524355223
tox21,QED,0.2581453634085213,0.5255770825324083
tox21,QED,0.2606516290726817,0.5338330814089693
tox21,QED,0.2631578947368421,0.5424588785405307
tox21,QED,0.2656641604010025,0.5514554635576154
tox21,QED,0.2681704260651629,0.5608228189823271
tox21,QED,0.2706766917293233,0.5705598285641659
tox21,QED,0.2731829573934837,0.5806641686154375
tox21,QED,0.2756892230576441,0.591132191148248
tox21,QED,0.2781954887218045,0.6019588086940895
tox21,QED,0.2807017543859649,0.6131373914022037
tox21,QED,0.2832080200501253,0.6246596873229919
tox21,QED,0.2857142857142857,0.6365157766482138
tox21,QED,0.2882205513784461,0.6486940700637269
tox21,QED,0.2907268170426065,0.6611813602461927
tox21,QED,0.2932330827067669,0.6739629338904713
tox21,QED,0.2957393483709273,0.6870227495005672
tox21,QED,0.2982456140350877,0.7003436835547527
tox21,QED,0.3007518796992481,0.7139078446402876
tox21,QED,0.3032581453634085,0.7276969518574697
tox21,QED,0.3057644110275689,0.7416927703639322
tox21,QED,0.3082706766917293,0.7558775935455395
tox21,QED,0.3107769423558897,0.7702347581556656
tox21,QED,0.3132832080200501,0.7847491760625276
tox21,QED,0.3157894736842105,0.7994078641752452
tox21,QED,0.3182957393483709,0.8142004528477603
tox21,QED,0.3208020050125313,0.8291196527047707
tox21,QED,0.3233082706766917,0.8441616604588615
tox21,QED,0.3258145363408521,0.8593264858881907
tox21,QED,0.3283208020050125,0.874618184647415
tox21,QED,0.3308270676691729,0.8900449848499288
tox21,QED,0.3333333333333333,0.9056192991917116
tox21,QED,0.3358395989974937,0.9213576185473478
tox21,QED,0.3383458646616541,0.9372802871990898
tox21,QED,0.3408521303258145,0.9534111639017401
tox21,QED,0.3433583959899749,0.9697771766070286
tox21,QED,0.3458646616541353,0.9864077816822983
tox21,QED,0.3483709273182957,1.0033343407337196
tox21,QED,0.3508771929824561,1.0205894296291425
tox21,QED,0.3533834586466165,1.0382060950319487
tox21,QED,0.3558897243107769,1.0562170737956609
tox21,QED,0.3583959899749373,1.0746539900810603
tox21,QED,0.3609022556390977,1.0935465442329881
tox21,QED,0.3634085213032581,1.1129217065013808
tox21,QED,0.3659147869674185,1.1328029278118714
tox21,QED,0.3684210526315789,1.1532093791548697
tox21,QED,0.37092731829573933,1.1741552308877383
tox21,QED,0.37343358395989973,1.1956489833829511
tox21,QED,0.37593984962406013,1.2176928609835211
tox21,QED,0.37844611528822053,1.2402822820466926
tox21,QED,0.38095238095238093,1.2634054188049135
tox21,QED,0.38345864661654133,1.2870428616341303
tox21,QED,0.38596491228070173,1.311167402852584
tox21,QED,0.38847117794486213,1.335743955131898
tox21,QED,0.39097744360902253,1.36072961876588
tox21,QED,0.39348370927318294,1.3860739102375916
tox21,QED,0.39598997493734334,1.4117191616481524
tox21,QED,0.39849624060150374,1.4376010966025217
tox21,QED,0.40100250626566414,1.4636495831601757
tox21,QED,0.40350877192982454,1.489789558615365
tox21,QED,0.40601503759398494,1.5159421144191418
tox21,QED,0.40852130325814534,1.5420257228066971
tox21,QED,0.41102756892230574,1.5679575800091379
tox21,QED,0.41353383458646614,1.5936550346921832
tox21,QED,0.41604010025062654,1.6190370648533672
tox21,QED,0.41854636591478694,1.6440257621773342
tox21,QED,0.42105263157894735,1.6685477800922681
tox21,QED,0.42355889724310775,1.6925357007192092
tox21,QED,0.42606516290726815,1.715929276700449
tox21,QED,0.42857142857142855,1.738676506579596
tox21,QED,0.43107769423558895,1.7607345069309421
tox21,QED,0.43358395989974935,1.782070150647858
tox21,QED,0.43609022556390975,1.8026604484557
tox21,QED,0.43859649122807015,1.8224926594935011
tox21,QED,0.44110275689223055,1.841564126322343
tox21,QED,0.44360902255639095,1.8598818395384449
tox21,QED,0.44611528822055135,1.8774617468425974
tox21,QED,0.44862155388471175,1.8943278304936768
tox21,QED,0.45112781954887216,1.9105109851299444
tox21,QED,0.45363408521303256,1.926047734604487
tox21,QED,0.45614035087719296,1.940978831449078
tox21,QED,0.45864661654135336,1.9553477856467716
tox21,QED,0.46115288220551376,1.9691993704504587
tox21,QED,0.46365914786967416,1.982578152039238
tox21,QED,0.46616541353383456,1.995527086972298
tox21,QED,0.46867167919799496,2.0080862268973623
tox21,QED,0.47117794486215536,2.0202915641029398
tox21,QED,0.47368421052631576,2.0321740446356027
tox21,QED,0.47619047619047616,2.043758768242724
tox21,QED,0.47869674185463656,2.055064386759362
tox21,QED,0.48120300751879697,2.0661027051297665
tox21,QED,0.48370927318295737,2.0768784823877553
tox21,QED,0.48621553884711777,2.0873894238959836
tox21,QED,0.48872180451127817,2.097626351164798
tox21,QED,0.49122807017543857,2.107573531748547
tox21,QED,0.49373433583959897,2.1172091490830813
tox21,QED,0.49624060150375937,2.126505890631888
tox21,QED,0.49874686716791977,2.135431632243342
tox21,QED,0.5012531328320802,2.143950197031374
tox21,QED,0.5037593984962405,2.1520221681978335
tox21,QED,0.506265664160401,2.159605736827205
tox21,QED,0.5087719298245614,2.166657567621644
tox21,QED,0.5112781954887218,2.17313366764114
tox21,QED,0.5137844611528821,2.1789902452262773
tox21,QED,0.5162907268170426,2.1841845482920736
tox21,QED,0.518796992481203,2.1886756729952137
tox21,QED,0.5213032581453634,2.1924253353171337
tox21,QED,0.5238095238095237,2.195398599312069
tox21,QED,0.5263157894736842,2.1975645565981594
tox21,QED,0.5288220551378446,2.1988969520874013
tox21,QED,0.531328320802005,2.199374750945065
tox21,QED,0.5338345864661653,2.1989826413504217
tox21,QED,0.5363408521303258,2.1977114668376547
tox21,QED,0.5388471177944862,2.1955585809088514
tox21,QED,0.5413533834586466,2.1925281153496035
tox21,QED,0.5438596491228069,2.1886311524085986
tox21,QED,0.5463659147869674,2.183885789933406
tox21,QED,0.5488721804511278,2.178317087919299
tox21,QED,0.5513784461152882,2.171956884978223
tox21,QED,0.5538847117794485,2.164843474210465
tox21,QED,0.556390977443609,2.1570211300627355
tox21,QED,0.5588972431077694,2.1485394811253418
tox21,QED,0.5614035087719298,2.139452728500789
tox21,QED,0.5639097744360901,2.12981871530331
tox21,QED,0.5664160401002506,2.119697859828679
tox21,QED,0.568922305764411,2.1091519726470005
tox21,QED,0.5714285714285714,2.0982429858744145
tox21,QED,0.5739348370927317,2.087031630635904
tox21,QED,0.5764411027568922,2.0755761056386817
tox21,QED,0.5789473684210527,2.063930785211961
tox21,QED,0.581453634085213,2.052145018544917
tox21,QED,0.5839598997493733,2.040262072664169
tox21,QED,0.5864661654135338,2.0283182695626367
tox21,QED,0.5889724310776943,2.0163423626309935
tox21,QED,0.5914786967418546,2.004355189168543
tox21,QED,0.593984962406015,1.9923696245092208
tox21,QED,0.5964912280701754,1.9803908496665439
tox21,QED,0.5989974937343359,1.968416929067847
tox21,QED,0.6015037593984962,1.9564396787755571
tox21,QED,0.6040100250626566,1.9444457895707747
tox21,QED,0.606516290726817,1.932418154447334
tox21,QED,0.6090225563909775,1.9203373374645896
tox21,QED,0.6115288220551378,1.9081831114760321
tox21,QED,0.6140350877192982,1.8959359867617742
tox21,QED,0.6165413533834586,1.8835786515929176
tox21,QED,0.6190476190476191,1.8710972495050957
tox21,QED,0.6215538847117794,1.8584824265074402
tox21,QED,0.6240601503759398,1.8457300942216248
tox21,QED,0.6265664160401002,1.8328418713431975
tox21,QED,0.6290726817042607,1.8198251848758857
tox21,QED,0.631578947368421,1.8066930331226334
tox21,QED,0.6340852130325814,1.7934634330962884
tox21,QED,0.6365914786967418,1.7801585944617726
tox21,QED,0.6390977443609023,1.766803879007069
tox21,QED,0.6416040100250626,1.7534266177768896
tox21,QED,0.644110275689223,1.7400548664386153
tox21,QED,0.6466165413533834,1.726716182542259
tox21,QED,0.6491228070175439,1.7134365058083743
tox21,QED,0.6516290726817042,1.7002392145454066
tox21,QED,0.6541353383458646,1.6871444182689863
tox21,QED,0.656641604010025,1.6741685294428879
tox21,QED,0.6591478696741855,1.661324137159187
tox21,QED,0.6616541353383458,1.6486201839246841
tox21,QED,0.6641604010025062,1.6360624250413243
tox21,QED,0.6666666666666666,1.6236541298931304
tox21,QED,0.6691729323308271,1.6113969672101867
tox21,QED,0.6716791979949874,1.5992920032914464
tox21,QED,0.6741854636591478,1.5873407341535324
tox21,QED,0.6766917293233082,1.575546070180506
tox21,QED,0.6791979949874687,1.5639131952230922
tox21,QED,0.681704260651629,1.5524502309552999
tox21,QED,0.6842105263157894,1.5411686509694456
tox21,QED,0.6867167919799498,1.5300834065611708
tox21,QED,0.6892230576441103,1.5192127461472729
tox21,QED,0.6917293233082706,1.508577731328306
tox21,QED,0.694235588972431,1.498201473258375
tox21,QED,0.6967418546365914,1.4881081317788607
tox21,QED,0.6992481203007519,1.4783217354349396
tox21,QED,0.7017543859649122,1.4688648920018677
tox21,QED,0.7042606516290726,1.4597574658051917
tox21,QED,0.706766917293233,1.451015299591023
tox21,QED,0.7092731829573935,1.4426490550367626
tox21,QED,0.7117794486215538,1.4346632375991548
tox21,QED,0.7142857142857142,1.4270554590070883
tox21,QED,0.7167919799498746,1.4198159753082276
tox21,QED,0.7192982456140351,1.412927521134089
tox21,QED,0.7218045112781954,1.4063654430018027
tox21,QED,0.7243107769423558,1.4000981172564146
tox21,QED,0.7268170426065163,1.3940876228069372
tox21,QED,0.7293233082706767,1.388290626079735
tox21,QED,0.731829573934837,1.3826594263171814
tox21,QED,0.7343358395989974,1.3771431039253974
tox21,QED,0.7368421052631579,1.371688713159843
tox21,QED,0.7393483709273183,1.366242462873893
tox21,QED,0.7418546365914787,1.3607508349214514
tox21,QED,0.744360902255639,1.3551615984495646
tox21,QED,0.7468671679197995,1.3494246889293264
tox21,QED,0.7493734335839599,1.3434929324403233
tox21,QED,0.7518796992481203,1.3373226075103706
tox21,QED,0.7543859649122806,1.3308738478266253
tox21,QED,0.7568922305764411,1.3241108985974042
tox21,QED,0.7593984962406015,1.317002246639935
tox21,QED,0.7619047619047619,1.3095206489889875
tox21,QED,0.7644110275689222,1.3016430867823163
tox21,QED,0.7669172932330827,1.293350670432845
tox21,QED,0.7694235588972431,1.2846285189187037
tox21,QED,0.7719298245614035,1.2754656308742387
tox21,QED,0.7744360902255638,1.2658547586629025
tox21,QED,0.7769423558897243,1.2557922894647877
tox21,QED,0.7794486215538847,1.2452781303592901
tox21,QED,0.7819548872180451,1.2343155881433543
tox21,QED,0.7844611528822054,1.2229112298240925
tox21,QED,0.7869674185463659,1.2110747068517393
tox21,QED,0.7894736842105263,1.1988185255252548
tox21,QED,0.7919799498746867,1.1861577477171157
tox21,QED,0.794486215538847,1.17310961002221
tox21,QED,0.7969924812030075,1.1596930553330396
tox21,QED,0.7994987468671679,1.145928178197556
tox21,QED,0.8020050125313283,1.131835593507833
tox21,QED,0.8045112781954886,1.117435746392786
tox21,QED,0.8070175438596491,1.1027481889140638
tox21,QED,0.8095238095238095,1.0877908555905051
tox21,QED,0.8120300751879699,1.0725793742927923
tox21,QED,0.8145363408521302,1.057126451185394
tox21,QED,0.8170426065162907,1.0414413678553132
tox21,QED,0.8195488721804511,1.0255296254671402
tox21,QED,0.8220551378446115,1.009392764844667
tox21,QED,0.8245614035087718,0.9930283831252744
tox21,QED,0.8270676691729323,0.9764303575710441
tox21,QED,0.8295739348370927,0.9595892758952653
tox21,QED,0.8320802005012531,0.9424930608156922
tox21,QED,0.8345864661654134,0.925127765254812
tox21,QED,0.8370927318295739,0.9074785044318013
tox21,QED,0.8395989974937343,0.8895304827170607
tox21,QED,0.8421052631578947,0.8712700671104449
tox21,QED,0.844611528822055,0.8526858559597902
tox21,QED,0.8471177944862155,0.8337696912689899
tox21,QED,0.849624060150376,0.8145175656660769
tox21,QED,0.8521303258145363,0.7949303806245035
tox21,QED,0.8546365914786966,0.7750145204859505
tox21,QED,0.8571428571428571,0.754782216699382
tox21,QED,0.8596491228070176,0.7342516878337008
tox21,QED,0.8621553884711779,0.7134470526388526
tox21,QED,0.8646616541353382,0.6923980250031988
tox21,QED,0.8671679197994987,0.6711394103950155
tox21,QED,0.8696741854636592,0.6497104326718728
tox21,QED,0.8721804511278195,0.6281539274947772
tox21,QED,0.8746867167919798,0.6065154436394922
tox21,QED,0.8771929824561403,0.5848422960585336
tox21,QED,0.8796992481203008,0.5631826145828402
tox21,QED,0.8822055137844611,0.5415844297883343
tox21,QED,0.8847117794486214,0.5200948330577664
tox21,QED,0.8872180451127819,0.498759241626083
tox21,QED,0.8897243107769424,0.4776207918753353
tox21,QED,0.8922305764411027,0.4567198758592152
tox21,QED,0.894736842105263,0.43609382751481196
tox21,QED,0.8972431077694235,0.41577675676544407
tox21,QED,0.899749373433584,0.39579952218519976
tox21,QED,0.9022556390977443,0.37618982645755455
tox21,QED,0.9047619047619047,0.35697241379675543
tox21,QED,0.9072681704260651,0.33816934498743945
tox21,QED,0.9097744360902256,0.31980032380481666
tox21,QED,0.9122807017543859,0.3018830482746177
tox21,QED,0.9147869674185463,0.2844335613995542
tox21,QED,0.9172932330827067,0.2674665784250785
tox21,QED,0.9197994987468672,0.250995771195675
tox21,QED,0.9223057644110275,0.23503399438358333
tox21,QED,0.9248120300751879,0.21959344306069978
tox21,QED,0.9273182957393483,0.2046857359416712
tox21,QED,0.9298245614035088,0.19032192338218862
tox21,QED,0.9323308270676691,0.176512423634338
tox21,QED,0.9348370927318295,0.16326689474505557
tox21,QED,0.9373433583959899,0.15059405268610193
tox21,QED,0.9398496240601504,0.1385014487250469
tox21,QED,0.9423558897243107,0.1269952206357146
tox21,QED,0.9448621553884711,0.11607983309715776
tox21,QED,0.9473684210526315,0.1057578225767721
tox21,QED,0.949874686716792,0.0960295612034904
tox21,QED,0.9523809523809523,0.08689305270638317
tox21,QED,0.9548872180451127,0.07834377153782429
tox21,QED,0.9573934837092731,0.0703745539470702
tox21,QED,0.9598997493734336,0.06297554715504843
tox21,QED,0.9624060150375939,0.05613422003992537
tox21,QED,0.9649122807017543,0.049835436006375744
tox21,QED,0.9674185463659147,0.044061586100218667
tox21,QED,0.9699248120300752,0.03879277805079324
tox21,QED,0.9724310776942355,0.03400707486532613
tox21,QED,0.9749373433583959,0.02968077493148065
tox21,QED,0.9774436090225563,0.025788724353326728
tox21,QED,0.9799498746867168,0.02230465147651535
tox21,QED,0.9824561403508771,0.019201513252326018
tox21,QED,0.9849624060150375,0.016451843228157292
tox21,QED,0.9874686716791979,0.014028091495385043
tox21,QED,0.9899749373433584,0.011902947819760996
tox21,QED,0.9924812030075187,0.010049640357579062
tox21,QED,0.9949874686716791,0.00844220374743748
tox21,QED,0.9974937343358395,0.007055711883385253
tox21,QED,1.0,0.005866472241924626
