source_row,SMILES,Standardized_SMILES,COADD_Compounds_ID,EC_Strain,EC_Growth_Inhibition,EC_Drug_Concentration,EC_Binarized_at_80_Percent_Growth_Inhibition
28,N12C(c3c(cccc3)CC14CCCCC4)=C(C(=O)C2=O)C(OCC)=O,CCOC(=O)C1=C2c3ccccc3CC3(CCCCC3)N2C(=O)C1=O,CO-ADD:0331385,ATCC 25922,2.66,32 ug/mL,0.0
34,c1(Cc2ccccc2)nc(c3n1Cc(cc4)ccc4OCCC)cccc3,CCCOc1ccc(Cn2c(Cc3ccccc3)nc3ccccc32)cc1,CO-ADD:0331104,ATCC 25922,-0.65,32 ug/mL,0.0
166,c1(N(CC2)CCO2)nc(N\N=C\c3ccccc3Br)nc(Nc(cc4)ccc4OC)n1,COc1ccc(Nc2nc(N/N=C/c3ccccc3Br)nc(N3CCOCC3)n2)cc1,CO-ADD:0231631,ATCC 25922,6.67,32 ug/mL,0.0
174,N1(c2cccc(C)c2)C(=O)C=CC1=O,Cc1cccc(N2C(=O)C=CC2=O)c1,CO-ADD:0234058,ATCC 25922,18.44,32 ug/mL,0.0
182,C(F)(C(F)(F)F)(C(=O)Nc(cc1)ccc1[N+](=O)[O-])OC(F)(F)C(F)(F)C(F)(F)F,O=C(Nc1ccc([N+](=O)[O-])cc1)C(F)(OC(F)(F)C(F)(F)C(F)(F)F)C(F)(F)F,CO-ADD:0259472,ATCC 25922,11.44,32 ug/mL,0.0
203,C(/c(ccc(c1)OC)c12)(\C(=S)C(N2C(=O)c3ccc(cc3)C)(C)C)=C(/SC(=C4C(OC)=O)C(OC)=O)\S4,COC(=O)C1=C(C(=O)OC)SC(=C2C(=S)C(C)(C)N(C(=O)c3ccc(C)cc3)c3cc(OC)ccc32)S1,CO-ADD:0240345,ATCC 25922,-0.14,32 ug/mL,0.0
301,S=C(S/1)N(CNC2=C(C)C=C(C)C=C2)C(C1=C\C3=CC(Cl)=C(Cl)C=C3)=O,Cc1ccc(NCN2C(=O)/C(=C/c3ccc(Cl)c(Cl)c3)SC2=S)c(C)c1,CO-ADD:0160594,ATCC 25922,16.29,32 ug/mL,0.0
304,O=C(C)NC1=CC=C(C=C1)/N=C/C2=CC(Cl)=CC(Br)=C2O,CC(=O)Nc1ccc(N=Cc2cc(Cl)cc(Br)c2O)cc1,CO-ADD:0160201,ATCC 25922,16.37,32 ug/mL,0.0
311,C(N=C1CCCC1)(C2=CC=C3)=CC=CC2=C3N=C4CCCC4,c1cc(N=C2CCCC2)c2cccc(N=C3CCCC3)c2c1,CO-ADD:0160656,ATCC 25922,2.34,32 ug/mL,0.0
326,N#CCC(N/N=C/C1=CC=C(N2CCOCC2)O1)=O,N#CCC(=O)N/N=C/c1ccc(N2CCOCC2)o1,CO-ADD:0159934,ATCC 25922,14.39,32 ug/mL,0.0
335,[N+](=O)([O-])C(C)\C(=N\O)\c(cc(c1c2OCO1)OC)c2,COc1cc(C(=NO)C(C)[N+](=O)[O-])cc2c1OCO2,CO-ADD:0243066,ATCC 25922,-3.27,32 ug/mL,0.0
345,c(OCO1)(c1c2OC)c(OC)cc2\C=C\[N+](=O)[O-],COc1cc(/C=C/[N+](=O)[O-])c(OC)c2c1OCO2,CO-ADD:0243569,ATCC 25922,-5.6,32 ug/mL,0.0
422,C1(O)C(COS(N)(=O)=O)OC(n(cn2)c(ncnc3N)c23)C1O,Nc1ncnc2c1ncn2C1OC(COS(N)(=O)=O)C(O)C1O,CO-ADD:0137132,ATCC 25922,19.38,25 uM,0.0
437,N(C(C(NC(c1nc(C(NC2c3nc(C4C(c5nc(C(NC6C(C)O)=O)cs5)(NC(=O)C(C)NC(=O)C(=C)NC(=O)C(=C)NC(=O)C(C(C)C)NC(C(O)c(nc7C(=O)OC2C)c8c(C(O)C)c7)C=C8)CCC(c9nc(C(NC(=C)C(NC(=C)C(N)=O)=O)=O)cs9)=N4)cs3)=O)cs1)C(O)(C)C(O)C)=O)C%10)=C(C(NC6=O)=CC)S%10,C=C(NC(=O)C(C)=NC(=O)c1csc(C2=NC3c4csc(n4)C4NC(=O)c5csc(n5)C(C(C)(O)C(C)O)NC(=O)C5CSC(=N5)C(=CC)NC(=O)C(C(C)O)NC(=O)c5csc(n5)C3(CC2)NC(=O)C(C)NC(=O)C(C)=NC(=O)C(C)=NC(=O)C(C(C)C)NC2C=Cc3c(C(C)O)cc(nc3C2O)C(=O)OC4C)n1)C(N)=O,CO-ADD:0137248,ATCC 25922,4.63,25 uM,0.0
449,C(C#N)(C1c2ccc(cc2)CC)=C(N)SC(N)=C1C#N,CCc1ccc(C2C(C#N)C(=N)SC(=N)C2C#N)cc1,CO-ADD:0166665,ATCC 25922,13.66,80 ug/mL,0.0
471,C12(c3c(NC1=O)cccc3)C(C#N)=C(N)OC(C)=C2C(OCC=C)=O,C=CCOC(=O)C1=C(C)OC(=N)C(C#N)C12C(=O)Nc1ccccc12,CO-ADD:0236213,ATCC 25922,4.42,32 ug/mL,0.0
474,[N+](=O)([O-])c1ccc(c(c1)\N=C\c(cccc2[N+](=O)[O-])c2)C,Cc1ccc([N+](=O)[O-])cc1/N=C/c1cccc([N+](=O)[O-])c1,CO-ADD:0227065,ATCC 25922,7.52,32 ug/mL,0.0
544,c1(ccc(\C=N\NC(c2ccccc2)=O)s1)[N+](=O)[O-],O=C(N/N=C/c1ccc([N+](=O)[O-])s1)c1ccccc1,CO-ADD:0223752,ATCC 25922,11.0,32 ug/mL,0.0
550,c(cc(I)cc1I)(\C=N\c2cc(ccc2O)Cc(ccc(c3\N=C\c(cc(I)cc4I)c4O)O)c3)c1O,Oc1ccc(Cc2ccc(O)c(N=Cc3cc(I)cc(I)c3O)c2)cc1N=Cc1cc(I)cc(I)c1O,CO-ADD:0228907,ATCC 25922,12.09,32 ug/mL,0.0
554,N1(c2ccc(cc2)F)C(=O)CC(N(CC3)CCN3c4ccc(cc4)F)C1=O,Oc1cc(N2CCN(c3ccc(F)cc3)CC2)c(O)n1-c1ccc(F)cc1,CO-ADD:0228413,ATCC 25922,4.89,32 ug/mL,0.0
565,C(=O)(Oc(cc1)ccc1\C=N\c(cc2)ccc2C(=O)\C=C\c3ccccc3)c4ccccc4OC,COc1ccccc1C(=O)Oc1ccc(/C=N/c2ccc(C(=O)/C=C/c3ccccc3)cc2)cc1,CO-ADD:0235028,ATCC 25922,4.1,32 ug/mL,0.0
567,N1(c2cccc(Cl)c2)C(=O)C(CC1=O)NCC(OCC)=O,CCOC(=O)CNc1cc(O)n(-c2cccc(Cl)c2)c1O,CO-ADD:0232542,ATCC 25922,4.83,32 ug/mL,0.0
572,c1(ccccc1Br)C(=O)NCc(cc2)ccc2C(C)(C)C,CC(C)(C)c1ccc(CNC(=O)c2ccccc2Br)cc1,CO-ADD:0222972,ATCC 25922,7.52,32 ug/mL,0.0
595,c1(ccc(C(=O)Oc2ccc(cc2\C=N\NC(=O)\C(=C/c(ccc(c34)OCO3)c4)\NC(c5ccccc5)=O)Br)o1)[N+](=O)[O-],O=C(N/N=C/c1cc(Br)ccc1OC(=O)c1ccc([N+](=O)[O-])o1)C(Cc1ccc2c(c1)OCO2)=NC(=O)c1ccccc1,CO-ADD:0166150,ATCC 25922,26.54,80 ug/mL,0.0
661,C(Oc(cccc1C(=O)Nc(ccc(c2C)C)c2)c1)(=S)NC(C)c3ccccc3,Cc1ccc(NC(=O)c2cccc(OC(=S)NC(C)c3ccccc3)c2)cc1C,CO-ADD:0165946,ATCC 25922,18.5,80 ug/mL,0.0
663,C(F)(F)(C(F)(F)COc1ccccc1\N=C\c(cc(Br)cc2[N+](=O)[O-])c2O)C(F)(F)C(F)F,O=[N+]([O-])c1cc(Br)cc(C=Nc2ccccc2OCC(F)(F)C(F)(F)C(F)(F)C(F)F)c1O,CO-ADD:0166446,ATCC 25922,26.45,80 ug/mL,0.0
674,C(=O)(Oc(cc1)ccc1\C=N\NC(CNC(=O)c2ccccc2Br)=O)c3ccccc3I,O=C(CNC(=O)c1ccccc1Br)N/N=C/c1ccc(OC(=O)c2ccccc2I)cc1,CO-ADD:0222270,ATCC 25922,0.48,32 ug/mL,0.0
682,c1(ccccc1I)C(O\N=C/c(cc2)ccc2OCC)=O,CCOc1ccc(/C=N\OC(=O)c2ccccc2I)cc1,CO-ADD:0219572,ATCC 25922,10.95,32 ug/mL,0.0
684,S(=O)(=O)(c(cc1)ccc1[N+](=O)[O-])N(CCC#N)C(C)C,CC(C)N(CCC#N)S(=O)(=O)c1ccc([N+](=O)[O-])cc1,CO-ADD:0221232,ATCC 25922,6.88,32 ug/mL,0.0
693,C(=N\NC(COc1c(Br)cc(cc1Br)C)=O)(/c(cc(Br)cc2C)c2N3C)\C3=O,Cc1cc(Br)c(OCC(=O)N=Nc2c(O)n(C)c3c(C)cc(Br)cc23)c(Br)c1,CO-ADD:0163620,ATCC 25922,10.39,32 ug/mL,0.0
696,N#CC1=C(SCC(C2(C[C@H]3C4)C[C@H]4C[C@H](C3)C2)=O)N=C(C(C=C5)=CC=C5C)C=C1C6=CC=C(Cl)C=C6,Cc1ccc(-c2cc(-c3ccc(Cl)cc3)c(C#N)c(SCC(=O)C34C[C@H]5C[C@@H](C3)C[C@@H](C4)C5)n2)cc1,CO-ADD:0157190,ATCC 25922,14.37,32 ug/mL,0.0
702,c([N+](=O)[O-])(c(Cl)c(cc1[N+](=O)[O-])[N+](=O)[O-])c1NCC(C)([N+](=O)[O-])[N+](=O)[O-],CC(CNc1c([N+](=O)[O-])cc([N+](=O)[O-])c(Cl)c1[N+](=O)[O-])([N+](=O)[O-])[N+](=O)[O-],CO-ADD:0218381,ATCC 25922,-12.46,32 ug/mL,0.0
725,C(CN(CC1)CCO1)#CCCCCCCC#CCCCCCCC#CCN(CC2)CCO2,C(#CCCCCCCC#CCN1CCOCC1)CCCCCCC#CCN1CCOCC1,CO-ADD:0290340,ATCC 25922,1.18,32 ug/mL,0.0
885,C(F)(C(F)(F)F)(C1=O)SC(=N1)NC(=O)Nc2ccccc2,O=C(N=C1NC(=O)C(F)(C(F)(F)F)S1)Nc1ccccc1,CO-ADD:0295804,ATCC 25922,1.05,32 ug/mL,0.0
902,c12c(CCCC1O)c3c(ccc(Br)c3)[nH]2,OC1CCCc2c1[nH]c1ccc(Br)cc21,CO-ADD:0296177,ATCC 25922,13.29,32 ug/mL,0.0
925,C1(C(NCCC2=CC=CC=C2)=NC=N3)=C3C(C=CC=C4)=C4O1.Cl,c1ccc(CCNc2ncnc3c2oc2ccccc23)cc1,CO-ADD:0157933,ATCC 25922,15.02,32 ug/mL,0.0
928,O/C(C1=CC=C(OC)C=C1)=C\C=N\C2=CC=C(C)C=C2,COc1ccc(C(=O)CC=Nc2ccc(C)cc2)cc1,CO-ADD:0158036,ATCC 25922,27.34,32 ug/mL,0.0
935,O=C(N/N=C/C=C(O)/C(C=C1)=CC=C1Cl)C2=CC=C(OC)C=C2,COc1ccc(C(=O)NN=CCC(=O)c2ccc(Cl)cc2)cc1,CO-ADD:0158039,ATCC 25922,17.08,32 ug/mL,0.0
950,[N+](=O)([O-])c1ccccc1OCC(=O)N\N=C\c2cc(Br)ccc2OC(c3ccccc3)=O,O=C(COc1ccccc1[N+](=O)[O-])N/N=C/c1cc(Br)ccc1OC(=O)c1ccccc1,CO-ADD:0220590,ATCC 25922,9.09,32 ug/mL,0.0
962,c1(\C=N\NC(=O)c2cccc(Br)c2)c3c(cccc3)cc(cccc4)c14,O=C(N/N=C/c1c2ccccc2cc2ccccc12)c1cccc(Br)c1,CO-ADD:0218892,ATCC 25922,6.19,32 ug/mL,0.0
980,[N+](=O)([O-])c1cccc(OCC(=O)N\N=C\c2cccs2)c1,O=C(COc1cccc([N+](=O)[O-])c1)N/N=C/c1cccs1,CO-ADD:0220185,ATCC 25922,3.83,32 ug/mL,0.0
982,[N+](=O)([O-])c1cccc(C(CCNc(cc2)ccc2Cc(cc3)ccn3)=O)c1,O=C(CCNc1ccc(Cc2ccncc2)cc1)c1cccc([N+](=O)[O-])c1,CO-ADD:0219147,ATCC 25922,-1.63,32 ug/mL,0.0
1021,c1(N(CC2)CCN2C(c3ccccc3)=O)scc(c4ccccc4)n1,O=C(c1ccccc1)N1CCN(c2nc(-c3ccccc3)cs2)CC1,CO-ADD:0293588,ATCC 25922,6.7,32 ug/mL,0.0
1041,[n+]12c(c(ccc1)c3)c(cc3)SCC2(C)C[Hg]Br.[Br-],CC1([CH2][Hg][Br])CSc2cccc3ccc[n+]1c23,CO-ADD:0299548,ATCC 25922,90.03,32 ug/mL,1.0
1095,C(=O)(Oc(cc1)ccc1\C=N\c(cc2)ccc2C)c3ccccc3Cl,Cc1ccc(/N=C/c2ccc(OC(=O)c3ccccc3Cl)cc2)cc1,CO-ADD:0292997,ATCC 25922,-3.32,32 ug/mL,0.0
1121,C1(C(=O)\C=C\c2ccccc2)=C(c3ccccc3)c4c(cccc4)NC1=O,O=C(/C=C/c1ccccc1)c1c(-c2ccccc2)c2ccccc2[nH]c1=O,CO-ADD:0294559,ATCC 25922,6.55,32 ug/mL,0.0
1230,C(NC(C)=O)(C(=O)c(cccc1)c1C2=O)=C2N(CC3)CCN3c4ccc(cc4)OC,COc1ccc(N2CCN(C3C(=O)c4ccccc4C(=O)C3=NC(C)=O)CC2)cc1,CO-ADD:0311941,ATCC 25922,4.94,32 ug/mL,0.0
1234,n1c(c2ccc(cc2)Br)cc(c(cc(Br)cc3Br)c13)C(O)=O,O=C(O)c1cc(-c2ccc(Br)cc2)nc2c(Br)cc(Br)cc12,CO-ADD:0305560,ATCC 25922,10.1,32 ug/mL,0.0
1389,c1(Sc2cc(C#N)c(cc2[N+](=O)[O-])C#N)[nH]c(c3n1)cccc3,N#Cc1cc(Sc2nc3ccccc3[nH]2)c([N+](=O)[O-])cc1C#N,CO-ADD:0302675,ATCC 25922,13.5,32 ug/mL,0.0
1393,N1(c2ccc(cc2)OCC)C(c3ccc(c(OC)c3)OCc4ccc(cc4Cl)Cl)N(N=C1C(C)=O)c5ccc(cc5)C,CCOc1ccc(N2C(C(C)=O)=NN(c3ccc(C)cc3)C2c2ccc(OCc3ccc(Cl)cc3Cl)c(OC)c2)cc1,CO-ADD:0304269,ATCC 25922,10.61,32 ug/mL,0.0
1398,C(=O)(Oc1ccc(cc1C=O)Br)c2cccs2,O=Cc1cc(Br)ccc1OC(=O)c1cccs1,CO-ADD:0302405,ATCC 25922,17.1,32 ug/mL,0.0
1490,N1(c2ccccc2Cl)C(=O)C(C(C(c3c4cccc3)c(c56)cccc5)C1=O)C46,Oc1c2c(c(O)n1-c1ccccc1Cl)C1c3ccccc3C2c2ccccc21,CO-ADD:0302598,ATCC 25922,3.73,32 ug/mL,0.0
1513,CO\N=C(/C(=O)OC)\c1ccccc1CO\N=C(/C)\c2cccc(c2)C(F)(F)F,CO/N=C(\C(=O)OC)c1ccccc1CO/N=C(\C)c1cccc(C(F)(F)F)c1,CO-ADD:0237421,ATCC 25922,-1.66,20 uM,0.0
1525,[N+](=O)([O-])c1cc(ccc1OC(=O)c2cccc(C)c2)\C=N\c(cccc3[N+](=O)[O-])c3,Cc1cccc(C(=O)Oc2ccc(/C=N/c3cccc([N+](=O)[O-])c3)cc2[N+](=O)[O-])c1,CO-ADD:0231596,ATCC 25922,0.39,32 ug/mL,0.0
1599,C(=C\c1cc(I)cc(I)c1O)(/C2=O)\Sc(c23)cccc3,O=C1C(=Cc2cc(I)cc(I)c2O)Sc2ccccc21,CO-ADD:0231371,ATCC 25922,16.14,32 ug/mL,0.0
1600,c1(NC(C)CCCN(CC)CC)c(ccc(c2)Cl)c2nc(\C=C\c(cc3)ccc3Br)n1,CCN(CC)CCCC(C)Nc1nc(/C=C/c2ccc(Br)cc2)nc2cc(Cl)ccc12,CO-ADD:0227799,ATCC 25922,36.42,32 ug/mL,0.0
1628,[N+](=O)([O-])c1cc(ccc1Cl)\C=N\c(ccc(c2Cl)F)c2,O=[N+]([O-])c1cc(/C=N/c2ccc(F)c(Cl)c2)ccc1Cl,CO-ADD:0222379,ATCC 25922,7.17,32 ug/mL,0.0
1643,c(cc(I)cc1I)(\C=N\c2ccccc2I)c1O,Oc1c(I)cc(I)cc1C=Nc1ccccc1I,CO-ADD:0218312,ATCC 25922,28.6,32 ug/mL,0.0
1647,C1(C2=O)C(C(C=C3)OC13CNC(=O)c4ccc(cc4Cl)Cl)C(N2c(cc5)ccc5[N+](=O)[O-])=O,O=C(NCC12C=CC(O1)c1c2c(O)n(-c2ccc([N+](=O)[O-])cc2)c1O)c1ccc(Cl)cc1Cl,CO-ADD:0227652,ATCC 25922,10.65,32 ug/mL,0.0
1675,C1(C#N)(C#N)C(N)=C(C#N)C(C2C13c4c(NC3=O)cccc4)=CCC(C)C2,CC1CC=C2C(C#N)C(=N)C(C#N)(C#N)C3(C(=O)Nc4ccccc43)C2C1,CO-ADD:0162626,ATCC 25922,10.2,32 ug/mL,0.0
1691,[n+]([O-])(c1)n(C)nc1[N+](=O)[O-],Cn1nc([N+](=O)[O-])c[n+]1[O-],CO-ADD:0162142,ATCC 25922,36.64,32 ug/mL,0.0
1697,c1(N(CC2)CCO2)nc(N\N=C\c(c3)c(O)c(cc3[N+](=O)[O-])Br)nc(Nc4cc(C)ccc4C)n1,Cc1ccc(C)c(Nc2nc(NN=Cc3cc([N+](=O)[O-])cc(Br)c3O)nc(N3CCOCC3)n2)c1,CO-ADD:0162219,ATCC 25922,16.98,32 ug/mL,0.0
1699,C(=O)(Nc(cc1)ccc1OCCCCC)c2cccs2,CCCCCOc1ccc(NC(=O)c2cccs2)cc1,CO-ADD:0166327,ATCC 25922,7.41,80 ug/mL,0.0
1712,CC(=O)Oc1ccccc1C(=O)Nc1ncc(s1)[N+]([O-])=O,CC(=O)Oc1ccccc1C(=O)Nc1ncc([N+](=O)[O-])s1,CO-ADD:0164410,ATCC 25922,3.43,20 uM,0.0
1721,O=c1n([se]c2ccccc12)-c1ccccc1,O=c1c2ccccc2[se]n1-c1ccccc1,CO-ADD:0164549,ATCC 25922,3.3,20 uM,0.0
1729,c(\C=N\c1ccc(cc1N)C)(c(C)c2Cl)c(O)c(c2C)Br,Cc1ccc(N=Cc2c(C)c(Cl)c(C)c(Br)c2O)c(N)c1,CO-ADD:0217487,ATCC 25922,16.82,32 ug/mL,0.0
1732,C(F)(F)(C(F)(F)C(F)(F)C(F)(F)F)C(F)(F)C(F)(F)C(=O)N\N=C\c1cc(OC)ccc1O,COc1ccc(O)c(C=NNC(=O)C(F)(F)C(F)(F)C(F)(F)C(F)(F)C(F)(F)C(F)(F)F)c1,CO-ADD:0217737,ATCC 25922,46.53,32 ug/mL,0.0
1733,N#CC1=C(SC(N)=C(C#N)C1C(C=C2)=CC=C2OC)N,COc1ccc(C2C(C#N)C(=N)SC(=N)C2C#N)cc1,CO-ADD:0157993,ATCC 25922,28.34,32 ug/mL,0.0
1737,[N+](=O)([O-])c(cc(cc1[N+](=O)[O-])C(=O)Oc2cccc(c2)\C=N\c(cc3)ccc3C)c1,Cc1ccc(/N=C/c2cccc(OC(=O)c3cc([N+](=O)[O-])cc([N+](=O)[O-])c3)c2)cc1,CO-ADD:0217178,ATCC 25922,-15.49,32 ug/mL,0.0
1738,c1(\N=C\c(cc2)ccc2OC)sc3c(ccc(Br)c3)n1,COc1ccc(/C=N/c2nc3ccc(Br)cc3s2)cc1,CO-ADD:0217014,ATCC 25922,-3.57,32 ug/mL,0.0
1739,s1c(C(=O)c(cc([N+](=O)[O-])cc2)c2)c(N)c(C#N)c1Nc(ccc(C(=O)OCC)c3)c3,CCOC(=O)c1ccc(Nc2sc(C(=O)c3cccc([N+](=O)[O-])c3)c(N)c2C#N)cc1,CO-ADD:0137057,ATCC 25922,10.08,25 uM,0.0
1749,C#CCNC1=NC=C(Cl)C=C1,C#CCNc1ccc(Cl)cn1,CO-ADD:0149592,ATCC 25922,-49.59,32 ug/mL,0.0
1757,c(cc1)(OC(=O)C(CC2=C(O)c3c(cccc3)OC2=O)=C4O)c4cc1,O=c1c(Cc2c(O)oc3ccccc3c2=O)c(O)oc2ccccc12,CO-ADD:0149357,ATCC 25922,-17.08,32 ug/mL,0.0
1890,c1(C)occ(C([H])=C(C(=C(C(=C([C@]([H])([C@@]([H])([C@]2([H])OC(=O)[C@@]([H])(O3)[C@@]3([H])C[C@]([H])(CC(=O)O4)C[C@@]4([H])[C@]([H])(C)C=C[C@]([H])(O5)[C@@]5(C)[C@]([H])(O)C2)C)OC)/C)[H])[H])[H])/C)n1,CO[C@H](C(C)=CC=CC(C)=Cc1coc(C)n1)[C@H](C)[C@H]1C[C@@H](O)[C@@]2(C)O[C@H]2C=C[C@@H](C)[C@@H]2C[C@@H](CC(=O)O2)C[C@H]2OC2C(=O)O1,CO-ADD:0137258,ATCC 25922,2.1,25 uM,0.0
1964,O=C(C1=CC(NC([H])=O)=CN1C)NC2=CN(C(C)C)C(C(NC3=CN(C)C(C(NCCCN(C)C)=O)=C3)=O)=C2.OC(C(F)(F)F)=O,CC(C)n1cc(NC(=O)c2cc(NC=O)cn2C)cc1C(=O)Nc1cc(C(=O)NCCCN(C)C)n(C)c1,CO-ADD:0153097,ATCC 25922,-6.93,32 ug/mL,0.0
2001,c(OC)(c1c2OCO1)c(\C=C(\[N+](=O)[O-])/C)cc2OC,COc1cc(/C=C(\C)[N+](=O)[O-])c(OC)c2c1OCO2,CO-ADD:0149226,ATCC 25922,-14.88,32 ug/mL,0.0
2017,c(OC)(c1c2OCO1)c(\C=C(\[N+](=O)[O-])/C)cc2OC,COc1cc(/C=C(\C)[N+](=O)[O-])c(OC)c2c1OCO2,CO-ADD:0149226,ATCC 25922,-6.47,32 ug/mL,0.0
2037,c1(N)c2c(non2)c3c(non3)c1,Nc1cc2nonc2c2nonc12,CO-ADD:0148791,ATCC 25922,-36.87,32 ug/mL,0.0
2110,O1C(=S)N([H])c(cc(c2ccccc2)c3)c1c3,S=c1[nH]c2cc(-c3ccccc3)ccc2o1,CO-ADD:0135986,ATCC 25922,-16.08,25 uM,0.0
2160,O=C(N/N=C(C)/CC(NC1=CC=CN=C1)=O)C(NC(C=CC=C2)=C2C)=O,CC(CC(=O)Nc1cccnc1)=NNC(=O)C(=O)Nc1ccccc1C,CO-ADD:0158122,ATCC 25922,4.88,32 ug/mL,0.0
2181,OC1=C(CN2CCCC2)C=C(COC)C3=CC=CN=C13,COCc1cc(CN2CCCC2)c(O)c2ncccc12,CO-ADD:0157745,ATCC 25922,54.71,32 ug/mL,0.0
2191,c1(C(=O)N\N=C/c2cc(Br)ccc2O)nonc1N,Nc1nonc1C(=O)NN=Cc1cc(Br)ccc1O,CO-ADD:0161613,ATCC 25922,25.41,32 ug/mL,0.0
2461,C1C[C@](C)(C([C@H](O)CC(\C(=C(\C(=O)On2nnc(ccc(Cl)c3)c23)/CC\C=C(/C)\C)\[C@@H](OC(C)=O)C4)[C@]45C)[C@]5(C)CC6)C6[C@H](C)[C@@H]1O,CC(=O)O[C@H]1C[C@@]2(C)C(C[C@@H](O)C3[C@@]4(C)CC[C@@H](O)[C@@H](C)C4CC[C@@]32C)/C1=C(\CCC=C(C)C)C(=O)On1nnc2ccc(Cl)cc21,CO-ADD:0244011,ATCC 25922,6.16,32 ug/mL,0.0
2527,N1(c2cccc(c2)C(O)=O)C(=O)C3C(C1=O)C(C(=O)C34c5ccccc5)(c6ccccc6)C(=C4c7ccc(c8c7)OCO8)c9ccc(c%10c9)OCO%10,O=C(O)c1cccc(-n2c(O)c3c(c2O)C2(c4ccccc4)C(=O)C3(c3ccccc3)C(c3ccc4c(c3)OCO4)=C2c2ccc3c(c2)OCO3)c1,CO-ADD:0245306,ATCC 25922,9.25,32 ug/mL,0.0
2539,N1(C(=O)c2c(C(c3ccc(cc3)CC)=N1)cccc2)c4cc(ccc4[N+](=O)[O-])N(CC5)CCN5C,CCc1ccc(-c2nn(-c3cc(N4CCN(C)CC4)ccc3[N+](=O)[O-])c(=O)c3ccccc23)cc1,CO-ADD:0240918,ATCC 25922,11.97,32 ug/mL,0.0
2576,C(=N/OC(=O)c1ccc(cc1)C)(/c2c(N3C)cccc2)\C3=O,Cc1ccc(C(=O)O/N=C2/C(=O)N(C)c3ccccc32)cc1,CO-ADD:0232407,ATCC 25922,1.65,32 ug/mL,0.0
2583,c1(ccc(cc1C)C)C(C=O)=O,Cc1ccc(C(=O)C=O)c(C)c1,CO-ADD:0230650,ATCC 25922,10.94,32 ug/mL,0.0
2592,S(NCCC(=O)N\N=C(/C)\C)(=O)(=O)c1ccc(cc1)Cl,CC(C)=NNC(=O)CCNS(=O)(=O)c1ccc(Cl)cc1,CO-ADD:0230743,ATCC 25922,7.25,32 ug/mL,0.0
2614,c(\C=N\NC(=O)c(cccn1)c1)(cc(Br)cc2I)c2O,O=C(NN=Cc1cc(Br)cc(I)c1O)c1cccnc1,CO-ADD:0223245,ATCC 25922,20.19,32 ug/mL,0.0
2629,c1(Nc2ccccc2)nc(N\N=C\c(c3c([nH]4)cccc3)c4)nc(NC)n1,CNc1nc(NN=Cc2c[nH]c3ccccc23)nc(Nc2ccccc2)n1,CO-ADD:0235608,ATCC 25922,9.66,32 ug/mL,0.0
2663,C(=O)(N\N=C\c1cc(Br)ccc1O)C(=O)NC(C)c2ccccc2,CC(NC(=O)C(=O)NN=Cc1cc(Br)ccc1O)c1ccccc1,CO-ADD:0166443,ATCC 25922,15.32,80 ug/mL,0.0
2676,c1(non2)c2nc(Nc3ccccc3Cl)c(N\N=C\c4ccc(cc4Cl)Cl)n1,Clc1ccc(/C=N/Nc2nc3nonc3nc2Nc2ccccc2Cl)c(Cl)c1,CO-ADD:0218396,ATCC 25922,-11.51,32 ug/mL,0.0
2677,N1(CNc(ccc(c2Cl)Cl)c2)C(=O)\C(\SC1=O)=C/c(cc3)ccc3C(OC)=O,COC(=O)c1ccc(/C=C2/SC(=O)N(CNc3ccc(Cl)c(Cl)c3)C2=O)cc1,CO-ADD:0166479,ATCC 25922,0.64,80 ug/mL,0.0
2688,N1(c2ccc(cc2)Oc(cc3)ccc3Cl)C(c4cccs4)N(N=C1C(C)=O)c5ccccc5,CC(=O)C1=NN(c2ccccc2)C(c2cccs2)N1c1ccc(Oc2ccc(Cl)cc2)cc1,CO-ADD:0302920,ATCC 25922,5.85,32 ug/mL,0.0
2805,[N+](=O)([O-])c1cccc(\C=N\c2ccccc2N(CC3)CCO3)c1O,O=[N+]([O-])c1cccc(C=Nc2ccccc2N2CCOCC2)c1O,CO-ADD:0240832,ATCC 25922,14.86,32 ug/mL,0.0
2816,[N+](=O)([O-])c(ccc(c1\C=N\c2ncccc2NC(OCC)=O)O)c1,CCOC(=O)Nc1cccnc1N=Cc1cc([N+](=O)[O-])ccc1O,CO-ADD:0244701,ATCC 25922,17.91,32 ug/mL,0.0
2896,C1(=S)N(c2ccc(cc2)Cl)NC3(CCCC(C)C3)N1,CC1CCCC2(C1)NC(=S)N(c1ccc(Cl)cc1)N2,CO-ADD:0307626,ATCC 25922,8.61,32 ug/mL,0.0
2924,c1(N(CC2)CCN2C)nc(OCC(F)(F)F)nc(Nc(cc3)ccc3OC(F)(Cl)F)n1,CN1CCN(c2nc(Nc3ccc(OC(F)(F)Cl)cc3)nc(OCC(F)(F)F)n2)CC1,CO-ADD:0311836,ATCC 25922,1.47,32 ug/mL,0.0
2940,N1(c2ccc(cc2)C)C(c3cccc(OC)c3OCc4ccccc4Cl)N(N=C1C(C)=O)c5ccc(cc5)C,COc1cccc(C2N(c3ccc(C)cc3)N=C(C(C)=O)N2c2ccc(C)cc2)c1OCc1ccccc1Cl,CO-ADD:0305570,ATCC 25922,16.97,32 ug/mL,0.0
2942,C(C(O)=O)(=CN(CC)c1c2cc(c(N(CC3)CCN3C(=S)NC(=O)c4ccccc4Cl)c1)F)C2=O,CCn1cc(C(=O)O)c(=O)c2cc(F)c(N3CCN(C(=S)NC(=O)c4ccccc4Cl)CC3)cc21,CO-ADD:0307303,ATCC 25922,100.26,32 ug/mL,1.0
2950,[nH]1c2c(nc1SCC(=O)Nc3ccc(cc3OC)OC)cccn2,COc1ccc(NC(=O)CSc2nc3cccnc3[nH]2)c(OC)c1,CO-ADD:0311681,ATCC 25922,5.37,32 ug/mL,0.0
2962,c1cc(C(=O)NC(c2oc(C)cc2)N3)c3cc1,Cc1ccc(C2NC(=O)c3ccccc3N2)o1,CO-ADD:0312549,ATCC 25922,17.69,32 ug/mL,0.0
2985,n1(CC=C)c(SCC(=O)Nc2nnc(CC)s2)nnc1c3ccco3,C=CCn1c(SCC(=O)Nc2nnc(CC)s2)nnc1-c1ccco1,CO-ADD:0320274,ATCC 25922,-8.41,32 ug/mL,0.0
2992,c(nn(c12)c(C)cc(C)n1)(S(=O)(=O)Nc3ccccc3[N+](=O)[O-])n2,Cc1cc(C)n2nc(S(=O)(=O)Nc3ccccc3[N+](=O)[O-])nc2n1,CO-ADD:0323129,ATCC 25922,-0.32,32 ug/mL,0.0
3140,C1(=O)N(CCCC)c2c(Oc(cc(cc3Oc(cc4)ccc4CCC(C)=O)[N+](=O)[O-])c13)cccc2,CCCCN1C(=O)c2c(Oc3ccc(CCC(C)=O)cc3)cc([N+](=O)[O-])cc2Oc2ccccc21,CO-ADD:0326465,ATCC 25922,-9.55,32 ug/mL,0.0
3204,c1(oc2c(ccc(C)c2)n1)c3cc(ccc3Cl)\N=C/c(cc(Br)c(c4Br)O)c4O,Cc1ccc2nc(-c3cc(N=Cc4cc(Br)c(O)c(Br)c4O)ccc3Cl)oc2c1,CO-ADD:0231443,ATCC 25922,7.45,32 ug/mL,0.0
3217,C(C#N)(C(c1ccccc1I)C2C(OCC)=O)=C(SCC(OCC)=O)NC2=O,CCOC(=O)CSC1=C(C#N)C(c2ccccc2I)C(C(=O)OCC)C(=O)N1,CO-ADD:0221851,ATCC 25922,6.27,32 ug/mL,0.0
3251,n1cnc(c(c(C#N)c2)c1N)n2C3C(O)C(O)C(CO)O3,N#Cc1cn(C2OC(CO)C(O)C2O)c2ncnc(N)c12,CO-ADD:0137204,ATCC 25922,5.71,25 uM,0.0
3314,C(/C(=O)C(OC)=O)=C(/c1ccccc1)\NN(C)c2ccccc2,COC(=O)C(=O)CC(=NN(C)c1ccccc1)c1ccccc1,CO-ADD:0246224,ATCC 25922,6.83,32 ug/mL,0.0
3371,c1(c(Br)cc(cc1\C=N\NC(=O)c(c2)cc(cn2)Br)Br)OC(c3ccccc3)=O,O=C(N/N=C/c1cc(Br)cc(Br)c1OC(=O)c1ccccc1)c1cncc(Br)c1,CO-ADD:0233535,ATCC 25922,17.61,32 ug/mL,0.0
3607,c(c1\C=C\c(ccc(OC)c2O)c2)c(OC)c(OCO3)c3c1,COc1ccc(/C=C/c2cc(OC)c3c(c2)OCO3)cc1O,CO-ADD:0149310,ATCC 25922,-9.01,32 ug/mL,0.0
3623,c(c1\C=C\c(ccc(OC)c2O)c2)c(OC)c(OCO3)c3c1,COc1ccc(/C=C/c2cc(OC)c3c(c2)OCO3)cc1O,CO-ADD:0149310,ATCC 25922,-11.05,32 ug/mL,0.0
3652,C(=O)(N\N=C\c1ccc(cc1O)O)c2cccc(I)c2,O=C(NN=Cc1ccc(O)cc1O)c1cccc(I)c1,CO-ADD:0221409,ATCC 25922,40.63,32 ug/mL,0.0
3675,c1(ccccc1Br)C(=O)NCC(=O)N\N=C(/C)\C,CC(C)=NNC(=O)CNC(=O)c1ccccc1Br,CO-ADD:0221787,ATCC 25922,-14.19,32 ug/mL,0.0
3685,n(Cc1ccccc1)(c2c(c3\C=N\c(cc4)ccc4C)cccc2)c3C,Cc1ccc(/N=C/c2c(C)n(Cc3ccccc3)c3ccccc23)cc1,CO-ADD:0221082,ATCC 25922,11.21,32 ug/mL,0.0
3840,C(N(C)C)(=S)Oc(cc1)ccc1C(=O)Nc(ccc(c23)cccc2)c3,CN(C)C(=S)Oc1ccc(C(=O)Nc2ccc3ccccc3c2)cc1,CO-ADD:0215832,ATCC 25922,-4.28,32 ug/mL,0.0
3843,N1(CNc2ccccc2Br)C(=O)\C(\SC1=O)=C/c(cc3)ccc3C(OC)=O,COC(=O)c1ccc(/C=C2/SC(=O)N(CNc3ccccc3Br)C2=O)cc1,CO-ADD:0166517,ATCC 25922,0.87,80 ug/mL,0.0
3849,C(CSCc1ccccc1Cl)(=O)N\N=C\c(cc2)ccc2OCc(cc3)ccc3C,Cc1ccc(COc2ccc(/C=N/NC(=O)CSCc3ccccc3Cl)cc2)cc1,CO-ADD:0166377,ATCC 25922,-0.57,80 ug/mL,0.0
3888,CC(C(C(OCC)=O)=C1C2=CC=CC=C2)=NC(NCCCCC3CCN(CC4=CC=CC=C4)CC3)=C1C#N,CCOC(=O)c1c(C)nc(NCCCCC2CCN(Cc3ccccc3)CC2)c(C#N)c1-c1ccccc1,CO-ADD:0149689,ATCC 25922,-15.13,32 ug/mL,0.0
3916,c(c(ccc1[N+](=O)[O-])C(C2=O)=O)(c2ccc3[N+](=O)[O-])c13,O=C1C(=O)c2ccc([N+](=O)[O-])c3c([N+](=O)[O-])ccc1c23,CO-ADD:0240706,ATCC 25922,7.04,32 ug/mL,0.0
3940,n1c(c2ccccc2)c(cn1c3ccccc3)\C=N\NC(=O)c4cccc(Br)c4,O=C(N/N=C/c1cn(-c2ccccc2)nc1-c1ccccc1)c1cccc(Br)c1,CO-ADD:0217678,ATCC 25922,-6.97,32 ug/mL,0.0
3944,N1(c2ccc(cc2)OCC)C(=O)c(c3)c(c(c4)C1=O)c(cc3[N+](=O)[O-])cc4[N+](=O)[O-],CCOc1ccc(N2C(=O)c3cc([N+](=O)[O-])cc4cc([N+](=O)[O-])cc(c34)C2=O)cc1,CO-ADD:0215079,ATCC 25922,8.48,32 ug/mL,0.0
3951,c(Nc(ccc(c1C)C)c1)(nc(N\N=C/c(ccc2c(cc3)ccc3C(O)=O)o2)nc4Nc(cc5)ccc5[N+](=O)[O-])n4,Cc1ccc(Nc2nc(N/N=C\c3ccc(-c4ccc(C(=O)O)cc4)o3)nc(Nc3ccc([N+](=O)[O-])cc3)n2)cc1C,CO-ADD:0217343,ATCC 25922,5.54,32 ug/mL,0.0
3954,CN1C=C(NC(C(C=C2)=CC=C2/C=C/C3=CC(C=CC=C4)=C4N=C3)=O)C=C1C(NC5=CN(CCCN=[N+]=[N-])C(C(NCCN6CCOCC6)=O)=C5)=O.OC(C(F)(F)F)=O.OC(C(F)(F)F)=O,Cn1cc(NC(=O)c2ccc(/C=C/c3cnc4ccccc4c3)cc2)cc1C(=O)Nc1cc(C(=O)NCCN2CCOCC2)n(CCCN=[N+]=[N-])c1,CO-ADD:0137556,ATCC 25922,3.57,32 ug/mL,0.0
3970,c1(c(O)cc(c(Cl)c1C)C)\C=N\c2cc(C)ccc2O,Cc1ccc(O)c(N=Cc2c(O)cc(C)c(Cl)c2C)c1,CO-ADD:0222372,ATCC 25922,8.63,32 ug/mL,0.0
3978,c1(c(Br)cc(cc1\C=N\NC(c(cc2)ccn2)=O)Br)OC(=O)c3cccc(Br)c3,O=C(N/N=C/c1cc(Br)cc(Br)c1OC(=O)c1cccc(Br)c1)c1ccncc1,CO-ADD:0222442,ATCC 25922,21.24,32 ug/mL,0.0
3981,c1(ccc(cc1O)\N=C\c(cc(Br)cc2Cl)c2O)C(O)=O,O=C(O)c1ccc(N=Cc2cc(Br)cc(Cl)c2O)cc1O,CO-ADD:0233652,ATCC 25922,16.76,32 ug/mL,0.0
4034,C(C(OC)=O)(C1c2cccs2)=C(N)OC(CC(C)(C)CC3=O)=C13,COC(=O)C1C(=N)OC2=C(C(=O)CC(C)(C)C2)C1c1cccs1,CO-ADD:0235425,ATCC 25922,2.74,32 ug/mL,0.0
4037,c1(c2c(cccc2)ccc1OC(C)=O)\C=N\c3ccc(cc3C)Br,CC(=O)Oc1ccc2ccccc2c1/C=N/c1ccc(Br)cc1C,CO-ADD:0223173,ATCC 25922,-4.45,32 ug/mL,0.0
4049,N#CC1=C(SC(N)=C(C#N)C1C2=CC=C(C3=CC=CC=C3)C=C2)N,N#CC1C(=N)SC(=N)C(C#N)C1c1ccc(-c2ccccc2)cc1,CO-ADD:0158182,ATCC 25922,22.21,32 ug/mL,0.0
4051,CCn1cc(C(=O)O)c(=O)c2cc(F)c(cc12)N3CCN(C)CC3.CS(=O)(=O)O,CCn1cc(C(=O)O)c(=O)c2cc(F)c(N3CCN(C)CC3)cc21,CO-ADD:0164650,ATCC 25922,100.16,20 uM,1.0
4056,c(\C=N\NC(CNC(=O)c1ccc(cc1)Cl)=O)(cc(I)cc2I)c2O,O=C(CNC(=O)c1ccc(Cl)cc1)NN=Cc1cc(I)cc(I)c1O,CO-ADD:0166114,ATCC 25922,18.09,80 ug/mL,0.0
4059,C12(c3c(NC1=O)cccc3)C(C#N)=C(N)OC(c4ccccc4)=C2C(OCC)=O,CCOC(=O)C1=C(c2ccccc2)OC(=N)C(C#N)C12C(=O)Nc1ccccc12,CO-ADD:0215405,ATCC 25922,6.32,32 ug/mL,0.0
4063,C(C(=O)OC(C)C)(C1c2ccc(cc2)Cl)=C(N)OC(CC(C)(C)CC3=O)=C13,CC(C)OC(=O)C1C(=N)OC2=C(C(=O)CC(C)(C)C2)C1c1ccc(Cl)cc1,CO-ADD:0166662,ATCC 25922,13.05,80 ug/mL,0.0
4066,[N+](=O)([O-])c(ccc(c1\C=N\NC(COc(ccc(c2C)C)c2)=O)O)c1,Cc1ccc(OCC(=O)NN=Cc2cc([N+](=O)[O-])ccc2O)cc1C,CO-ADD:0166226,ATCC 25922,15.99,80 ug/mL,0.0
4071,C(=O)(c1ccc(cc1)OC)Oc2cc(ccc2\C=N\c(cc3)ccc3C)OC(=O)c4ccc(cc4)OC,COc1ccc(C(=O)Oc2ccc(/C=N/c3ccc(C)cc3)c(OC(=O)c3ccc(OC)cc3)c2)cc1,CO-ADD:0215590,ATCC 25922,3.71,32 ug/mL,0.0
4077,ClC(C=C1)=CC=C1C2=NN=C3N2C(OCCC4=CC=CC=C4)=CN=C3,Clc1ccc(-c2nnc3cncc(OCCc4ccccc4)n23)cc1,CO-ADD:0159662,ATCC 25922,5.16,32 ug/mL,0.0
4080,CC1=CC=C(N=C(Cl)C(/C=N/CC2=CC=CC=C2)=C3)C3=C1,Cc1ccc2nc(Cl)c(/C=N/Cc3ccccc3)cc2c1,CO-ADD:0154603,ATCC 25922,15.76,32 ug/mL,0.0
4128,[N+](=O)([O-])c(ccc(c1\C=N\NC(=O)c2ccccn2)N3CCCCCC3)c1,O=C(N/N=C/c1cc([N+](=O)[O-])ccc1N1CCCCCC1)c1ccccn1,CO-ADD:0233037,ATCC 25922,0.46,32 ug/mL,0.0
4493,c(c(CC)nc1NC(C)=O)(s1)c(ccc2[N+](=O)[O-])o2,CCc1nc(NC(C)=O)sc1-c1ccc([N+](=O)[O-])o1,CO-ADD:0233067,ATCC 25922,15.02,32 ug/mL,0.0
4513,c1(c2ccc(cc2)\N=C\c3cc(OCO4)c4cc3[N+](=O)[O-])[nH]c5c(ccc(c5)\N=C\c6cc(OCO7)c7cc6[N+](=O)[O-])n1,O=[N+]([O-])c1cc2c(cc1/C=N/c1ccc(-c3nc4cc(/N=C/c5cc6c(cc5[N+](=O)[O-])OCO6)ccc4[nH]3)cc1)OCO2,CO-ADD:0234283,ATCC 25922,8.05,32 ug/mL,0.0
4583,C(F)(F)(F)c(ccc(c1\N=C\c(cc(Cl)cc2Cl)c2O)Oc3ccccc3F)c1,Oc1c(Cl)cc(Cl)cc1C=Nc1cc(C(F)(F)F)ccc1Oc1ccccc1F,CO-ADD:0252575,ATCC 25922,11.38,32 ug/mL,0.0
4593,CN1C=C(NC(C2=CN=C(/C=C/C3=CC=C(N(C)C)C=C3)C=C2)=O)C=C1C(NC4=CN(C)C(C(NCCN5CCOCC5)=O)=C4)=O.OC(C(F)(F)F)=O,CN(C)c1ccc(/C=C/c2ccc(C(=O)Nc3cc(C(=O)Nc4cc(C(=O)NCCN5CCOCC5)n(C)c4)n(C)c3)cn2)cc1,CO-ADD:0137599,ATCC 25922,0.38,32 ug/mL,0.0
4599,N(c1ccccc1C#N)(C(=O)C(C23)C(C)(C=C4)OC24C)C3=O,CC12C=CC(C)(O1)c1c2c(O)n(-c2ccccc2C#N)c1O,CO-ADD:0278353,ATCC 25922,-3.02,32 ug/mL,0.0
4732,C(C(OC)=O)(CC(=C)C(CCC(=C1)C)C1)(C(F)(F)F)NS(c2ccccc2)(=O)=O,C=C(CC(NS(=O)(=O)c1ccccc1)(C(=O)OC)C(F)(F)F)C1CC=C(C)CC1,CO-ADD:0329472,ATCC 25922,-10.73,32 ug/mL,0.0
4781,c1(sc2c(c(COC)cc(C)n2)c1NC(=O)c3ccco3)C(=O)N(c4ccccc4)c5ccccc5,COCc1cc(C)nc2sc(C(=O)N(c3ccccc3)c3ccccc3)c(NC(=O)c3ccco3)c12,CO-ADD:0330927,ATCC 25922,-1.81,32 ug/mL,0.0
4787,C(=O)(Nc1ccccc1Cl)C2(CCCC2)c3ccc(c(OC)c3)OC,COc1ccc(C2(C(=O)Nc3ccccc3Cl)CCCC2)cc1OC,CO-ADD:0326412,ATCC 25922,1.36,32 ug/mL,0.0
4807,C(C)(=O)Nc(cc1)ccc1Oc2cccc(Oc(cc3)ccc3NC(C)=O)c2,CC(=O)Nc1ccc(Oc2cccc(Oc3ccc(NC(C)=O)cc3)c2)cc1,CO-ADD:0219258,ATCC 25922,8.91,32 ug/mL,0.0
4816,N1(c2ccc(cc2)O)C(=O)C=CC1=O,O=C1C=CC(=O)N1c1ccc(O)cc1,CO-ADD:0218219,ATCC 25922,-3.27,32 ug/mL,0.0
4827,c1(C)c(Br)cc(cc1Br)NCC(=O)N\N=C\c2ccc(cc2O)O,Cc1c(Br)cc(NCC(=O)NN=Cc2ccc(O)cc2O)cc1Br,CO-ADD:0220228,ATCC 25922,16.71,32 ug/mL,0.0
4834,C(CSCc1cccc(Cl)c1)(=O)N\N=C\c(cc2)ccc2OCc(cc3)ccc3Cl,O=C(CSCc1cccc(Cl)c1)N/N=C/c1ccc(OCc2ccc(Cl)cc2)cc1,CO-ADD:0217708,ATCC 25922,8.57,32 ug/mL,0.0
4835,C(O)(=O)\C=C\c(cccc1Oc2ccccc2)c1,O=C(O)/C=C/c1cccc(Oc2ccccc2)c1,CO-ADD:0219560,ATCC 25922,4.8,32 ug/mL,0.0
4846,C(=O)(N\N=C\c(cc1)ccc1OCc(ccc(c23)cccc2)c3)c4ccc(c(OC)c4)OC,COc1ccc(C(=O)N/N=C/c2ccc(OCc3ccc4ccccc4c3)cc2)cc1OC,CO-ADD:0218767,ATCC 25922,-8.52,32 ug/mL,0.0
4923,n1c2c(cccc2)ccc1SCC(=O)N\N=C\c3ccccc3OC,COc1ccccc1/C=N/NC(=O)CSc1ccc2ccccc2n1,CO-ADD:0221289,ATCC 25922,16.55,32 ug/mL,0.0
4925,C(F)(F)(C(F)(F)C(F)(F)C(F)(F)C(F)(F)F)C(F)(F)C(F)(F)C(F)(F)C(=O)NC(CCCC)C(O)=O,CCCCC(NC(=O)C(F)(F)C(F)(F)C(F)(F)C(F)(F)C(F)(F)C(F)(F)C(F)(F)C(F)(F)F)C(=O)O,CO-ADD:0220224,ATCC 25922,0.55,32 ug/mL,0.0
4940,c1(ccccc1Br)C(=O)NCC(=O)N\N=C\c(cccc2OC(=O)c3cccc(F)c3)c2,O=C(CNC(=O)c1ccccc1Br)N/N=C/c1cccc(OC(=O)c2cccc(F)c2)c1,CO-ADD:0222256,ATCC 25922,-5.81,32 ug/mL,0.0
4942,[N+](=O)([O-])c(ccc(c1\C=N\NC(CNC(=O)c2cccc(F)c2)=O)OC)c1,COc1ccc([N+](=O)[O-])cc1/C=N/NC(=O)CNC(=O)c1cccc(F)c1,CO-ADD:0166103,ATCC 25922,16.16,80 ug/mL,0.0
4951,N1(CNc2ccccc2I)C(=O)\C(\SC1=S)=C\c3ccc(C)o3,Cc1ccc(/C=C2\SC(=S)N(CNc3ccccc3I)C2=O)o1,CO-ADD:0217043,ATCC 25922,4.29,32 ug/mL,0.0
4955,C(/NC(c1ccccc1)=O)(\C(=O)N\N=C\c2cc(Br)cc(Br)c2OC(=O)c(cc3OC)cc(c3OC)OC)=C\c4cccs4,COc1cc(C(=O)Oc2c(Br)cc(Br)cc2/C=N/NC(=O)C(Cc2cccs2)=NC(=O)c2ccccc2)cc(OC)c1OC,CO-ADD:0217542,ATCC 25922,3.98,32 ug/mL,0.0
4960,N(\C(\C(O1)=O)=C/c2c(OCC)ccc(cccc3)c23)=C1c4cccc(I)c4,CCOc1ccc2ccccc2c1/C=C1\N=C(c2cccc(I)c2)OC1=O,CO-ADD:0220252,ATCC 25922,-6.52,32 ug/mL,0.0
4992,c1([N+](=O)[O-])nnn(C\C(\C)=N\NC(=O)c2c(cccc2F)F)n1,C/C(Cn1nnc([N+](=O)[O-])n1)=N\NC(=O)c1c(F)cccc1F,CO-ADD:0286920,ATCC 25922,32.53,32 ug/mL,0.0
5027,N(c1ccc(c(Cl)c1)Cl)(C(c2ccccc2)=NN3c4ccccc4)C3c5ccccc5OCc(cc6)ccc6Cl,Clc1ccc(COc2ccccc2C2N(c3ccccc3)N=C(c3ccccc3)N2c2ccc(Cl)c(Cl)c2)cc1,CO-ADD:0286163,ATCC 25922,6.13,32 ug/mL,0.0
5038,C1(CBr)(C(C)(C)OC2=O)N2CCc(cc(OC)c(OC)c3)c13,COc1cc2c(cc1OC)C1(CBr)N(CC2)C(=O)OC1(C)C,CO-ADD:0292725,ATCC 25922,9.66,32 ug/mL,0.0
5052,c1(cc(Br)ccc1NC(CSCc2ccc(cc2Cl)Cl)=O)C(O)=O,O=C(CSCc1ccc(Cl)cc1Cl)Nc1ccc(Br)cc1C(=O)O,CO-ADD:0290395,ATCC 25922,12.95,32 ug/mL,0.0
5063,[N+](=O)([O-])c1ccc(cc1Oc(cc2)c(Cl)cc2C(F)(F)F)O,O=[N+]([O-])c1ccc(O)cc1Oc1ccc(C(F)(F)F)cc1Cl,CO-ADD:0293329,ATCC 25922,25.49,32 ug/mL,0.0
5088,C(C(c1ccccc1)=O)C(c(cc2)ccc2C(C)C)Nc(cc3)ccc3I,CC(C)c1ccc(C(CC(=O)c2ccccc2)Nc2ccc(I)cc2)cc1,CO-ADD:0216930,ATCC 25922,-15.09,32 ug/mL,0.0
5092,c1cn(cn1)C(c1ccccc1)c1ccc(cc1)-c1ccccc1,c1ccc(-c2ccc(C(c3ccccc3)n3ccnc3)cc2)cc1,CO-ADD:0164952,ATCC 25922,-7.43,20 uM,0.0
5256,[n+]1([O-])onc(cc2C(Cl)=O)c1cc2,O=C(Cl)c1ccc2c(c1)no[n+]2[O-],CO-ADD:0301784,ATCC 25922,78.29,32 ug/mL,0.0
5587,O=C(NC1CCN(CC2=CC=CC=C2)CC1)OCC3=CC4=CC(OCC5=CC=CC=C5)=CC=C4N3C(OC(C)(C)C)=O.OC(C(O)=O)=O,CC(C)(C)OC(=O)n1c(COC(=O)NC2CCN(Cc3ccccc3)CC2)cc2cc(OCc3ccccc3)ccc21,CO-ADD:0149609,ATCC 25922,-11.67,32 ug/mL,0.0
5656,CN1C=C(NC(C(C=C2)=CC=C2/C=C/C3=CC=CC(OC)=C3)=O)C=C1C(NC4=CN(C)C(C(NCCN5CCOCC5)=O)=C4)=O.OC(C(F)(F)F)=O,COc1cccc(/C=C/c2ccc(C(=O)Nc3cc(C(=O)Nc4cc(C(=O)NCCN5CCOCC5)n(C)c4)n(C)c3)cc2)c1,CO-ADD:0137618,ATCC 25922,14.81,32 ug/mL,0.0
5672,CN1C=C(NC(C(C=C2)=CC=C2/C=C/C3=CC=CC(OC)=C3)=O)C=C1C(NC4=CN(C)C(C(NCCN5CCOCC5)=O)=C4)=O.OC(C(F)(F)F)=O,COc1cccc(/C=C/c2ccc(C(=O)Nc3cc(C(=O)Nc4cc(C(=O)NCCN5CCOCC5)n(C)c4)n(C)c3)cc2)c1,CO-ADD:0137618,ATCC 25922,-9.46,32 ug/mL,0.0
5688,CN1C=C(NC(C(C=C2)=CC=C2/C=C/C3=CC=CC(OC)=C3)=O)C=C1C(NC4=CN(C)C(C(NCCN5CCOCC5)=O)=C4)=O.OC(C(F)(F)F)=O,COc1cccc(/C=C/c2ccc(C(=O)Nc3cc(C(=O)Nc4cc(C(=O)NCCN5CCOCC5)n(C)c4)n(C)c3)cc2)c1,CO-ADD:0153084,ATCC 25922,14.81,32 ug/mL,0.0
5704,CN1C=C(NC(C(C=C2)=CC=C2/C=C/C3=CC=CC(OC)=C3)=O)C=C1C(NC4=CN(C)C(C(NCCN5CCOCC5)=O)=C4)=O.OC(C(F)(F)F)=O,COc1cccc(/C=C/c2ccc(C(=O)Nc3cc(C(=O)Nc4cc(C(=O)NCCN5CCOCC5)n(C)c4)n(C)c3)cc2)c1,CO-ADD:0153084,ATCC 25922,-9.46,32 ug/mL,0.0
5720,C(=O)(C(O)=C1OC)C(OC)=CC1=O,COC1=CC(=O)C(OC)=C(O)C1=O,CO-ADD:0149342,ATCC 25922,-3.72,32 ug/mL,0.0
5727,S1CC(Nc2ccccc2)=C(C(Nc(cccc3)c3)=O)C1,O=C(Nc1ccccc1)C1CSCC1=Nc1ccccc1,CO-ADD:0136449,ATCC 25922,9.9,25 uM,0.0
5730,c1(O)ccc(Sc(c(C)ccc2NCCN(C)C)c2C3=O)c3c1.I,Cc1ccc(NCCN(C)C)c2c(=O)c3cc(O)ccc3sc12,CO-ADD:0137099,ATCC 25922,12.86,25 uM,0.0
5764,[N+](=O)([O-])c1cccc(CN(CC2)CCN2c(cc3)ccc3[N+](=O)[O-])c1,O=[N+]([O-])c1ccc(N2CCN(Cc3cccc([N+](=O)[O-])c3)CC2)cc1,CO-ADD:0244991,ATCC 25922,1.49,32 ug/mL,0.0
5803,n1c(c2ccc(cc2)C)c(cn1c3ccccc3)\C=N\NC(=O)c4ccc(cc4)Br,Cc1ccc(-c2nn(-c3ccccc3)cc2/C=N/NC(=O)c2ccc(Br)cc2)cc1,CO-ADD:0217664,ATCC 25922,-6.45,32 ug/mL,0.0
5811,C(=O)(NC1CCCCC1)c2c(cccc2OC)OC,COc1cccc(OC)c1C(=O)NC1CCCCC1,CO-ADD:0255848,ATCC 25922,0.04,32 ug/mL,0.0
5870,N1\C(=N/N=C/c2ccccc2Cl)\S\C(=C\c(ccc(c3[N+](=O)[O-])Br)c3)\C1=O,O=C1N=C(NN=Cc2ccccc2Cl)S/C1=C/c1ccc(Br)c([N+](=O)[O-])c1,CO-ADD:0215224,ATCC 25922,19.07,32 ug/mL,0.0
5873,O=Cl(=O)([O-])=O.O=Cl(=O)([O-])=O.O=C(C1=CC=C(C2=CC=CC3=C12)N4N=[N+]5C(C[N+]67CC[N+]8(CCC[N+]9%10CC%11=CN(N=[N+]%11[Zn]8695[N+]([H])(CCC7)CC%10)C%12=CC=C(C%13=C(C%14=O)C=CC=C%13%12)C(N%14CC)=O)[H])=C4)N(C3=O)CC.O,CCN1C(=O)c2cccc3c(-n4cc(CN5CCCNCCN(Cc6cn(-c7ccc8c9c(cccc79)C(=O)N(CC)C8=O)nn6)CCCNCC5)nn4)ccc(c23)C1=O,CO-ADD:0159673,ATCC 25922,3.18,32 ug/mL,0.0
5878,CO[C@H]1C=CO[C@@]2(C)Oc3c(C2=O)c2c4nc5cc(C)ccn5c4c(NC(=O)C(C)=CC=C[C@H](C)[C@H](O)[C@@H](C)[C@@H](O)[C@@H](C)[C@H](OC(C)=O)[C@@H]1C)c(O)c2c(O)c3C,CO[C@H]1C=CO[C@@]2(C)Oc3c(C)c(O)c4c(O)c(c5c(nc6cc(C)ccn65)c4c3C2=O)NC(=O)C(C)=CC=CC(C)[C@H](O)[C@@H](C)[C@@H](O)[C@@H](C)[C@H](OC(C)=O)[C@@H]1C,CO-ADD:0164876,ATCC 25922,94.67,20 uM,1.0
5880,Oc1c(Cl)cc(Cl)c2cccnc12,Oc1c(Cl)cc(Cl)c2cccnc12,CO-ADD:0164803,ATCC 25922,81.12,20 uM,1.0
5881,N#CC1=C(N)OC(CCl)=C(C(OCC)=O)C1C2=CC=CN=C2,CCOC(=O)C1=C(CCl)OC(=N)C(C#N)C1c1cccnc1,CO-ADD:0158188,ATCC 25922,16.79,32 ug/mL,0.0
5892,[O-][N+](C(N1C2=NC=N1)=NN2CC(C)=O)=O,CC(=O)Cn1nc([N+](=O)[O-])n2ncnc12,CO-ADD:0157187,ATCC 25922,33.07,32 ug/mL,0.0
5894,C(C(OCC)=O)(C(c1ccccc1)C(S2)C(c3ccccc3)=O)=C2N,CCOC(=O)C1C(=N)SC(C(=O)c2ccccc2)C1c1ccccc1,CO-ADD:0161274,ATCC 25922,10.93,32 ug/mL,0.0
5900,O/C(C1=CC=C(OC)C=C1)=C\C=N\CC2=CC=CO2,COc1ccc(C(=O)CC=NCc2ccco2)cc1,CO-ADD:0155275,ATCC 25922,-0.85,32 ug/mL,0.0
5929,c1(N(CC2)CCN2C)nc(N\N=C\c(c(OC)ccc3[N+](=O)[O-])c3)nc(Nc(cc4)ccc4[N+](=O)[O-])n1,COc1ccc([N+](=O)[O-])cc1/C=N/Nc1nc(Nc2ccc([N+](=O)[O-])cc2)nc(N2CCN(C)CC2)n1,CO-ADD:0162227,ATCC 25922,-2.44,32 ug/mL,0.0
5940,O=C(C1=CC=CC2=C1C3=CC=C2)N(C4=CC=C5NC(NC5=C4)=O)C3=O,O=C1c2cccc3cccc(c23)C(=O)N1c1ccc2[nH]c(=O)[nH]c2c1,CO-ADD:0156434,ATCC 25922,14.3,32 ug/mL,0.0
5952,[O-][N+](C1=C(NCCN(CC)CC)C=CC2=NSN=C12)=O,CCN(CC)CCNc1ccc2nsnc2c1[N+](=O)[O-],CO-ADD:0157580,ATCC 25922,21.88,32 ug/mL,0.0
5960,[O-][N+](C(N=N1)=NN1CC(C2=CC=CC=C2)=O)=O,O=C(Cn1nnc([N+](=O)[O-])n1)c1ccccc1,CO-ADD:0157573,ATCC 25922,21.37,32 ug/mL,0.0
6320,n(Cc(ccc(c12)cccc1)c2)(c3c(n4)cccc3)c4,c1ccc2cc(Cn3cnc4ccccc43)ccc2c1,CO-ADD:0311194,ATCC 25922,13.11,32 ug/mL,0.0
6325,S(=O)(=O)(c1ccc(cc1)OCC)NCc(cc2)ccn2,CCOc1ccc(S(=O)(=O)NCc2ccncc2)cc1,CO-ADD:0324135,ATCC 25922,-2.74,32 ug/mL,0.0
6327,c1(NC(COc(cc2)ccc2F)=O)sc(c3c1C(OCC)=O)CCCC3,CCOC(=O)c1c(NC(=O)COc2ccc(F)cc2)sc2c1CCCC2,CO-ADD:0305780,ATCC 25922,2.51,32 ug/mL,0.0
6334,C(c1ccccc1)(=O)Oc2cccc(c2)C=O,O=Cc1cccc(OC(=O)c2ccccc2)c1,CO-ADD:0305582,ATCC 25922,5.97,32 ug/mL,0.0
6402,[N+](=O)([O-])c1ccc(cc1Oc(cc2)c(Cl)cc2C(F)(F)F)OC(=O)C(C(F)(F)F)C(F)(F)F,O=C(Oc1ccc([N+](=O)[O-])c(Oc2ccc(C(F)(F)F)cc2Cl)c1)C(C(F)(F)F)C(F)(F)F,CO-ADD:0324496,ATCC 25922,8.35,32 ug/mL,0.0
6403,c12c(c(cc(C)c1N)C)nc(C)cc2Cl,Cc1cc(Cl)c2c(N)c(C)cc(C)c2n1,CO-ADD:0323378,ATCC 25922,7.19,32 ug/mL,0.0
6414,C1(=O)c2c(SN1c3ccccc3)cc(cc2N)[N+](=O)[O-],Nc1cc([N+](=O)[O-])cc2sn(-c3ccccc3)c(=O)c12,CO-ADD:0306951,ATCC 25922,5.38,32 ug/mL,0.0
6426,c(c1Cl)([N+](=O)[O-])c(Cl)nc(Cl)c1C(NCCCC)=O,CCCCNC(=O)c1c(Cl)nc(Cl)c([N+](=O)[O-])c1Cl,CO-ADD:0307440,ATCC 25922,4.59,32 ug/mL,0.0
6475,c1(ccc(\C=C\C(=O)Nc(cc2)ccc2CC#N)o1)[N+](=O)[O-],N#CCc1ccc(NC(=O)/C=C/c2ccc([N+](=O)[O-])o2)cc1,CO-ADD:0329963,ATCC 25922,20.9,32 ug/mL,0.0
6537,c12c(c(n[nH]1)c3ccc(cc3)F)C(N(c4ccccc4)C2=O)c5ccc(cc5)F,O=C1c2[nH]nc(-c3ccc(F)cc3)c2C(c2ccc(F)cc2)N1c1ccccc1,CO-ADD:0330964,ATCC 25922,-4.72,32 ug/mL,0.0
6539,N1(C(=O)CSC1=S)\N=C\c2sccc2C,Cc1ccsc1/C=N/n1c(O)csc1=S,CO-ADD:0332490,ATCC 25922,14.78,32 ug/mL,0.0
6566,c1(ccccc1F)C(=O)NCc2cccc(cccc3)c23,O=C(NCc1cccc2ccccc12)c1ccccc1F,CO-ADD:0166450,ATCC 25922,11.01,80 ug/mL,0.0
6568,c1(c(Br)cc(cc1\C=N\NC(=O)c(ccc(n2)C)c2)Br)OC(=O)c(cc3OC)cc(c3OC)OC,COc1cc(C(=O)Oc2c(Br)cc(Br)cc2/C=N/NC(=O)c2ccc(C)nc2)cc(OC)c1OC,CO-ADD:0217401,ATCC 25922,-3.79,32 ug/mL,0.0
6573,c(Nc(ccc(c1C)C)c1)(nc(N\N=C/c(ccc2c(cccc3[N+](=O)[O-])c3)o2)nc4Nc(cc5)ccc5[N+](=O)[O-])n4,Cc1ccc(Nc2nc(N/N=C\c3ccc(-c4cccc([N+](=O)[O-])c4)o3)nc(Nc3ccc([N+](=O)[O-])cc3)n2)cc1C,CO-ADD:0217345,ATCC 25922,-1.11,32 ug/mL,0.0
6579,c1(OC)c(OC)ccc(\C=N\NC(COc2cccc(C)c2)=O)c1OC,COc1ccc(/C=N/NC(=O)COc2cccc(C)c2)c(OC)c1OC,CO-ADD:0166610,ATCC 25922,6.58,80 ug/mL,0.0
6581,CO[C@H]1\C=C\O[C@@]2(C)Oc3c(C2=O)c2c(O)c(C=NN4CCN(CC4)C4CCCC4)c(NC(=O)\C(C)=C/C=C/[C@H](C)[C@H](O)[C@@H](C)[C@@H](O)[C@@H](C)[C@H](OC(C)=O)[C@@H]1C)c(O)c2c(O)c3C,CO[C@H]1/C=C/O[C@@]2(C)Oc3c(C)c(O)c4c(O)c(c(C=NN5CCN(C6CCCC6)CC5)c(O)c4c3C2=O)NC(=O)C(C)=CC=CC(C)[C@H](O)[C@@H](C)[C@@H](O)[C@@H](C)[C@H](OC(C)=O)[C@@H]1C,CO-ADD:0164993,ATCC 25922,97.94,20 uM,1.0
6590,OC[C@@H]1CC[C@@H](O1)n1cnc2c(O)ncnc12,O=c1[nH]cnc2c1ncn2[C@H]1CC[C@@H](CO)O1,CO-ADD:0164697,ATCC 25922,15.42,20 uM,0.0
6592,N1(c2cccc(Cl)c2)C(=O)\C(\C(C)=N1)=C\Nc(cc3)ccc3S(=O)(=O)Nc4cccc(C)c4,Cc1cccc(NS(=O)(=O)c2ccc(N=Cc3c(C)[nH]n(-c4cccc(Cl)c4)c3=O)cc2)c1,CO-ADD:0214904,ATCC 25922,8.43,32 ug/mL,0.0
6635,C(O)(=O)c1cccc(CSc(cc2)ccc2Sc(cc3)ccc3SCc(cccc4C(O)=O)c4)c1,O=C(O)c1cccc(CSc2ccc(Sc3ccc(SCc4cccc(C(=O)O)c4)cc3)cc2)c1,CO-ADD:0233289,ATCC 25922,12.67,32 ug/mL,0.0
6650,C1(C(CC(C)C)=NC=C(C(C)CC)N1O)=O,CCC(C)c1cnc(CC(C)C)c(=O)n1O,CO-ADD:0135873,ATCC 25922,3.88,25 uM,0.0
6654,N(=C\c1ccccc1OC(=O)\C=C\c(cc2)ccc2Br)/c3cc(C)ccc3C,Cc1ccc(C)c(/N=C/c2ccccc2OC(=O)/C=C/c2ccc(Br)cc2)c1,CO-ADD:0166365,ATCC 25922,1.63,80 ug/mL,0.0
6656,N(=C\c1cc(I)ccc1O)/c2cc(C)c(cc2O)C,Cc1cc(O)c(N=Cc2cc(I)ccc2O)cc1C,CO-ADD:0227372,ATCC 25922,17.87,32 ug/mL,0.0
6666,N1(CNc2c(C)ccc(Cl)c2)C(=O)\C(\SC1=S)=C/c(cc3OC)cc(c3OC)OC,COc1cc(/C=C2/SC(=S)N(CNc3cc(Cl)ccc3C)C2=O)cc(OC)c1OC,CO-ADD:0217972,ATCC 25922,-3.78,32 ug/mL,0.0
6673,S(=O)(=O)(c1ccc(cc1)\N=C\c(cc2)ccc2[N+](=O)[O-])Nc3nnc(CC)s3,CCc1nnc(NS(=O)(=O)c2ccc(/N=C/c3ccc([N+](=O)[O-])cc3)cc2)s1,CO-ADD:0215283,ATCC 25922,51.74,32 ug/mL,0.0
6674,[N+](=O)([O-])c1ccc(cc1NCCOc(cc2)ccc2CC)N3CCNC(C)C3,CCc1ccc(OCCNc2cc(N3CCNC(C)C3)ccc2[N+](=O)[O-])cc1,CO-ADD:0234757,ATCC 25922,52.44,32 ug/mL,0.0
6675,[N+](=O)([O-])c(ccc(c1\C=N\c2ccccc2OCC(C)C)O)c1,CC(C)COc1ccccc1N=Cc1cc([N+](=O)[O-])ccc1O,CO-ADD:0227754,ATCC 25922,11.05,32 ug/mL,0.0
6679,C(OCCCC)(=O)c1ccc(cc1)\N=C\c(cc2)ccc2OCc3ccccc3,CCCCOC(=O)c1ccc(/N=C/c2ccc(OCc3ccccc3)cc2)cc1,CO-ADD:0219802,ATCC 25922,4.2,32 ug/mL,0.0
6685,S1(=O)(=O)c2c(C(N(CCOCC=C)CCOCC=C)=N1)ccc(c2)[N+](=O)[O-],C=CCOCCN(CCOCC=C)C1=NS(=O)(=O)c2cc([N+](=O)[O-])ccc21,CO-ADD:0229357,ATCC 25922,9.13,32 ug/mL,0.0
6687,C(=O)(c1ccc(cc1)OC)Oc2cc(ccc2\C=N\c(cc3)ccc3OCC)OC(=O)c4ccc(cc4)OC,CCOc1ccc(/N=C/c2ccc(OC(=O)c3ccc(OC)cc3)cc2OC(=O)c2ccc(OC)cc2)cc1,CO-ADD:0215570,ATCC 25922,4.99,32 ug/mL,0.0
6692,[N+](=O)([O-])c(cc(cc1[N+](=O)[O-])C(=O)NC2CC2)c1,O=C(NC1CC1)c1cc([N+](=O)[O-])cc([N+](=O)[O-])c1,CO-ADD:0219821,ATCC 25922,7.44,32 ug/mL,0.0
6714,c1(sc(c2n1)cccc2)NC(c3ccccc3)=O,O=C(Nc1nc2ccccc2s1)c1ccccc1,CO-ADD:0166613,ATCC 25922,10.56,80 ug/mL,0.0
6727,c1(cc(Cl)ccc1O)C(=O)N\N=C(/C)\CC(=O)N(C)c2ccccc2,CC(CC(=O)N(C)c1ccccc1)=NNC(=O)c1cc(Cl)ccc1O,CO-ADD:0166387,ATCC 25922,48.51,80 ug/mL,0.0
6746,[N+](=O)([O-])c(cc1)ccc1C(=O)Oc2ccc(cc2OCC)\C=N\NC(=O)\C(\NC(c3ccccc3)=O)=C/c4cccs4,CCOc1cc(/C=N/NC(=O)C(Cc2cccs2)=NC(=O)c2ccccc2)ccc1OC(=O)c1ccc([N+](=O)[O-])cc1,CO-ADD:0220619,ATCC 25922,-1.55,32 ug/mL,0.0
6752,C(C#N)(C1c2ccc(cc2)Br)=C(N)Oc(cc(O)c(\C=N\c(cc3)ccc3Br)c4)c14,N#CC1C(=N)Oc2cc(O)c(C=Nc3ccc(Br)cc3)cc2C1c1ccc(Br)cc1,CO-ADD:0219323,ATCC 25922,14.11,32 ug/mL,0.0
6772,O=C(C1=C2C=CC=C1)C(N3CCN(C)CC3)=C(N)C2=O,CN1CCN(C2C(=N)C(=O)c3ccccc3C2=O)CC1,CO-ADD:0157216,ATCC 25922,20.54,32 ug/mL,0.0
7502,c1(cc(Cl)cc(\C=N\c(ccc(c2OC)OC)c2)c1O)[N+](=O)[O-],COc1ccc(N=Cc2cc(Cl)cc([N+](=O)[O-])c2O)cc1OC,CO-ADD:0161536,ATCC 25922,9.87,32 ug/mL,0.0
7520,OCC1OC(CC1O)n1cc(F)c(=O)[nH]c1=O,O=c1[nH]c(=O)n(C2CC(O)C(CO)O2)cc1F,CO-ADD:0164460,ATCC 25922,100.9,20 uM,1.0
7533,O=C(N/N=C/C1=CC(Br)=C(OC)C=C1)COC(C(Br)=C2)=C(Br)C=C2OC,COc1cc(Br)c(OCC(=O)N/N=C/c2ccc(OC)c(Br)c2)c(Br)c1,CO-ADD:0159903,ATCC 25922,10.93,32 ug/mL,0.0
7536,O=C(N1OC(O)C(CCCCCCC)C1)OCC2=CC=CC=C2,CCCCCCCC1CN(C(=O)OCc2ccccc2)OC1O,CO-ADD:0164021,ATCC 25922,-8.25,32 ug/mL,0.0
7538,[O-][N+](C1=C(O)C(/C=N/C2=CC(OC)=CC=C2)=CC=C1)=O,COc1cccc(N=Cc2cccc([N+](=O)[O-])c2O)c1,CO-ADD:0158390,ATCC 25922,12.08,32 ug/mL,0.0
7542,Clc1ccccc1C(c1ccccc1)(c1ccccc1)n1ccnc1,Clc1ccccc1C(c1ccccc1)(c1ccccc1)n1ccnc1,CO-ADD:0164637,ATCC 25922,1.44,20 uM,0.0
7587,CN1C=C(NC(C2=CC(NC(C3=CN=C(C=CC=C4)C4=C3)=N)=CN2C)=O)C=C1C(NC5=CN(CCC(C)C)C(C(NCCCN(C)C)=O)=C5)=O.OC(C(F)(F)F)=O.OC(C(F)(F)F)=O,CC(C)CCn1cc(NC(=O)c2cc(NC(=O)c3cc(N=C(N)c4cnc5ccccc5c4)cn3C)cn2C)cc1C(=O)NCCCN(C)C,CO-ADD:0153108,ATCC 25922,54.04,32 ug/mL,0.0
7661,c1(ccc(C(=O)Oc2cccc(c2)\C=N\NC(COc(ccc(c3C)C)c3)=O)o1)[N+](=O)[O-],Cc1ccc(OCC(=O)N/N=C/c2cccc(OC(=O)c3ccc([N+](=O)[O-])o3)c2)cc1C,CO-ADD:0163189,ATCC 25922,29.39,32 ug/mL,0.0
7796,[N+](=O)([O-])c1cc(cc2c1cc[nH]2)[N+](=O)[O-],O=[N+]([O-])c1cc([N+](=O)[O-])c2cc[nH]c2c1,CO-ADD:0148894,ATCC 25922,-17.21,32 ug/mL,0.0
7882,Cc1ccc2c(NC(=O)C23NN=C(S3)c4ccccc4)c1C,Cc1ccc2c(c1C)NC(=O)C21NN=C(c2ccccc2)S1,CO-ADD:0237167,ATCC 25922,6.32,20 uM,0.0
7911,C(=C\c(cc(Br)cc1[N+](=O)[O-])c1O)(/C2=O)\C(=O)N(C(=O)N2C)C,CN1C(=O)C(=Cc2cc(Br)cc([N+](=O)[O-])c2O)C(=O)N(C)C1=O,CO-ADD:0241898,ATCC 25922,10.44,32 ug/mL,0.0
7934,c1(cc(oc1C)C)C(=O)Nc(cc2)ccc2N(C)C,Cc1cc(C(=O)Nc2ccc(N(C)C)cc2)c(C)o1,CO-ADD:0303610,ATCC 25922,7.32,32 ug/mL,0.0
7941,c(cc1c2\C(=C\C=C(/C=C3)\c(cccc4)c4N3C)\C=N1)cc2.I,CN1C=C/C(=C\C=C2/C=Nc3ccccc32)c2ccccc21,CO-ADD:0247666,ATCC 25922,85.71,32 ug/mL,1.0
7943,O=Cc(cc1)ccc1OCc2cccc(Cl)c2,O=Cc1ccc(OCc2cccc(Cl)c2)cc1,CO-ADD:0304134,ATCC 25922,4.86,32 ug/mL,0.0
7957,c1(cc(F)c(cc1Cl)F)C(=O)N(CC2)CCN2c(cc3)ccc3[N+](=O)[O-],O=C(c1cc(F)c(F)cc1Cl)N1CCN(c2ccc([N+](=O)[O-])cc2)CC1,CO-ADD:0254516,ATCC 25922,17.17,32 ug/mL,0.0
8346,C(=O)(c1ccc(cc1)Br)Oc2ccc(cc2OC)\C=N\NC(COc3ccc(cc3Cl)Cl)=O,COc1cc(/C=N/NC(=O)COc2ccc(Cl)cc2Cl)ccc1OC(=O)c1ccc(Br)cc1,CO-ADD:0220599,ATCC 25922,3.26,32 ug/mL,0.0
8376,c1(c(ccc(c2Cl)Cl)c2)ccc(\C=N\NC(CNc3ccccc3C)=O)o1,Cc1ccccc1NCC(=O)N/N=C/c1ccc(-c2ccc(Cl)c(Cl)c2)o1,CO-ADD:0220573,ATCC 25922,2.31,32 ug/mL,0.0
8384,S(=O)(=O)(c(cc1)ccc1[N+](=O)[O-])NCC(=O)N\N=C(/C)\C(C)CC,CCC(C)/C(C)=N/NC(=O)CNS(=O)(=O)c1ccc([N+](=O)[O-])cc1,CO-ADD:0221788,ATCC 25922,7.67,32 ug/mL,0.0
8397,n1c2c(oc1c3cccc(c3)\N=C\c(cccc4[N+](=O)[O-])c4O)cccc2C,Cc1cccc2oc(-c3cccc(N=Cc4cccc([N+](=O)[O-])c4O)c3)nc12,CO-ADD:0234224,ATCC 25922,4.23,32 ug/mL,0.0
8491,[N+](=O)([O-])c(cc1)ccc1C(=O)C(C#N)C(OCC)=O,CCOC(=O)C(C#N)C(=O)c1ccc([N+](=O)[O-])cc1,CO-ADD:0220044,ATCC 25922,5.18,32 ug/mL,0.0
8499,C(=O)(c1cccc(F)c1)Oc2ccc(cc2OC)\C=N\NC(CNc3cccc(cccc4)c34)=O,COc1cc(/C=N/NC(=O)CNc2cccc3ccccc23)ccc1OC(=O)c1cccc(F)c1,CO-ADD:0222241,ATCC 25922,7.97,32 ug/mL,0.0
8509,C(C(c1ccc(cc1)Cl)Nc2ccccc2)C(=O)c3ccc(cc3)CC,CCc1ccc(C(=O)CC(Nc2ccccc2)c2ccc(Cl)cc2)cc1,CO-ADD:0231102,ATCC 25922,4.83,32 ug/mL,0.0
8591,c1(C(=O)N\N=C\c(ccc2c3ccc(cc3Cl)Cl)o2)nn(c(c4ccccc4)n1)c5ccccc5,O=C(N/N=C/c1ccc(-c2ccc(Cl)cc2Cl)o1)c1nc(-c2ccccc2)n(-c2ccccc2)n1,CO-ADD:0217377,ATCC 25922,-10.01,32 ug/mL,0.0
8596,C(=O)(c1cccc(I)c1)Nc(cc2)ccc2I,O=C(Nc1ccc(I)cc1)c1cccc(I)c1,CO-ADD:0166254,ATCC 25922,1.01,80 ug/mL,0.0
8602,c(\C=N\NC(CNc(cc1)ccc1I)=O)(c2c([nH]3)cccc2)c3,O=C(CNc1ccc(I)cc1)NN=Cc1c[nH]c2ccccc12,CO-ADD:0166583,ATCC 25922,6.98,80 ug/mL,0.0
8604,OC(C=CC=C1)=C1C2=CC3=CC=CC=C3N2,Oc1ccccc1-c1cc2ccccc2[nH]1,CO-ADD:0154223,ATCC 25922,17.34,32 ug/mL,0.0
8607,C12(c3c(NC1=O)cccc3)C(C(C)=O)=C(C)OC(N)=C2C#N,CC(=O)C1=C(C)OC(=N)C(C#N)C12C(=O)Nc1ccccc12,CO-ADD:0215408,ATCC 25922,11.28,32 ug/mL,0.0
8688,CC(=O)NC[C@H]1CN(C(=O)O1)c1ccc(N2CCOCC2)c(F)c1,CC(=O)NC[C@H]1CN(c2ccc(N3CCOCC3)c(F)c2)C(=O)O1,CO-ADD:0164760,ATCC 25922,-2.57,20 uM,0.0
8691,c1(\C=N\NC(COc2ccccc2Br)=O)c(ccc(cccc3)c13)OCc4cccc(Br)c4,O=C(COc1ccccc1Br)N/N=C/c1c(OCc2cccc(Br)c2)ccc2ccccc12,CO-ADD:0217621,ATCC 25922,6.4,32 ug/mL,0.0
8697,c1(c2ccc(cc2)I)ccc(\C=N\NC(COc3cc(C)ccc3C(C)C)=O)o1,Cc1ccc(C(C)C)c(OCC(=O)N/N=C/c2ccc(-c3ccc(I)cc3)o2)c1,CO-ADD:0217527,ATCC 25922,2.44,32 ug/mL,0.0
8700,CN(C)[C@H]1[C@@H]2[C@@H](O)[C@H]3C(=C(O)[C@]2(O)C(O)=C(C(N)=O)C1=O)C(=O)c1c(O)cccc1[C@@]3(C)O.Cl,CN(C)C1C(=O)C(C(N)=O)C(=O)[C@@]2(O)C(=O)C3C(=O)c4c(O)cccc4[C@@](C)(O)[C@H]3[C@H](O)[C@@H]12,CO-ADD:0164474,ATCC 25922,92.69,20 uM,1.0
8702,C(=O)(Oc1ccc(c2c1\C=N/NC(=O)c3ccc(cc3)C)cccc2)c4cccc(cccc5)c45,Cc1ccc(C(=O)N/N=C\c2c(OC(=O)c3cccc4ccccc34)ccc3ccccc23)cc1,CO-ADD:0165932,ATCC 25922,30.7,80 ug/mL,0.0
9478,N1(c2ccccc2C)Sc(c3C1=O)cccc3,Cc1ccccc1-n1sc2ccccc2c1=O,CO-ADD:0323770,ATCC 25922,8.85,32 ug/mL,0.0
9556,O=C1C2C(C3(C)OC2C=C3)C(N1C(C=C4)=CC=C4[N+]([O-])=O)=O,CC12C=CC(O1)c1c2c(O)n(-c2ccc([N+](=O)[O-])cc2)c1O,CO-ADD:0158077,ATCC 25922,16.78,32 ug/mL,0.0
9571,[O-][N+](C1=CC(C)=CC(C2=CC=C(C=C3C(NC(NC3=O)=O)=O)O2)=C1C)=O,Cc1cc(-c2ccc(C=C3C(=O)NC(=O)NC3=O)o2)c(C)c([N+](=O)[O-])c1,CO-ADD:0157681,ATCC 25922,25.06,32 ug/mL,0.0
9594,NC1=NON=C1N=NC2=CC=C(C(C=NC3=CC=CC=C3C)=C2)O,Cc1ccccc1N=Cc1cc(N=Nc2nonc2N)ccc1O,CO-ADD:0155465,ATCC 25922,16.59,32 ug/mL,0.0
9903,c(N(CCC1c2ccccc2)CCC3c4ccccc4)(c15)c3cc(N)c5,Nc1cc2c3c(c1)C(c1ccccc1)CCN3CCC2c1ccccc1,CO-ADD:0245355,ATCC 25922,1.53,32 ug/mL,0.0
9908,C(=O)(Oc1cccc(c1)\C=N/NC(=O)c2ccc(cc2)F)c(ccc(c34)OCO3)c4,O=C(N/N=C\c1cccc(OC(=O)c2ccc3c(c2)OCO3)c1)c1ccc(F)cc1,CO-ADD:0246117,ATCC 25922,-5.19,32 ug/mL,0.0
9910,N1(c2ccc(cc2)F)C(=O)CC(N(CC3)CCO3)C1=O,Oc1cc(N2CCOCC2)c(O)n1-c1ccc(F)cc1,CO-ADD:0240292,ATCC 25922,0.18,32 ug/mL,0.0
9918,C(=C\c(c(Cl)cc(c1[N+](=O)[O-])Cl)c1)(/C2=O)\C(=O)NC(=O)N2,O=C1NC(=O)C(=Cc2cc([N+](=O)[O-])c(Cl)cc2Cl)C(=O)N1,CO-ADD:0241895,ATCC 25922,6.06,32 ug/mL,0.0
9950,[N+](=O)([O-])\C(\C)=C\c(cc1)ccc1C,C/C(=C\c1ccc(C)cc1)[N+](=O)[O-],CO-ADD:0230834,ATCC 25922,5.38,32 ug/mL,0.0
9961,c1(cc(OCO2)c2cc1[N+](=O)[O-])C3N(CCN3Cc4ccccc4)Cc5ccccc5,O=[N+]([O-])c1cc2c(cc1C1N(Cc3ccccc3)CCN1Cc1ccccc1)OCO2,CO-ADD:0235493,ATCC 25922,5.97,32 ug/mL,0.0
9964,N(/c(cc1)ccc1Nc2ccccc2)=C\c(ccc(c3O)OC)c3,COc1ccc(/C=N/c2ccc(Nc3ccccc3)cc2)cc1O,CO-ADD:0235251,ATCC 25922,0.52,32 ug/mL,0.0
9997,C(=C\c(cc1)ccc1N(C)C)(/c2c3cccc2)\c4c3ccc(C(CCCCN5CCCCC5)=O)c4.Cl,CN(C)c1ccc(/C=C2/c3ccccc3-c3ccc(C(=O)CCCCN4CCCCC4)cc32)cc1,CO-ADD:0230305,ATCC 25922,12.83,32 ug/mL,0.0
10000,n([C@@H]1[C@@H](c2ccccc2)CC(=CC1=O)c3cccs3)(nnc4[N+](=O)[O-])n4,O=C1C=C(c2cccs2)C[C@H](c2ccccc2)C1n1nnc([N+](=O)[O-])n1,CO-ADD:0235407,ATCC 25922,7.46,32 ug/mL,0.0
10006,c1(ccc(C(=O)Nc(ccc(c2C)C)c2)o1)[N+](=O)[O-],Cc1ccc(NC(=O)c2ccc([N+](=O)[O-])o2)cc1C,CO-ADD:0249379,ATCC 25922,37.89,32 ug/mL,0.0
10097,c1(C(=O)N\N=C/c2ccccc2O)c(O)cc(c3c1)cccc3,O=C(NN=Cc1ccccc1O)c1cc2ccccc2cc1O,CO-ADD:0218997,ATCC 25922,33.79,32 ug/mL,0.0
10098,N1(CCCOC)C(=O)c(c2)c(c(c3)C1=O)c(cc2[N+](=O)[O-])cc3[N+](=O)[O-],COCCCN1C(=O)c2cc([N+](=O)[O-])cc3cc([N+](=O)[O-])cc(c23)C1=O,CO-ADD:0221547,ATCC 25922,5.86,32 ug/mL,0.0
10101,N(=C\c1cccc(OC)c1O)/c2c(C)cccc2O,COc1cccc(C=Nc2c(C)cccc2O)c1O,CO-ADD:0222543,ATCC 25922,9.27,32 ug/mL,0.0
10118,c1(\N=C\c(cc2)ccc2[N+](=O)[O-])sc(c(C)c1C(OCC)=O)C,CCOC(=O)c1c(/N=C/c2ccc([N+](=O)[O-])cc2)sc(C)c1C,CO-ADD:0222885,ATCC 25922,6.2,32 ug/mL,0.0
10119,S1(=O)(=O)c(cccc2)c2C(N\N=C\c3cccc(OC)c3O)=N1,COc1cccc(C=NN=C2NS(=O)(=O)c3ccccc32)c1O,CO-ADD:0232579,ATCC 25922,16.22,32 ug/mL,0.0
10128,[N+](=O)([O-])c1cc(ccc1Br)\C=N\c(cc2)ccc2C(OC)=O,COC(=O)c1ccc(/N=C/c2ccc(Br)c([N+](=O)[O-])c2)cc1,CO-ADD:0235104,ATCC 25922,9.42,32 ug/mL,0.0
10168,[N+](=O)([O-])c1ccc(cc1NCCOc(cc2)ccc2Cl)N3CCNC(C)C3,CC1CN(c2ccc([N+](=O)[O-])c(NCCOc3ccc(Cl)cc3)c2)CCN1,CO-ADD:0232812,ATCC 25922,26.32,32 ug/mL,0.0
10169,c1(ccc(\C=N\NC(CNc(cc2)ccc2C)=O)o1)[N+](=O)[O-],Cc1ccc(NCC(=O)N/N=C/c2ccc([N+](=O)[O-])o2)cc1,CO-ADD:0220168,ATCC 25922,23.98,32 ug/mL,0.0
10174,N(=C\c1cccc(I)c1O)/c2c(O)ccc(Cl)c2,Oc1ccc(Cl)cc1N=Cc1cccc(I)c1O,CO-ADD:0222330,ATCC 25922,10.36,32 ug/mL,0.0
10184,c1(non2)c2nc(NCCO)c(Nc(cc3)ccc3Cl)n1,OCCNc1nc2nonc2nc1Nc1ccc(Cl)cc1,CO-ADD:0166741,ATCC 25922,25.15,80 ug/mL,0.0
10185,C1(C#N)(C#N)C(c2ccc(cc2)C)C(C3)C(C(C#N)=C1N)=CCN3C(C)C,Cc1ccc(C2C3CN(C(C)C)CC=C3C(C#N)C(=N)C2(C#N)C#N)cc1,CO-ADD:0166717,ATCC 25922,7.51,80 ug/mL,0.0
10190,[N+](=O)([O-])c1ccccc1\C=N\NC(=O)c2ccc(cc2)COc(cc3)ccc3C,Cc1ccc(OCc2ccc(C(=O)N/N=C/c3ccccc3[N+](=O)[O-])cc2)cc1,CO-ADD:0165976,ATCC 25922,-13.01,80 ug/mL,0.0
10203,C(C(OCC)=O)(=C(C)OC(=C1C#N)N)C1c2cccc(c2)OCc3ccccc3,CCOC(=O)C1=C(C)OC(=N)C(C#N)C1c1cccc(OCc2ccccc2)c1,CO-ADD:0166659,ATCC 25922,9.21,80 ug/mL,0.0
10204,c1(C(OCC)=O)sc2c(ccc(Br)c2OC)c1NC(C)=O,CCOC(=O)c1sc2c(OC)c(Br)ccc2c1NC(C)=O,CO-ADD:0215772,ATCC 25922,5.28,32 ug/mL,0.0
10212,[N+](=O)([O-])c(cc1)ccc1C(=O)Oc2ccccc2\C=N\NC(=O)c3cc(Br)ccc3O,O=C(Oc1ccccc1/C=N/NC(=O)c1cc(Br)ccc1O)c1ccc([N+](=O)[O-])cc1,CO-ADD:0220757,ATCC 25922,20.61,32 ug/mL,0.0
10222,S(=O)(=O)(Nc1ccc(cc1C#N)[N+](=O)[O-])c2cccc3c2cccc3S(=O)(=O)Nc4ccc(cc4C#N)[N+](=O)[O-],N#Cc1cc([N+](=O)[O-])ccc1NS(=O)(=O)c1cccc2c(S(=O)(=O)Nc3ccc([N+](=O)[O-])cc3C#N)cccc12,CO-ADD:0166261,ATCC 25922,8.01,80 ug/mL,0.0
10224,S(=O)(=O)(c1ccc(cc1)NC(=O)c2ccc(cc2Cl)Cl)NC(=O)c3ccc(cc3Cl)Cl,O=C(Nc1ccc(S(=O)(=O)NC(=O)c2ccc(Cl)cc2Cl)cc1)c1ccc(Cl)cc1Cl,CO-ADD:0166258,ATCC 25922,14.9,80 ug/mL,0.0
10235,[N+](=O)([O-])c(ccc(c1\C=N\NC(COc(cccc2[N+](=O)[O-])c2)=O)OC)c1,COc1ccc([N+](=O)[O-])cc1/C=N/NC(=O)COc1cccc([N+](=O)[O-])c1,CO-ADD:0220523,ATCC 25922,8.19,32 ug/mL,0.0
10242,C(F)(F)(C(F)(F)COc(cc1)c(cc1C(F)(F)F)\N=C\c2cc(Br)ccc2O)C(F)(F)C(F)F,Oc1ccc(Br)cc1C=Nc1cc(C(F)(F)F)ccc1OCC(F)(F)C(F)(F)C(F)(F)C(F)F,CO-ADD:0166433,ATCC 25922,2.77,80 ug/mL,0.0
10333,C(NCCN1CCCCC1)(=O)Nc(cc2)ccc2OCCCCCCCCCC,CCCCCCCCCCOc1ccc(NC(=O)NCCN2CCCCC2)cc1,CO-ADD:0247781,ATCC 25922,18.85,32 ug/mL,0.0
10390,[N+](=O)([O-])c1cccc(c1)NNC(=O)c2ccc(cc2)F,O=C(NNc1cccc([N+](=O)[O-])c1)c1ccc(F)cc1,CO-ADD:0242940,ATCC 25922,3.11,32 ug/mL,0.0
10411,c1(Cl)cc(Cl)ccc1NN.Cl,NNc1ccc(Cl)cc1Cl,CO-ADD:0293648,ATCC 25922,14.37,32 ug/mL,0.0
10426,n1c(SCC)ncc(C(OCC)=O)c1O,CCOC(=O)c1c[nH]c(SCC)nc1=O,CO-ADD:0294633,ATCC 25922,4.44,32 ug/mL,0.0
10464,N1(CCc2ccccc2)c3c(C(=O)C1=O)cc(Br)cc3,O=C1C(=O)N(CCc2ccccc2)c2ccc(Br)cc21,CO-ADD:0223550,ATCC 25922,9.22,32 ug/mL,0.0
10568,[N+](=O)([O-])c1ccc(c(O)c1)Cl,O=[N+]([O-])c1ccc(Cl)c(O)c1,CO-ADD:0283473,ATCC 25922,-1.89,32 ug/mL,0.0
10590,C1(=S)NC2(NN1c3ccc(cc3)C)CCCCCC2,Cc1ccc(N2NC3(CCCCCC3)NC2=S)cc1,CO-ADD:0277557,ATCC 25922,7.44,32 ug/mL,0.0
10593,CN1C=C(NC(C(C=C2)=CC=C2/C=C/C3=CC(C=CC=C4)=C4N=C3)=O)C=C1C(NC5=CN(C)C(C(NCCN(C)C)=O)=C5)=O.OC(C(F)(F)F)=O.OC(C(F)(F)F)=O,CN(C)CCNC(=O)c1cc(NC(=O)c2cc(NC(=O)c3ccc(/C=C/c4cnc5ccccc5c4)cc3)cn2C)cn1C,CO-ADD:0137548,ATCC 25922,1.91,32 ug/mL,0.0
10674,CN1C=C(NC(C(C=C2)=CC=C2/C=C/C3=CC(C=CC=C4)=C4N=C3)=O)C=C1C(NC5=CN(C)C(C(NCCN(C)C)=O)=C5)=O.OC(C(F)(F)F)=O.OC(C(F)(F)F)=O,CN(C)CCNC(=O)c1cc(NC(=O)c2cc(NC(=O)c3ccc(/C=C/c4cnc5ccccc5c4)cc3)cn2C)cn1C,CO-ADD:0137548,ATCC 25922,1.93,32 ug/mL,0.0
10755,CN1C=C(NC(C(C=C2)=CC=C2/C=C/C3=CC(C=CC=C4)=C4N=C3)=O)C=C1C(NC5=CN(C)C(C(NCCN(C)C)=O)=C5)=O.OC(C(F)(F)F)=O.OC(C(F)(F)F)=O,CN(C)CCNC(=O)c1cc(NC(=O)c2cc(NC(=O)c3ccc(/C=C/c4cnc5ccccc5c4)cc3)cn2C)cn1C,CO-ADD:0137548,ATCC 25922,4.01,32 ug/mL,0.0
10836,CN1C=C(NC(C(C=C2)=CC=C2/C=C/C3=CC(C=CC=C4)=C4N=C3)=O)C=C1C(NC5=CN(C)C(C(NCCN(C)C)=O)=C5)=O.OC(C(F)(F)F)=O.OC(C(F)(F)F)=O,CN(C)CCNC(=O)c1cc(NC(=O)c2cc(NC(=O)c3ccc(/C=C/c4cnc5ccccc5c4)cc3)cn2C)cn1C,CO-ADD:0137600,ATCC 25922,1.91,32 ug/mL,0.0
10917,CN1C=C(NC(C(C=C2)=CC=C2/C=C/C3=CC(C=CC=C4)=C4N=C3)=O)C=C1C(NC5=CN(C)C(C(NCCN(C)C)=O)=C5)=O.OC(C(F)(F)F)=O.OC(C(F)(F)F)=O,CN(C)CCNC(=O)c1cc(NC(=O)c2cc(NC(=O)c3ccc(/C=C/c4cnc5ccccc5c4)cc3)cn2C)cn1C,CO-ADD:0137600,ATCC 25922,1.93,32 ug/mL,0.0
10998,CN1C=C(NC(C(C=C2)=CC=C2/C=C/C3=CC(C=CC=C4)=C4N=C3)=O)C=C1C(NC5=CN(C)C(C(NCCN(C)C)=O)=C5)=O.OC(C(F)(F)F)=O.OC(C(F)(F)F)=O,CN(C)CCNC(=O)c1cc(NC(=O)c2cc(NC(=O)c3ccc(/C=C/c4cnc5ccccc5c4)cc3)cn2C)cn1C,CO-ADD:0137600,ATCC 25922,4.01,32 ug/mL,0.0
11079,CN1C=C(NC(C(C=C2)=CC=C2/C=C/C3=CC(C=CC=C4)=C4N=C3)=O)C=C1C(NC5=CN(C)C(C(NCCN(C)C)=O)=C5)=O.OC(C(F)(F)F)=O.OC(C(F)(F)F)=O,CN(C)CCNC(=O)c1cc(NC(=O)c2cc(NC(=O)c3ccc(/C=C/c4cnc5ccccc5c4)cc3)cn2C)cn1C,CO-ADD:0137584,ATCC 25922,1.91,32 ug/mL,0.0
11160,CN1C=C(NC(C(C=C2)=CC=C2/C=C/C3=CC(C=CC=C4)=C4N=C3)=O)C=C1C(NC5=CN(C)C(C(NCCN(C)C)=O)=C5)=O.OC(C(F)(F)F)=O.OC(C(F)(F)F)=O,CN(C)CCNC(=O)c1cc(NC(=O)c2cc(NC(=O)c3ccc(/C=C/c4cnc5ccccc5c4)cc3)cn2C)cn1C,CO-ADD:0137584,ATCC 25922,1.93,32 ug/mL,0.0
11241,CN1C=C(NC(C(C=C2)=CC=C2/C=C/C3=CC(C=CC=C4)=C4N=C3)=O)C=C1C(NC5=CN(C)C(C(NCCN(C)C)=O)=C5)=O.OC(C(F)(F)F)=O.OC(C(F)(F)F)=O,CN(C)CCNC(=O)c1cc(NC(=O)c2cc(NC(=O)c3ccc(/C=C/c4cnc5ccccc5c4)cc3)cn2C)cn1C,CO-ADD:0137584,ATCC 25922,4.01,32 ug/mL,0.0
11326,O=C(N([H])C1=CN(C)C(C(N(C2=CN(C)C(C(N([H])CCC(N)=N)=O)=C2)[H])=O)=C1)C3=CC=C(/C=C/C4=CC=CC(OC)=C4)C=C3.OC(C(F)(F)F)=O,COc1cccc(/C=C/c2ccc(C(=O)Nc3cc(C(=O)Nc4cc(C(=O)NCCC(=N)N)n(C)c4)n(C)c3)cc2)c1,CO-ADD:0137572,ATCC 25922,3.75,32 ug/mL,0.0
11407,O=C(N([H])C1=CN(C)C(C(N(C2=CN(C)C(C(N([H])CCC(N)=N)=O)=C2)[H])=O)=C1)C3=CC=C(/C=C/C4=CC=CC(OC)=C4)C=C3.OC(C(F)(F)F)=O,COc1cccc(/C=C/c2ccc(C(=O)Nc3cc(C(=O)Nc4cc(C(=O)NCCC(=N)N)n(C)c4)n(C)c3)cc2)c1,CO-ADD:0137572,ATCC 25922,86.52,32 ug/mL,1.0
11488,O=C(N([H])C1=CN(C)C(C(N(C2=CN(C)C(C(N([H])CCC(N)=N)=O)=C2)[H])=O)=C1)C3=CC=C(/C=C/C4=CC=CC(OC)=C4)C=C3.OC(C(F)(F)F)=O,COc1cccc(/C=C/c2ccc(C(=O)Nc3cc(C(=O)Nc4cc(C(=O)NCCC(=N)N)n(C)c4)n(C)c3)cc2)c1,CO-ADD:0137572,ATCC 25922,8.36,32 ug/mL,0.0
11569,O=C(N([H])C1=CN(C)C(C(N(C2=CN(C)C(C(N([H])CCC(N)=N)=O)=C2)[H])=O)=C1)C3=CC=C(/C=C/C4=CC=CC(OC)=C4)C=C3.OC(C(F)(F)F)=O,COc1cccc(/C=C/c2ccc(C(=O)Nc3cc(C(=O)Nc4cc(C(=O)NCCC(=N)N)n(C)c4)n(C)c3)cc2)c1,CO-ADD:0137603,ATCC 25922,3.75,32 ug/mL,0.0
11650,O=C(N([H])C1=CN(C)C(C(N(C2=CN(C)C(C(N([H])CCC(N)=N)=O)=C2)[H])=O)=C1)C3=CC=C(/C=C/C4=CC=CC(OC)=C4)C=C3.OC(C(F)(F)F)=O,COc1cccc(/C=C/c2ccc(C(=O)Nc3cc(C(=O)Nc4cc(C(=O)NCCC(=N)N)n(C)c4)n(C)c3)cc2)c1,CO-ADD:0137603,ATCC 25922,86.52,32 ug/mL,1.0
11731,O=C(N([H])C1=CN(C)C(C(N(C2=CN(C)C(C(N([H])CCC(N)=N)=O)=C2)[H])=O)=C1)C3=CC=C(/C=C/C4=CC=CC(OC)=C4)C=C3.OC(C(F)(F)F)=O,COc1cccc(/C=C/c2ccc(C(=O)Nc3cc(C(=O)Nc4cc(C(=O)NCCC(=N)N)n(C)c4)n(C)c3)cc2)c1,CO-ADD:0137603,ATCC 25922,8.36,32 ug/mL,0.0
11812,O=C(N([H])C1=CN(C)C(C(N(C2=CN(C)C(C(N([H])CCC(N)=N)=O)=C2)[H])=O)=C1)C3=CC=C(/C=C/C4=CC=CC(OC)=C4)C=C3.OC(C(F)(F)F)=O,COc1cccc(/C=C/c2ccc(C(=O)Nc3cc(C(=O)Nc4cc(C(=O)NCCC(=N)N)n(C)c4)n(C)c3)cc2)c1,CO-ADD:0137577,ATCC 25922,3.75,32 ug/mL,0.0
11893,O=C(N([H])C1=CN(C)C(C(N(C2=CN(C)C(C(N([H])CCC(N)=N)=O)=C2)[H])=O)=C1)C3=CC=C(/C=C/C4=CC=CC(OC)=C4)C=C3.OC(C(F)(F)F)=O,COc1cccc(/C=C/c2ccc(C(=O)Nc3cc(C(=O)Nc4cc(C(=O)NCCC(=N)N)n(C)c4)n(C)c3)cc2)c1,CO-ADD:0137577,ATCC 25922,86.52,32 ug/mL,1.0
11974,O=C(N([H])C1=CN(C)C(C(N(C2=CN(C)C(C(N([H])CCC(N)=N)=O)=C2)[H])=O)=C1)C3=CC=C(/C=C/C4=CC=CC(OC)=C4)C=C3.OC(C(F)(F)F)=O,COc1cccc(/C=C/c2ccc(C(=O)Nc3cc(C(=O)Nc4cc(C(=O)NCCC(=N)N)n(C)c4)n(C)c3)cc2)c1,CO-ADD:0137577,ATCC 25922,8.36,32 ug/mL,0.0
12244,c1(C(C2)CN2)ncc(C)n1C3CC3,Cc1cnc(C2CNC2)n1C1CC1,CO-ADD:0288498,ATCC 25922,-4.86,32 ug/mL,0.0
12261,c1(c(C)cc(cc1Cl)C)NC(=O)\C=C/C(O)=O,Cc1cc(C)c(NC(=O)/C=C\C(=O)O)c(Cl)c1,CO-ADD:0258894,ATCC 25922,12.4,32 ug/mL,0.0
12263,S(=O)(=O)(CC(OC)=O)c(cc(cc1[N+](=O)[O-])[N+](=O)[O-])c1NC(OC)=O,COC(=O)CS(=O)(=O)c1cc([N+](=O)[O-])cc([N+](=O)[O-])c1NC(=O)OC,CO-ADD:0290671,ATCC 25922,16.22,32 ug/mL,0.0
12279,N1(c2ccc(cc2)OC(F)(F)F)C(=O)C(CC1=O)SCCN.Cl,NCCSc1cc(O)n(-c2ccc(OC(F)(F)F)cc2)c1O,CO-ADD:0293416,ATCC 25922,7.79,32 ug/mL,0.0
12281,c1(ccc(\C=C\C(O)=O)o1)[N+](=O)[O-],O=C(O)/C=C/c1ccc([N+](=O)[O-])o1,CO-ADD:0293311,ATCC 25922,75.57,32 ug/mL,0.0
12387,S(=O)(=O)(c1ccc(cc1)C)N(CC2)CCN2c3ccccc3C,Cc1ccc(S(=O)(=O)N2CCN(c3ccccc3C)CC2)cc1,CO-ADD:0326442,ATCC 25922,-3.73,32 ug/mL,0.0
12388,C(C(=O)OC1CCCC1)(=C(C)NC(=C23)CC(CC2=O)c4cccs4)C3c5cccc(O)c5,CC1=C(C(=O)OC2CCCC2)C(c2cccc(O)c2)C2C(=O)CC(c3cccs3)CC2=N1,CO-ADD:0331767,ATCC 25922,0.25,32 ug/mL,0.0
12523,O=C(NCCCCCCCCCCCCCCCCCC)C1=C(C)ON=C1C2=CC=CC=C2,CCCCCCCCCCCCCCCCCCNC(=O)c1c(-c2ccccc2)noc1C,CO-ADD:0157222,ATCC 25922,0.62,32 ug/mL,0.0
12922,COc1cccc(n1)c2nc3c(cccc3n2CC4CCCN4)N5CCCC5,COc1cccc(-c2nc3c(N4CCCC4)cccc3n2CC2CCCN2)n1,CO-ADD:0237229,ATCC 25922,15.14,20 uM,0.0
12923,FC(F)(F)c1ccc(cc1)N2CCN(CC2)C(=O)[C@@H](c3ccc(Cl)cc3)c4cccnc4,O=C(C(c1ccc(Cl)cc1)c1cccnc1)N1CCN(c2ccc(C(F)(F)F)cc2)CC1,CO-ADD:0237381,ATCC 25922,0.19,20 uM,0.0
12924,Fc1cccc(OCC(=O)Nc2nc(cs2)c3ccccn3)c1,O=C(COc1cccc(F)c1)Nc1nc(-c2ccccn2)cs1,CO-ADD:0237076,ATCC 25922,10.79,20 uM,0.0
12926,[n+]1(c(cc2)ccc2[N+](=O)[O-])noc([O-])n1,O=C1NN(c2ccc([N+](=O)[O-])cc2)NO1,CO-ADD:0230925,ATCC 25922,20.74,32 ug/mL,0.0
13062,C1(Br)(C(OC)=O)C(C2Br)OC(C2Br)C1(Br)C(OC)=O,COC(=O)C1(Br)C2OC(C(Br)C2Br)C1(Br)C(=O)OC,CO-ADD:0234549,ATCC 25922,8.26,32 ug/mL,0.0
13271,N1(c(cc(cc2C(=O)Nc3cccc(O)c3)C(=O)Nc4cccc(O)c4)c2)C(=O)c(c5C1=O)cccc5,O=C(Nc1cccc(O)c1)c1cc(C(=O)Nc2cccc(O)c2)cc(N2C(=O)c3ccccc3C2=O)c1,CO-ADD:0221386,ATCC 25922,14.24,32 ug/mL,0.0
13280,[N+](=O)([O-])c(cc1)ccc1c2ccc(\C=N\NC(CNc3cccc(C)c3)=O)o2,Cc1cccc(NCC(=O)N/N=C/c2ccc(-c3ccc([N+](=O)[O-])cc3)o2)c1,CO-ADD:0220378,ATCC 25922,5.13,32 ug/mL,0.0
13285,N1(CNc(cc2)ccc2OC)C(=O)\C(\SC1=S)=C\c(cc3)ccc3C(OC)=O,COC(=O)c1ccc(/C=C2\SC(=S)N(CNc3ccc(OC)cc3)C2=O)cc1,CO-ADD:0166423,ATCC 25922,10.62,80 ug/mL,0.0
13303,C(C#N)(C1c(cccc2[N+](=O)[O-])c2)=C(N)SC(N)=C1C#N,N#CC1C(=N)SC(=N)C(C#N)C1c1cccc([N+](=O)[O-])c1,CO-ADD:0221234,ATCC 25922,15.95,32 ug/mL,0.0
13321,C(CNc(cc1)ccc1I)(NN)=O,NNC(=O)CNc1ccc(I)cc1,CO-ADD:0166575,ATCC 25922,21.29,80 ug/mL,0.0
13333,C(Oc(cc1)ccc1C(=O)Nc2ccccc2F)(=S)Nc3cccc(Br)c3,O=C(Nc1ccccc1F)c1ccc(OC(=S)Nc2cccc(Br)c2)cc1,CO-ADD:0215472,ATCC 25922,15.14,32 ug/mL,0.0
13346,C(COc1ccc(cc1C)C)(=O)N\N=C\c2ccc(cc2Cl)Cl,Cc1ccc(OCC(=O)N/N=C/c2ccc(Cl)cc2Cl)c(C)c1,CO-ADD:0222739,ATCC 25922,5.4,32 ug/mL,0.0
13352,c(cc(Br)cc1Cl)(\C=N\c(ccc(c2Cl)OC)c2)c1O,COc1ccc(N=Cc2cc(Br)cc(Cl)c2O)cc1Cl,CO-ADD:0233440,ATCC 25922,16.89,32 ug/mL,0.0
13373,c1(ccc(\C=N\NC(CNc2cccc(cccc3)c23)=O)o1)[N+](=O)[O-],O=C(CNc1cccc2ccccc12)N/N=C/c1ccc([N+](=O)[O-])o1,CO-ADD:0227351,ATCC 25922,10.6,32 ug/mL,0.0
13464,C(=O)(N\N=C\c(cc1)ccc1OC\C=C\Cl)c2cccc(O)c2,O=C(N/N=C/c1ccc(OC/C=C/Cl)cc1)c1cccc(O)c1,CO-ADD:0221757,ATCC 25922,20.02,32 ug/mL,0.0
13478,S(=O)(=O)(c(cc1)ccc1[N+](=O)[O-])Oc(cc2)ccc2\C=N\c(ccc(c3C)C)c3,Cc1ccc(/N=C/c2ccc(OS(=O)(=O)c3ccc([N+](=O)[O-])cc3)cc2)cc1C,CO-ADD:0165954,ATCC 25922,4.31,80 ug/mL,0.0
13484,S(NCCSCCCCCCCCCCCCCCCCCC)(=O)(=O)c1ccc(cc1)Cl,CCCCCCCCCCCCCCCCCCSCCNS(=O)(=O)c1ccc(Cl)cc1,CO-ADD:0221811,ATCC 25922,8.57,32 ug/mL,0.0
13750,c1(C(c(cc2)ccc2OC)=O)c(N)c(cc3c(CCCC3)n4)c4s1,COc1ccc(C(=O)c2sc3nc4c(cc3c2N)CCCC4)cc1,CO-ADD:0148704,ATCC 25922,-24.87,32 ug/mL,0.0
13758,N1(c2ccccc2)CCC(=O)N1,O=C1CCN(c2ccccc2)N1,CO-ADD:0245390,ATCC 25922,6.5,32 ug/mL,0.0
13882,[N+](=O)([O-])c1cc(ccc1Br)\C=N\c(cc2)ccc2C(O)=O,O=C(O)c1ccc(/N=C/c2ccc(Br)c([N+](=O)[O-])c2)cc1,CO-ADD:0235038,ATCC 25922,8.14,32 ug/mL,0.0
13884,C(=C/c(cc1)ccc1N(C)C)(/c(cc(cc2[N+](=O)[O-])[N+](=O)[O-])c23)\c(cc(cc4[N+](=O)[O-])[N+](=O)[O-])c34,CN(C)c1ccc(C=C2c3cc([N+](=O)[O-])cc([N+](=O)[O-])c3-c3c2cc([N+](=O)[O-])cc3[N+](=O)[O-])cc1,CO-ADD:0230882,ATCC 25922,1.07,32 ug/mL,0.0
13903,c1(\C=N\c(cccc2C(F)(F)F)c2)c(O)c(OC)cc(Br)c1Br,COc1cc(Br)c(Br)c(C=Nc2cccc(C(F)(F)F)c2)c1O,CO-ADD:0232210,ATCC 25922,6.42,32 ug/mL,0.0
13927,CN1C=C(NC(C(C=C2)=CC=C2/C=C/C3=CC=NC=C3)=O)C=C1C(NC4=CN(CCCN5CCN(CC6=CC=CC7=CC=CC=C76)CC5)C(C(NCCN8CCOCC8)=O)=C4)=O.OC(C(F)(F)F)=O.OC(C(F)(F)F)=O.OC(C(F)(F)F)=O.OC(C(F)(F)F)=O,Cn1cc(NC(=O)c2ccc(/C=C/c3ccncc3)cc2)cc1C(=O)Nc1cc(C(=O)NCCN2CCOCC2)n(CCCN2CCN(Cc3cccc4ccccc34)CC2)c1,CO-ADD:0137557,ATCC 25922,2.3,32 ug/mL,0.0
15418,N(c1ccccc1[N+](=O)[O-])(C(=O)C2C3C4(OC2(C)C=C4)C)C3=O,CC12C=CC(C)(O1)c1c2c(O)n(-c2ccccc2[N+](=O)[O-])c1O,CO-ADD:0250318,ATCC 25922,-1.35,32 ug/mL,0.0
15533,n(Cc(cc1)ccc1Cl)(c2c(n3)cccc2)c3C,Cc1nc2ccccc2n1Cc1ccc(Cl)cc1,CO-ADD:0292195,ATCC 25922,20.14,32 ug/mL,0.0
15535,c12n(c(c3s1)ccc(c3)C(OCC)=O)cc(c4ccccc4)n2,CCOC(=O)c1ccc2c(c1)sc1nc(-c3ccccc3)cn12,CO-ADD:0235442,ATCC 25922,9.46,32 ug/mL,0.0
15556,N1(Cc(cc2)ccc2Cl)C(=O)C(CC1=O)NCCc(cc3)ccc3S(N)(=O)=O,NS(=O)(=O)c1ccc(CCNc2cc(O)n(Cc3ccc(Cl)cc3)c2O)cc1,CO-ADD:0299178,ATCC 25922,18.74,32 ug/mL,0.0
15576,n1(c2ccccc2)nc(c(\C=N\Nc3ccccc3)c1Cl)C,Cc1nn(-c2ccccc2)c(Cl)c1/C=N/Nc1ccccc1,CO-ADD:0258770,ATCC 25922,5.72,32 ug/mL,0.0
15584,N1(CN2CCCCC2)N=C(SC1=S)SC,CSc1nn(CN2CCCCC2)c(=S)s1,CO-ADD:0278389,ATCC 25922,15.69,32 ug/mL,0.0
15600,C(=O)(O\N=C(/c1ccc(cc1)Cl)\NCc2ccccc2)c3cccs3,O=C(ON=C(NCc1ccccc1)c1ccc(Cl)cc1)c1cccs1,CO-ADD:0291157,ATCC 25922,7.47,32 ug/mL,0.0
15677,N1(c2ccccc2F)C(=O)C(CC1=O)S\C(\NCC)=N\c(ccc(c34)OCO3)c4,CCN=C(Nc1ccc2c(c1)OCO2)Sc1cc(O)n(-c2ccccc2F)c1O,CO-ADD:0285143,ATCC 25922,14.45,32 ug/mL,0.0
15693,N1(c2ccc(cc2)C)C(c3cccc(c3)OCc4c(cccc4Cl)Cl)N(N=C1C(C)=O)c5ccc(cc5)Cl,CC(=O)C1=NN(c2ccc(Cl)cc2)C(c2cccc(OCc3c(Cl)cccc3Cl)c2)N1c1ccc(C)cc1,CO-ADD:0286165,ATCC 25922,-19.27,32 ug/mL,0.0
15734,c1(NC(CSC2=NCCS2)=O)sc(c(CCN3C)c1C(OCC)=O)C3,CCOC(=O)c1c(NC(=O)CSC2=NCCS2)sc2c1CCN(C)C2,CO-ADD:0293500,ATCC 25922,-5.86,32 ug/mL,0.0
15756,C12(c3c(N(CC(OC)=O)C1=O)cccc3)C(C#N)=C(N)Oc([nH]nc4c5ccc(c(OC)c5)OC)c24,COC(=O)CN1C(=O)C2(c3ccccc31)c1c(-c3ccc(OC)c(OC)c3)n[nH]c1OC(=N)C2C#N,CO-ADD:0306865,ATCC 25922,3.98,32 ug/mL,0.0
15757,c1(c2c(cc3)ccn3)c([nH]n2)OC(=C(C#N)C14c5c(NC4=O)cccc5)N,N#CC1C(=N)Oc2[nH]nc(-c3ccncc3)c2C12C(=O)Nc1ccccc12,CO-ADD:0311820,ATCC 25922,6.13,32 ug/mL,0.0
15793,S(=O)(=O)(Nc(ccc(c1Cl)Cl)c1)c(ccc(c2O3)N(C3=O)C)c2,Cn1c(=O)oc2cc(S(=O)(=O)Nc3ccc(Cl)c(Cl)c3)ccc21,CO-ADD:0311423,ATCC 25922,-8.38,32 ug/mL,0.0
15847,C1(C(=O)OC2CCCCCC2)=C(C)NC(=C3C1c4cccc(O)c4)CCCC3=O,CC1=C(C(=O)OC2CCCCCC2)C(c2cccc(O)c2)C2C(=O)CCCC2=N1,CO-ADD:0326462,ATCC 25922,-5.34,32 ug/mL,0.0
15871,c12c(CCCN1)c(Cl)cc(Cl)c2O,Oc1c(Cl)cc(Cl)c2c1NCCC2,CO-ADD:0332128,ATCC 25922,86.78,32 ug/mL,1.0
16041,c1(cc(C#N)c(cc1NCC2CCCO2)C#N)[N+](=O)[O-],N#Cc1cc(NCC2CCCO2)c([N+](=O)[O-])cc1C#N,CO-ADD:0302534,ATCC 25922,9.05,32 ug/mL,0.0
16072,O=C(N(C(C=C1Cl)=CC=C1Cl)C(C2C3C4=C(OC)C=C(OC)C=C4)=O)C2N(C5C6=C(OC)C=C(OC)C=C6)N3C7C5C(N(C(C=C8Cl)=CC=C8Cl)C7=O)=O,COc1ccc(C2c3c(c(O)n(-c4ccc(Cl)c(Cl)c4)c3O)N3C(c4ccc(OC)cc4OC)c4c(c(O)n(-c5ccc(Cl)c(Cl)c5)c4O)N23)c(OC)c1,CO-ADD:0160500,ATCC 25922,9.27,32 ug/mL,0.0
16096,ClC1=NC(N(C)C)=NC(N(C)C)=N1,CN(C)c1nc(Cl)nc(N(C)C)n1,CO-ADD:0158727,ATCC 25922,18.34,32 ug/mL,0.0
16198,Clc1ccc(O)c(C(C(=C(O)[C@](O)(C(C(C(N)=O)=C(O)[C@]2(N(C)C)[H])=O)[C@]2(C3)[H])[C@]3([C@@]4(O)C)[H])=O)c14.Cl,CN(C)C1C(=O)C(C(N)=O)C(=O)[C@@]2(O)C(=O)C3C(=O)c4c(O)ccc(Cl)c4[C@@](C)(O)[C@H]3C[C@@H]12,CO-ADD:0137177,ATCC 25922,12.86,25 uM,0.0
16204,c1cc(nc([nH]2)c3cccc(NC(c4ccc(C(Nc(cccc5c([nH]6)nc(cc7)c6cc7)c5)=O)cc4)=O)c3)c2cc1,O=C(Nc1cccc(-c2nc3ccccc3[nH]2)c1)c1ccc(C(=O)Nc2cccc(-c3nc4ccccc4[nH]3)c2)cc1,CO-ADD:0137109,ATCC 25922,20.27,25 uM,0.0
16288,O=C1C(O)=C(C)C(=CC=C([C@@]2(C)CC3)[C@@](C)(CC[C@](C)([C@]4(C5)[H])CC[C@]5(C(O)=O)C)[C@@]34C)C2=C1,C=c1c(O)c(O)cc2c1=CC=C1[C@@]2(C)CC[C@@]2(C)[C@@H]3C[C@](C)(C(=O)O)CC[C@]3(C)CC[C@]12C,CO-ADD:0137086,ATCC 25922,6.24,25 uM,0.0
16425,c1cc2c(ccc(nc(N)n3)c2c3N)n1Cc4ccc(N)cc4.Cl.Cl,Nc1ccc(Cn2ccc3c4c(N)nc(N)nc4ccc32)cc1,CO-ADD:0136969,ATCC 25922,99.56,25 uM,1.0
16442,N1(c2cccc(OC)c2)C(=O)CC(N3CCC(CC3)Cc4ccccc4)C1=O,COc1cccc(-n2c(O)cc(N3CCC(Cc4ccccc4)CC3)c2O)c1,CO-ADD:0245655,ATCC 25922,5.51,32 ug/mL,0.0
16449,n12c(cc(C)n1)nnc(c(c(C#N)c(N)n3)N)c23,Cc1cc2nnc3c(N)c(C#N)c(N)nc3n2n1,CO-ADD:0245931,ATCC 25922,9.76,32 ug/mL,0.0
16495,[N+](=O)([O-])c(cc1)cc(c1NC(=O)c2ccccc2NC(c3ccccc3)=O)C,Cc1cc([N+](=O)[O-])ccc1NC(=O)c1ccccc1NC(=O)c1ccccc1,CO-ADD:0233279,ATCC 25922,10.08,32 ug/mL,0.0
16496,c(\C=N\NC(CNc(ccc(c12)cccc1)c2)=O)(cc(I)cc3I)c3O,O=C(CNc1ccc2ccccc2c1)NN=Cc1cc(I)cc(I)c1O,CO-ADD:0222232,ATCC 25922,22.92,32 ug/mL,0.0
16506,C1(C#N)=C(C2CC2)CC(C(C#N)=C1N)c(cccc3[N+](=O)[O-])c3,N#CC1=C(C2CC2)CC(c2cccc([N+](=O)[O-])c2)C(C#N)C1=N,CO-ADD:0221850,ATCC 25922,8.88,32 ug/mL,0.0
16530,c1(ccc(\C=N\c(cccc2NC(C)=O)c2)s1)[N+](=O)[O-],CC(=O)Nc1cccc(/N=C/c2ccc([N+](=O)[O-])s2)c1,CO-ADD:0217883,ATCC 25922,96.78,32 ug/mL,1.0
16542,S(=O)(=O)(c(cc1)ccc1[N+](=O)[O-])N2CCSC2c3ccccc3,O=[N+]([O-])c1ccc(S(=O)(=O)N2CCSC2c2ccccc2)cc1,CO-ADD:0236254,ATCC 25922,6.04,32 ug/mL,0.0
16574,CC1=C(C2=CC=C(C=C2)C3=CC=CC=C3)C(C)=C(C)C1C.NC4=NC(NC5=CC=CC=C5)=N[Ir@](C)(N4)Cl,CC1=C(C)C(C)C(C)=C1c1ccc(-c2ccccc2)cc1,CO-ADD:0238634,ATCC 25922,98.85,32 ug/mL,1.0
16595,C(=C/c(cc1)ccc1[N+](=O)[O-])(/C(C)=NN2c3ccccc3)\C2=O,CC1=NN(c2ccccc2)C(=O)/C1=C/c1ccc([N+](=O)[O-])cc1,CO-ADD:0221501,ATCC 25922,20.68,32 ug/mL,0.0
16615,n(Cc1ccccc1)(c2c(c3\C=N\c(ccc(c4C)C)c4)cccc2)c3C,Cc1ccc(/N=C/c2c(C)n(Cc3ccccc3)c3ccccc23)cc1C,CO-ADD:0221067,ATCC 25922,8.92,32 ug/mL,0.0
16617,N(=C\c1cc(C)cc(Br)c1O)/c2c(C)cccc2O,Cc1cc(Br)c(O)c(C=Nc2c(C)cccc2O)c1,CO-ADD:0222555,ATCC 25922,19.0,32 ug/mL,0.0
16626,N1(c(cc2)ccc2C(=O)N\N=C\c(cc3)ccc3Cl)C(=O)C4C(C(CC5)C=CC45)C1=O,O=C(N/N=C/c1ccc(Cl)cc1)c1ccc(-n2c(O)c3c(c2O)C2C=CC3CC2)cc1,CO-ADD:0221305,ATCC 25922,14.12,32 ug/mL,0.0
16700,N1(\N=C\c(cc2)ccc2O)C(=O)C3C(C(C4(CC4)C35)C=C5)C1=O,Oc1ccc(C=Nn2c(O)c3c(c2O)C2C=CC3C23CC3)cc1,CO-ADD:0254586,ATCC 25922,18.79,32 ug/mL,0.0
16716,O=C(NCCN1CCOCC1)C2=CC(NC(C3=CC(NC(C4=CN=C(/C=C/C5=CC=C(OC)C=C5)C=C4)=O)=CN3C)=O)=CN2CCCC6=CN(CCC7=CC=CC=C7)N=N6,COc1ccc(/C=C/c2ccc(C(=O)Nc3cc(C(=O)Nc4cc(C(=O)NCCN5CCOCC5)n(CCCc5cn(CCc6ccccc6)nn5)c4)n(C)c3)cn2)cc1,CO-ADD:0137573,ATCC 25922,100.38,32 ug/mL,1.0
16728,c1(\C=N\c2ccccc2)c(cc(cc1[N+](=O)[O-])[N+](=O)[O-])[N+](=O)[O-],O=[N+]([O-])c1cc([N+](=O)[O-])c(/C=N/c2ccccc2)c([N+](=O)[O-])c1,CO-ADD:0256885,ATCC 25922,32.53,32 ug/mL,0.0
16821,N1=C(S)SSC1=N,Nc1nc(=S)ss1,CO-ADD:0301783,ATCC 25922,92.24,32 ug/mL,1.0
16843,N1(CCC(O)=O)C(=O)\C(\SC1=S)=C\c(cc2)ccc2N(CC)CC,CCN(CC)c1ccc(/C=C2\SC(=S)N(CCC(=O)O)C2=O)cc1,CO-ADD:0302850,ATCC 25922,0.36,32 ug/mL,0.0
16845,N1(c2cccc(C)c2)C(=O)NC(\C(=C\c3ccccc3OCCOc(cc4)ccc4[N+](=O)[O-])\C1=O)=O,Cc1cccc(N2C(=O)NC(=O)/C(=C/c3ccccc3OCCOc3ccc([N+](=O)[O-])cc3)C2=O)c1,CO-ADD:0305086,ATCC 25922,-1.1,32 ug/mL,0.0
16865,C1CCC(=NN(c2ccccc2)N(C(OC)=O)N3C(=O)OC)C3C1,COC(=O)N1C2CCCCC2=NN(c2ccccc2)N1C(=O)OC,CO-ADD:0136807,ATCC 25922,0.29,25 uM,0.0
16870,O1C(n2cc(C(N)=S)c(c(N)n3)c2nc3)C(O)C(O)C1CO,NC(=S)c1cn(C2OC(CO)C(O)C2O)c2ncnc(N)c12,CO-ADD:0136700,ATCC 25922,9.27,25 uM,0.0
16875,FC1=CC2=C(C=C1N3CCNCC3)N(C4CC4)C([H])=C(C(NC5=CC=C(C6=NNC(O6)=S)C=C5)=O)C2=O.Cl,O=C(Nc1ccc(-c2n[nH]c(=S)o2)cc1)c1cn(C2CC2)c2cc(N3CCNCC3)c(F)cc2c1=O,CO-ADD:0149881,ATCC 25922,90.63,32 ug/mL,1.0
16967,c1(\C=N\NC(=O)c2ccccc2Br)c(Br)cc(c(O)c1Br)Br,O=C(NN=Cc1c(Br)cc(Br)c(O)c1Br)c1ccccc1Br,CO-ADD:0220652,ATCC 25922,10.54,32 ug/mL,0.0
16968,C(CNc(cc1)ccc1Cl)(=O)N\N=C\c2ccccc2O,O=C(CNc1ccc(Cl)cc1)NN=Cc1ccccc1O,CO-ADD:0220408,ATCC 25922,12.72,32 ug/mL,0.0
16977,[N+](=O)([O-])c(c1)cc(c(O)c1\C=N/NC(CNC(=O)c2ccc(c(OC)c2)OC)=O)Br,COc1ccc(C(=O)NCC(=O)NN=Cc2cc([N+](=O)[O-])cc(Br)c2O)cc1OC,CO-ADD:0227602,ATCC 25922,10.66,32 ug/mL,0.0
16995,[N+](=O)([O-])c1ccc(cc1\C=N\NC(COc2ccc(cc2Cl)Cl)=O)O,O=C(COc1ccc(Cl)cc1Cl)NN=Cc1cc(O)ccc1[N+](=O)[O-],CO-ADD:0229721,ATCC 25922,11.38,32 ug/mL,0.0
17003,C(=O)(Oc1cccc(c1)\C=N\NC(CNC(=O)c2ccc(c(OC)c2)OC)=O)c3cccc(F)c3,COc1ccc(C(=O)NCC(=O)N/N=C/c2cccc(OC(=O)c3cccc(F)c3)c2)cc1OC,CO-ADD:0222257,ATCC 25922,0.39,32 ug/mL,0.0
17072,COc1ccc2nccc(NC(=O)C3CCN(CCc4ccc(Cl)cc4)CC3)c2n1,COc1ccc2nccc(NC(=O)C3CCN(CCc4ccc(Cl)cc4)CC3)c2n1,CO-ADD:0237270,ATCC 25922,15.03,20 uM,0.0
17074,N1(c2ccc(cc2)Br)C(=O)C(CC1=O)Nc(cc3)ccc3F,Oc1cc(Nc2ccc(F)cc2)c(O)n1-c1ccc(Br)cc1,CO-ADD:0236841,ATCC 25922,7.62,32 ug/mL,0.0
17078,N(OC(C1)=O)=C1c2ccc(cc2)Cl,O=c1cc(-c2ccc(Cl)cc2)[nH]o1,CO-ADD:0222666,ATCC 25922,14.24,32 ug/mL,0.0
17120,N1(c2ccc(cc2)OCCCC)C(=O)C(C3C1=O)CC(=C(C)C3)C,CCCCOc1ccc(-n2c(O)c3c(c2O)CC(C)=C(C)C3)cc1,CO-ADD:0307015,ATCC 25922,-2.36,32 ug/mL,0.0
17125,N1=C(N)C(F)=CN(CCC(OC)=O)C1=O,COC(=O)CCn1cc(F)c(N)nc1=O,CO-ADD:0306282,ATCC 25922,1.79,32 ug/mL,0.0
17191,C(NC(C)=O)(C(=O)c(cccc1)c1C2=O)=C2N(CC3)CCN3Cc(ccc(c45)OCO4)c5,CC(=O)N=C1C(=O)c2ccccc2C(=O)C1N1CCN(Cc2ccc3c(c2)OCO3)CC1,CO-ADD:0311962,ATCC 25922,4.32,32 ug/mL,0.0
17356,OCC(C)(C)[C@@H](O)C(NCCC(N(C)CCCCCCC)=O)=O,CCCCCCCN(C)C(=O)CCNC(=O)C(O)C(C)(C)CO,CO-ADD:0237012,ATCC 25922,-3.8,32 ug/mL,0.0
17359,[N+](=O)([O-])c1cc(ccc1Br)\C=N\c2ccc(cc2O)C,Cc1ccc(/N=C/c2ccc(Br)c([N+](=O)[O-])c2)c(O)c1,CO-ADD:0231658,ATCC 25922,-1.79,32 ug/mL,0.0
17370,[N+](=O)([O-])c(ccc(c1\C=N\c2cccc(Cl)c2Cl)O)c1,O=[N+]([O-])c1ccc(O)c(C=Nc2cccc(Cl)c2Cl)c1,CO-ADD:0222486,ATCC 25922,16.1,32 ug/mL,0.0
17392,c1(cc(Br)cc(\C=N/n(c2)cnn2)c1OCc3ccc(cc3Cl)Cl)[N+](=O)[O-],O=[N+]([O-])c1cc(Br)cc(/C=N\n2cnnc2)c1OCc1ccc(Cl)cc1Cl,CO-ADD:0249021,ATCC 25922,1.03,32 ug/mL,0.0
17401,O=C(N(CCCCCCCCCC)CCCCCCCCCC)C1(CCCCC1)C,CCCCCCCCCCN(CCCCCCCCCC)C(=O)C1(C)CCCCC1,CO-ADD:0155501,ATCC 25922,28.98,32 ug/mL,0.0
17404,N1(c2ccc(c(C)c2)C)C(=O)\C(=C\c(cc3Br)cc(c3O)Br)\C(NC1=S)=O,Cc1ccc(N2C(=O)C(=Cc3cc(Br)c(O)c(Br)c3)C(=O)NC2=S)cc1C,CO-ADD:0250234,ATCC 25922,-3.54,32 ug/mL,0.0
17409,c1(N(CC2)CCN2C)nc(N\N=C\C(\Br)=C\c3ccccc3)nc(Nc(cc4)ccc4[N+](=O)[O-])n1,CN1CCN(c2nc(NN=CC(Br)=Cc3ccccc3)nc(Nc3ccc([N+](=O)[O-])cc3)n2)CC1,CO-ADD:0162226,ATCC 25922,9.97,32 ug/mL,0.0
17412,S(=O)(=O)(c1c(Cl)ccc(Cl)c1)N2CCc(cccc3)c23,O=S(=O)(c1cc(Cl)ccc1Cl)N1CCc2ccccc21,CO-ADD:0249373,ATCC 25922,-9.19,32 ug/mL,0.0
17440,C12(c3c(NC1=O)ccc(C)c3)C(C#N)=C(N)OC(C)=C2C(OCC)=O,CCOC(=O)C1=C(C)OC(=N)C(C#N)C12C(=O)Nc1ccc(C)cc12,CO-ADD:0254835,ATCC 25922,13.67,32 ug/mL,0.0
17463,N#CC1=C([C-](C#N)C#N)NC(C2CC2)(O)C(C1C3=CC=CC=C3)[N+](C=CC=C4)=C4C,Cc1cccc[n+]1C1C(c2ccccc2)C(C#N)=C(C(C#N)C#N)NC1([O-])C1CC1,CO-ADD:0155018,ATCC 25922,8.99,32 ug/mL,0.0
17479,C1(C2=O)C(C(C=C3)OC13C)C(N2c4ccc(cc4)F)=O,CC12C=CC(O1)c1c2c(O)n(-c2ccc(F)cc2)c1O,CO-ADD:0250241,ATCC 25922,-1.18,32 ug/mL,0.0
17480,O=C(N(C1=C(Cl)C=C(Cl)C=C1)N=C/2C)C2=C\C3=CC=C(F)C=C3,CC1=NN(c2ccc(Cl)cc2Cl)C(=O)/C1=C/c1ccc(F)cc1,CO-ADD:0160635,ATCC 25922,15.13,32 ug/mL,0.0
17725,N1(CN(CC2)CCN2c(cc3)ccc3[N+](=O)[O-])C(=O)CCC1=O,O=[N+]([O-])c1ccc(N2CCN(Cn3c(O)ccc3O)CC2)cc1,CO-ADD:0257038,ATCC 25922,-3.11,32 ug/mL,0.0
17810,N(c1cccc(Br)c1)(C(=O)C(C23)C(C=C4)OC24CO)C3=O,OCC12C=CC(O1)c1c2c(O)n(-c2cccc(Br)c2)c1O,CO-ADD:0249551,ATCC 25922,10.27,32 ug/mL,0.0
17818,[N+](=O)([O-])c1c(Cl)ccc(c1)C(=O)Oc2cccc(cccn3)c23,O=C(Oc1cccc2cccnc12)c1ccc(Cl)c([N+](=O)[O-])c1,CO-ADD:0248045,ATCC 25922,39.66,32 ug/mL,0.0
17858,C1(C(=O)\C=C\c(cc2)ccc2OC)=C(c3ccccc3)c4c(ccc(Br)c4)NC1=O,COc1ccc(/C=C/C(=O)c2c(-c3ccccc3)c3cc(Br)ccc3[nH]c2=O)cc1,CO-ADD:0294564,ATCC 25922,6.04,32 ug/mL,0.0
18002,C12(C)C(C)(C)C(CC1OCC[N+](C)(C)CC(OCCC(C)C)=O)CC2.[Cl-],CC(C)CCOC(=O)C[N+](C)(C)CCOC1CC2CCC1(C)C2(C)C,CO-ADD:0293293,ATCC 25922,32.45,32 ug/mL,0.0
18034,c1([N+](=O)[O-])nnn(CC(C)=O)n1,CC(=O)Cn1nnc([N+](=O)[O-])n1,CO-ADD:0283484,ATCC 25922,45.0,32 ug/mL,0.0
18068,S1C(C)(CC(=O)NCc2ccccc2)NN=C1c3ccc(cc3)C,Cc1ccc(C2=NNC(C)(CC(=O)NCc3ccccc3)S2)cc1,CO-ADD:0301955,ATCC 25922,16.38,32 ug/mL,0.0
18091,C12(C(C)NCc3c(ccc(cccc4)c34)OCc5ccccc5)CC(CC6C1)CC(C6)C2,CC(NCc1c(OCc2ccccc2)ccc2ccccc12)C12CC3CC(CC(C3)C1)C2,CO-ADD:0301102,ATCC 25922,-8.87,32 ug/mL,0.0
18838,O=C(N/N=C/C1=CC=C(C=C1)C(OC)=O)C2OC(C=CC=C3)=C3OC2,COC(=O)c1ccc(C=NNC(=O)C2COc3ccccc3O2)cc1,CO-ADD:0155669,ATCC 25922,23.11,32 ug/mL,0.0
18859,C1(C#N)(C#N)[C@@H](c2cccs2)[C@@H](N3[C@@]1([H])c4c(cccc4)C=C3)C(C)=O,CC(=O)C1[C@H](c2cccs2)C(C#N)(C#N)[C@@H]2c3ccccc3C=CN12,CO-ADD:0236556,ATCC 25922,12.82,32 ug/mL,0.0
18880,c1(nnc(SCC)s1)NC(=O)c(cccc2[N+](=O)[O-])c2,CCSc1nnc(NC(=O)c2cccc([N+](=O)[O-])c2)s1,CO-ADD:0230974,ATCC 25922,11.31,32 ug/mL,0.0
18891,n1c2c(oc1c3ccc(cc3)\N=C\c(ccc(c4[N+](=O)[O-])Cl)c4)cccc2C,Cc1cccc2oc(-c3ccc(/N=C/c4ccc(Cl)c([N+](=O)[O-])c4)cc3)nc12,CO-ADD:0234220,ATCC 25922,-10.37,32 ug/mL,0.0
18892,c(\C=C(\C#N)/C#N)(c1Cl)sc(c1)Cl,N#CC(C#N)=Cc1sc(Cl)cc1Cl,CO-ADD:0227689,ATCC 25922,7.52,32 ug/mL,0.0
19043,c(\C=C\[N+](=O)[O-])(c1)cc(OCO2)c2c1OC,COc1cc(/C=C/[N+](=O)[O-])cc2c1OCO2,CO-ADD:0243592,ATCC 25922,-15.71,32 ug/mL,0.0
19253,ClCC(C=C1)=C2C(N=CC=C2)=C1OC,COc1ccc(CCl)c2cccnc12,CO-ADD:0149635,ATCC 25922,72.09,32 ug/mL,0.0
19324,c(cc(ccc1N(CC2)CCN2Cc(cc3)ccc3NC(CCl)=O)c4n1)cc4.Cl,O=C(CCl)Nc1ccc(CN2CCN(c3ccc4ccccc4n3)CC2)cc1,CO-ADD:0242968,ATCC 25922,0.42,32 ug/mL,0.0
19457,C#CCN(C1=NC(NCCCCC2CCN(CC3=CC=CC=C3)CC2)=C(C(C4=CC=CC=C4)=C1C#N)C#N)C.Cl,C#CCN(C)c1nc(NCCCCC2CCN(Cc3ccccc3)CC2)c(C#N)c(-c2ccccc2)c1C#N,CO-ADD:0149751,ATCC 25922,-18.94,32 ug/mL,0.0
19607,[N+](=O)([O-])\C(\C)=C\c(cc1OCC)cc(c1O)Br,CCOc1cc(/C=C(\C)[N+](=O)[O-])cc(Br)c1O,CO-ADD:0278568,ATCC 25922,1.96,32 ug/mL,0.0
19612,[N+](=O)([O-])c(ccc(c1\C=N\c(c(ccc2C(F)(F)F)OCC(F)(F)C(F)F)c2)O)c1,O=[N+]([O-])c1ccc(O)c(C=Nc2cc(C(F)(F)F)ccc2OCC(F)(F)C(F)F)c1,CO-ADD:0247811,ATCC 25922,10.57,32 ug/mL,0.0
19613,C(=O)(N\N=C(\CC)/CC)C(=O)Nc1ccc(cc1C)Cl,CCC(CC)=NNC(=O)C(=O)Nc1ccc(Cl)cc1C,CO-ADD:0283840,ATCC 25922,6.28,32 ug/mL,0.0
19700,n1c(Cl)c(Cl)c(c(Cl)c1N(CC2)CCCN2)C#N.Cl,N#Cc1c(Cl)c(Cl)nc(N2CCCNCC2)c1Cl,CO-ADD:0323306,ATCC 25922,11.76,32 ug/mL,0.0
19702,C(=C/c(cc1)ccc1OCc2ccccc2)(/C3=O)\C(=O)OC4(CCCC4)O3,O=C1OC2(CCCC2)OC(=O)C1=Cc1ccc(OCc2ccccc2)cc1,CO-ADD:0305439,ATCC 25922,2.25,32 ug/mL,0.0
19735,c1(cn[nH]c1C(=O)Nc2ccccc2[N+](=O)[O-])[N+](=O)[O-],O=C(Nc1ccccc1[N+](=O)[O-])c1[nH]ncc1[N+](=O)[O-],CO-ADD:0306153,ATCC 25922,6.54,32 ug/mL,0.0
19861,n1(c(c(cc2)ccc2[N+](=O)[O-])c(nn1)C(=O)N\N=C(\C)/Cn(nnc3[N+](=O)[O-])n3)c4nonc4N,C/C(Cn1nnc([N+](=O)[O-])n1)=N/NC(=O)c1nnn(-c2nonc2N)c1-c1ccc([N+](=O)[O-])cc1,CO-ADD:0254964,ATCC 25922,3.72,32 ug/mL,0.0
19894,N1(c2ccccc2Cl)C(=O)C=CC1=O,O=C1C=CC(=O)N1c1ccccc1Cl,CO-ADD:0283701,ATCC 25922,1.62,32 ug/mL,0.0
19897,CN1C=C(NC(C2=CC(NC(C3=CN=C(/C=C/C4=CC=C(OC)C=C4)C=C3)=O)=CN2C)=O)C=C1C(NCCN5CCC(OCCOC)CC5)=O,COCCOC1CCN(CCNC(=O)c2cc(NC(=O)c3cc(NC(=O)c4ccc(/C=C/c5ccc(OC)cc5)nc4)cn3C)cn2C)CC1,CO-ADD:0137590,ATCC 25922,1.89,32 ug/mL,0.0
19953,N1(C(=O)C=CC1=O)c(ccc(c2C(=O)Nc(ccc(c3C)C)c3)Cl)c2,Cc1ccc(NC(=O)c2cc(N3C(=O)C=CC3=O)ccc2Cl)cc1C,CO-ADD:0257338,ATCC 25922,3.82,32 ug/mL,0.0
19970,n1(N)c(C)nnc1N\N=C/c2c[nH]nc2c3ccccc3.Cl.Cl,Cc1nnc(NN=Cc2c[nH]nc2-c2ccccc2)n1N,CO-ADD:0257809,ATCC 25922,12.36,32 ug/mL,0.0
19996,N1(CNc2ccccc2C)N=C(OC1=S)c3ccc(cc3)C,Cc1ccc(-c2nn(CNc3ccccc3C)c(=S)o2)cc1,CO-ADD:0278345,ATCC 25922,3.91,32 ug/mL,0.0
20057,C1CCC(=C(S[H])SN2C(N)(CCCC3)C3)C2=C1,NC1(N2SC(=S)C3CCCC=C32)CCCCC1,CO-ADD:0136487,ATCC 25922,10.73,25 uM,0.0
20069,N(=Nc(c(C)nc1N=Nc(cccc2)c2)n1[H])c(cccc3)c3,Cc1[nH]c(N=Nc2ccccc2)nc1N=Nc1ccccc1,CO-ADD:0136325,ATCC 25922,0.31,25 uM,0.0
20081,N1(NC(=O)c(cc2)ccc2[N+](=O)[O-])C(=O)c3c(c(c4)C1=O)c(ccc3)c(c4[N+](=O)[O-])Br,O=C(NN1C(=O)c2cccc3c(Br)c([N+](=O)[O-])cc(c23)C1=O)c1ccc([N+](=O)[O-])cc1,CO-ADD:0166750,ATCC 25922,10.65,80 ug/mL,0.0
20083,S(=O)(=O)(c(cc1)ccc1[N+](=O)[O-])NC(C)C(=O)N\N=C\c(cc2)ccc2OC,COc1ccc(/C=N/NC(=O)C(C)NS(=O)(=O)c2ccc([N+](=O)[O-])cc2)cc1,CO-ADD:0222851,ATCC 25922,3.36,32 ug/mL,0.0
20089,N(c(cc1)ccc1\N=C\c2ccccc2O)=Nc3ccccc3,Oc1ccccc1C=Nc1ccc(N=Nc2ccccc2)cc1,CO-ADD:0219007,ATCC 25922,13.9,32 ug/mL,0.0
20099,c1(O)c(OCC)cc(cc1I)\C=N\NC(CNc(ccc(c23)cccc2)c3)=O,CCOc1cc(C=NNC(=O)CNc2ccc3ccccc3c2)cc(I)c1O,CO-ADD:0222233,ATCC 25922,10.61,32 ug/mL,0.0
20105,S(=O)(=O)(N(Cc(cc1)ccc1C)c2ccc(c(F)c2)F)c3cccn(cnn4)c34,Cc1ccc(CN(c2ccc(F)c(F)c2)S(=O)(=O)c2cccn3cnnc23)cc1,CO-ADD:0226125,ATCC 25922,-6.63,32 ug/mL; 64 ug/mL,0.0
20106,C(=O)(Nc1cccc(c1)\N=C\c(cc(Br)cc2Br)c2O)c3ccco3,O=C(Nc1cccc(N=Cc2cc(Br)cc(Br)c2O)c1)c1ccco1,CO-ADD:0221411,ATCC 25922,26.11,32 ug/mL,0.0
20107,S1C(c2ccccc2)=NNC1c3c(OC)ccc(c3)[N+](=O)[O-],COc1ccc([N+](=O)[O-])cc1C1NN=C(c2ccccc2)S1,CO-ADD:0229775,ATCC 25922,20.3,32 ug/mL,0.0
20207,CN1CCN(CC1)C(c2cccs2)c3c(C)[nH]c4ccccc34,Cc1[nH]c2ccccc2c1C(c1cccs1)N1CCN(C)CC1,CO-ADD:0237185,ATCC 25922,-0.18,20 uM,0.0
20225,c12c(cccc1NC(=O)C3(CCCCC3)C)C(=O)c(c4C2=O)cccc4,CC1(C(=O)Nc2cccc3c2C(=O)c2ccccc2C3=O)CCCCC1,CO-ADD:0235002,ATCC 25922,-1.24,32 ug/mL,0.0
20249,[N+](=O)([O-])c(ccc(c1\C=N\c2ccc(c(cccn3)c23)Br)O)c1,O=[N+]([O-])c1ccc(O)c(C=Nc2ccc(Br)c3cccnc23)c1,CO-ADD:0219110,ATCC 25922,20.16,32 ug/mL,0.0
20287,N1(CNc2cccc(Br)c2)C(=O)\C(\SC1=O)=C\c(cc3)ccc3C(OC)=O,COC(=O)c1ccc(/C=C2\SC(=O)N(CNc3cccc(Br)c3)C2=O)cc1,CO-ADD:0166447,ATCC 25922,-2.73,80 ug/mL,0.0
20291,[N+]1(C2=NON=C2N3CCCCC3)=NC4=NON=C4[N-]1,C1CCN(c2nonc2-[n+]2nc3nonc3[n-]2)CC1,CO-ADD:0157564,ATCC 25922,87.62,32 ug/mL,1.0
20308,C(CNc1ccccc1)(=O)N\N=C\c2cccc(OC)c2O,COc1cccc(C=NNC(=O)CNc2ccccc2)c1O,CO-ADD:0166628,ATCC 25922,32.86,80 ug/mL,0.0
20465,O=C(c1n(C)c([N+](=O)[O-])cn1)N(Cc2ccccc2)C,CN(Cc1ccccc1)C(=O)c1ncc([N+](=O)[O-])n1C,CO-ADD:0137727,ATCC 25922,0.53,32 ug/mL,0.0
20543,N1(c2c(OC1=S)cccc2)CS\C(\N)=N/c3ccccc3.Cl,N=C(Nc1ccccc1)SCn1c(=S)oc2ccccc21,CO-ADD:0240772,ATCC 25922,14.43,32 ug/mL,0.0
20574,S(=O)(=O)(c(ccc(c12)C(=O)c(c3C1=O)cccc3)c2)NC(C)c4ccccc4,CC(NS(=O)(=O)c1ccc2c(c1)C(=O)c1ccccc1C2=O)c1ccccc1,CO-ADD:0242596,ATCC 25922,0.43,32 ug/mL,0.0
20588,c1(N=Nc(ccc(c2C=O)O)c2)c(C)non1,Cc1nonc1N=Nc1ccc(O)c(C=O)c1,CO-ADD:0223507,ATCC 25922,11.54,32 ug/mL,0.0
20601,C(CCCCCCCC(=O)NCc1ccccc1)(=O)NCc2ccccc2,O=C(CCCCCCCC(=O)NCc1ccccc1)NCc1ccccc1,CO-ADD:0223775,ATCC 25922,-5.11,32 ug/mL,0.0
20620,c1(c(Br)cc(c(cccn2)c12)Br)OC(=O)c3ccccc3C,Cc1ccccc1C(=O)Oc1c(Br)cc(Br)c2cccnc12,CO-ADD:0228381,ATCC 25922,41.12,32 ug/mL,0.0
20637,N1(Nc2ccccc2)C(=O)CSC1=S,Oc1csc(=S)n1Nc1ccccc1,CO-ADD:0301765,ATCC 25922,10.61,32 ug/mL,0.0
20643,N1(c2ccccc2)C(=O)CC(N(C)Cc3ccccc3)C1=O,CN(Cc1ccccc1)c1cc(O)n(-c2ccccc2)c1O,CO-ADD:0228547,ATCC 25922,5.34,32 ug/mL,0.0
20701,c1(Oc(ccc(c2C)C)c2)cc(C#N)c(cc1Oc(ccc(c3C)C)c3)C#N,Cc1ccc(Oc2cc(C#N)c(C#N)cc2Oc2ccc(C)c(C)c2)cc1C,CO-ADD:0290500,ATCC 25922,11.33,32 ug/mL,0.0
20787,n1c(c(c(C=O)cc2)ccc1)c2O,O=Cc1ccc(O)c2ncccc12,CO-ADD:0135739,ATCC 25922,-6.26,25 uM,0.0
20791,[Cl-].C(/c(ccc(N(CC)CC)c1)c1)(c(ccc(N(CC)CC)c2)c2)=C(/C=CC3=[N+](CC)/CC)C=C3,CCN(CC)c1ccc(C(=C2C=CC(=[N+](CC)CC)C=C2)c2ccc(N(CC)CC)cc2)cc1,CO-ADD:0137075,ATCC 25922,99.21,25 uM,1.0
20874,c(cc(I)cc1I)(\C=N\c2c(cccn2)O)c1O,Oc1cccnc1N=Cc1cc(I)cc(I)c1O,CO-ADD:0231568,ATCC 25922,60.66,32 ug/mL,0.0
20878,S1(=O)(=O)c2c(C(NCc3ccccc3)=N1)ccc(c2)[N+](=O)[O-],O=[N+]([O-])c1ccc2c(c1)S(=O)(=O)N=C2NCc1ccccc1,CO-ADD:0232879,ATCC 25922,5.67,32 ug/mL,0.0
21276,C(=O)(Oc(cc1)ccc1\C=N\c(cc2)ccc2C(C)=O)c3cccc(Br)c3,CC(=O)c1ccc(/N=C/c2ccc(OC(=O)c3cccc(Br)c3)cc2)cc1,CO-ADD:0234565,ATCC 25922,6.62,32 ug/mL,0.0
21278,N1(CN(CC2)CCO2)c3c(SC1=S)cccc3,S=c1sc2ccccc2n1CN1CCOCC1,CO-ADD:0219113,ATCC 25922,10.24,32 ug/mL,0.0
21291,c1(N2)c(cc(c(Cl)c1Br)Cl)OC2=O,O=c1[nH]c2c(Br)c(Cl)c(Cl)cc2o1,CO-ADD:0221785,ATCC 25922,24.03,32 ug/mL,0.0
21294,N1(c2ccc(cc2)F)CC(CC1=O)C(=O)Nc(ccc(c3Cl)Cl)c3,O=C(Nc1ccc(Cl)c(Cl)c1)C1CC(=O)N(c2ccc(F)cc2)C1,CO-ADD:0221426,ATCC 25922,17.32,32 ug/mL,0.0
21337,N(=C/c(ccc(c1O)O)c1)/Nc(cc2)ccc2C,Cc1ccc(NN=Cc2ccc(O)c(O)c2)cc1,CO-ADD:0218592,ATCC 25922,-5.46,32 ug/mL,0.0
21416,c(cc1)ccc1N(C(c(cc2)ccn2)=NN3[C@H]4CC(=O)[C@H](O5)O[C@@H]4C5)C3=S,O=C1C[C@H](n2nc(-c3ccncc3)n(-c3ccccc3)c2=S)[C@H]2COC1O2,CO-ADD:0328527,ATCC 25922,2.07,32 ug/mL,0.0
21519,C(C(OC)=O)(C(F)(F)F)(Nc1sc2c(ccc(C(C)C)c2)n1)NC(=O)c3cccc(OC)c3,COC(=O)C(NC(=O)c1cccc(OC)c1)(Nc1nc2ccc(C(C)C)cc2s1)C(F)(F)F,CO-ADD:0328590,ATCC 25922,-11.33,32 ug/mL,0.0
21520,[N+](=O)([O-])c(c1)c(cccn2)c2c(O)c1CN(CC3C)CC(O3)C,CC1CN(Cc2cc([N+](=O)[O-])c3cccnc3c2O)CC(C)O1,CO-ADD:0319383,ATCC 25922,64.75,32 ug/mL,0.0
21535,C(C(OC)=O)(Nc1c(OC)ccc(Cl)c1)(C(F)(F)F)NC(=O)Nc(cc2)ccc2OC(F)(F)F,COC(=O)C(NC(=O)Nc1ccc(OC(F)(F)F)cc1)(Nc1cc(Cl)ccc1OC)C(F)(F)F,CO-ADD:0326570,ATCC 25922,-6.59,32 ug/mL,0.0
21575,CCOC(=O)CCC(=O)OC1C(OC2C(C)C(OC3CC(C)(OC)C(O)C(C)O3)C(C)C(=O)OC(CC)C(C)(O)C(O)C(C)C(=O)C(C)CC2(C)O)OC(C)CC1N(C)C,CCOC(=O)CCC(=O)OC1C(OC2C(C)C(OC3CC(C)(OC)C(O)C(C)O3)C(C)C(=O)OC(CC)C(C)(O)C(O)C(C)C(=O)C(C)CC2(C)O)OC(C)CC1N(C)C,CO-ADD:0165053,ATCC 25922,33.73,20 uM,0.0
21577,N1(c2ccc(cc2)NC(C)=O)C(=O)c(c3)c(c(c4)C1=O)c(cc3[N+](=O)[O-])cc4[N+](=O)[O-],CC(=O)Nc1ccc(N2C(=O)c3cc([N+](=O)[O-])cc4cc([N+](=O)[O-])cc(c34)C2=O)cc1,CO-ADD:0221530,ATCC 25922,7.5,32 ug/mL,0.0
21582,Oc1ncc(F)c(O)n1,O=c1[nH]cc(F)c(=O)[nH]1,CO-ADD:0165036,ATCC 25922,18.69,20 uM,0.0
21595,n1c2c(oc1c3cccc(c3)\N=C\c(cc(I)cc4I)c4O)cccc2C,Cc1cccc2oc(-c3cccc(N=Cc4cc(I)cc(I)c4O)c3)nc12,CO-ADD:0217539,ATCC 25922,7.82,32 ug/mL,0.0
21605,c1(SCC(=O)N\N=C\c(cc2)ccc2F)[nH]c(c3n1)cccc3,O=C(CSc1nc2ccccc2[nH]1)N/N=C/c1ccc(F)cc1,CO-ADD:0215025,ATCC 25922,22.17,32 ug/mL,0.0
21640,C1(C(N)=O)=CC=C(NC1=O)Nc(cc2)ccc2OC,COc1ccc(Nc2ccc(C(N)=O)c(=O)[nH]2)cc1,CO-ADD:0235676,ATCC 25922,12.15,32 ug/mL,0.0
21651,C(=O)(OC(C1CCN2CC1)C2)Nc3c(C)ccc(c3)NC(=O)OC(C4CCN5CC4)C5,Cc1ccc(NC(=O)OC2CN3CCC2CC3)cc1NC(=O)OC1CN2CCC1CC2,CO-ADD:0230350,ATCC 25922,1.43,32 ug/mL,0.0
21679,[O-][N+](C1=CC=C(/C=N/NC(COC2=C(C=CC=C2)[N+]([O-])=O)=O)O1)=O,O=C(COc1ccccc1[N+](=O)[O-])N/N=C/c1ccc([N+](=O)[O-])o1,CO-ADD:0156121,ATCC 25922,17.34,32 ug/mL,0.0
21685,c12c(c(cc(OC(NCCCC)=O)c1Cl)Cl)OC(=O)S2,CCCCNC(=O)Oc1cc(Cl)c2oc(=O)sc2c1Cl,CO-ADD:0235615,ATCC 25922,11.22,32 ug/mL,0.0
21689,c12c(cccn1)c(ccc2O)COC,COCc1ccc(O)c2ncccc12,CO-ADD:0223541,ATCC 25922,38.89,32 ug/mL,0.0
21910,NC1=C2C(CCCC2)=NC3=C1C4=CC(OC)=CC=C4N3,COc1ccc2[nH]c3nc4c(c(N)c3c2c1)CCCC4,CO-ADD:0149623,ATCC 25922,1.05,32 ug/mL,0.0
21938,[N+](=O)([O-])c(ccc(c1\C=N\c2cc(ccc2N3CCCCC3)C(F)(F)F)O)c1,O=[N+]([O-])c1ccc(O)c(C=Nc2cc(C(F)(F)F)ccc2N2CCCCC2)c1,CO-ADD:0240721,ATCC 25922,11.01,32 ug/mL,0.0
21959,n1(Cc2ccccc2)c3c(c(CC)c1NN=Nc(cc4)ccc4Br)cccc3.Cl,CCc1c(N=NNc2ccc(Br)cc2)n(Cc2ccccc2)c2ccccc12,CO-ADD:0242217,ATCC 25922,-2.8,32 ug/mL,0.0
21967,N1(c2ccc(c(C)c2)C)C(=O)\C(\C(C)=N1)=C/NNc3cccc(C)c3,Cc1cccc(NN=Cc2c(C)[nH]n(-c3ccc(C)c(C)c3)c2=O)c1,CO-ADD:0223513,ATCC 25922,14.85,32 ug/mL,0.0
21988,S1(=O)(=O)c2c(C(NC(C)(C)CC(C)(C)C)=N1)ccc(c2)[N+](=O)[O-],CC(C)(C)CC(C)(C)N=C1NS(=O)(=O)c2cc([N+](=O)[O-])ccc21,CO-ADD:0230021,ATCC 25922,9.76,32 ug/mL,0.0
22002,[N+](=O)([O-])c1cc(ccc1Br)\C=N\c(cc2)ccc2C,Cc1ccc(/N=C/c2ccc(Br)c([N+](=O)[O-])c2)cc1,CO-ADD:0235042,ATCC 25922,2.78,32 ug/mL,0.0
22005,[N+](=O)([O-])c1cc(ccc1Br)\C=N\c(ccc(c2C(O)=O)O)c2,O=C(O)c1cc(/N=C/c2ccc(Br)c([N+](=O)[O-])c2)ccc1O,CO-ADD:0235035,ATCC 25922,-1.38,32 ug/mL,0.0
22007,[N+](=O)([O-])c1cc(ccc1Br)\C=N\c2c(Cl)ccc(Cl)c2,O=[N+]([O-])c1cc(/C=N/c2cc(Cl)ccc2Cl)ccc1Br,CO-ADD:0235115,ATCC 25922,14.91,32 ug/mL,0.0
22081,ClC1=NC2=CC=C(C)C=C2C=C1C=O,Cc1ccc2nc(Cl)c(C=O)cc2c1,CO-ADD:0154588,ATCC 25922,18.24,32 ug/mL,0.0
22084,C(=O)(N\N=C\c1ccccc1OCC#C)C(C)Oc(cc2)ccc2Cl,C#CCOc1ccccc1/C=N/NC(=O)C(C)Oc1ccc(Cl)cc1,CO-ADD:0166626,ATCC 25922,-8.76,80 ug/mL,0.0
22096,N1(c2ccccc2)C(c3ccc(c(OC)c3)OCc(cc4)ccc4Cl)N(N=C1C(C)=O)c5ccccc5,COc1cc(C2N(c3ccccc3)N=C(C(C)=O)N2c2ccccc2)ccc1OCc1ccc(Cl)cc1,CO-ADD:0286169,ATCC 25922,-11.76,32 ug/mL,0.0
22121,c1(S2)c(cc(c(OC(=O)Nc3ccccc3)c1Br)Cl)OC2=O,O=C(Nc1ccccc1)Oc1c(Cl)cc2oc(=O)sc2c1Br,CO-ADD:0284653,ATCC 25922,9.15,32 ug/mL,0.0
22136,CCc1oc2ccccc2c1C(=O)c1cc(Br)c(O)c(Br)c1,CCc1oc2ccccc2c1C(=O)c1cc(Br)c(O)c(Br)c1,CO-ADD:0164762,ATCC 25922,2.44,20 uM,0.0
22147,c1(C(=O)N(CC2)CCO2)c(cc(cc1[N+](=O)[O-])[N+](=O)[O-])[N+](=O)[O-],O=C(c1c([N+](=O)[O-])cc([N+](=O)[O-])cc1[N+](=O)[O-])N1CCOCC1,CO-ADD:0286980,ATCC 25922,19.25,32 ug/mL,0.0
22149,N1(c2ccc(c(Cl)c2)Cl)C(c3ccccc3OCc4c(cccc4Cl)Cl)N(N=C1C(C)=O)c5ccccc5,CC(=O)C1=NN(c2ccccc2)C(c2ccccc2OCc2c(Cl)cccc2Cl)N1c1ccc(Cl)c(Cl)c1,CO-ADD:0286170,ATCC 25922,5.58,32 ug/mL,0.0
22196,[N+](=O)([O-])c1ccc(cc1NC(C)C23C[C@]4([H])C[C@](C[C@](C4)([H])C2)([H])C3)N(CC5)CCN5,CC(Nc1cc(N2CCNCC2)ccc1[N+](=O)[O-])C12C[C@H]3C[C@@H](C1)C[C@@H](C2)C3,CO-ADD:0299454,ATCC 25922,42.56,32 ug/mL,0.0
22200,N1(c2ccc(cc2)OC(F)(F)F)C(=O)CC(N(C)CCc(ccc(c3OC)OC)c3)C1=O,COc1ccc(CCN(C)c2cc(O)n(-c3ccc(OC(F)(F)F)cc3)c2O)cc1OC,CO-ADD:0293375,ATCC 25922,-7.37,32 ug/mL,0.0
22218,C1(=COc(c2C1=O)ccc(C)c2)C3SC[C@@H](C(O)=O)N3,Cc1ccc2occ(C3NC(C(=O)O)CS3)c(=O)c2c1,CO-ADD:0293373,ATCC 25922,4.06,32 ug/mL,0.0
22231,[nH](c(ccc(c1)Br)c1c2CCN)c2C,Cc1[nH]c2ccc(Br)cc2c1CCN,CO-ADD:0295552,ATCC 25922,20.59,32 ug/mL,0.0
22265,[N+](=O)([O-])c1cccc(\C=N\NC(COc2ccc(cc2Br)OC)=O)c1O,COc1ccc(OCC(=O)NN=Cc2cccc([N+](=O)[O-])c2O)c(Br)c1,CO-ADD:0163374,ATCC 25922,27.49,32 ug/mL,0.0
22279,C1(=S)NC2(NN1c3ccc(cc3)Cl)CCCCCC2,S=C1NC2(CCCCCC2)NN1c1ccc(Cl)cc1,CO-ADD:0302986,ATCC 25922,6.78,32 ug/mL,0.0
22287,[O-][N+](C1=CC(/C=N/C2=CC=C(C=C2)C(O3)=NC4=C3C=CC(C)=C4)=C(O)C=C1)=O,Cc1ccc2oc(-c3ccc(N=Cc4cc([N+](=O)[O-])ccc4O)cc3)nc2c1,CO-ADD:0156058,ATCC 25922,10.83,32 ug/mL,0.0
22304,c1(N(CC2)CCN2C)nc(N\N=C(/C)\c(cc3)ccc3[N+](=O)[O-])nc(Nc(cc4)ccc4[N+](=O)[O-])n1,C/C(=N\Nc1nc(Nc2ccc([N+](=O)[O-])cc2)nc(N2CCN(C)CC2)n1)c1ccc([N+](=O)[O-])cc1,CO-ADD:0162231,ATCC 25922,8.0,32 ug/mL,0.0
22310,[N+](=O)([O-])c1cccc(\C=N\NC(COc(cc2)ccc2C(C)(C)CC(C)(C)C)=O)c1O,CC(C)(C)CC(C)(C)c1ccc(OCC(=O)NN=Cc2cccc([N+](=O)[O-])c2O)cc1,CO-ADD:0162283,ATCC 25922,21.03,32 ug/mL,0.0
22493,C1(NN=C(c2ccccc2)S1)(c3c(N4Cc5cccc(cccc6)c56)cccc3)C4=O,O=C1N(Cc2cccc3ccccc23)c2ccccc2C12NN=C(c1ccccc1)S2,CO-ADD:0257676,ATCC 25922,13.37,32 ug/mL,0.0
22563,C1(C(c2ccc(c(O)c2)O)C3=C(O)c4c(cccc4)OC3=O)=C(O)c5c(cccc5)OC1=O,O=c1c(C(c2ccc(O)c(O)c2)c2c(O)oc3ccccc3c2=O)c(O)oc2ccccc12,CO-ADD:0148967,ATCC 25922,-18.03,32 ug/mL,0.0
22698,c1(C(=O)N(C)Cc2ccccc2)c(cc(cc1[N+](=O)[O-])N=[N+]=[N-])[N+](=O)[O-],CN(Cc1ccccc1)C(=O)c1c([N+](=O)[O-])cc(N=[N+]=[N-])cc1[N+](=O)[O-],CO-ADD:0295577,ATCC 25922,2.82,32 ug/mL,0.0
22734,c1(O)c(Br)cc(c(cccn2)c12)CN(C)C3CCCCC3,CN(Cc1cc(Br)c(O)c2ncccc12)C1CCCCC1,CO-ADD:0292251,ATCC 25922,31.95,32 ug/mL,0.0
22737,C12(O)C(=NNC(=S)N1)c(c3N2C(CC)=O)cc(cc3)C,CCC(=O)N1c2ccc(C)cc2C2=NNC(=S)NC21O,CO-ADD:0286079,ATCC 25922,4.0,32 ug/mL,0.0
22773,C1(c(c(ccc2)C(OC(C)(C)CC3)=C3C1=O)c2)=O,CC1(C)C=Cc2c(O)c(O)c3ccccc3c2O1,CO-ADD:0137185,ATCC 25922,-3.62,25 uM,0.0
22776,c1c(c(ccc2)ccc1Sc(ccc(nc(N)n3)c4c3N)c4)c2.c1c(c(ccc2)ccc1Sc(ccc(nc(N)n3)c4c3N)c4)c2.CCO,Nc1nc(N)c2cc(Sc3ccc4ccccc4c3)ccc2n1,CO-ADD:0136780,ATCC 25922,80.68,25 uM,1.0
22913,[se]1c2c(NC(=O)CC2c3cc(OC)c(OCO4)c4c3OC)nc1N,COc1cc(C2CC(=O)Nc3nc(N)[se]c32)c(OC)c2c1OCO2,CO-ADD:0148641,ATCC 25922,-3.51,32 ug/mL,0.0
22929,[se]1c2c(NC(=O)CC2c3cc(OC)c(OCO4)c4c3OC)nc1N,COc1cc(C2CC(=O)Nc3nc(N)[se]c32)c(OC)c2c1OCO2,CO-ADD:0148641,ATCC 25922,-10.82,32 ug/mL,0.0
22945,[se]1c2c(NC(=O)CC2c3cc(OC)c(OCO4)c4c3OC)nc1N,COc1cc(C2CC(=O)Nc3nc(N)[se]c32)c(OC)c2c1OCO2,CO-ADD:0243309,ATCC 25922,-3.51,32 ug/mL,0.0
22955,c12c(C(N(Cc3ccccc3)C=N1)=O)nnn2Cc4ccccc4,O=c1c2nnn(Cc3ccccc3)c2ncn1Cc1ccccc1,CO-ADD:0307003,ATCC 25922,8.27,32 ug/mL,0.0
23029,[se]1c2c(NC(=O)CC2c3cc(OC)c(OCO4)c4c3OC)nc1N,COc1cc(C2CC(=O)Nc3nc(N)[se]c32)c(OC)c2c1OCO2,CO-ADD:0243309,ATCC 25922,-10.82,32 ug/mL,0.0
23041,c12c(ccc(Cl)c1Cl)c(c(C)[nH]2)CCN,Cc1[nH]c2c(Cl)c(Cl)ccc2c1CCN,CO-ADD:0320553,ATCC 25922,31.2,32 ug/mL,0.0
23271,c1(O)c(cccc1\C=N/NC(CCCc(ccc(c2C)O)c2)=O)OC,COc1cccc(C=NNC(=O)CCCc2ccc(O)c(C)c2)c1O,CO-ADD:0165988,ATCC 25922,19.24,80 ug/mL,0.0
23284,C12(c3c(NC1=O)cccc3)C(C#N)=C(N)Oc4c2c(C)n[nH]4,Cc1[nH]nc2c1C1(C(=O)Nc3ccccc31)C(C#N)C(=N)O2,CO-ADD:0215407,ATCC 25922,10.34,32 ug/mL,0.0
23316,[N+](=O)([O-])c1ccc(cc1NCCOc(cc2)ccc2Cl)N(CC3)CCN3CCO,O=[N+]([O-])c1ccc(N2CCN(CCO)CC2)cc1NCCOc1ccc(Cl)cc1,CO-ADD:0232847,ATCC 25922,7.64,32 ug/mL,0.0
23320,c1(ccccc1NC(c2ccccc2)=O)C(OCCCCCCCCCC)=O,CCCCCCCCCCOC(=O)c1ccccc1NC(=O)c1ccccc1,CO-ADD:0220801,ATCC 25922,-4.21,32 ug/mL,0.0
23329,N1(c2ccccc2c3ccccc3)C(=O)c4c(cc(cc4)Oc(cc5)ccc5Oc(cccc6C(O)=O)c6)C1=O,O=C(O)c1cccc(Oc2ccc(Oc3ccc4c(c3)C(=O)N(c3ccccc3-c3ccccc3)C4=O)cc2)c1,CO-ADD:0221314,ATCC 25922,5.7,32 ug/mL,0.0
23331,[N+](=O)([O-])c1cccc(c1)\C=N\CCc(cc2)ccn2,O=[N+]([O-])c1cccc(/C=N/CCc2ccncc2)c1,CO-ADD:0229052,ATCC 25922,6.31,32 ug/mL,0.0
23335,[N+](=O)([O-])c1cc(ccc1Cl)\C=N\c(ccc(c23)OCCO2)c3,O=[N+]([O-])c1cc(/C=N/c2ccc3c(c2)OCCO3)ccc1Cl,CO-ADD:0222385,ATCC 25922,3.65,32 ug/mL,0.0
23337,c1(\C=N\O)c(cc(cc1[N+](=O)[O-])[N+](=O)[O-])[N+](=O)[O-],O=[N+]([O-])c1cc([N+](=O)[O-])c(C=NO)c([N+](=O)[O-])c1,CO-ADD:0218260,ATCC 25922,14.6,32 ug/mL,0.0
23376,[N+](=O)([O-])c(ccc(c1\C=N\c2n[nH]cn2)O)c1,O=[N+]([O-])c1ccc(O)c(C=Nc2nc[nH]n2)c1,CO-ADD:0222703,ATCC 25922,6.78,32 ug/mL,0.0
23383,C(=O)(C(c1ccc(cc1)Cl)c2ccc(cc2)Cl)Nc(cc3)ccc3NC(c4ccccc4)=O,O=C(Nc1ccc(NC(=O)C(c2ccc(Cl)cc2)c2ccc(Cl)cc2)cc1)c1ccccc1,CO-ADD:0221996,ATCC 25922,-1.12,32 ug/mL,0.0
23389,C(=O)(c1ccc(cc1)NC(=O)c2cccc(C)c2)Nc3ccccc3I,Cc1cccc(C(=O)Nc2ccc(C(=O)Nc3ccccc3I)cc2)c1,CO-ADD:0220868,ATCC 25922,-4.93,32 ug/mL,0.0
23405,[N+](=O)([O-])\C=C/c1ccccc1OCC(OCC)=O,CCOC(=O)COc1ccccc1/C=C\[N+](=O)[O-],CO-ADD:0242518,ATCC 25922,7.83,32 ug/mL,0.0
23417,C1C[C@](C)(C([C@H](O)CC(\C(=C(\C(O)=O)/CC\C=C(/C)\C)\[C@@H](OC(C)=O)C2)[C@]23C)[C@]3(C)CC4)C4[C@H](C)[C@@H]1O,CC(=O)O[C@H]1C[C@@]2(C)C(C[C@@H](O)C3[C@@]4(C)CC[C@@H](O)[C@@H](C)C4CC[C@@]32C)/C1=C(\CCC=C(C)C)C(=O)O,CO-ADD:0243995,ATCC 25922,6.27,32 ug/mL,0.0
23435,NC(C(C#N)=C1C2=CC=CC=C2)=NC(SC3=CC=CC=C3)=C1C#N,N#Cc1c(N)nc(Sc2ccccc2)c(C#N)c1-c1ccccc1,CO-ADD:0149683,ATCC 25922,-17.07,32 ug/mL,0.0
23438,C(=O)(C(O)=O)C(Cl)C(=O)c1ccc(cc1)Cl,O=C(O)C(=O)C(Cl)C(=O)c1ccc(Cl)cc1,CO-ADD:0244509,ATCC 25922,21.81,32 ug/mL,0.0
23449,CN1C=C(NC(C(C=C2)=CC=C2/C=C/C3=CC(OC)=CC=C3)=O)C=C1C(NC4=CN(C(C)C)C(C(NCCN5CCOCC5)=O)=C4)=O.OC(C(F)(F)F)=O,COc1cccc(/C=C/c2ccc(C(=O)Nc3cc(C(=O)Nc4cc(C(=O)NCCN5CCOCC5)n(C(C)C)c4)n(C)c3)cc2)c1,CO-ADD:0153071,ATCC 25922,-8.62,32 ug/mL,0.0
23666,C(=C\c(c(OC)ccc1[N+](=O)[O-])c1)(/C(=O)NC(N2)=S)\C2=O,COc1ccc([N+](=O)[O-])cc1C=C1C(=O)NC(=S)NC1=O,CO-ADD:0222926,ATCC 25922,6.61,32 ug/mL,0.0
23675,c1(C#N)c2c(sc1\N=C\c3ccc(cc3Cl)Cl)CCCC2,N#Cc1c(/N=C/c2ccc(Cl)cc2Cl)sc2c1CCCC2,CO-ADD:0245492,ATCC 25922,11.31,32 ug/mL,0.0
23681,N1(c2ccccc2)C(=O)CC(N3CCC(CC3)Cc4ccccc4)C1=O,Oc1cc(N2CCC(Cc3ccccc3)CC2)c(O)n1-c1ccccc1,CO-ADD:0240297,ATCC 25922,9.88,32 ug/mL,0.0
23684,[O-][N+](C1=CC([N+]([O-])=O)=CC(/C=N/C2=CC=CC3=CC=CN=C23)=C1O)=O,O=[N+]([O-])c1cc(C=Nc2cccc3cccnc23)c(O)c([N+](=O)[O-])c1,CO-ADD:0156209,ATCC 25922,14.78,32 ug/mL,0.0
23685,O=C(C(C1=CC=CC=C1)C2=CC=CC=C2)N/N=C/C3=CC=C(N(C)C)O3,CN(C)c1ccc(/C=N/NC(=O)C(c2ccccc2)c2ccccc2)o1,CO-ADD:0156098,ATCC 25922,13.28,32 ug/mL,0.0
23702,[O-][N+](C1=CC([N+]2=NOC([O-])=N2)=CC=C1)=O,O=C1NN(c2cccc([N+](=O)[O-])c2)NO1,CO-ADD:0156480,ATCC 25922,26.34,32 ug/mL,0.0
23718,OC1=C(C)C=CC(/N=C/C2=C(O)C=CC(Cl)=C2)=C1,Cc1ccc(N=Cc2cc(Cl)ccc2O)cc1O,CO-ADD:0157833,ATCC 25922,18.73,32 ug/mL,0.0
23726,O=C(C1=CC(C)=CC=C1)NC2=CC=C(C=C2)C(NCCCCCCCCCCC)=O,CCCCCCCCCCCNC(=O)c1ccc(NC(=O)c2cccc(C)c2)cc1,CO-ADD:0155604,ATCC 25922,43.02,32 ug/mL,0.0
23749,O=C(O)C(NCC(O)=O)CC(C1=CC=C(C)C=C1)=O,Cc1ccc(C(=O)CC(NCC(=O)O)C(=O)O)cc1,CO-ADD:0158794,ATCC 25922,13.79,32 ug/mL,0.0
23752,[N+](=O)([O-])c(cc(cc1[N+](=O)[O-])C(=O)Nc(cc2)ccn2)c1,O=C(Nc1ccncc1)c1cc([N+](=O)[O-])cc([N+](=O)[O-])c1,CO-ADD:0162102,ATCC 25922,22.53,32 ug/mL,0.0
23760,N1(CN2CCCCC2)C(=O)\C(\SC1=S)=C/c(cc3)ccc3[N+](=O)[O-],O=C1/C(=C\c2ccc([N+](=O)[O-])cc2)SC(=S)N1CN1CCCCC1,CO-ADD:0162145,ATCC 25922,19.49,32 ug/mL,0.0
23774,N(/c1cccc(Cl)c1C)=C\c2ccccc2OC(=O)\C=C\c(cc3)ccc3Br,Cc1c(Cl)cccc1/N=C/c1ccccc1OC(=O)/C=C/c1ccc(Br)cc1,CO-ADD:0166364,ATCC 25922,9.55,80 ug/mL,0.0
23777,C1(Oc2ccccc2)=C(Br)C(OC1=O)C[N+](=O)[O-],O=C1OC(C[N+](=O)[O-])C(Br)=C1Oc1ccccc1,CO-ADD:0235699,ATCC 25922,19.26,32 ug/mL,0.0
23782,C1(=O)c2c(c(cc(Br)c2)ccc3)c3C(=O)O1,O=C1OC(=O)c2cc(Br)cc3cccc1c23,CO-ADD:0223307,ATCC 25922,8.1,32 ug/mL,0.0
23802,N1(CNc2ccccc2C(OCC)=O)c3c(OC1=S)ccc(Cl)c3,CCOC(=O)c1ccccc1NCn1c(=S)oc2ccc(Cl)cc21,CO-ADD:0228397,ATCC 25922,18.66,32 ug/mL,0.0
23816,[N+](=O)([O-])c1cc(ccc1Br)\C=N\c2ccccc2C#N,N#Cc1ccccc1/N=C/c1ccc(Br)c([N+](=O)[O-])c1,CO-ADD:0235105,ATCC 25922,5.98,32 ug/mL,0.0
23820,c1(c(\C=N\NC(COc2ccccc2C#N)=O)ccc(O)c1OC)[N+](=O)[O-],COc1c(O)ccc(C=NNC(=O)COc2ccccc2C#N)c1[N+](=O)[O-],CO-ADD:0223225,ATCC 25922,5.52,32 ug/mL,0.0
23842,c(C1CC1)(n(c2C=O)Cc3ccccc3)nc2,O=Cc1cnc(C2CC2)n1Cc1ccccc1,CO-ADD:0288868,ATCC 25922,12.61,32 ug/mL,0.0
23867,c1(S(CC)(=O)=O)c(C(c2ccccc2)=O)n(c3c1S(CC)(=O)=O)ccc(c4ccccc4)c3,CCS(=O)(=O)c1c(S(=O)(=O)CC)c2cc(-c3ccccc3)ccn2c1C(=O)c1ccccc1,CO-ADD:0290491,ATCC 25922,12.64,32 ug/mL,0.0
23873,c1(C(=O)N(C)C)c(cc(cc1[N+](=O)[O-])F)[N+](=O)[O-].c2(c(F)cc(cc2[N+](=O)[O-])[N+](=O)[O-])C(=O)N(C)C,CN(C)C(=O)c1c(F)cc([N+](=O)[O-])cc1[N+](=O)[O-],CO-ADD:0287659,ATCC 25922,21.44,32 ug/mL,0.0
23893,[N+](=O)([O-])c1ccc(c2c1cccn2)NCCN,NCCNc1ccc([N+](=O)[O-])c2cccnc12,CO-ADD:0294587,ATCC 25922,94.21,32 ug/mL,1.0
23898,CC(N(C)c1ncc2c(N)nc(N)nc2n1)c3cc(Cl)cc(Cl)c3,CC(c1cc(Cl)cc(Cl)c1)N(C)c1ncc2c(N)nc(N)nc2n1,CO-ADD:0237275,ATCC 25922,18.01,20 uM,0.0
23916,P(=O)(N(C)C)(NNc1ccccc1)NNc2ccccc2,CN(C)P(=O)(NNc1ccccc1)NNc1ccccc1,CO-ADD:0293569,ATCC 25922,11.63,32 ug/mL,0.0
23923,[N+](=O)([O-])c1ccc(cc1N=[N+]=[N-])N(C)C,CN(C)c1ccc([N+](=O)[O-])c(N=[N+]=[N-])c1,CO-ADD:0294527,ATCC 25922,36.75,32 ug/mL,0.0
23938,c1(S(CCC)(=O)=O)c(C(c2ccccc2)=O)n3c(c4c(cc3)cccc4)c1S(CCC)(=O)=O,CCCS(=O)(=O)c1c(S(=O)(=O)CCC)c2c3ccccc3ccn2c1C(=O)c1ccccc1,CO-ADD:0290492,ATCC 25922,14.01,32 ug/mL,0.0
24196,c1(cc(C)ccc1O)\C=N\c(ccc(c2Cl)OC)c2,COc1ccc(N=Cc2cc(C)ccc2O)cc1Cl,CO-ADD:0222541,ATCC 25922,9.37,32 ug/mL,0.0
24200,c(Nc1ccccc1)(nc(N\N=C\c(ccc(c2OC)OC)c2)nc3Nc4ccccc4)n3,COc1ccc(/C=N/Nc2nc(Nc3ccccc3)nc(Nc3ccccc3)n2)cc1OC,CO-ADD:0222429,ATCC 25922,7.07,32 ug/mL,0.0
24209,C(CNc1ccccc1C)(=O)N\N=C\c(ccc(c2I)OC)c2,COc1ccc(/C=N/NC(=O)CNc2ccccc2C)cc1I,CO-ADD:0220786,ATCC 25922,8.91,32 ug/mL,0.0
24220,n1c(N2CCCC2)nc(nc1N(CC3)CCO3)N\N=C\c4cccc(Br)c4,Brc1cccc(/C=N/Nc2nc(N3CCCC3)nc(N3CCOCC3)n2)c1,CO-ADD:0221651,ATCC 25922,14.78,32 ug/mL,0.0
24224,c(cc(Cl)cc1Cl)(\C=N\c(ccc(c2C)C)c2)c1O,Cc1ccc(N=Cc2cc(Cl)cc(Cl)c2O)cc1C,CO-ADD:0222215,ATCC 25922,16.15,32 ug/mL,0.0
24246,c1(cc(O)ccc1O)\C(\C)=N\NC(CNC(=O)C(c2ccccc2)c3ccccc3)=O,CC(=NNC(=O)CNC(=O)C(c1ccccc1)c1ccccc1)c1cc(O)ccc1O,CO-ADD:0220632,ATCC 25922,-6.79,32 ug/mL,0.0
24277,c(c1)(c(cc(Cl)c1[N+](=O)[O-])Nc2ccccc2\N=C\c(c(O)ccc3[N+](=O)[O-])c3)[N+](=O)[O-],O=[N+]([O-])c1ccc(O)c(C=Nc2ccccc2Nc2cc(Cl)c([N+](=O)[O-])cc2[N+](=O)[O-])c1,CO-ADD:0236079,ATCC 25922,4.7,32 ug/mL,0.0
24281,c(cc(I)cc1I)(\C=N\c(cc2)ccc2C#N)c1O,N#Cc1ccc(N=Cc2cc(I)cc(I)c2O)cc1,CO-ADD:0219244,ATCC 25922,34.77,32 ug/mL,0.0
24287,c1(c(ccc(c1)[N+](=O)[O-])Sc2cccs2)[N+](=O)[O-],O=[N+]([O-])c1ccc(Sc2cccs2)c([N+](=O)[O-])c1,CO-ADD:0221210,ATCC 25922,5.08,32 ug/mL,0.0
24290,[N+](=O)([O-])c(c1)cc(c(O)c1\C=N\c2c(C)cccc2O)Br,Cc1cccc(O)c1N=Cc1cc([N+](=O)[O-])cc(Br)c1O,CO-ADD:0222545,ATCC 25922,26.21,32 ug/mL,0.0
24318,c1(C#N)c(C)c(C)c(nc1SCC(=O)Nc2cccc(c2)NC(C)=O)C,CC(=O)Nc1cccc(NC(=O)CSc2nc(C)c(C)c(C)c2C#N)c1,CO-ADD:0166675,ATCC 25922,2.93,80 ug/mL,0.0
24323,C1(C#N)(C#N)[C@H](c2ccc(c(OC)c2)OC)[C@H](N3[C@]1([H])C=Cc(c34)cc(cc4)Cl)C(c5ccccc5)=O,COc1ccc([C@@H]2C(C(=O)c3ccccc3)N3c4ccc(Cl)cc4C=C[C@@H]3C2(C#N)C#N)cc1OC,CO-ADD:0215160,ATCC 25922,-5.63,32 ug/mL,0.0
24332,C(NCCOc(cc1)ccc1OC)(=S)Nc2cccc(cccc3)c23,COc1ccc(OCCNC(=S)Nc2cccc3ccccc23)cc1,CO-ADD:0166520,ATCC 25922,-3.7,80 ug/mL,0.0
24337,CC1(C)SC2C(NC(=O)Cc3ccccc3)C(=O)N2C1C([O-])=O.[K+],CC1(C)SC2C(NC(=O)Cc3ccccc3)C(=O)N2C1C(=O)O,CO-ADD:0165045,ATCC 25922,8.29,20 uM,0.0
24342,C[C@H]1COc2c(N3CCN(C)CC3)c(F)cc3c2n1cc(C(O)=O)c3=O,C[C@H]1COc2c(N3CCN(C)CC3)c(F)cc3c(=O)c(C(=O)O)cn1c23,CO-ADD:0164602,ATCC 25922,99.45,20 uM,1.0
24386,C1(C(=O)N(C)C(N2C)=O)=C2OC(N)=C(C#N)C13c4c(NC3=O)cccc4,Cn1c2c(c(=O)n(C)c1=O)C1(C(=O)Nc3ccccc31)C(C#N)C(=N)O2,CO-ADD:0162635,ATCC 25922,9.98,32 ug/mL,0.0
24395,S=C(O1)N(CN2CCOCC2)N=C1C3=CC=CC=C3Cl,S=c1oc(-c2ccccc2Cl)nn1CN1CCOCC1,CO-ADD:0159731,ATCC 25922,24.46,32 ug/mL,0.0
24410,O=C1SC2=C(O1)C(C)=C(Br)C(OC(OCC)=O)=C2Br,CCOC(=O)Oc1c(Br)c(C)c2oc(=O)sc2c1Br,CO-ADD:0160005,ATCC 25922,14.82,32 ug/mL,0.0
24426,N#CC1=C(C)C(/C=N/NC2=CC=CC(Cl)=C2)=C(O)N3C1=NC4=CC=CC=C34,Cc1c(C=NNc2cccc(Cl)c2)c(=O)n2c([nH]c3ccccc32)c1C#N,CO-ADD:0155217,ATCC 25922,15.09,32 ug/mL,0.0
24445,[O-][N+](C1=CC(Cl)=C(C=C1)C2=CC=C(/C=N/NC3=NN=C(C)N3N)O2)=O.Cl,Cc1nnc(N/N=C/c2ccc(-c3ccc([N+](=O)[O-])cc3Cl)o2)n1N,CO-ADD:0156326,ATCC 25922,3.52,32 ug/mL,0.0
24454,N1(c2cccc(OC)c2)C(=O)CC(N3CCC(CC3)C)C1=O,COc1cccc(-n2c(O)cc(N3CCC(C)CC3)c2O)c1,CO-ADD:0235593,ATCC 25922,14.07,32 ug/mL,0.0
24456,N1(CNc2cccc(F)c2)C(=O)\C(\SC1=O)=C\c3ccccc3,O=C1S/C(=C\c2ccccc2)C(=O)N1CNc1cccc(F)c1,CO-ADD:0230351,ATCC 25922,-0.45,32 ug/mL,0.0
24471,C12(CC(CC13)C(C34)CCC4)NN=C(c5ccccc5O)S2,Oc1ccccc1C1=NNC2(CC3CC2C2CCCC32)S1,CO-ADD:0228442,ATCC 25922,3.27,32 ug/mL,0.0
24475,c1(ccccc1NC(c2ccccc2)=O)C(O)=O,O=C(Nc1ccccc1C(=O)O)c1ccccc1,CO-ADD:0228964,ATCC 25922,12.16,32 ug/mL,0.0
24480,N1(c2ccc(cc2)F)C(=O)CC(N(CC3)CCN3c4ccccc4OC)C1=O,COc1ccccc1N1CCN(c2cc(O)n(-c3ccc(F)cc3)c2O)CC1,CO-ADD:0228298,ATCC 25922,6.91,32 ug/mL,0.0
24494,S(=O)(=O)(c1ccc(cc1)\N=C\c(cc2)ccc2OC)Nc3cc(OC)ncn3,COc1ccc(/C=N/c2ccc(S(=O)(=O)Nc3cc(OC)ncn3)cc2)cc1,CO-ADD:0223328,ATCC 25922,87.03,32 ug/mL,1.0
24495,C(=C\c1ccccc1)/C(=O)c2ccc(cc2)\N=C\c(cc3)ccc3OC(C)=O,CC(=O)Oc1ccc(/C=N/c2ccc(C(=O)/C=C/c3ccccc3)cc2)cc1,CO-ADD:0235023,ATCC 25922,4.15,32 ug/mL,0.0
24499,O=C(NCCC(N)=N)C1=CC(NC(C2=CC(NC(C3=CC=CC=C3)=N)=CN2C)=O)=CN1C.OC(C(F)(F)F)=O.OC(C(F)(F)F)=O,Cn1cc(NC(=O)c2cc(N=C(N)c3ccccc3)cn2C)cc1C(=O)NCCC(=N)N,CO-ADD:0137562,ATCC 25922,6.02,32 ug/mL,0.0
24525,[nH](c(ccc(c1)Cl)c1c2CCN)c2C.Cl,Cc1[nH]c2ccc(Cl)cc2c1CCN,CO-ADD:0306203,ATCC 25922,23.74,32 ug/mL,0.0
24539,[N+](=O)([O-])c(cc1)cc(c1N(CC2)CCN2C(=O)c3ccc(cc3)F)F,O=C(c1ccc(F)cc1)N1CCN(c2ccc([N+](=O)[O-])cc2F)CC1,CO-ADD:0307059,ATCC 25922,-1.62,32 ug/mL,0.0
24582,c12c(CCNC1c3c(C)cc(c(C)c3)C)cc(c(OCC)c2)OCC,CCOc1cc2c(cc1OCC)C(c1cc(C)c(C)cc1C)NCC2,CO-ADD:0320538,ATCC 25922,-1.33,32 ug/mL,0.0
24635,C(C(OC)=O)(Nc1cccc(C)c1Cl)(C(F)(F)F)NC(=O)Nc(cc2)ccc2OC(F)(F)F,COC(=O)C(NC(=O)Nc1ccc(OC(F)(F)F)cc1)(Nc1cccc(C)c1Cl)C(F)(F)F,CO-ADD:0326568,ATCC 25922,-1.26,32 ug/mL,0.0
24676,C1(O)(c2ccc(cc2)OC)C=C(C(=O)N1c3ccccc3)O,COc1ccc(C2(O)CC(=O)C(=O)N2c2ccccc2)cc1,CO-ADD:0247777,ATCC 25922,-8.25,32 ug/mL,0.0
24690,O=C(NCCN1CCOCC1)C2=CC(NC(C3=CC(NC(C4=CC=C(/C=C/C5=CC6=C(C=CC=C6)N=C5)C=C4)=O)=CN3C)=O)=CN2CCCC7=CN(CCC8=CC=CC=C8)N=N7.OC(C(F)(F)F)=O,Cn1cc(NC(=O)c2ccc(/C=C/c3cnc4ccccc4c3)cc2)cc1C(=O)Nc1cc(C(=O)NCCN2CCOCC2)n(CCCc2cn(CCc3ccccc3)nn2)c1,CO-ADD:0137615,ATCC 25922,10.66,32 ug/mL,0.0
24700,C(=S)(c1ccc(c(O)c1)O)N(CC2)CCO2,Oc1ccc(C(=S)N2CCOCC2)cc1O,CO-ADD:0254589,ATCC 25922,7.18,32 ug/mL,0.0
24717,N1(c2cccc(OCC)c2)C(=O)CC(N(CC3)CCC3C(O)=O)C1=O,CCOc1cccc(-n2c(O)cc(N3CCC(C(=O)O)CC3)c2O)c1,CO-ADD:0254046,ATCC 25922,-12.71,32 ug/mL,0.0
24726,O=C(NCCN1CCOCC1)C2=CC(NC(C3=CC(NC(C4=CC=C(/C=C/C5=CC=CC(OC)=C5)C=C4)=O)=CN3C)=O)=CN2CCCC6=CN(CCC7=CC=CC=C7)N=N6.OC(C(F)(F)F)=O,COc1cccc(/C=C/c2ccc(C(=O)Nc3cc(C(=O)Nc4cc(C(=O)NCCN5CCOCC5)n(CCCc5cn(CCc6ccccc6)nn5)c4)n(C)c3)cc2)c1,CO-ADD:0137571,ATCC 25922,2.37,32 ug/mL,0.0
24741,COC(=O)Nc1nc2cc(ccc2[nH]1)C(=O)c1ccc(F)cc1,COC(=O)Nc1nc2cc(C(=O)c3ccc(F)cc3)ccc2[nH]1,CO-ADD:0164828,ATCC 25922,-0.39,20 uM,0.0
24751,N1(CNc2ccccc2C(OC)=O)C(=O)\C(\SC1=O)=C\c3cccc(F)c3,COC(=O)c1ccccc1NCN1C(=O)S/C(=C\c2cccc(F)c2)C1=O,CO-ADD:0231053,ATCC 25922,2.54,32 ug/mL,0.0
24761,[n+]1(CCCC)c(c2ccccc2)cc(cc1c3ccccc3)c4ccccc4,CCCC[n+]1c(-c2ccccc2)cc(-c2ccccc2)cc1-c1ccccc1,CO-ADD:0234365,ATCC 25922,16.16,32 ug/mL,0.0
24784,Clc1cccc2sc(nc12)N(CCCn3ccnc3)C(=O)c4occc4,O=C(c1ccco1)N(CCCn1ccnc1)c1nc2c(Cl)cccc2s1,CO-ADD:0237091,ATCC 25922,11.93,20 uM,0.0
24833,S(=O)(=O)(c1ccc(cc1)\N=C\c2cc(Br)ccc2O)c3ccc(cc3)\N=C\c(cc(Br)cc4Br)c4O,O=S(=O)(c1ccc(N=Cc2cc(Br)ccc2O)cc1)c1ccc(N=Cc2cc(Br)cc(Br)c2O)cc1,CO-ADD:0228929,ATCC 25922,9.69,32 ug/mL,0.0
24862,N1(CN2CCCCCC2)N=C(OC1=S)c3ccc(cc3)C,Cc1ccc(-c2nn(CN3CCCCCC3)c(=S)o2)cc1,CO-ADD:0250522,ATCC 25922,4.51,32 ug/mL,0.0
25612,N1(c2ccc(cc2)Cl)C(=O)CC(N(CC3)CCN3C=O)C1=O,O=CN1CCN(c2cc(O)n(-c3ccc(Cl)cc3)c2O)CC1,CO-ADD:0249547,ATCC 25922,13.48,32 ug/mL,0.0
25623,CN1C=C(NC(C(C=C2)=CC=C2/C=C/C3=CC(OC)=CC=C3)=O)C=C1C(NC4=CN(CCCC5=CC=CC=C5)C(C(NCCN6CCCCC6)=O)=C4)=O.OC(C(F)(F)F)=O,COc1cccc(/C=C/c2ccc(C(=O)Nc3cc(C(=O)Nc4cc(C(=O)NCCN5CCCCC5)n(CCCc5ccccc5)c4)n(C)c3)cc2)c1,CO-ADD:0137609,ATCC 25922,83.27,32 ug/mL,1.0
25624,N1(\N=C\c(cc(Br)cc2Br)c2O)C(=O)c3c(NC1(C)c(cccc4[N+](=O)[O-])c4)cccc3,CC1(c2cccc([N+](=O)[O-])c2)Nc2ccccc2C(=O)N1N=Cc1cc(Br)cc(Br)c1O,CO-ADD:0249091,ATCC 25922,43.13,32 ug/mL,0.0
25651,c1(cc(Br)ccc1NC(=O)c2cccc(OCC)c2)C(O)=O,CCOc1cccc(C(=O)Nc2ccc(Br)cc2C(=O)O)c1,CO-ADD:0302069,ATCC 25922,12.91,32 ug/mL,0.0
25666,[n+]1([O-])onc(ccc(c2)[N+](=O)[O-])c12,O=[N+]([O-])c1ccc2no[n+]([O-])c2c1,CO-ADD:0301039,ATCC 25922,96.24,32 ug/mL,1.0
25670,c1(cc(cc(cn2)c1[nH]2)[N+](=O)[O-])[N+](=O)[O-],O=[N+]([O-])c1cc([N+](=O)[O-])c2[nH]ncc2c1,CO-ADD:0305094,ATCC 25922,25.0,32 ug/mL,0.0
25724,N1(c2cccc(C)c2)N=NNC1=S,Cc1cccc(-n2[nH]nnc2=S)c1,CO-ADD:0249409,ATCC 25922,24.34,32 ug/mL,0.0
25775,N1(c2ccccc2)C(=O)CC(N3CCCC(CO)C3)C1=O,OCC1CCCN(c2cc(O)n(-c3ccccc3)c2O)C1,CO-ADD:0278621,ATCC 25922,9.05,32 ug/mL,0.0
25811,c(c1Cl)(C(=O)NCC#C)ccc([N+](=O)[O-])c1,C#CCNC(=O)c1ccc([N+](=O)[O-])cc1Cl,CO-ADD:0288820,ATCC 25922,11.12,32 ug/mL,0.0
25817,C(Cl)(Cl)(Cl)\C(\N)=C\C(=O)\C=C\c1cccs1,N=C(CC(=O)/C=C/c1cccs1)C(Cl)(Cl)Cl,CO-ADD:0290590,ATCC 25922,21.71,32 ug/mL,0.0
25921,C(CCc1ccccc1)(=O)Nc2cccc(F)c2,O=C(CCc1ccccc1)Nc1cccc(F)c1,CO-ADD:0220000,ATCC 25922,13.3,32 ug/mL,0.0
25989,C(=O)(C(c1ccccc1)c2ccccc2)NCC(=O)N\N=C\c3cc(Br)ccc3O,O=C(CNC(=O)C(c1ccccc1)c1ccccc1)NN=Cc1cc(Br)ccc1O,CO-ADD:0220440,ATCC 25922,23.43,32 ug/mL,0.0
26022,N1(c2ccc(cc2)OC)C(=O)CC(N(C)CCc(ccc(c3OC)OC)c3)C1=O,COc1ccc(-n2c(O)cc(N(C)CCc3ccc(OC)c(OC)c3)c2O)cc1,CO-ADD:0286490,ATCC 25922,14.72,32 ug/mL,0.0
26028,c1(cc(ccc1C(=O)OCc2ccc(cc2[N+](=O)[O-])[N+](=O)[O-])[N+](=O)[O-])[N+](=O)[O-],O=C(OCc1ccc([N+](=O)[O-])cc1[N+](=O)[O-])c1ccc([N+](=O)[O-])cc1[N+](=O)[O-],CO-ADD:0221535,ATCC 25922,13.2,32 ug/mL,0.0
26029,c(cc(I)cc1I)(\C=N\c2cccc(OC)c2)c1O,COc1cccc(N=Cc2cc(I)cc(I)c2O)c1,CO-ADD:0229439,ATCC 25922,36.63,32 ug/mL,0.0
26033,S1(=O)c2c(C(=O)N1c3ccccc3)ccc(c2)[N+](=O)[O-],O=c1c2ccc([N+](=O)[O-])cc2[s+]([O-])n1-c1ccccc1,CO-ADD:0295526,ATCC 25922,10.09,32 ug/mL,0.0
26057,[N+](=O)([O-])c(cc1)ccc1C(=O)Oc2ccccc2\C=N\NC(CNc(cc3)ccc3C)=O,Cc1ccc(NCC(=O)N/N=C/c2ccccc2OC(=O)c2ccc([N+](=O)[O-])cc2)cc1,CO-ADD:0220350,ATCC 25922,7.8,32 ug/mL,0.0
26075,c1(N(CC2)CCO2)nc(N\N=C\C(\Br)=C\c3ccccc3)nc(Nc(cc4)ccc4C)n1,Cc1ccc(Nc2nc(NN=CC(Br)=Cc3ccccc3)nc(N3CCOCC3)n2)cc1,CO-ADD:0220704,ATCC 25922,23.75,32 ug/mL,0.0
26104,S(=O)(=O)(c1ccc(cc1)C)N\N=C\c(cc2)ccc2C#N,Cc1ccc(S(=O)(=O)N/N=C/c2ccc(C#N)cc2)cc1,CO-ADD:0166563,ATCC 25922,8.79,80 ug/mL,0.0
26106,O=C(N/N=C(C)\CC(NCC1=CN=CC=C1)=O)C(NCC(C)C)=O,CC(CC(=O)NCc1cccnc1)=NNC(=O)C(=O)NCC(C)C,CO-ADD:0158142,ATCC 25922,14.24,32 ug/mL,0.0
26108,c1(cc(Br)ccc1O)C(=O)N\N=C\c2c(O)ccc(cccc3)c23,O=C(NN=Cc1c(O)ccc2ccccc12)c1cc(Br)ccc1O,CO-ADD:0218215,ATCC 25922,25.55,32 ug/mL,0.0
26122,[N+](=O)([O-])c1c(Cl)ccc(c1)c2ccc(\C=N\c(ccc(c3Cl)C)c3)o2,Cc1ccc(/N=C/c2ccc(-c3ccc(Cl)c([N+](=O)[O-])c3)o2)cc1Cl,CO-ADD:0217499,ATCC 25922,-2.12,32 ug/mL,0.0
26125,C(C#N)(C1c2cccc(c2)OCc3ccccc3)=C(N)SC(N)=C1C#N,N#CC1C(=N)SC(=N)C(C#N)C1c1cccc(OCc2ccccc2)c1,CO-ADD:0166664,ATCC 25922,8.1,80 ug/mL,0.0
26134,O=C(/C1=C/C2=C(OC)C(Cl)=CC(Cl)=C2)N(N=C1C)C3=CC(F)=CC=C3,COc1c(Cl)cc(Cl)cc1/C=C1/C(=O)N(c2cccc(F)c2)N=C1C,CO-ADD:0157420,ATCC 25922,22.36,32 ug/mL,0.0
26135,S(=O)(=O)(c(cc1)ccc1[N+](=O)[O-])Oc2ccc(c3c2\C=N\c4cccc(C)c4)cccc3,Cc1cccc(/N=C/c2c(OS(=O)(=O)c3ccc([N+](=O)[O-])cc3)ccc3ccccc23)c1,CO-ADD:0217024,ATCC 25922,1.03,32 ug/mL,0.0
26207,c1(c2ccc(cc2)I)ccc(\C=N\NC(=O)c(cccn3)c3)o1,O=C(N/N=C/c1ccc(-c2ccc(I)cc2)o1)c1cccnc1,CO-ADD:0217398,ATCC 25922,-1.25,32 ug/mL,0.0
26251,N1(C(OCC)=O)c2c(OC1=S)ccc(Cl)c2,CCOC(=O)n1c(=S)oc2ccc(Cl)cc21,CO-ADD:0161511,ATCC 25922,4.01,32 ug/mL,0.0
26270,O=C(S/1)N(CNC2=CC=CC(C)=C2)C(C1=C\C3=CC=CC(F)=C3)=O,Cc1cccc(NCN2C(=O)S/C(=C\c3cccc(F)c3)C2=O)c1,CO-ADD:0159791,ATCC 25922,19.77,32 ug/mL,0.0
26272,O=C(S/1)N(CNC(C=C2)=CC=C2C)C(C1=C/C3=CC(F)=CC=C3)=O,Cc1ccc(NCN2C(=O)S/C(=C/c3cccc(F)c3)C2=O)cc1,CO-ADD:0159792,ATCC 25922,2.31,32 ug/mL,0.0
26278,O=C(N/N=C/C1=CC=CC(OC(C2=CC=CC(F)=C2)=O)=C1)/C(NC(C3=CC=CC=C3)=O)=C\C4=CC=C(C=C4)N(C)C,CN(C)c1ccc(CC(=NC(=O)c2ccccc2)C(=O)N/N=C/c2cccc(OC(=O)c3cccc(F)c3)c2)cc1,CO-ADD:0158693,ATCC 25922,-9.79,32 ug/mL,0.0
26284,N1(CN2CCCCC2)C(=S)OC(c3ccccc3Cl)=N1,S=c1oc(-c2ccccc2Cl)nn1CN1CCCCC1,CO-ADD:0162477,ATCC 25922,32.44,32 ug/mL,0.0
26295,C(C#N)(=C(N)SC(=C1C#N)N)C1c2cc(OCC)ccc2OCC,CCOc1ccc(OCC)c(C2C(C#N)C(=N)SC(=N)C2C#N)c1,CO-ADD:0162729,ATCC 25922,15.76,32 ug/mL,0.0
26435,CN(C(CN(CC1=CN(C2=CC=CC=C2)N=N1)C)=C3)C(C3=C4)=CC=C4OCCCC5CCN(CC6=CC=CC=C6)CC5.Cl,CN(Cc1cn(-c2ccccc2)nn1)Cc1cc2cc(OCCCC3CCN(Cc4ccccc4)CC3)ccc2n1C,CO-ADD:0149604,ATCC 25922,-17.3,32 ug/mL,0.0
26436,NC(OC1=C2C(C=CC=C3)=C3C=C1)=C(C2C4=CC=C(C=C4)[N+]([O-])=O)C#N,N#CC1C(=N)Oc2ccc3ccccc3c2C1c1ccc([N+](=O)[O-])cc1,CO-ADD:0149756,ATCC 25922,-10.47,32 ug/mL,0.0
26440,O=C1/C(N=C(C2=CC=C(I)C=C2)O1)=C\C3=CC(OC)=C(C(OC)=C3)OC,COc1cc(/C=C2/N=C(c3ccc(I)cc3)OC2=O)cc(OC)c1OC,CO-ADD:0156077,ATCC 25922,11.5,32 ug/mL,0.0
26475,S(=O)(=O)(NC(C)(CC)C#C)c1ccc(c(C)c1C)C,C#CC(C)(CC)NS(=O)(=O)c1ccc(C)c(C)c1C,CO-ADD:0324666,ATCC 25922,-2.21,32 ug/mL,0.0
26520,c1(c(Br)cc(c(F)c1)N2CCCC2)[N+](=O)[O-],O=[N+]([O-])c1cc(F)c(N2CCCC2)cc1Br,CO-ADD:0306213,ATCC 25922,2.42,32 ug/mL,0.0
26551,O=C1C(C(C2=C1C=CC=C2)=N3)=NC4=C3C=CC=C4,O=C1c2ccccc2-c2nc3ccccc3nc21,CO-ADD:0160489,ATCC 25922,-1.02,32 ug/mL,0.0
26560,N#CC(C#N)=CC1=CC([N+]([O-])=O)=CC=C1,N#CC(C#N)=Cc1cccc([N+](=O)[O-])c1,CO-ADD:0154533,ATCC 25922,6.67,32 ug/mL,0.0
26568,[O-][N+](C1=C(Cl)C=C(Cl)C(/C=C2C(N/C(S\2)=N/N=C/C3=CC(I)=CC(I)=C3O)=O)=C1)=O,O=C1N=C(NN=Cc2cc(I)cc(I)c2O)SC1=Cc1cc([N+](=O)[O-])c(Cl)cc1Cl,CO-ADD:0160449,ATCC 25922,16.56,32 ug/mL,0.0
26572,S=C(S/1)N(CNC2=CC=C(C(Cl)=C2)Cl)C(C1=C\C(C(Cl)=C3)=CC=C3Cl)=O,O=C1/C(=C/c2ccc(Cl)cc2Cl)SC(=S)N1CNc1ccc(Cl)c(Cl)c1,CO-ADD:0155503,ATCC 25922,13.36,32 ug/mL,0.0
26596,c1(C#N)c(SCCN2CCCCCC2)nc(cc1c3ccccc3OC)c4ccccc4,COc1ccccc1-c1cc(-c2ccccc2)nc(SCCN2CCCCCC2)c1C#N,CO-ADD:0242359,ATCC 25922,3.16,32 ug/mL,0.0
26700,S(=O)(=O)(NCc(cccn1)c1)c(ccc(c23)C(=O)c4c(cccc4)C2=O)c3,O=C1c2ccccc2C(=O)c2cc(S(=O)(=O)NCc3cccnc3)ccc21,CO-ADD:0245651,ATCC 25922,-1.05,32 ug/mL,0.0
26743,N1(\N=C\C=C\c(ccc2[N+](=O)[O-])o2)C(=S)SC(C)(C)C1N(O)C(=O)NC3CCCCC3,CC1(C)SC(=S)N(/N=C/C=C/c2ccc([N+](=O)[O-])o2)C1N(O)C(=O)NC1CCCCC1,CO-ADD:0228487,ATCC 25922,12.81,32 ug/mL,0.0
26755,n([C@H]1C(=O)C=C(C[C@@H]1c2cccs2)c3ccccc3)(nnc4[N+](=O)[O-])n4,O=C1C=C(c2ccccc2)C[C@H](c2cccs2)C1n1nnc([N+](=O)[O-])n1,CO-ADD:0235409,ATCC 25922,3.41,32 ug/mL,0.0
26775,c1(nc(c2C(OC)=O)CSC(N)=[N+]([H])[H])n2c3c(cccc3)n1Cc4ccccc4.[Br-],COC(=O)c1c(CSC(=N)N)nc2n(Cc3ccccc3)c3ccccc3n12,CO-ADD:0285737,ATCC 25922,21.7,32 ug/mL,0.0
26804,N1(c2ccccc2)C(=O)CC(N3CCCCC3CC)C1=O,CCC1CCCCN1c1cc(O)n(-c2ccccc2)c1O,CO-ADD:0283528,ATCC 25922,6.25,32 ug/mL,0.0
26831,c1(c(Br)cc(c(cccn2)c12)Br)OC(=O)c3ccco3,O=C(Oc1c(Br)cc(Br)c2cccnc12)c1ccco1,CO-ADD:0290952,ATCC 25922,14.56,32 ug/mL,0.0
26849,c1(C(OCC)=O)c2c(n(c3ccccc3)c1CSc4ccccc4)cc(Br)c(O)c2CN(C)C.Cl,CCOC(=O)c1c(CSc2ccccc2)n(-c2ccccc2)c2cc(Br)c(O)c(CN(C)C)c12,CO-ADD:0284106,ATCC 25922,6.23,32 ug/mL,0.0
26861,CN1C=C(NC(C2=CC(NC(C3=CC=C(/C=C/C4=CC=C(OC)C=C4)C=C3)=O)=CN2C)=O)C=C1C(NCCN5CCC(OC)CC5)=O.OC(C(F)(F)F)=O,COc1ccc(/C=C/c2ccc(C(=O)Nc3cc(C(=O)Nc4cc(C(=O)NCCN5CCC(OC)CC5)n(C)c4)n(C)c3)cc2)cc1,CO-ADD:0137592,ATCC 25922,1.28,32 ug/mL,0.0
26868,[N+](=O)([O-])c(cc1)ccc1C2OCOCC2Br,O=[N+]([O-])c1ccc(C2OCOCC2Br)cc1,CO-ADD:0290693,ATCC 25922,1.97,32 ug/mL,0.0
26878,C1(=O)N(C)Sc2c1ccc(c2)[N+](=O)[O-],Cn1sc2cc([N+](=O)[O-])ccc2c1=O,CO-ADD:0296144,ATCC 25922,16.42,32 ug/mL,0.0
26885,[nH]1c(C)c(c(cccc2F)c12)CCN,Cc1[nH]c2c(F)cccc2c1CCN,CO-ADD:0293676,ATCC 25922,10.89,32 ug/mL,0.0
26913,C(=N/NC(=O)Cc1csc(N)n1)(/c2c(N3CC=C)cccc2)\C3=O,C=CCn1c(O)c(N=NC(=O)Cc2csc(N)n2)c2ccccc21,CO-ADD:0293578,ATCC 25922,8.44,32 ug/mL,0.0
26919,C1(=O)N(c2ccc(cc2)OC(Cl)(F)F)Sc(cc(cc3[N+](=O)[O-])[N+](=O)[O-])c13,O=c1c2c([N+](=O)[O-])cc([N+](=O)[O-])cc2sn1-c1ccc(OC(F)(F)Cl)cc1,CO-ADD:0285717,ATCC 25922,8.87,32 ug/mL,0.0
26928,c(cc(cc1[N+](=O)[O-])[N+](=O)[O-])(c1CCO)[N+](=O)[O-],O=[N+]([O-])c1cc([N+](=O)[O-])c(CCO)c([N+](=O)[O-])c1,CO-ADD:0290456,ATCC 25922,4.88,32 ug/mL,0.0
26947,C(/c(cc(OCC)cc1)c12)(\C(=S)C(N2C(CCCC)=O)(C)C)=C(/S3)\SC(=C3C(OC)=O)C(OC)=O,CCCCC(=O)N1c2ccc(OCC)cc2C(=C2SC(C(=O)OC)=C(C(=O)OC)S2)C(=S)C1(C)C,CO-ADD:0291537,ATCC 25922,-2.05,32 ug/mL,0.0
26975,N1(c(cc2)ccc2N(C)C)C(c3c(ccc(cccc4)c34)OCc(cc5)ccc5Cl)N(N=C1C(C)=O)c6ccc(cc6)C,CC(=O)C1=NN(c2ccc(C)cc2)C(c2c(OCc3ccc(Cl)cc3)ccc3ccccc23)N1c1ccc(N(C)C)cc1,CO-ADD:0301114,ATCC 25922,-15.44,32 ug/mL,0.0
26987,c1(cnn2CN3CCCOC3)c2cc(cc1[N+](=O)[O-])[N+](=O)[O-],O=[N+]([O-])c1cc([N+](=O)[O-])c2cnn(CN3CCCOC3)c2c1,CO-ADD:0304302,ATCC 25922,22.64,32 ug/mL,0.0
27006,N1(C)C(=S)c([nH]c(SC2CCCN(CC)C2)n3)c3N(C)C1=O,CCN1CCCC(Sc2nc3c(=S)n(C)c(=O)n(C)c3[nH]2)C1,CO-ADD:0136694,ATCC 25922,-2.21,25 uM,0.0
27236,C(=O)(C(c1ccccc1)c2ccccc2)NCC(=O)N\N=C\c3cc(C)ccc3O,Cc1ccc(O)c(C=NNC(=O)CNC(=O)C(c2ccccc2)c2ccccc2)c1,CO-ADD:0220456,ATCC 25922,4.81,32 ug/mL,0.0
27241,c1(OCC(=O)N\N=C\c(cc2OC)cc(c2O)OC)c(Br)cc(cc1Br)Br,COc1cc(C=NNC(=O)COc2c(Br)cc(Br)cc2Br)cc(OC)c1O,CO-ADD:0220593,ATCC 25922,-6.92,32 ug/mL,0.0
27246,C(NCCOc1ccccc1F)(=O)Nc(cc2)ccc2Br,O=C(NCCOc1ccccc1F)Nc1ccc(Br)cc1,CO-ADD:0221753,ATCC 25922,-7.03,32 ug/mL,0.0
27249,N1(CNc2ccccc2)C(=O)\C(\SC1=O)=C/c3ccc(C)o3,Cc1ccc(/C=C2/SC(=O)N(CNc3ccccc3)C2=O)o1,CO-ADD:0221860,ATCC 25922,4.14,32 ug/mL,0.0
27265,c1(ccc(C(=O)Oc2ccc(cc2\C=N/NC(COc3ccccc3C#N)=O)Br)o1)[N+](=O)[O-],N#Cc1ccccc1OCC(=O)N/N=C\c1cc(Br)ccc1OC(=O)c1ccc([N+](=O)[O-])o1,CO-ADD:0234967,ATCC 25922,27.74,32 ug/mL,0.0
27266,c(cc(Br)cc1Br)(\C=N\c2cc(CC)ccc2O)c1O,CCc1ccc(O)c(N=Cc2cc(Br)cc(Br)c2O)c1,CO-ADD:0227211,ATCC 25922,26.44,32 ug/mL,0.0
27273,[N+](=O)([O-])c1ccccc1OCC(=O)N\N=C\c(c2)c(ccc2[N+](=O)[O-])OC(=O)c3cccc(Br)c3,O=C(COc1ccccc1[N+](=O)[O-])N/N=C/c1cc([N+](=O)[O-])ccc1OC(=O)c1cccc(Br)c1,CO-ADD:0234826,ATCC 25922,19.21,32 ug/mL,0.0
27319,C(CSCc(cc1)ccc1Cl)(=O)N\N=C\c2cccc(OC)c2O,COc1cccc(C=NNC(=O)CSCc2ccc(Cl)cc2)c1O,CO-ADD:0219760,ATCC 25922,27.56,32 ug/mL,0.0
27571,[O-][N+](C(C=C1)=CC=C1C(C(C2=CC=C(C=C2)[N+]([O-])=O)=O)=O)=O,O=C(C(=O)c1ccc([N+](=O)[O-])cc1)c1ccc([N+](=O)[O-])cc1,CO-ADD:0156514,ATCC 25922,6.43,32 ug/mL,0.0
27595,C(c1ccc(cc1Cl)Cl)(OC(N2CO)=S)=N2,OCn1nc(-c2ccc(Cl)cc2Cl)oc1=S,CO-ADD:0242084,ATCC 25922,4.77,32 ug/mL,0.0
27597,N(=C(N\N=C\c1ccc(cc1O)O)NN=C2Cc3ccccc3)C2=O,O=c1[nH]c(NN=Cc2ccc(O)cc2O)nnc1Cc1ccccc1,CO-ADD:0242765,ATCC 25922,27.16,32 ug/mL,0.0
27603,[N+](=O)([O-])c(cc1)ccc1C2SCCN2,O=[N+]([O-])c1ccc(C2NCCS2)cc1,CO-ADD:0246202,ATCC 25922,10.36,32 ug/mL,0.0
27608,CN1C=C(NC(C2=CC=C(/C=C/C3=CC=C(C=CC=C4)C4=N3)C=C2)=O)C=C1C(NC5=CN(C)C(C(NCCN6CCOCC6)=O)=C5)=O.OC(C(F)(F)F)=O,Cn1cc(NC(=O)c2cc(NC(=O)c3ccc(/C=C/c4ccc5ccccc5n4)cc3)cn2C)cc1C(=O)NCCN1CCOCC1,CO-ADD:0153096,ATCC 25922,-54.04,32 ug/mL,0.0
27615,S(c1ccccc1)(=O)(=O)N(CC(=O)NC2CCCC2)c3c(OC)ccc(OC)c3,COc1ccc(OC)c(N(CC(=O)NC2CCCC2)S(=O)(=O)c2ccccc2)c1,CO-ADD:0245715,ATCC 25922,8.02,32 ug/mL,0.0
27648,C#CCN(CC1=CC2=CC(OCC3=CC=CC=C3)=CC=C2N1[H])C.O=C(O)C(O)=O,C#CCN(C)Cc1cc2cc(OCc3ccccc3)ccc2[nH]1,CO-ADD:0149873,ATCC 25922,-16.16,32 ug/mL,0.0
27685,c1(ccc(\C=N\NC(=O)c2ccc(cc2)OC)o1)Sc3cccc(cccn4)c34,COc1ccc(C(=O)N/N=C/c2ccc(Sc3cccc4cccnc34)o2)cc1,CO-ADD:0232800,ATCC 25922,-0.26,32 ug/mL,0.0
27698,C(=C(/C#N)\C#N)(/c(cccc1[N+](=O)[O-])c12)\c3c2ccc(c3)[N+](=O)[O-],N#CC(C#N)=C1c2cc([N+](=O)[O-])ccc2-c2c1cccc2[N+](=O)[O-],CO-ADD:0230889,ATCC 25922,5.99,32 ug/mL,0.0
27711,N1(c2ccc(cc2)OC)C(=O)C(CC1=O)S\C(\NC)=N\c3cccc(Cl)c3,CN=C(Nc1cccc(Cl)c1)Sc1cc(O)n(-c2ccc(OC)cc2)c1O,CO-ADD:0278720,ATCC 25922,3.64,32 ug/mL,0.0
27721,C(=N/c(cc(C)cc1C)c1)(/S\C(\C2=O)=C\c(cc(I)c(c3[N+](=O)[O-])O)c3)\N2C4CCCCC4,Cc1cc(C)cc(/N=C2\SC(=Cc3cc(I)c(O)c([N+](=O)[O-])c3)C(=O)N2C2CCCCC2)c1,CO-ADD:0293771,ATCC 25922,5.39,32 ug/mL,0.0
27726,c1(c2ccc3c1OC(=O)C=C3C)\C(=N/O)\C(O2)=O,Cc1cc(=O)oc2c1ccc1oc(O)c(N=O)c12,CO-ADD:0295082,ATCC 25922,75.93,32 ug/mL,0.0
27751,n(C(C)C(=C1C)C)(c2CCCCCCC)c1cc3c2c(C)c(n3)C(OCC)=O,CCCCCCC=C1c2c([nH]c(C(=O)OCC)c2C)C=C2C(C)=C(C)C(C)N21,CO-ADD:0293609,ATCC 25922,42.82,32 ug/mL,0.0
27777,S(C1=O)C(SCC(OC)=O)=C(S1)SCC#N,COC(=O)CSc1sc(=O)sc1SCC#N,CO-ADD:0287295,ATCC 25922,14.8,32 ug/mL,0.0
27829,N(C(=S)NNC(=O)c1cccs1)C(=O)c(cccn2)c2,O=C(NC(=S)NNC(=O)c1cccs1)c1cccnc1,CO-ADD:0287256,ATCC 25922,8.33,32 ug/mL,0.0
27860,c12c(c(cc(Oc(c3N4)cccc3C)c14)NCCCN(C)C)C(c5c(cccc5)C2=O)=O,Cc1cccc2oc3cc(NCCCN(C)C)c4c(=O)c5ccccc5c(=O)c4c3[nH]c12,CO-ADD:0260102,ATCC 25922,7.29,32 ug/mL,0.0
27993,c1(cnc(CCC2)n12)c(cc(C(C)(C)C)c(c3C(C)(C)C)O)c3.Cl,CC(C)(C)c1cc(-c2cnc3n2CCC3)cc(C(C)(C)C)c1O,CO-ADD:0332314,ATCC 25922,20.54,32 ug/mL,0.0
28024,C(=N/c1ccccc1O)(/C(=O)c(c23)cccc2)\C3=O,O=c1c(=Nc2ccccc2O)c(=O)c2ccccc12,CO-ADD:0283098,ATCC 25922,8.84,32 ug/mL,0.0
28033,C(=C/c(cc(Br)c(c1[N+](=O)[O-])O)c1)(/C2=O)\C(=O)NC(=O)N2,O=C1NC(=O)C(=Cc2cc(Br)c(O)c([N+](=O)[O-])c2)C(=O)N1,CO-ADD:0253435,ATCC 25922,-2.72,32 ug/mL,0.0
28042,CN1C=C(NC(C2=CC=C(/C=C/C3=CN=C(C=CC=C4)C4=C3)C=C2)=O)C=C1C(NC5=CN(C)C(C(NCCN6CCC(CC6)OC)=O)=C5)=O,COC1CCN(CCNC(=O)c2cc(NC(=O)c3cc(NC(=O)c4ccc(/C=C/c5cnc6ccccc6c5)cc4)cn3C)cn2C)CC1,CO-ADD:0137597,ATCC 25922,1.42,32 ug/mL,0.0
28159,C(/SC(=C1C(C)=O)c2ccccc2)(\S1)=C(\C(=S)C3(C)C)/c4c(N3)ccc(C)c4,CC(=O)C1=C(c2ccccc2)S/C(=C2/C(=S)C(C)(C)Nc3ccc(C)cc32)S1,CO-ADD:0291416,ATCC 25922,3.5,32 ug/mL,0.0
28243,C(=O)(N\N=C(/C)\CC(=O)Nc1ccccc1C)C(=O)Nc2ccccc2C,CC(CC(=O)Nc1ccccc1C)=NNC(=O)C(=O)Nc1ccccc1C,CO-ADD:0299566,ATCC 25922,11.32,32 ug/mL,0.0
28254,c1(Sc2ccc(cc2[N+](=O)[O-])n3cnnn3)nnnn1c4ccccc4,O=[N+]([O-])c1cc(-n2cnnn2)ccc1Sc1nnnn1-c1ccccc1,CO-ADD:0293034,ATCC 25922,4.17,32 ug/mL,0.0
28367,c1c(c(cc(Cl)c1)sc2S[H])n2,S=c1[nH]c2ccc(Cl)cc2s1,CO-ADD:0136148,ATCC 25922,5.21,25 uM,0.0
28369,n1c(cccc2)c2c(cc1c(ccc(c3)Cl)c3)C(O)C4NCCCC4,OC(c1cc(-c2ccc(Cl)cc2)nc2ccccc12)C1CCCCN1,CO-ADD:0137002,ATCC 25922,-15.73,25 uM,0.0
28378,[N+](=O)([O-])c(cc(cc1[N+](=O)[O-])C(=O)N\N=C\CCCCCCCCCC)c1,CCCCCCCCCC/C=N/NC(=O)c1cc([N+](=O)[O-])cc([N+](=O)[O-])c1,CO-ADD:0161985,ATCC 25922,24.09,32 ug/mL,0.0
28410,O=C1/C(N=C(C(C=C2)=CC=C2I)O1)=C/C(C=C3)=CC=C3C,Cc1ccc(/C=C2\N=C(c3ccc(I)cc3)OC2=O)cc1,CO-ADD:0157326,ATCC 25922,10.69,32 ug/mL,0.0
28423,[N+](=O)([O-])c(ccc(c1\C=N\NC(CNc2ccccc2OC)=O)O)c1,COc1ccccc1NCC(=O)NN=Cc1cc([N+](=O)[O-])ccc1O,CO-ADD:0215235,ATCC 25922,21.15,32 ug/mL,0.0
28466,[N+](=O)([O-])c(cc1)ccc1C(=O)N\N=C(/C)\CC(=O)Nc2cc(C)ccc2OC,COc1ccc(C)cc1NC(=O)CC(C)=NNC(=O)c1ccc([N+](=O)[O-])cc1,CO-ADD:0216955,ATCC 25922,4.12,32 ug/mL,0.0
28479,N1(c2ccc(cc2Br)Br)C(=O)CC(N3CCCCCCC3)C1=O,Oc1cc(N2CCCCCCC2)c(O)n1-c1ccc(Br)cc1Br,CO-ADD:0277758,ATCC 25922,6.73,32 ug/mL,0.0
28482,[N+](=O)([O-])c1cccc(c1C)C(=O)Oc2cccc(cccn3)c23,Cc1c(C(=O)Oc2cccc3cccnc23)cccc1[N+](=O)[O-],CO-ADD:0248049,ATCC 25922,17.86,32 ug/mL,0.0
28557,c1(\N=C\c(cc(Br)cc2[N+](=O)[O-])c2O)c(c3ccc(c(OCC)c3)O)nc(cccc4)n14,CCOc1cc(-c2nc3ccccn3c2N=Cc2cc(Br)cc([N+](=O)[O-])c2O)ccc1O,CO-ADD:0248259,ATCC 25922,-1.89,32 ug/mL,0.0
28605,[N+](=O)([O-])\C(\C)=C\c1ccccc1,C/C(=C\c1ccccc1)[N+](=O)[O-],CO-ADD:0283486,ATCC 25922,11.53,32 ug/mL,0.0
29372,C(/Cl)(\[N+](=O)[O-])=C(\NCCO)/C(/Br)=C(/Cl)\Cl,[O-][N+](O)=C(Cl)C(=NCCO)C(Br)=C(Cl)Cl,CO-ADD:0231936,ATCC 25922,22.82,32 ug/mL,0.0
29373,N1(CNc2ccccc2F)C(=O)\C(\SC1=S)=C/c3ccccc3,O=C1/C(=C\c2ccccc2)SC(=S)N1CNc1ccccc1F,CO-ADD:0231978,ATCC 25922,2.81,32 ug/mL,0.0
29386,c1(cc(Cl)cc(\C=N\c(cc2)ccc2C)c1O)[N+](=O)[O-],Cc1ccc(N=Cc2cc(Cl)cc([N+](=O)[O-])c2O)cc1,CO-ADD:0223615,ATCC 25922,17.93,32 ug/mL,0.0
29402,C(=C/c(ccc1c(cccc2[N+](=O)[O-])c2)o1)(/C(=O)NC(N3)=S)\C3=O,O=C1NC(=S)NC(=O)C1=Cc1ccc(-c2cccc([N+](=O)[O-])c2)o1,CO-ADD:0229980,ATCC 25922,-2.04,32 ug/mL,0.0
29413,n1c(Cl)c(C#N)c(c(Cl)c1NN)Cl,N#Cc1c(Cl)nc(NN)c(Cl)c1Cl,CO-ADD:0232312,ATCC 25922,-0.99,32 ug/mL,0.0
29873,c(cc(cc1[N+](=O)[O-])C(=O)Nc2c(OC)ccc(OC)c2)([N+](=O)[O-])c1Nc(cc3)ccc3\C=C\c4ccccc4,COc1ccc(OC)c(NC(=O)c2cc([N+](=O)[O-])c(Nc3ccc(C=Cc4ccccc4)cc3)c([N+](=O)[O-])c2)c1,CO-ADD:0253588,ATCC 25922,-10.68,32 ug/mL,0.0
29924,C1(C#N)(C#N)C(c2ccc(cc2)SC)C(C3)C(C(C#N)=C1N)=CCN3CC,CCN1CC=C2C(C#N)C(=N)C(C#N)(C#N)C(c3ccc(SC)cc3)C2C1,CO-ADD:0250564,ATCC 25922,-8.35,32 ug/mL,0.0
29954,C12(c3c(N(CC(OC)=O)C1=O)cccc3)C(C#N)=C(N)Oc4c2c(C)nn4c5ccccc5,COC(=O)CN1C(=O)C2(c3ccccc31)c1c(C)nn(-c3ccccc3)c1OC(=N)C2C#N,CO-ADD:0305759,ATCC 25922,11.74,32 ug/mL,0.0
30033,Cc1nc(OCCOC(=O)C)c2n(cc([N+](=O)[O-])n2)c1,CC(=O)OCCOc1nc(C)cn2cc([N+](=O)[O-])nc12,CO-ADD:0135143,ATCC 25922,,32 ug/mL,
30036,N1(N=C(CC1=O)C)c2sc(c3n2)cccc3,Cc1cc(=O)n(-c2nc3ccccc3s2)[nH]1,CO-ADD:0252759,ATCC 25922,15.84,32 ug/mL,0.0
30037,C(=C\c1ccccn1)(/c2c3cccc2)\c4c3cccc4,C(=C1c2ccccc2-c2ccccc21)c1ccccn1,CO-ADD:0252965,ATCC 25922,6.69,32 ug/mL,0.0
30061,c1([N+]([O-])=O)nc(C(NN)=O)n(Cc2ccc(OC(F)(F)F)cc2)c1,NNC(=O)c1nc([N+](=O)[O-])cn1Cc1ccc(OC(F)(F)F)cc1,CO-ADD:0135151,ATCC 25922,,32 ug/mL,
30070,C(c(cc1)ccn1)(=O)N\N=C\C(\Br)=C/c2ccccc2,O=C(NN=CC(Br)=Cc1ccccc1)c1ccncc1,CO-ADD:0252309,ATCC 25922,101.97,32 ug/mL,1.0
30095,[N+](=O)([O-])c1ccc(cc1)\C=C\C=N\c(cc2)ccc2NC3CCCCC3,O=[N+]([O-])c1ccc(/C=C/C=N/c2ccc(NC3CCCCC3)cc2)cc1,CO-ADD:0252637,ATCC 25922,11.82,32 ug/mL,0.0
30097,Cc1nc(OCc2ccc(OC(F)(F)F)cc2)c3n(cc([N+](=O)[O-])n3)c1,Cc1cn2cc([N+](=O)[O-])nc2c(OCc2ccc(OC(F)(F)F)cc2)n1,CO-ADD:0135139,ATCC 25922,,32 ug/mL,
30507,c1(OC)c(OC)cc(cc1OC)\C=N\c(ccc(c23)cccc2)c3,COc1cc(/C=N/c2ccc3ccccc3c2)cc(OC)c1OC,CO-ADD:0247907,ATCC 25922,5.22,32 ug/mL,0.0
30517,c1([N+](=O)[O-])nnn(C\C(\C)=N\c2sc(c3c2C(OCC)=O)CCC3)n1,CCOC(=O)c1c(N=C(C)Cn2nnc([N+](=O)[O-])n2)sc2c1CCC2,CO-ADD:0252447,ATCC 25922,26.9,32 ug/mL,0.0
30524,C1(SC(C(OC)=O)(C(F)(F)F)C(F)(F)F)=C(C)N(N(c2ccccc2)C1=O)C,COC(=O)C(Sc1c(C)n(C)n(-c2ccccc2)c1=O)(C(F)(F)F)C(F)(F)F,CO-ADD:0248121,ATCC 25922,18.81,32 ug/mL,0.0
30525,C(CSc1ccccn1)(=O)N\N=C\c(cc2)ccc2C,Cc1ccc(C=NNC(=O)CSc2ccccn2)cc1,CO-ADD:0252959,ATCC 25922,4.13,32 ug/mL,0.0
30528,c1(sc(c2c1C(OCC)=O)CCCC2)NS(=O)(=O)c(cc3)ccc3[N+](=O)[O-],CCOC(=O)c1c(NS(=O)(=O)c2ccc([N+](=O)[O-])cc2)sc2c1CCCC2,CO-ADD:0252700,ATCC 25922,-0.12,32 ug/mL,0.0
30535,c1([N+]([O-])=O)nc(C(OCC)=O)n(Cc2ccc(OC(F)(F)F)cc2)c1,CCOC(=O)c1nc([N+](=O)[O-])cn1Cc1ccc(OC(F)(F)F)cc1,CO-ADD:0135150,ATCC 25922,,32 ug/mL,
31536,C1(=S)N(c2ccccc2)C(=O)\C(\C(=O)N1c3ccccc3)=C\c(cc4Br)cc(c4O)Br,O=C1C(=Cc2cc(Br)c(O)c(Br)c2)C(=O)N(c2ccccc2)C(=S)N1c1ccccc1,CO-ADD:0254562,ATCC 25922,14.34,32 ug/mL,0.0
31564,c(C(=O)N\N=C\c1cc(Br)cc(OCC)c1O)(c(C)on2)c2c3ccccc3,CCOc1cc(Br)cc(C=NNC(=O)c2c(-c3ccccc3)noc2C)c1O,CO-ADD:0252220,ATCC 25922,35.81,32 ug/mL,0.0
31583,c1([N+]([O-])=O)nc(C(=O)NO)n(Cc2ccc(OC(F)(F)F)cc2)c1,O=[N+]([O-])c1cn(Cc2ccc(OC(F)(F)F)cc2)c(C(O)=NO)n1,CO-ADD:0135152,ATCC 25922,,32 ug/mL,
31586,O=C(c1n(CCO)cc([N+](=O)[O-])n1)N,NC(=O)c1nc([N+](=O)[O-])cn1CCO,CO-ADD:0135144,ATCC 25922,,32 ug/mL,
33416,N1(c2ccc(cc2)Br)C(=O)CC(N3CCCC(C)C3)C1=O,CC1CCCN(c2cc(O)n(-c3ccc(Br)cc3)c2O)C1,CO-ADD:0285530,ATCC 25922,11.58,32 ug/mL,0.0
33419,C1(C2)(CC(CN2C(CC)CO)(CC=C1)[N+](=O)[O-])[N+](=O)[O-],CCC(CO)N1CC2([N+](=O)[O-])C=CCC([N+](=O)[O-])(C1)C2,CO-ADD:0285291,ATCC 25922,19.82,32 ug/mL,0.0
33451,N1=C(Nc(nc2C)nc(c23)cc(c(C)c3)C)NC(C)=C(C)C1=O,Cc1cc2nc(Nc3nc(=O)c(C)c(C)[nH]3)nc(C)c2cc1C,CO-ADD:0293404,ATCC 25922,7.75,32 ug/mL,0.0
33455,C1(SC\C(\CS2)=C(\C#N)/C#N)=C2SC(=S)S1,N#CC(C#N)=C1CSc2sc(=S)sc2SC1,CO-ADD:0259892,ATCC 25922,-18.42,32 ug/mL,0.0
33552,N1(c2ccccc2)C(CC=N1)C\C(\c3ccccc3)=N/Nc4ccccc4,C1=NN(c2ccccc2)C(C/C(=N\Nc2ccccc2)c2ccccc2)C1,CO-ADD:0304024,ATCC 25922,5.22,32 ug/mL,0.0
33571,S(=O)(=O)(c1ccc(cc1)OC(=O)c2cccc(cccc3)c23)c4ccc(cc4)OC(=O)c5cccc(cccc6)c56,O=C(Oc1ccc(S(=O)(=O)c2ccc(OC(=O)c3cccc4ccccc34)cc2)cc1)c1cccc2ccccc12,CO-ADD:0233278,ATCC 25922,1.41,32 ug/mL,0.0
33614,c(c(CC)nc1NC(CC)=O)(s1)c(ccc2[N+](=O)[O-])o2,CCC(=O)Nc1nc(CC)c(-c2ccc([N+](=O)[O-])o2)s1,CO-ADD:0233068,ATCC 25922,4.27,32 ug/mL,0.0
33637,c1(C(OCC)=O)c(\N=C\c2cc(Cl)ccc2O)scc1c3ccccc3,CCOC(=O)c1c(-c2ccccc2)csc1N=Cc1cc(Cl)ccc1O,CO-ADD:0221486,ATCC 25922,6.78,32 ug/mL,0.0
33652,N1(Nc(cc2)ccc2Cl)C(=O)c(cc3)c(c(ccc4[N+](=O)[O-])C1=O)c4c3[N+](=O)[O-],O=C1c2ccc([N+](=O)[O-])c3c([N+](=O)[O-])ccc(c23)C(=O)N1Nc1ccc(Cl)cc1,CO-ADD:0221917,ATCC 25922,8.02,32 ug/mL,0.0
33657,OCC(C)(C)[C@@H](O)C(NC(C)CC(NCCCCCCC)=O)=O,CCCCCCCNC(=O)CC(C)NC(=O)C(O)C(C)(C)CO,CO-ADD:0237011,ATCC 25922,-2.43,32 ug/mL,0.0
33672,C(C(=O)OCc1ccccc1)(=C(C)OC(=C2C#N)N)C2c(ccs3)c3,CC1=C(C(=O)OCc2ccccc2)C(c2ccsc2)C(C#N)C(=N)O1,CO-ADD:0166729,ATCC 25922,10.28,80 ug/mL,0.0
33675,c1(ccccc1NC(c2ccccc2)=O)C(OCCCCCCCCCCC)=O,CCCCCCCCCCCOC(=O)c1ccccc1NC(=O)c1ccccc1,CO-ADD:0220799,ATCC 25922,2.44,32 ug/mL,0.0
33682,c1(N(CC2)CCO2)nc(N\N=C\c3ccccc3F)nc(Nc(cc4)ccc4C)n1,Cc1ccc(Nc2nc(N/N=C/c3ccccc3F)nc(N3CCOCC3)n2)cc1,CO-ADD:0220705,ATCC 25922,-1.68,32 ug/mL,0.0
33683,c1(O)c(I)cc(cc1I)\C=N\NC(CNc(cc2)ccc2C)=O,Cc1ccc(NCC(=O)NN=Cc2cc(I)c(O)c(I)c2)cc1,CO-ADD:0220261,ATCC 25922,6.35,32 ug/mL,0.0
33723,c1(c(ccc(c2[nH]3)nc3c4ccc(cc4)\N=C\c(cc5)ccc5Br)c2)[nH]c(c6n1)ccc(c6)\N=C\c(cc7)ccc7Br,Brc1ccc(/C=N/c2ccc(-c3nc4cc(-c5nc6cc(/N=C/c7ccc(Br)cc7)ccc6[nH]5)ccc4[nH]3)cc2)cc1,CO-ADD:0162403,ATCC 25922,-77.96,32 ug/mL,0.0
33737,N1(CNc2ccccc2C)C(=O)\C(\SC1=S)=C\c(cc3)ccc3C(OC)=O,COC(=O)c1ccc(/C=C2\SC(=S)N(CNc3ccccc3C)C2=O)cc1,CO-ADD:0166412,ATCC 25922,7.5,80 ug/mL,0.0
33742,O=C(C(C=C1)=CC=C1Cl)OC2=C(C=CC=C2)/C=N/NC(C3=C(Cl)C=C(Cl)C=C3)=O,O=C(Oc1ccccc1/C=N/NC(=O)c1ccc(Cl)cc1Cl)c1ccc(Cl)cc1,CO-ADD:0158216,ATCC 25922,17.57,32 ug/mL,0.0
33815,O=C(C1N2CCN(CC2)C3=NC=CC=N3)N(C4=CC(Cl)=CC=C4)C(C1)=O,Oc1cc(N2CCN(c3ncccn3)CC2)c(O)n1-c1cccc(Cl)c1,CO-ADD:0158301,ATCC 25922,15.01,32 ug/mL,0.0
33816,C1(c2ccc(cc2)N)(c3ccc(cc3)N)c4c(c(cccc5)c15)cccc4,Nc1ccc(C2(c3ccc(N)cc3)c3ccccc3-c3ccccc32)cc1,CO-ADD:0166240,ATCC 25922,0.29,80 ug/mL,0.0
33819,[C@@H]1(C[C@@H]2S(=O)\N=C\c(cc(Br)cc3)c3O)[C@@H](C1(C)C)C[C@H]2C,C[C@@H]1C[C@H]2[C@@H](C[C@@H]1[S+]([O-])N=Cc1cc(Br)ccc1O)C2(C)C,CO-ADD:0165849,ATCC 25922,11.04,80 ug/mL,0.0
33835,[C@@H]1(C[C@@H]2S(=O)\N=C\c(cc(Br)cc3)c3O)[C@@H](C1(C)C)C[C@H]2C,C[C@@H]1C[C@H]2[C@@H](C[C@@H]1[S+]([O-])N=Cc1cc(Br)ccc1O)C2(C)C,CO-ADD:0165849,ATCC 25922,11.75,80 ug/mL,0.0
33883,c1(\C=N\NC(=O)CN(Cc2ccccc2)Cc3ccccc3)cc(Br)ccc1O,O=C(CN(Cc1ccccc1)Cc1ccccc1)NN=Cc1cc(Br)ccc1O,CO-ADD:0166564,ATCC 25922,22.97,80 ug/mL,0.0
33888,CO[C@H]1\C=C\O[C@@]2(C)Oc3c(C2=O)c2c(c(O)c3C)c(O)c(NC(=O)\C(C)=C/C=C/[C@H](C)[C@H](O)[C@@H](C)[C@@H](O)[C@@H](C)[C@H](OC(C)=O)[C@@H]1C)c1=NC3(CCN(CC(C)C)CC3)N=c21,CO[C@H]1/C=C/O[C@@]2(C)Oc3c(C)c(O)c4c(O)c(c5c(c4c3C2=O)=NC2(CCN(CC(C)C)CC2)N=5)NC(=O)C(C)=CC=CC(C)[C@H](O)[C@@H](C)[C@@H](O)[C@@H](C)[C@H](OC(C)=O)[C@@H]1C,CO-ADD:0164431,ATCC 25922,91.67,20 uM,1.0
33896,c1(C#N)c(C)c(C)c(nc1SCC(OCc2ccccc2)=O)C,Cc1nc(SCC(=O)OCc2ccccc2)c(C#N)c(C)c1C,CO-ADD:0166673,ATCC 25922,10.0,80 ug/mL,0.0
33900,C(=O)(N(C1CCCCC1)C2CCCCC2)c3ccccc3C(=O)OCC(C)C,CC(C)COC(=O)c1ccccc1C(=O)N(C1CCCCC1)C1CCCCC1,CO-ADD:0217084,ATCC 25922,2.29,32 ug/mL,0.0
33976,CN1C(C2C3=C(N=C(CCCCC4)C4=C3N)OC5=C2C(C=CC=C6)=C6C=C5)=NC=C1,Cn1ccnc1C1c2c(nc3c(c2N)CCCCC3)Oc2ccc3ccccc3c21,CO-ADD:0149733,ATCC 25922,-11.3,32 ug/mL,0.0
33981,c1cc(C)c(N2C=NC(NC)=NC2=O)c(C)c1,CNc1ncn(-c2c(C)cccc2C)c(=O)n1,CO-ADD:0136139,ATCC 25922,30.8,25 uM,0.0
33982,c1c([N+](=O)[O-])sc(Sc(ncnc2)c2)n1,O=[N+]([O-])c1cnc(Sc2ccncn2)s1,CO-ADD:0136119,ATCC 25922,-0.81,25 uM,0.0
34013,c1(C(=O)NN=Cc2c(O)ccc(cccc3)c23)nonc1N,Nc1nonc1C(=O)NN=Cc1c(O)ccc2ccccc12,CO-ADD:0137657,ATCC 25922,10.65,32 ug/mL,0.0
34079,c(OC)(c(OC)c1CC=C)c(OC2)c(O2)c1,C=CCc1cc2c(c(OC)c1OC)OCO2,CO-ADD:0137718,ATCC 25922,-6.82,32 ug/mL,0.0
34183,O=C(C=C(C(C)=C([C@](CC)(C)[H])O1)C2=C1)C(C(O)=O)=C2O,CCC(C)=C1OC=c2c(O)c(C(=O)O)c(O)cc2=C1C,CO-ADD:0137218,ATCC 25922,12.15,25 uM,0.0
34193,c1(O)ccc(n([H])c(c(C)c(cc[n+](CCN2CCCCC2)c3)c3c4C)c45)c5c1.[O-]C(C)=O,Cc1c2cc[n+](CCN3CCCCC3)cc2c(C)c2c1[nH]c1ccc(O)cc12,CO-ADD:0137066,ATCC 25922,-3.73,25 uM,0.0
35271,O=C(N1N(S(=O)(C2=CC=C([N+]([O-])=O)C=C2)=O)CC(C)C1=O)OC(C)(C)C,CC1CN(S(=O)(=O)c2ccc([N+](=O)[O-])cc2)N(C(=O)OC(C)(C)C)C1=O,CO-ADD:0164003,ATCC 25922,-4.85,32 ug/mL,0.0
35527,O=C(N1N(S(=O)(C2=CC=C([N+]([O-])=O)C=C2)=O)CC(C)C1=O)OC(C)(C)C,CC1CN(S(=O)(=O)c2ccc([N+](=O)[O-])cc2)N(C(=O)OC(C)(C)C)C1=O,CO-ADD:0164003,ATCC 25922,-5.54,32 ug/mL,0.0
35783,O=C(N1N(S(=O)(C2=CC=C([N+]([O-])=O)C=C2)=O)CC(C)C1=O)OC(C)(C)C,CC1CN(S(=O)(=O)c2ccc([N+](=O)[O-])cc2)N(C(=O)OC(C)(C)C)C1=O,CO-ADD:0164003,ATCC 25922,-2.77,32 ug/mL,0.0
36039,O=C(N1N(S(=O)(C2=CC=C([N+]([O-])=O)C=C2)=O)CC(C)C1=O)OC(C)(C)C,CC1CN(S(=O)(=O)c2ccc([N+](=O)[O-])cc2)N(C(=O)OC(C)(C)C)C1=O,CO-ADD:0164003,ATCC 25922,-1.87,32 ug/mL,0.0
38349,[O-][N+](C1=NN2C(C)=CC(C)=NC2=C1[N+]([O-])=O)=O,Cc1cc(C)n2nc([N+](=O)[O-])c([N+](=O)[O-])c2n1,CO-ADD:0155918,ATCC 25922,21.16,32 ug/mL,0.0
38359,S(=O)(=O)(c(cccc1C(=O)Oc2cccc(cccn3)c23)c1)N(CC4)CCO4,O=C(Oc1cccc2cccnc12)c1cccc(S(=O)(=O)N2CCOCC2)c1,CO-ADD:0162106,ATCC 25922,16.09,32 ug/mL,0.0
38625,c1(C#N)c(CCC(C2)C(C)(C)C)c2sc1\N=C\c(ccc3[N+](=O)[O-])s3,CC(C)(C)C1CCc2c(sc(/N=C/c3ccc([N+](=O)[O-])s3)c2C#N)C1,CO-ADD:0228691,ATCC 25922,7.13,32 ug/mL,0.0
38637,N(=C\c(cc1)ccc1OCc2cccc(Br)c2)/c3ccccc3O,Oc1ccccc1/N=C/c1ccc(OCc2cccc(Br)c2)cc1,CO-ADD:0235039,ATCC 25922,6.61,32 ug/mL,0.0
38666,n1c(c2ccccc2)csc1N\N=C\c(cc(Cl)cc3Cl)c3O,Oc1c(Cl)cc(Cl)cc1C=NNc1nc(-c2ccccc2)cs1,CO-ADD:0232626,ATCC 25922,2.15,32 ug/mL,0.0
38692,C(C#N)(C1c2scc(Br)c2)=C(N)N(C(CCCC3=O)=C13)c4ccc(cc4)C,Cc1ccc(N2C(=N)C(C#N)C(c3cc(Br)cs3)C3=C2CCCC3=O)cc1,CO-ADD:0240294,ATCC 25922,61.33,32 ug/mL,0.0
38748,C(=O)(Nc1ccccc1SC)c2ccccc2O,CSc1ccccc1NC(=O)c1ccccc1O,CO-ADD:0311957,ATCC 25922,29.65,32 ug/mL,0.0
38759,S(=O)(=O)(c(cc1)ccc1N2CCCC2=O)Nc(ccc(c3Cl)Cl)c3,O=C1CCCN1c1ccc(S(=O)(=O)Nc2ccc(Cl)c(Cl)c2)cc1,CO-ADD:0307631,ATCC 25922,3.33,32 ug/mL,0.0
38815,[s+]1c(SCCCCCCCCCCCCCCCC)c(sc1N2CCCCC2)C.[I-],CCCCCCCCCCCCCCCCSc1[s+]c(N2CCCCC2)sc1C,CO-ADD:0323501,ATCC 25922,-10.7,32 ug/mL,0.0
38907,c1(ccc(c(OC)c1)OC)C(=O)CCN(CC)CC.Cl,CCN(CC)CCC(=O)c1ccc(OC)c(OC)c1,CO-ADD:0326339,ATCC 25922,5.46,32 ug/mL,0.0
38971,N(CC1)(CCO1)CCC(=O)c2ccc(cc2)Cl.Cl,O=C(CCN1CCOCC1)c1ccc(Cl)cc1,CO-ADD:0305358,ATCC 25922,0.76,32 ug/mL,0.0
39185,C(/c1ccccc1)(=C\Sc2ccccn2)\[N+](=O)[O-],O=[N+]([O-])/C(=C\Sc1ccccn1)c1ccccc1,CO-ADD:0301948,ATCC 25922,11.08,32 ug/mL,0.0
39192,c1(cc(ccc1C(c2ccccc2)=O)[N+](=O)[O-])[N+](=O)[O-],O=C(c1ccccc1)c1ccc([N+](=O)[O-])cc1[N+](=O)[O-],CO-ADD:0301928,ATCC 25922,2.84,32 ug/mL,0.0
39199,N(=C\c(cc(Cl)cc1Br)c1O)/c2c(C)cccc2O,Cc1cccc(O)c1N=Cc1cc(Cl)cc(Br)c1O,CO-ADD:0222549,ATCC 25922,20.29,32 ug/mL,0.0
39219,c1(ccc(C(=O)Oc2cccc(c2)\C=N\NC(COc3ccccc3[N+](=O)[O-])=O)o1)[N+](=O)[O-],O=C(COc1ccccc1[N+](=O)[O-])N/N=C/c1cccc(OC(=O)c2ccc([N+](=O)[O-])o2)c1,CO-ADD:0222780,ATCC 25922,9.15,32 ug/mL,0.0
39267,c1(OC)c(ccc(OC)c1)CCC(C)NCCC(c2ccccc2)c3ccccc3.Cl,COc1ccc(CCC(C)NCCC(c2ccccc2)c2ccccc2)c(OC)c1,CO-ADD:0233343,ATCC 25922,39.25,32 ug/mL,0.0
39279,c1(cc(ccc1C(=O)OCc(cc2)ccc2[N+](=O)[O-])[N+](=O)[O-])[N+](=O)[O-],O=C(OCc1ccc([N+](=O)[O-])cc1)c1ccc([N+](=O)[O-])cc1[N+](=O)[O-],CO-ADD:0221528,ATCC 25922,21.81,32 ug/mL,0.0
39317,c1(\N=C\c(cccc2[N+](=O)[O-])c2)sc3c(ccc(Br)c3)n1,O=[N+]([O-])c1cccc(/C=N/c2nc3ccc(Br)cc3s2)c1,CO-ADD:0217010,ATCC 25922,1.53,32 ug/mL,0.0
39391,C(COc(ccc(c1C)C)c1)(=O)N\N=C\c2ccc(cc2O)O,Cc1ccc(OCC(=O)NN=Cc2ccc(O)cc2O)cc1C,CO-ADD:0166072,ATCC 25922,18.83,80 ug/mL,0.0
39393,[N+](=O)([O-])c1cc(ccc1OC(=O)c2ccc(cc2Cl)Cl)\C=N\c(cc3)ccc3C(OCC)=O,CCOC(=O)c1ccc(/N=C/c2ccc(OC(=O)c3ccc(Cl)cc3Cl)c([N+](=O)[O-])c2)cc1,CO-ADD:0216903,ATCC 25922,1.13,32 ug/mL,0.0
39397,ClC1=NC2=C(C=CC(OC)=C2C=C1C=O)OC,COc1ccc(OC)c2nc(Cl)c(C=O)cc12,CO-ADD:0154592,ATCC 25922,17.78,32 ug/mL,0.0
39469,N#CC1=C(N)OC(CCl)=C(C(OCC)=O)C1C(C=C2)=CC=C2F,CCOC(=O)C1=C(CCl)OC(=N)C(C#N)C1c1ccc(F)cc1,CO-ADD:0158190,ATCC 25922,10.87,32 ug/mL,0.0
39470,[O-][N+](C1=CC(Cl)=CC(/C=N/C2=C(O)C=CC(C)=C2)=C1O)=O,Cc1ccc(O)c(N=Cc2cc(Cl)cc([N+](=O)[O-])c2O)c1,CO-ADD:0157890,ATCC 25922,19.08,32 ug/mL,0.0
39495,O=[N+](C1=CC=CC=C1C2=CC=CC=C2NC3=C(C)C=C(C)C=C3C)[O-],Cc1cc(C)c(Nc2ccccc2-c2ccccc2[N+](=O)[O-])c(C)c1,CO-ADD:0140031,ATCC 25922,-0.65,32 ug/mL,0.0
39505,S=C(NC1=O)NC(C1=CC2=CC=C(C3=CC=C(Cl)C=C3)O2)=O,O=C1NC(=S)NC(=O)C1=Cc1ccc(-c2ccc(Cl)cc2)o1,CO-ADD:0157447,ATCC 25922,5.07,32 ug/mL,0.0
39509,O=C(N1CCCCC1)C(C(F)(F)F)C(F)(F)F,O=C(C(C(F)(F)F)C(F)(F)F)N1CCCCC1,CO-ADD:0160534,ATCC 25922,8.78,32 ug/mL,0.0
39510,CC1=CC=CC=C1NC2=CC=CC=C2C3=CC=CC=C3[N+]([O-])=O,Cc1ccccc1Nc1ccccc1-c1ccccc1[N+](=O)[O-],CO-ADD:0140029,ATCC 25922,2.42,32 ug/mL,0.0
39517,[O-][N+](C1=C(O)C(/C=N/C2=C(C(C=C3OC)=CC=C3O)N=C4N2C=CC=C4)=CC=C1)=O,COc1cc(-c2nc3ccccn3c2N=Cc2cccc([N+](=O)[O-])c2O)ccc1O,CO-ADD:0160126,ATCC 25922,25.74,32 ug/mL,0.0
39522,c1(c(C)nn2c3ccccc3)c2OC(N)=C(C#N)C14c5c(NC4=O)cccc5,Cc1nn(-c2ccccc2)c2c1C1(C(=O)Nc3ccccc31)C(C#N)C(=N)O2,CO-ADD:0162636,ATCC 25922,-5.58,32 ug/mL,0.0
39553,c1(cc(ccc1O)Cc(ccc(c2\C=N\c(ccc(c3C)C)c3)O)c2)\C=N\c(ccc(c4C)C)c4,Cc1ccc(N=Cc2cc(Cc3ccc(O)c(C=Nc4ccc(C)c(C)c4)c3)ccc2O)cc1C,CO-ADD:0163785,ATCC 25922,9.99,32 ug/mL,0.0
39650,O1c2c(cccc2)C=Cc(ccc(N)c3)c13,Nc1ccc2c(c1)Oc1ccccc1C=C2,CO-ADD:0148993,ATCC 25922,-7.88,32 ug/mL,0.0
39651,O=C(NC1=CN(C)C(C(NC2=CN(C)C(C(NCCN3CCOCC3)=O)=C2)=O)=C1)C(C=C4)=CC=C4/C=C/C5=CC=C(F)C=C5.OC(C(F)(F)F)=O,Cn1cc(NC(=O)c2cc(NC(=O)c3ccc(/C=C/c4ccc(F)cc4)cc3)cn2C)cc1C(=O)NCCN1CCOCC1,CO-ADD:0153093,ATCC 25922,-6.93,32 ug/mL,0.0
39673,[N+](=O)([O-])c(cc(cc1[N+](=O)[O-])C(=O)Oc(cc2)ccc2\C=N\c(cc3)ccc3Br)c1,O=C(Oc1ccc(/C=N/c2ccc(Br)cc2)cc1)c1cc([N+](=O)[O-])cc([N+](=O)[O-])c1,CO-ADD:0244264,ATCC 25922,8.97,32 ug/mL,0.0
39709,N1(c2ccccc2)C(=O)\C(\C(C)=N1)=C\NNC(=O)c3ccc(cc3)Cl,Cc1[nH]n(-c2ccccc2)c(=O)c1C=NNC(=O)c1ccc(Cl)cc1,CO-ADD:0223322,ATCC 25922,4.63,32 ug/mL,0.0
39712,c1(c(Br)cc(c(cccn2)c12)Br)OC(=O)c3cccc(Cl)c3,O=C(Oc1c(Br)cc(Br)c2cccnc12)c1cccc(Cl)c1,CO-ADD:0228382,ATCC 25922,33.33,32 ug/mL,0.0
39719,c1(OC(=O)c2cc(F)c(cc2Cl)F)c(Cl)c(Cl)c(c(Cl)c1Cl)Cl,O=C(Oc1c(Cl)c(Cl)c(Cl)c(Cl)c1Cl)c1cc(F)c(F)cc1Cl,CO-ADD:0223760,ATCC 25922,17.71,32 ug/mL,0.0
39723,c1(\C=N\c2c(Cl)ccc(Cl)c2)c(O)c(OC)cc(Br)c1Br,COc1cc(Br)c(Br)c(C=Nc2cc(Cl)ccc2Cl)c1O,CO-ADD:0232202,ATCC 25922,9.69,32 ug/mL,0.0
39842,N1\C(=N\N=C\c(cc2)ccc2Cl)\S\C(=C/c(cc(Br)c(c3Br)O)c3O)\C1=O,O=C1N=C(NN=Cc2ccc(Cl)cc2)SC1=Cc1cc(Br)c(O)c(Br)c1O,CO-ADD:0222482,ATCC 25922,8.93,32 ug/mL,0.0
39844,S1(=O)(=O)c2c(C(N3CCCCC3)=N1)ccc(c2)[N+](=O)[O-],O=[N+]([O-])c1ccc2c(c1)S(=O)(=O)N=C2N1CCCCC1,CO-ADD:0221150,ATCC 25922,0.0,32 ug/mL,0.0
39845,N(=C\c(cc(Cl)cc1Cl)c1O)/c2c(C)cccc2O,Cc1cccc(O)c1N=Cc1cc(Cl)cc(Cl)c1O,CO-ADD:0222547,ATCC 25922,34.45,32 ug/mL,0.0
39847,c1(C(=O)N\N=C\c(c2c([nH]3)cccc2)c3)c(O)cc(c4c1)cccc4,O=C(NN=Cc1c[nH]c2ccccc12)c1cc2ccccc2cc1O,CO-ADD:0218994,ATCC 25922,27.3,32 ug/mL,0.0
39853,c12n(c3c(cc(cc3)C)s1)cc(c4ccccc4)n2,Cc1ccc2c(c1)sc1nc(-c3ccccc3)cn12,CO-ADD:0221599,ATCC 25922,12.65,32 ug/mL,0.0
39854,c1(\C=N\NC(CNc(ccc(c23)cccc2)c3)=O)cc(Cl)ccc1O,O=C(CNc1ccc2ccccc2c1)NN=Cc1cc(Cl)ccc1O,CO-ADD:0222238,ATCC 25922,37.96,32 ug/mL,0.0
39865,c1(N(CC2)CCO2)nc(N\N=C\c3c4c([nH]c3C)cccc4)nc(Nc(cc5)ccc5C)n1,Cc1ccc(Nc2nc(NN=Cc3c(C)[nH]c4ccccc34)nc(N3CCOCC3)n2)cc1,CO-ADD:0220686,ATCC 25922,11.94,32 ug/mL,0.0
39871,[N+](=O)([O-])c1ccccc1OCC(=O)N\N=C\c2cc(O)ccc2[N+](=O)[O-],O=C(COc1ccccc1[N+](=O)[O-])NN=Cc1cc(O)ccc1[N+](=O)[O-],CO-ADD:0220564,ATCC 25922,2.44,32 ug/mL,0.0
39880,N1(NC(=O)c2ccccc2[N+](=O)[O-])C(=O)c(cc3)c(c(ccc4[N+](=O)[O-])C1=O)c4c3[N+](=O)[O-],O=C(NN1C(=O)c2ccc([N+](=O)[O-])c3c([N+](=O)[O-])ccc(c23)C1=O)c1ccccc1[N+](=O)[O-],CO-ADD:0223283,ATCC 25922,4.32,32 ug/mL,0.0
39893,[N+](=O)([O-])c(ccc(c1\C=N\NC(COc2ccc(cc2Br)Cl)=O)OC(c3ccccc3)=O)c1,O=C(COc1ccc(Cl)cc1Br)N/N=C/c1cc([N+](=O)[O-])ccc1OC(=O)c1ccccc1,CO-ADD:0235058,ATCC 25922,6.95,32 ug/mL,0.0
39901,n1c2c(oc1c3ccc(cc3)\N=C\c(cc(Br)c(c4Br)O)c4O)cccc2C,Cc1cccc2oc(-c3ccc(N=Cc4cc(Br)c(O)c(Br)c4O)cc3)nc12,CO-ADD:0231967,ATCC 25922,3.3,32 ug/mL,0.0
39918,c12c(cc(c3n1)cccc3)Cc(cc(C)cc4)c24,Cc1ccc2c(c1)Cc1cc3ccccc3nc1-2,CO-ADD:0228965,ATCC 25922,3.56,32 ug/mL,0.0
39920,N1(c2ccc(cc2)OCCC)C(=O)CC(N3CCCC3)C1=O,CCCOc1ccc(-n2c(O)cc(N3CCCC3)c2O)cc1,CO-ADD:0228711,ATCC 25922,3.09,32 ug/mL,0.0
39930,O=[S@]([C@H]([C@@H](C1)C)C[C@@H]2[C@H]1C2(C)C)N[C@H](C(F)(F)C(OCC)=O)C3=C(O)C=CC=C3,CCOC(=O)C(F)(F)[C@@H](N[S@+]([O-])[C@H]1C[C@@H]2[C@H](C[C@H]1C)C2(C)C)c1ccccc1O,CO-ADD:0165860,ATCC 25922,5.26,80 ug/mL,0.0
39935,[N+](=O)([O-])c(ccc(c1\C=N\NC(=O)C(O)c2ccccc2)O)c1,O=C(NN=Cc1cc([N+](=O)[O-])ccc1O)C(O)c1ccccc1,CO-ADD:0218710,ATCC 25922,-5.44,32 ug/mL,0.0
39937,n1c(ccc(C#N)c1SCC(=O)Nc(cc2)ccc2I)c3cccs3.[Na+],N#Cc1ccc(-c2cccs2)nc1SCC(=O)Nc1ccc(I)cc1,CO-ADD:0215383,ATCC 25922,8.85,32 ug/mL,0.0
39964,c1(cc(ccc1O)Cc(ccc(c2\C=N\c3cccc(O)c3)O)c2)\C=N\c4cccc(O)c4,Oc1cccc(N=Cc2cc(Cc3ccc(O)c(C=Nc4cccc(O)c4)c3)ccc2O)c1,CO-ADD:0215805,ATCC 25922,28.65,32 ug/mL,0.0
39965,[N+](=O)([O-])c(ccc(c1\C=N\c(ccc(c2Cl)OC)c2)O)c1,COc1ccc(N=Cc2cc([N+](=O)[O-])ccc2O)cc1Cl,CO-ADD:0222518,ATCC 25922,6.1,32 ug/mL,0.0
39966,c1(Nc(cc2)ccc2OC)c(c(C)nc(N\N=C\c3ccc(cc3Cl)Cl)n1)[N+](=O)[O-],COc1ccc(Nc2nc(N/N=C/c3ccc(Cl)cc3Cl)nc(C)c2[N+](=O)[O-])cc1,CO-ADD:0220880,ATCC 25922,2.06,32 ug/mL,0.0
39968,[N+](=O)([O-])c(c1)cc(c(O)c1\C=N\NC(CNC(=O)c2ccc(cc2)Cl)=O)Br,O=C(CNC(=O)c1ccc(Cl)cc1)NN=Cc1cc([N+](=O)[O-])cc(Br)c1O,CO-ADD:0166129,ATCC 25922,9.95,80 ug/mL,0.0
39969,O=C1CC[C@]2([C@@]3(CCC4=C([C@]3(CC[C@]12C)[H])C=CC(OCC5=C[N+](CCN6CCNCCCN(CCNCCC6)CC[N+]7=NNC(C8=C9C(C%10=CC=C9)=C(C=C8)C(N(C%10=O)CC)=O)=C7)=NN5)=C4)[H])[H].O=Cl(=O)([O-])=O.O=Cl(=O)([O-])=O.[Zn+2],CCN1C(=O)c2cccc3c(-c4c[n+](CCN5CCCNCCN(CC[n+]6cc(COc7ccc8c(c7)CC[C@@H]7[C@@H]8CC[C@]8(C)C(=O)CC[C@@H]78)[nH]n6)CCCNCC5)[nH]n4)ccc(c23)C1=O,CO-ADD:0248704,ATCC 25922,-6.02,32 ug/mL,0.0
39990,C(=C\c1ccc(cc1Cl)Cl)(/C(C)=NN2c(ccc(c3C(O)=O)Cl)c3)\C2=O,CC1=NN(c2ccc(Cl)c(C(=O)O)c2)C(=O)/C1=C\c1ccc(Cl)cc1Cl,CO-ADD:0284743,ATCC 25922,13.15,32 ug/mL,0.0
40072,COc1cc(Cc2cnc(N)nc2N)cc(OC)c1OC,COc1cc(Cc2cnc(N)nc2N)cc(OC)c1OC,CO-ADD:0164475,ATCC 25922,100.82,20 uM,1.0
40075,CN1CCN(CC1)c1c(F)cc2c3c1SCCn3cc(C(O)=O)c2=O.Cl,CN1CCN(c2c(F)cc3c(=O)c(C(=O)O)cn4c3c2SCC4)CC1,CO-ADD:0164386,ATCC 25922,101.07,20 uM,1.0
40083,[O-][N+](C1=CC(/C(C(N2)=O)=N\C(C=CC=C3)=C3O)=C2C=C1)=O,O=C1Nc2ccc([N+](=O)[O-])cc2C1=Nc1ccccc1O,CO-ADD:0158144,ATCC 25922,28.21,32 ug/mL,0.0
40109,[N+](=O)([O-])c(cc(cc1[N+](=O)[O-])C(=O)N\N=C\CCCCCCCCCCCCCCC)c1,CCCCCCCCCCCCCCC/C=N/NC(=O)c1cc([N+](=O)[O-])cc([N+](=O)[O-])c1,CO-ADD:0161944,ATCC 25922,34.82,32 ug/mL,0.0
40899,N1(C(C#N)c(cccc2[N+](=O)[O-])c2)C(C)(C)CC(C)=N1,CC1=NN(C(C#N)c2cccc([N+](=O)[O-])c2)C(C)(C)C1,CO-ADD:0306698,ATCC 25922,15.21,32 ug/mL,0.0
40909,c(c1Cl)([N+](=O)[O-])c(Cl)nc(Cl)c1C(OC)=O,COC(=O)c1c(Cl)nc(Cl)c([N+](=O)[O-])c1Cl,CO-ADD:0307253,ATCC 25922,9.59,32 ug/mL,0.0
40922,C(C(OC)=O)(C(F)(F)F)(C(F)(F)F)SC1=C(O)C=C(OC1=O)C,COC(=O)C(Sc1c(O)cc(C)oc1=O)(C(F)(F)F)C(F)(F)F,CO-ADD:0321333,ATCC 25922,9.15,32 ug/mL,0.0
40932,C(=N/O)(/C(C)=Nc1c2cccc1)\C(C)=N2,Cc1nc2ccccc2nc(C)c1=NO,CO-ADD:0310856,ATCC 25922,11.82,32 ug/mL,0.0
48564,O=C(N/N=C/C1=CC(OC)=C(O)C=C1)C(NCC(C)C)=O,COc1cc(C=NNC(=O)C(=O)NCC(C)C)ccc1O,CO-ADD:0156120,ATCC 25922,10.01,32 ug/mL,0.0
48565,c1(C#N)c(c2ccc(cc2)Cl)cc(nc1SCc3cccc(Br)c3)c4cccs4,N#Cc1c(-c2ccc(Cl)cc2)cc(-c2cccs2)nc1SCc1cccc(Br)c1,CO-ADD:0162665,ATCC 25922,15.56,32 ug/mL,0.0
48578,N1(C2(CC3CC(C2)CC4(C3)N5C(=O)c(c6C5=O)ccc(C(=O)c(cc7)ccc7C(O)=O)c6)C4)C(=O)c(c8C1=O)ccc(C(=O)c(cc9)ccc9C(O)=O)c8,O=C(O)c1ccc(C(=O)c2ccc3c(c2)C(=O)N(C24CC5CC(C2)CC(N2C(=O)c6ccc(C(=O)c7ccc(C(=O)O)cc7)cc6C2=O)(C5)C4)C3=O)cc1,CO-ADD:0162105,ATCC 25922,14.21,32 ug/mL,0.0
48581,[O-][N+](C1=CC(/C=N/C2=CC=C(C=C2)C(N3)=NC4=C3C=CC(N)=C4)=CC=C1)=O,Nc1ccc2[nH]c(-c3ccc(/N=C/c4cccc([N+](=O)[O-])c4)cc3)nc2c1,CO-ADD:0155724,ATCC 25922,13.11,32 ug/mL,0.0
48606,N1(c2cccc(Cl)c2)C(=O)CC(N(CC3)CCC3C(O)=O)C1=O,O=C(O)C1CCN(c2cc(O)n(-c3cccc(Cl)c3)c2O)CC1,CO-ADD:0245810,ATCC 25922,1.06,32 ug/mL,0.0
48641,s(c(C(c1c(OC)c(OC)c(OCO2)c2c1)CC(N3)=O)c34)c(Nc5ccccc5)n4,COc1c(C2CC(=O)Nc3nc(Nc4ccccc4)sc32)cc2c(c1OC)OCO2,CO-ADD:0148640,ATCC 25922,-12.99,32 ug/mL,0.0
48657,s(c(C(c1c(OC)c(OC)c(OCO2)c2c1)CC(N3)=O)c34)c(Nc5ccccc5)n4,COc1c(C2CC(=O)Nc3nc(Nc4ccccc4)sc32)cc2c(c1OC)OCO2,CO-ADD:0148640,ATCC 25922,-9.1,32 ug/mL,0.0
48680,F[P-](F)(F)(F)(F)F.F[P-](F)(F)(F)(F)F.C12=NC3=C(N=C1C=CC=C2)C4=C5C6=[N+]([Ru]78([N+]5=CC=C4)([N+]9=CC=CC=C9C%10=CC=CC=[N+]8%10)[N+]%11=CC=CC=C%11C%12=CC=CC=[N+]7%12)C=CC=C36,c1ccc2nc3c4cccnc4c4ncccc4c3nc2c1,CO-ADD:0147067,ATCC 25922,-21.36,32 ug/mL,0.0
48748,C[Pt]1(P(c2ccccc2)(c3ccccc3)c4ccccc4)([N+]5=C(C6=CC=CC=[N+]61)C=CC=C5)(C)C.F[P-](F)(F)(F)(F)F,c1ccc([PH2](c2ccccc2)c2ccccc2)cc1,CO-ADD:0147071,ATCC 25922,-22.01,32 ug/mL,0.0
48761,c1(c2c(c34)c(ccc2)ccc3)c4nc(ccc5C(O)=O)c(c5)n1,O=C(O)c1ccc2nc3c(nc2c1)-c1cccc2cccc-3c12,CO-ADD:0302644,ATCC 25922,3.58,32 ug/mL,0.0
48801,COc1c(N2C[C@@H]3CCCN[C@@H]3C2)c(F)cc2c1n(cc(C(O)=O)c2=O)C1CC1.Cl,COc1c(N2C[C@@H]3CCCN[C@@H]3C2)c(F)cc2c(=O)c(C(=O)O)cn(C3CC3)c12,CO-ADD:0164678,ATCC 25922,99.99,20 uM,1.0
48812,C(C(=O)OC(C)C)(C1c2ccc(cc2)OC)=C(CSc3nc(C)c(c(C)c3C#N)C)OC(N)=C1C#N,COc1ccc(C2C(C(=O)OC(C)C)=C(CSc3nc(C)c(C)c(C)c3C#N)OC(=N)C2C#N)cc1,CO-ADD:0215370,ATCC 25922,-4.42,32 ug/mL,0.0
48819,C(C#N)(C1c2ccc(cc2)SC)=C(N)OC(C)=C1C(C)=O,CSc1ccc(C2C(C(C)=O)=C(C)OC(=N)C2C#N)cc1,CO-ADD:0166655,ATCC 25922,1.07,80 ug/mL,0.0
48896,S(c1ccccc1)(=O)(=O)N(c2ccc(cc2)OC)CC(=O)N\N=C\c(c(OC)ccc3[N+](=O)[O-])c3,COc1ccc(N(CC(=O)N/N=C/c2cc([N+](=O)[O-])ccc2OC)S(=O)(=O)c2ccccc2)cc1,CO-ADD:0215438,ATCC 25922,1.33,32 ug/mL,0.0
48898,n1ccc(C)cc1NC(c(ccc(ccc2)c3n2)c3O)c(ccc4)cc4,Cc1ccnc(NC(c2ccccc2)c2ccc3cccnc3c2O)c1,CO-ADD:0136660,ATCC 25922,13.91,25 uM,0.0
48914,C(C1OC(C(N([H])C(C(OC(C(N([H])C(C(OC(C(N([H])C(C(C)OC(=O)C(C(C)C)N([H])C(=O)C(C(C)C)OC(=O)C(C(C)C)N([H])C(=O)C(C)OC(=O)C(C(C)C)N([H])C1=O)=O)C(C)C)=O)C(C)C)=O)C(C)C)=O)C)=O)C(C)C)=O)(C)C,CC1OC(=O)C(C(C)C)NC(=O)C(C(C)C)OC(=O)C(C(C)C)NC(=O)C(C)OC(=O)C(C(C)C)NC(=O)C(C(C)C)OC(=O)C(C(C)C)NC(=O)C(C)OC(=O)C(C(C)C)NC(=O)C(C(C)C)OC(=O)C(C(C)C)NC1=O,CO-ADD:0137220,ATCC 25922,6.62,25 uM,0.0
48915,FC(F)(F)c1cnc(Sc2oc(nn2)c3ccncc3)c(Cl)c1,FC(F)(F)c1cnc(Sc2nnc(-c3ccncc3)o2)c(Cl)c1,CO-ADD:0237328,ATCC 25922,7.43,20 uM,0.0
48993,C(c1ccccc1)(=O)Oc2ccc(cc2\C=N\NC(=O)c(ccc(n3)C)c3)Br,Cc1ccc(C(=O)N/N=C/c2cc(Br)ccc2OC(=O)c2ccccc2)cn1,CO-ADD:0231536,ATCC 25922,31.38,32 ug/mL,0.0
48994,O=C1C(C(=O)c(c2)cccn2)Cc(cccc3)c13,O=C(c1cccnc1)C1Cc2ccccc2C1=O,CO-ADD:0136067,ATCC 25922,20.73,25 uM,0.0
49027,c1(N(CC2)CCN2C)nc(N\N=C\c(cc3)ccc3N(C)C)nc(Nc(cc4)ccc4[N+](=O)[O-])n1,CN1CCN(c2nc(N/N=C/c3ccc(N(C)C)cc3)nc(Nc3ccc([N+](=O)[O-])cc3)n2)CC1,CO-ADD:0220675,ATCC 25922,6.87,32 ug/mL,0.0
49029,[N+](=O)([O-])c1cccc(\C=N\NC(CNc2ccccc2C)=O)c1O,Cc1ccccc1NCC(=O)NN=Cc1cccc([N+](=O)[O-])c1O,CO-ADD:0220567,ATCC 25922,17.45,32 ug/mL,0.0
49031,c1(cc(cc(OC)c1OCC(=O)N\N=C\c(cc2Br)cc(c2O)Br)[N+](=O)[O-])[N+](=O)[O-],COc1cc([N+](=O)[O-])cc([N+](=O)[O-])c1OCC(=O)NN=Cc1cc(Br)c(O)c(Br)c1,CO-ADD:0234519,ATCC 25922,11.37,32 ug/mL,0.0
49044,OCC(C)(C)[C@@H](O)C(NCCC(NCCCCCCC)=O)=O,CCCCCCCNC(=O)CCNC(=O)C(O)C(C)(C)CO,CO-ADD:0237009,ATCC 25922,8.69,32 ug/mL,0.0
49059,n(Cc1ccccc1)(c2c(c3\C=N\NC(=O)c4cc(Br)ccc4O)cccc2)c3C,Cc1c(/C=N/NC(=O)c2cc(Br)ccc2O)c2ccccc2n1Cc1ccccc1,CO-ADD:0220981,ATCC 25922,14.28,32 ug/mL,0.0
49064,C(=C/Nc(cc1)ccc1S(=O)(=O)NCc2ccccc2)(/C(=O)NC(N3)=S)\C3=O,O=c1[nH]c(=S)[nH]c(O)c1C=Nc1ccc(S(=O)(=O)NCc2ccccc2)cc1,CO-ADD:0214890,ATCC 25922,3.94,32 ug/mL,0.0
49069,N(C(=O)\C(\S1)=C/c2cccc(OC)c2)=C1N(CC3)CCN3C4=NC(\C(=C/c5cccc(OC)c5)\S4)=O,COc1cccc(/C=C2/SC(N3CCN(C4=NC(=O)/C(=C\c5cccc(OC)c5)S4)CC3)=NC2=O)c1,CO-ADD:0221869,ATCC 25922,12.71,32 ug/mL,0.0
49079,S(NCCCC(NCCCCC)=O)(=O)(=O)c(cc1)ccc1[N+](=O)[O-],CCCCCNC(=O)CCCNS(=O)(=O)c1ccc([N+](=O)[O-])cc1,CO-ADD:0165870,ATCC 25922,4.35,80 ug/mL,0.0
49128,C(=N/N=C/c1c(O)ccc(cccc2)c12)(/C3=O)\c4c(N3)ccc(c4)[N+](=O)[O-],O=C1Nc2ccc([N+](=O)[O-])cc2C1=NN=Cc1c(O)ccc2ccccc12,CO-ADD:0220690,ATCC 25922,-5.22,32 ug/mL,0.0
49237,O=C(N1OC(O)C(CC2=CC=CC=C2)C1)OCC3=CC=CC=C3,O=C(OCc1ccccc1)N1CC(Cc2ccccc2)C(O)O1,CO-ADD:0163999,ATCC 25922,-3.12,32 ug/mL,0.0
49253,O=C(N1OC(O)C(CC2=CC=CC=C2)C1)OCC3=CC=CC=C3,O=C(OCc1ccccc1)N1CC(Cc2ccccc2)C(O)O1,CO-ADD:0163999,ATCC 25922,-3.22,32 ug/mL,0.0
49269,O=C(OC1=C2C=CC=C1)N2C(C3=CC=C(Cl)C=C3)=O,O=C(c1ccc(Cl)cc1)n1c(=O)oc2ccccc21,CO-ADD:0160014,ATCC 25922,25.05,32 ug/mL,0.0
49275,CC1=CC=C(N=C(Cl)C(/C=N/O)=C2)C2=C1,Cc1ccc2nc(Cl)c(C=NO)cc2c1,CO-ADD:0154599,ATCC 25922,21.45,32 ug/mL,0.0
49289,C(C#N)(C1CCC)=C(N)SC(N)=C1C#N,CCCC1C(C#N)C(=N)SC(=N)C1C#N,CO-ADD:0217582,ATCC 25922,-7.35,32 ug/mL,0.0
49296,C(/O)(\c1ccc(cc1)C)=C/C=N/c(cc2)ccc2O,Cc1ccc(C(=O)CC=Nc2ccc(O)cc2)cc1,CO-ADD:0217182,ATCC 25922,-11.67,32 ug/mL,0.0
49300,O=S(N(C1=CC=C(OC)C=C1)CC(N/N=C/C2=CC=C(C(OCC)=C2)OCCC)=O)(C3=CC=CC=C3)=O,CCCOc1ccc(/C=N/NC(=O)CN(c2ccc(OC)cc2)S(=O)(=O)c2ccccc2)cc1OCC,CO-ADD:0158233,ATCC 25922,22.86,32 ug/mL,0.0
49381,S(=O)(=O)(c(cc1)ccc1[N+](=O)[O-])N(C)CC(OC)=O,COC(=O)CN(C)S(=O)(=O)c1ccc([N+](=O)[O-])cc1,CO-ADD:0217237,ATCC 25922,0.17,32 ug/mL,0.0
49600,[N+](=O)([O-])c(cc(cc1[N+](=O)[O-])C(=O)Nc2cccc(C)n2)c1,Cc1cccc(NC(=O)c2cc([N+](=O)[O-])cc([N+](=O)[O-])c2)n1,CO-ADD:0162587,ATCC 25922,14.54,32 ug/mL,0.0
49605,N1(c2ccc(cc2)Br)C(=O)c3c(c(ccc4Nc5ccccc5Cl)C1=O)c4ccc3,O=C1c2cccc3c(Nc4ccccc4Cl)ccc(c23)C(=O)N1c1ccc(Br)cc1,CO-ADD:0162713,ATCC 25922,16.11,32 ug/mL,0.0
49690,n1(nnc(C(=O)N\N=C\c(ccc(c2[N+](=O)[O-])O)c2)c1CN(CC)CC)c3nonc3N,CCN(CC)Cc1c(C(=O)NN=Cc2ccc(O)c([N+](=O)[O-])c2)nnn1-c1nonc1N,CO-ADD:0245683,ATCC 25922,12.16,32 ug/mL,0.0
49694,N1(CCCCCCCC)C(=O)CSC1c(cc(C(C)(C)C)c(c2C(C)(C)C)O)c2,CCCCCCCCN1C(=O)CSC1c1cc(C(C)(C)C)c(O)c(C(C)(C)C)c1,CO-ADD:0245900,ATCC 25922,-9.69,32 ug/mL,0.0
49704,n1(\N=C\c(c2)c(O)c(cc2[N+](=O)[O-])Br)c(S)nnc1c3ccccc3,O=[N+]([O-])c1cc(Br)c(O)c(C=Nn2c(-c3ccccc3)n[nH]c2=S)c1,CO-ADD:0242689,ATCC 25922,13.27,32 ug/mL,0.0
49705,CCC1=C(C)N=C(NC1=O)n2nc(C)cc2NC(=O)c3ccccc3SC,CCc1c(C)[nH]c(-n2nc(C)cc2NC(=O)c2ccccc2SC)nc1=O,CO-ADD:0237056,ATCC 25922,1.49,20 uM,0.0
49713,CO[C@H]1\C=C\O[C@@]2(C)OC3=C(C2=O)C4=C(O)\C(=C/NN5CCN(C)CC5)\C(=N\C(=O)\C(=C/C=C\[C@H](C)[C@H](O)[C@@H](C)[C@@H](O)[C@@H](C)[C@H](OC(=O)C)[C@@H]1C)\C)\C(=C4C(=C3C)O)O,CO[C@H]1/C=C/O[C@@]2(C)Oc3c(C)c(O)c4c(O)c(c(C=NN5CCN(C)CC5)c(O)c4c3C2=O)NC(=O)C(C)=CC=CC(C)[C@H](O)[C@@H](C)[C@@H](O)[C@@H](C)[C@H](OC(C)=O)[C@@H]1C,CO-ADD:0237361,ATCC 25922,97.11,20 uM,1.0
49749,C(/c1c(N2)ccc(OC)c1)(\C2=O)=C(\SC(N3)=S)/C3=O,COc1ccc2c(c1)=C(c1sc(=S)[nH]c1O)C(=O)N=2,CO-ADD:0278043,ATCC 25922,3.83,32 ug/mL,0.0
49759,c(\C=N\NC(COc(cc1)ccc1C)=O)(cc(Br)cc2I)c2O,Cc1ccc(OCC(=O)NN=Cc2cc(Br)cc(I)c2O)cc1,CO-ADD:0222025,ATCC 25922,21.49,32 ug/mL,0.0
49760,[n+]([O-])(c(cccc1)c12)c(CO)c([n+]2[O-])CO,[O-][n+]1c(CO)c(CO)[n+]([O-])c2ccccc21,CO-ADD:0220122,ATCC 25922,69.99,32 ug/mL,0.0
49782,[N+](=O)([O-])c(cc1)ccc1N(CC2)CCN2C(CCc3ccccc3)=O,O=C(CCc1ccccc1)N1CCN(c2ccc([N+](=O)[O-])cc2)CC1,CO-ADD:0260176,ATCC 25922,-2.62,32 ug/mL,0.0
49811,N1(c2ccc(cc2C)C)C(=O)CC(N(C)Cc3ccccc3)C1=O.Cl,Cc1ccc(-n2c(O)cc(N(C)Cc3ccccc3)c2O)c(C)c1,CO-ADD:0241368,ATCC 25922,-0.78,32 ug/mL,0.0
49907,O=C(CCC1=CC=CC=C1)NC2=C(C)C=CC(NC(CCC3=CC=CC=C3)=O)=C2,Cc1ccc(NC(=O)CCc2ccccc2)cc1NC(=O)CCc1ccccc1,CO-ADD:0157298,ATCC 25922,8.45,32 ug/mL,0.0
49923,S=C(S/1)N(CNC(C=C2)=CC=C2I)C(C1=C/C3=CC=C(C(Cl)=C3)Cl)=O,O=C1/C(=C\c2ccc(Cl)c(Cl)c2)SC(=S)N1CNc1ccc(I)cc1,CO-ADD:0160589,ATCC 25922,19.86,32 ug/mL,0.0
49948,c1(noc(c(cc(cc2[N+](=O)[O-])[N+](=O)[O-])c2)n1)c3nonc3N,Nc1nonc1-c1noc(-c2cc([N+](=O)[O-])cc([N+](=O)[O-])c2)n1,CO-ADD:0306853,ATCC 25922,8.06,32 ug/mL,0.0
49962,c1(ccccc1OCc2ccccc2C)C=O,Cc1ccccc1COc1ccccc1C=O,CO-ADD:0310933,ATCC 25922,1.58,32 ug/mL,0.0
49979,C1(C#N)(CC(=O)C23CC4CC(CC(C4)C2)C3)C(N)=C(CC1(C#N)C#N)C=O,N#CC1(C#N)CC(C=O)C(=N)C1(C#N)CC(=O)C12CC3CC(CC(C3)C1)C2,CO-ADD:0307182,ATCC 25922,5.24,32 ug/mL,0.0
50029,C(/c(cc(C)cc1)c12)(\C(=S)C(N2C(=O)Cc3cccs3)(C)C)=C(/S4)\SC(=C4C(OC)=O)C(OC)=O,COC(=O)C1=C(C(=O)OC)SC(=C2C(=S)C(C)(C)N(C(=O)Cc3cccs3)c3ccc(C)cc32)S1,CO-ADD:0327698,ATCC 25922,0.64,32 ug/mL,0.0
50638,c(cc(Br)cc1Cl)(\C=N\c2ccc(cc2O)C)c1O,Cc1ccc(N=Cc2cc(Br)cc(Cl)c2O)c(O)c1,CO-ADD:0233411,ATCC 25922,25.99,32 ug/mL,0.0
50642,[n+]1([O-])n(C(C)CC)nc(NC([H])=O)c1[N+](=O)[O-],CCC(C)n1nc(NC=O)c([N+](=O)[O-])[n+]1[O-],CO-ADD:0236706,ATCC 25922,98.5,32 ug/mL,1.0
50651,[N+](=O)([O-])c(ccc(c1\C=N\NC(CNC(=O)c2ccc(cc2)Cl)=O)O)c1,O=C(CNC(=O)c1ccc(Cl)cc1)NN=Cc1cc([N+](=O)[O-])ccc1O,CO-ADD:0234270,ATCC 25922,7.45,32 ug/mL,0.0
50655,C(/S1)(\C(Cl)=NS1)=N/c2nncs2,Clc1nss/c1=N\c1nncs1,CO-ADD:0229156,ATCC 25922,10.79,32 ug/mL,0.0
50667,C(=C\c(ccc(c12)OCO1)c2)(/NC(c3ccccc3)=O)\C(=O)N\N=C\c4cc(Cl)ccc4O,O=C(NN=Cc1cc(Cl)ccc1O)C(Cc1ccc2c(c1)OCO2)=NC(=O)c1ccccc1,CO-ADD:0227498,ATCC 25922,29.89,32 ug/mL,0.0
50684,c1(nnc(SCC)s1)NC(=O)c(cc(cc2[N+](=O)[O-])[N+](=O)[O-])c2,CCSc1nnc(NC(=O)c2cc([N+](=O)[O-])cc([N+](=O)[O-])c2)s1,CO-ADD:0234782,ATCC 25922,5.53,32 ug/mL,0.0
50767,[N+](=O)([O-])c1cc(ccc1OC(c2ccccc2)=O)\C=N\c3ccccc3C,Cc1ccccc1/N=C/c1ccc(OC(=O)c2ccccc2)c([N+](=O)[O-])c1,CO-ADD:0215496,ATCC 25922,14.47,32 ug/mL,0.0
50844,c1(N(CC2)CCO2)nc(N\N=C\c3cccc(Cl)c3)nc(Nc(cc4)ccc4C)n1,Cc1ccc(Nc2nc(N/N=C/c3cccc(Cl)c3)nc(N3CCOCC3)n2)cc1,CO-ADD:0220697,ATCC 25922,7.47,32 ug/mL,0.0
50915,S=C(S/1)N(CN(CCCC)CCCC)C(C1=C\C(C=C2)=CC=C2Cl)=O,CCCCN(CCCC)CN1C(=O)/C(=C/c2ccc(Cl)cc2)SC1=S,CO-ADD:0157346,ATCC 25922,-2.08,32 ug/mL,0.0
51036,n1(C(C)=O)ncc2c1cc(cc2[N+](=O)[O-])[N+](=O)[O-],CC(=O)n1ncc2c([N+](=O)[O-])cc([N+](=O)[O-])cc21,CO-ADD:0278561,ATCC 25922,21.8,32 ug/mL,0.0
51052,n1(C(C)=O)ncc2c1cc(cc2[N+](=O)[O-])[N+](=O)[O-],CC(=O)n1ncc2c([N+](=O)[O-])cc([N+](=O)[O-])cc21,CO-ADD:0278561,ATCC 25922,14.22,32 ug/mL,0.0
51068,n1(C(C)=O)ncc2c1cc(cc2[N+](=O)[O-])[N+](=O)[O-],CC(=O)n1ncc2c([N+](=O)[O-])cc([N+](=O)[O-])cc21,CO-ADD:0278545,ATCC 25922,21.8,32 ug/mL,0.0
51084,n1(C(C)=O)ncc2c1cc(cc2[N+](=O)[O-])[N+](=O)[O-],CC(=O)n1ncc2c([N+](=O)[O-])cc([N+](=O)[O-])cc21,CO-ADD:0278545,ATCC 25922,14.22,32 ug/mL,0.0
51140,N1(CN2CCCC2)N=C(OC1=S)c3ccccc3,S=c1oc(-c2ccccc2)nn1CN1CCCC1,CO-ADD:0285286,ATCC 25922,30.14,32 ug/mL,0.0
51172,n(c(c1)c2ccc1C(O)=O)c(c3ccc(cc3)Br)c(n2)c4ccc(cc4)Br,O=C(O)c1ccc2nc(-c3ccc(Br)cc3)c(-c3ccc(Br)cc3)nc2c1,CO-ADD:0223169,ATCC 25922,2.85,32 ug/mL,0.0
51199,c1(ccc(cc1[N+](=O)[O-])[N+](=O)[O-])C(=O)Nc2ccccc2Cl,O=C(Nc1ccccc1Cl)c1ccc([N+](=O)[O-])cc1[N+](=O)[O-],CO-ADD:0294792,ATCC 25922,5.36,32 ug/mL,0.0
51200,c1(cc(cc(OC)c1OCC(OCC)=O)[N+](=O)[O-])[N+](=O)[O-],CCOC(=O)COc1c(OC)cc([N+](=O)[O-])cc1[N+](=O)[O-],CO-ADD:0230109,ATCC 25922,5.21,32 ug/mL,0.0
51236,c1(C#N)c(c2cccs2)cc(nc1SCC(=O)c3ccc(cc3)Br)c4cccs4,N#Cc1c(-c2cccs2)cc(-c2cccs2)nc1SCC(=O)c1ccc(Br)cc1,CO-ADD:0161335,ATCC 25922,4.31,32 ug/mL,0.0
51256,[N+](=O)([O-])c1cccc(c1)\N=C\c(cc2)ccc2OCc(cc3)ccc3F,O=[N+]([O-])c1cccc(/N=C/c2ccc(OCc3ccc(F)cc3)cc2)c1,CO-ADD:0219780,ATCC 25922,0.31,32 ug/mL,0.0
51263,[N+](=O)([O-])c1ccc(cc1O)\C=N\NC(=O)\C(\NC(c2ccccc2)=O)=C/c3cccs3,O=C(NN=Cc1ccc([N+](=O)[O-])c(O)c1)C(Cc1cccs1)=NC(=O)c1ccccc1,CO-ADD:0220617,ATCC 25922,-0.83,32 ug/mL,0.0
51281,[N+](=O)([O-])c1cc(ccc1Cl)\C=N\c(ccc(c2OC)OC)c2,COc1ccc(/N=C/c2ccc(Cl)c([N+](=O)[O-])c2)cc1OC,CO-ADD:0222358,ATCC 25922,0.99,32 ug/mL,0.0
51310,c1(cc(F)c(cc1Cl)F)C(=O)Nc2cccc(N(C)C)c2,CN(C)c1cccc(NC(=O)c2cc(F)c(F)cc2Cl)c1,CO-ADD:0221888,ATCC 25922,7.96,32 ug/mL,0.0
51400,C(N)(=S)N\N=C(/C)\c1ccc(cc1)Br,C/C(=N\NC(N)=S)c1ccc(Br)cc1,CO-ADD:0223270,ATCC 25922,8.5,32 ug/mL,0.0
51405,C(=C\c1ccccc1)/C(=O)c2ccc(cc2)\N=C\c(cc3)ccc3OC(COc4ccccc4)=O,O=C(COc1ccccc1)Oc1ccc(/C=N/c2ccc(C(=O)/C=C/c3ccccc3)cc2)cc1,CO-ADD:0235041,ATCC 25922,0.52,32 ug/mL,0.0
51411,c1([N+](=O)[O-])ncn(CCO)c1[N+](=O)[O-],O=[N+]([O-])c1ncn(CCO)c1[N+](=O)[O-],CO-ADD:0295965,ATCC 25922,96.69,32 ug/mL,1.0
51419,C12(C)C(C)(C)C(CC1OCC[N+](C)(C)CC(=O)OC3C(C)(C)C(CC34C)CC4)CC2.[Cl-],CC12CCC(C1)C(C)(C)C2OC(=O)C[N+](C)(C)CCOC1CC2CCC1(C)C2(C)C,CO-ADD:0295206,ATCC 25922,56.98,32 ug/mL,0.0
51452,N(c1ccccc1C#N)(C(=O)C(C23)C(C=C4)OC24CO)C3=O,N#Cc1ccccc1-n1c(O)c2c(c1O)C1(CO)C=CC2O1,CO-ADD:0286816,ATCC 25922,15.91,32 ug/mL,0.0
51491,N(/OC(c1ccccc1)=O)=C(/C)\c2cccs2,C/C(=N\OC(=O)c1ccccc1)c1cccs1,CO-ADD:0286919,ATCC 25922,9.32,32 ug/mL,0.0
51493,C1(=S)NC(NN1c2ccccc2)(C)CCc3ccccc3,CC1(CCc2ccccc2)NC(=S)N(c2ccccc2)N1,CO-ADD:0293009,ATCC 25922,7.15,32 ug/mL,0.0
51501,c1(C2C(CC=C2)C(N3)C(C)C)c3c(O)cc(Cl)c1[N+](=O)[O-],CC(C)C1Nc2c(O)cc(Cl)c([N+](=O)[O-])c2C2=CCCC21,CO-ADD:0293234,ATCC 25922,11.99,32 ug/mL,0.0
51591,[N+](=O)([O-])c1cc(ccc1OC(c2ccccc2)=O)\C=N\c3ccccc3OC,COc1ccccc1/N=C/c1ccc(OC(=O)c2ccccc2)c([N+](=O)[O-])c1,CO-ADD:0215630,ATCC 25922,-0.3,32 ug/mL,0.0
51601,C(CSCc1ccccc1Br)(=O)N\N=C\c(cc2)ccc2OC(C)=O,CC(=O)Oc1ccc(/C=N/NC(=O)CSCc2ccccc2Br)cc1,CO-ADD:0166360,ATCC 25922,7.54,80 ug/mL,0.0
51604,n1(c(C)cc(C)n1)c2ccc(cc2[N+](=O)[O-])[N+](=O)[O-],Cc1cc(C)n(-c2ccc([N+](=O)[O-])cc2[N+](=O)[O-])n1,CO-ADD:0218484,ATCC 25922,3.61,32 ug/mL,0.0
51606,C(=O)(Oc(cc1)ccc1\C=N\N=C\c(cc2)ccc2OC(=O)c3ccccc3OC(C)=O)c4ccccc4OC(C)=O,CC(=O)Oc1ccccc1C(=O)Oc1ccc(/C=N/N=C/c2ccc(OC(=O)c3ccccc3OC(C)=O)cc2)cc1,CO-ADD:0166390,ATCC 25922,3.75,80 ug/mL,0.0
51625,C1(=O)Oc(c(cc(c2OC(OC)=O)Br)S1)c2,COC(=O)Oc1cc2oc(=O)sc2cc1Br,CO-ADD:0301419,ATCC 25922,7.68,32 ug/mL,0.0
51653,C(=O)(N\N=C(/C)\CC(=O)Nc(ccc(c12)cccc1)c2)C(=O)NCC(C)C,CC(CC(=O)Nc1ccc2ccccc2c1)=NNC(=O)C(=O)NCC(C)C,CO-ADD:0244654,ATCC 25922,6.15,32 ug/mL,0.0
51666,c1(nonc1c2ccccc2)[N+]([O-])=Nc3nonc3c4ccccc4,[O-][N+](=Nc1nonc1-c1ccccc1)c1nonc1-c1ccccc1,CO-ADD:0244412,ATCC 25922,5.14,32 ug/mL,0.0
51679,N1(c2cc(Cl)cc(Cl)c2)C(=O)CC(N(CC3)CCN3c4ccccc4)C1=O,Oc1cc(N2CCN(c3ccccc3)CC2)c(O)n1-c1cc(Cl)cc(Cl)c1,CO-ADD:0240298,ATCC 25922,2.19,32 ug/mL,0.0
51688,c(CN(CC1)CCN1C)(cc(Br)c(c23)cccn2)c3O,CN1CCN(Cc2cc(Br)c3cccnc3c2O)CC1,CO-ADD:0242617,ATCC 25922,56.74,32 ug/mL,0.0
51748,C12(c3c(cccc3)C(C(C1C4=O)C(N4c5ccc(cc5)O)=O)c(cccc6)c26)[N+](=O)[O-],O=[N+]([O-])C12c3ccccc3C(c3ccccc31)c1c2c(O)n(-c2ccc(O)cc2)c1O,CO-ADD:0325970,ATCC 25922,-5.99,32 ug/mL,0.0
51761,N(c1ccc(cc1)Br)(CC(=O)c(cc2)ccc2C3CCCCC3)C(CCCCC4)=N4.Br,O=C(CN(C1=NCCCCC1)c1ccc(Br)cc1)c1ccc(C2CCCCC2)cc1,CO-ADD:0326598,ATCC 25922,43.06,32 ug/mL,0.0
51840,C1(N2CCc(c3C2)cccc3)=C(NC(C)=O)C(c(cccc4)c4C1=O)=O,CC(=O)N=C1C(=O)c2ccccc2C(=O)C1N1CCc2ccccc2C1,CO-ADD:0332520,ATCC 25922,-6.14,32 ug/mL,0.0
51941,N1(c2ccccc2)C(=O)CC(N(CC3)CCN3c4ccccc4OC)C1=O,COc1ccccc1N1CCN(c2cc(O)n(-c3ccccc3)c2O)CC1,CO-ADD:0227665,ATCC 25922,8.44,32 ug/mL,0.0
51947,c12c(non1)nc(Cl)c(Nc(ccc(c3Cl)Cl)c3)n2,Clc1ccc(Nc2nc3nonc3nc2Cl)cc1Cl,CO-ADD:0236166,ATCC 25922,10.24,32 ug/mL,0.0
51954,C(=S)(c1ccc(cc1)Cl)N(CC2)CCO2,S=C(c1ccc(Cl)cc1)N1CCOCC1,CO-ADD:0231165,ATCC 25922,-0.37,32 ug/mL,0.0
51962,c12c(C(SS1)=O)n(c(C(SS3)=O)c23)CC,CCn1c2c(=O)ssc2c2ssc(=O)c21,CO-ADD:0230966,ATCC 25922,8.4,32 ug/mL,0.0
52007,c1(n2nc(C)c1[N+](=O)[O-])n(nc(c3[N+](=O)[O-])C)c3n(nc(C)c4[N+](=O)[O-])c24,Cc1nn2c(c1[N+](=O)[O-])n1nc(C)c([N+](=O)[O-])c1n1nc(C)c([N+](=O)[O-])c21,CO-ADD:0258815,ATCC 25922,4.11,32 ug/mL,0.0
52017,c1(C#N)c(c2ccc(cc2)Cl)cc(nc1SCc3ccccc3)c4ccccc4,N#Cc1c(-c2ccc(Cl)cc2)cc(-c2ccccc2)nc1SCc1ccccc1,CO-ADD:0221839,ATCC 25922,9.95,32 ug/mL,0.0
52111,[N+](=O)([O-])c1ccc(cc1NCCOc2ccccc2C)N(CC3)CCN3CCO,Cc1ccccc1OCCNc1cc(N2CCN(CCO)CC2)ccc1[N+](=O)[O-],CO-ADD:0234751,ATCC 25922,-1.03,32 ug/mL,0.0
52446,N1(CNc(ccc(c2C)C)c2)C(=O)C(SC1=S)CC,CCc1sc(=S)n(CNc2ccc(C)c(C)c2)c1O,CO-ADD:0166465,ATCC 25922,2.58,80 ug/mL,0.0
52447,C(=O)(N\N=C\c(cc1)ccc1O)c2ccc(cc2)COc(cc3)ccc3C,Cc1ccc(OCc2ccc(C(=O)NN=Cc3ccc(O)cc3)cc2)cc1,CO-ADD:0166375,ATCC 25922,11.42,80 ug/mL,0.0
52449,C(=C\Nc1cccc2c1cccc2N)(/C(=O)NC(N3)=O)\C3=O,Nc1cccc2c(N=Cc3c(O)[nH]c(=O)[nH]c3=O)cccc12,CO-ADD:0215137,ATCC 25922,-13.92,32 ug/mL,0.0
52451,C(C#N)(C1c2ccc(cc2)OCc3ccccc3)=C(N)SC(N)=C1C#N,N#CC1C(=N)SC(=N)C(C#N)C1c1ccc(OCc2ccccc2)cc1,CO-ADD:0166663,ATCC 25922,9.26,80 ug/mL,0.0
52477,S(NCCCCCCCC(OC)=O)(=O)(=O)c(cc1)ccc1[N+](=O)[O-],COC(=O)CCCCCCCNS(=O)(=O)c1ccc([N+](=O)[O-])cc1,CO-ADD:0254591,ATCC 25922,31.94,32 ug/mL,0.0
52496,Clc1ccc(CO\N=C(/Cn2ccnc2)c2ccc(Cl)cc2Cl)c(Cl)c1.O[N+](=O)[O-],Clc1ccc(CO/N=C(\Cn2ccnc2)c2ccc(Cl)cc2Cl)c(Cl)c1,CO-ADD:0164418,ATCC 25922,7.04,20 uM,0.0
52499,CN1C=C(NC(C(C=C2)=CC3=C2N=C(/C=C/C4=CC=C(C=C4)SC)C=C3)=O)C=C1C(NC5=CN(C)C(C(NCCN6CCOCC6)=O)=C5)=O.OC(C(F)(F)F)=O,CSc1ccc(/C=C/c2ccc3cc(C(=O)Nc4cc(C(=O)Nc5cc(C(=O)NCCN6CCOCC6)n(C)c5)n(C)c4)ccc3n2)cc1,CO-ADD:0153085,ATCC 25922,-8.71,32 ug/mL,0.0
52529,N1(c2ccc(c(Cl)c2)Cl)C(=O)CC(N(C)Cc3ccccc3)C1=O,CN(Cc1ccccc1)c1cc(O)n(-c2ccc(Cl)c(Cl)c2)c1O,CO-ADD:0245791,ATCC 25922,-3.36,32 ug/mL,0.0
52537,c1(CC2(C)C)c(ccc(cccc3)c13)C=N2,CC1(C)Cc2c(ccc3ccccc23)C=N1,CO-ADD:0244368,ATCC 25922,16.66,32 ug/mL,0.0
52548,[N+](=O)([O-])c1cc(ccc1OC(=O)c2ccc(cc2Cl)Cl)\C=N\c3ccccc3C,Cc1ccccc1/N=C/c1ccc(OC(=O)c2ccc(Cl)cc2Cl)c([N+](=O)[O-])c1,CO-ADD:0216911,ATCC 25922,4.26,32 ug/mL,0.0
52569,N1(CNc2c(Cl)ccc(Cl)c2)C(=O)\C(\SC1=O)=C/c3ccccc3,O=C1S/C(=C/c2ccccc2)C(=O)N1CNc1cc(Cl)ccc1Cl,CO-ADD:0220114,ATCC 25922,0.26,32 ug/mL,0.0
52570,[N+](=O)([O-])c(ccc(c1\C=N\NC(=O)\C(=C\c2ccccc2O)\NC(c3ccccc3)=O)O)c1,O=C(NN=Cc1cc([N+](=O)[O-])ccc1O)C(Cc1ccccc1O)=NC(=O)c1ccccc1,CO-ADD:0220609,ATCC 25922,7.06,32 ug/mL,0.0
52579,C(CSCc(cc1)ccc1Cl)(=O)N\N=C\c2ccccc2,O=C(CSCc1ccc(Cl)cc1)N/N=C/c1ccccc1,CO-ADD:0219712,ATCC 25922,11.15,32 ug/mL,0.0
52602,[N+](=O)([O-])c1cc(ccc1Br)\C=N\c(cc2)c(C)cc2[N+](=O)[O-],Cc1cc([N+](=O)[O-])ccc1/N=C/c1ccc(Br)c([N+](=O)[O-])c1,CO-ADD:0235109,ATCC 25922,12.39,32 ug/mL,0.0
52604,C(=O)(N\N=C(\CC1)/CCN1C)C(=O)NCC(C)C,CC(C)CNC(=O)C(=O)NN=C1CCN(C)CC1,CO-ADD:0235783,ATCC 25922,7.74,32 ug/mL,0.0
52614,N1(Nc2ccccc2C)C(=O)c3c(c(c4)C1=O)c(ccc3)c(c4[N+](=O)[O-])Br,Cc1ccccc1NN1C(=O)c2cccc3c(Br)c([N+](=O)[O-])cc(c23)C1=O,CO-ADD:0229991,ATCC 25922,2.26,32 ug/mL,0.0
52615,c1(c(N(C)CCCCCCCCCCCCCCCCCC)ccc(c1)S(O)(=O)=O)[N+](=O)[O-],CCCCCCCCCCCCCCCCCCN(C)c1ccc(S(=O)(=O)O)cc1[N+](=O)[O-],CO-ADD:0230274,ATCC 25922,6.01,32 ug/mL,0.0
52635,C(=O)(N\N=C\c1c(O)ccc(cccc2)c12)C(=O)NCC3CCCO3,O=C(NCC1CCCO1)C(=O)NN=Cc1c(O)ccc2ccccc12,CO-ADD:0166355,ATCC 25922,17.41,80 ug/mL,0.0
52644,COc1ccc2[n-]c(nc2c1)S(=O)Cc1ncc(C)c(OC)c1C.COc1ccc2[n-]c(nc2c1)S(=O)Cc1ncc(C)c(OC)c1C.[Mg+2],COc1ccc2[nH]c([S+]([O-])Cc3ncc(C)c(OC)c3C)nc2c1,CO-ADD:0164939,ATCC 25922,7.19,20 uM,0.0
52651,CC(C)\N=c1/cc2n(-c3ccc(Cl)cc3)c3ccccc3nc2cc1Nc1ccc(Cl)cc1,CC(C)/N=c1\cc2n(-c3ccc(Cl)cc3)c3ccccc3nc-2cc1Nc1ccc(Cl)cc1,CO-ADD:0164699,ATCC 25922,5.22,20 uM,0.0
52722,c1(ccccc1Br)C(=O)NCC(=O)N\N=C\C(C)(C)C,CC(C)(C)/C=N/NC(=O)CNC(=O)c1ccccc1Br,CO-ADD:0166123,ATCC 25922,9.54,80 ug/mL,0.0
52723,C(C(=O)OC(C)C)(C1c2ccc(cc2)Cl)=C(N)OC(CCCC3=O)=C13,CC(C)OC(=O)C1C(=N)OC2=C(C(=O)CCC2)C1c1ccc(Cl)cc1,CO-ADD:0166649,ATCC 25922,-2.26,80 ug/mL,0.0
52727,N1(c2cccc(Cl)c2)C(=O)CC(N(CC3)CCN3c4ccccc4OC)C1=O,COc1ccccc1N1CCN(c2cc(O)n(-c3cccc(Cl)c3)c2O)CC1,CO-ADD:0215769,ATCC 25922,-1.62,32 ug/mL,0.0
52817,C(N(CC1)CCO1)(c2c(cccc2)C(C3=O)=O)=C3,O=C1C=C(N2CCOCC2)c2ccccc2C1=O,CO-ADD:0255566,ATCC 25922,9.78,32 ug/mL,0.0
52858,CC1=C(C2=CC=C(C=C2)C3=CC=CC=C3)C(C)=C(C)C1C.NC4=NC(NC5=CC=C(C=C5)F)=N[Ir@](C)(N4)Cl,CC1=C(C)C(C)C(C)=C1c1ccc(-c2ccccc2)cc1,CO-ADD:0238635,ATCC 25922,98.28,32 ug/mL,1.0
52861,n1c[nH]nc1\N=C\c2cc(Cl)ccc2O,Oc1ccc(Cl)cc1C=Nc1nc[nH]n1,CO-ADD:0233622,ATCC 25922,0.27,32 ug/mL,0.0
52873,S1(=O)(=O)c(cccc2)c2C(SCC(OC)=O)=N1,COC(=O)CSC1=NS(=O)(=O)c2ccccc21,CO-ADD:0229837,ATCC 25922,0.93,32 ug/mL,0.0
52889,n(nnc1[N+](=O)[O-])(C(=C(C)OC(=C2C#N)N)C2c(cccn3)c3)n1,CC1=C(n2nnc([N+](=O)[O-])n2)C(c2cccnc2)C(C#N)C(=N)O1,CO-ADD:0235997,ATCC 25922,15.1,32 ug/mL,0.0
52959,[se]1c2c(NC(CC2c3cc(OC)c(OCO4)c4c3)=O)nc1N,COc1cc(C2CC(=O)Nc3nc(N)[se]c32)cc2c1OCO2,CO-ADD:0243311,ATCC 25922,-9.14,32 ug/mL,0.0
53030,Oc1c(I)cc(I)c2cccnc12,Oc1c(I)cc(I)c2cccnc12,CO-ADD:0237161,ATCC 25922,43.38,20 uM,0.0
53041,[N+](=O)([O-])c(ccc(c1\C=N\NC(CCC(=O)Nc2cccc(Br)c2)=O)O)c1,O=C(CCC(=O)Nc1cccc(Br)c1)NN=Cc1cc([N+](=O)[O-])ccc1O,CO-ADD:0231097,ATCC 25922,11.41,32 ug/mL,0.0
53044,[N+](=O)([O-])c1cccc(C(=O)COC(=O)c2ccccc2I)c1,O=C(COC(=O)c1ccccc1I)c1cccc([N+](=O)[O-])c1,CO-ADD:0236414,ATCC 25922,7.46,32 ug/mL,0.0
53049,N1(c2ccc(cc2)OCCC)C(=O)CC(N3CCCCC3CC)C1=O,CCCOc1ccc(-n2c(O)cc(N3CCCCC3CC)c2O)cc1,CO-ADD:0236310,ATCC 25922,1.48,32 ug/mL,0.0
53050,c1(c(Br)cc(cc1\C=N\NC(CNC(=O)c2cccc(F)c2)=O)Br)OC(=O)c(cc3OC)cc(c3OC)OC,COc1cc(C(=O)Oc2c(Br)cc(Br)cc2/C=N/NC(=O)CNC(=O)c2cccc(F)c2)cc(OC)c1OC,CO-ADD:0234676,ATCC 25922,7.31,32 ug/mL,0.0
53056,C(I)(C(OC)=O)(C(OC)=O)C(C(OC)=O)C(OC)=O,COC(=O)C(C(=O)OC)C(I)(C(=O)OC)C(=O)OC,CO-ADD:0233676,ATCC 25922,1.19,32 ug/mL,0.0
53057,c1(cc(Cl)cc(Cl)c1N)C(O)=O,Nc1c(Cl)cc(Cl)cc1C(=O)O,CO-ADD:0231040,ATCC 25922,1.24,32 ug/mL,0.0
53107,CN1C=C(NC(C(C=C2)=CC=C2/C=C/C3=CC=NC=C3)=O)C=C1C(NC4=CN(CCCN5CCOCC5)C(C(NCCN6CCOCC6)=O)=C4)=O.OC(C(F)(F)F)=O.OC(C(F)(F)F)=O,Cn1cc(NC(=O)c2ccc(/C=C/c3ccncc3)cc2)cc1C(=O)Nc1cc(C(=O)NCCN2CCOCC2)n(CCCN2CCOCC2)c1,CO-ADD:0137555,ATCC 25922,6.53,32 ug/mL,0.0
53277,N(C(CCC(=O)N\N=C\c1ccccc1O)=O)c2ccc(cc2C)I,Cc1cc(I)ccc1NC(=O)CCC(=O)NN=Cc1ccccc1O,CO-ADD:0219566,ATCC 25922,3.03,32 ug/mL,0.0
53279,C[C@@H]1O[C@H](C[C@H](N)[C@@H]1O)O[C@H]1C[C@@](O)(Cc2c(O)c3C(=O)c4ccccc4C(=O)c3c(O)c12)C(C)=O.Cl,CC(=O)[C@]1(O)C=C2C(=O)c3c(c(O)c4ccccc4c3O)C(=O)C2[C@@H](O[C@H]2C[C@H](N)[C@H](O)[C@H](C)O2)C1,CO-ADD:0164917,ATCC 25922,10.82,20 uM,0.0
53287,c1(N\N=C(\C)/C)nc(cccc2)c2nc1N\N=C(/C)\C,CC(C)=NNc1nc2ccccc2nc1NN=C(C)C,CO-ADD:0218382,ATCC 25922,5.83,32 ug/mL,0.0
53289,n1(c2ccccc2)nnnc1SCc3ccccc3,c1ccc(CSc2nnnn2-c2ccccc2)cc1,CO-ADD:0219999,ATCC 25922,14.1,32 ug/mL,0.0
53290,N(=C\c1ccccc1OC)/NC(CCCc(cc2)ccc2OC)=O,COc1ccc(CCCC(=O)N/N=C/c2ccccc2OC)cc1,CO-ADD:0166537,ATCC 25922,10.19,80 ug/mL,0.0
53315,C(CNc1ccccc1C)(=O)N\N=C\c2ccc(cc2O)C,Cc1ccc(C=NNC(=O)CNc2ccccc2C)c(O)c1,CO-ADD:0220789,ATCC 25922,11.09,32 ug/mL,0.0
53324,S(c1ccccc1)(=O)(=O)c2ccc(c(S)c2)C,Cc1ccc(S(=O)(=O)c2ccccc2)cc1S,CO-ADD:0217457,ATCC 25922,-4.07,32 ug/mL,0.0
53334,C(=O)(c1cccs1)Nc2c(OC)ccc(Cl)c2,COc1ccc(Cl)cc1NC(=O)c1cccs1,CO-ADD:0166281,ATCC 25922,10.09,80 ug/mL,0.0
53335,c1(\N=C\c2ccccc2OC)sc3c(ccc(Br)c3)n1,COc1ccccc1/C=N/c1nc2ccc(Br)cc2s1,CO-ADD:0217037,ATCC 25922,4.13,32 ug/mL,0.0
53336,c1(O)cc(O)ccc1\C=N\NC(CCCc(cc2)ccc2OC)=O,COc1ccc(CCCC(=O)NN=Cc2ccc(O)cc2O)cc1,CO-ADD:0219807,ATCC 25922,17.54,32 ug/mL,0.0
53337,N1(c2ccc(cc2)OC)C(=O)C(CC1=O)SCC(=O)Nc3cccc(F)c3,COc1ccc(-n2c(O)cc(SCC(=O)Nc3cccc(F)c3)c2O)cc1,CO-ADD:0217955,ATCC 25922,-4.56,32 ug/mL,0.0
53338,C(=N\Nc(cc1)ccc1Br)(/C2=O)\C(=O)NC(=S)N2,O=c1[nH]c(=S)[nH]c(O)c1N=Nc1ccc(Br)cc1,CO-ADD:0218027,ATCC 25922,-8.79,32 ug/mL,0.0
53541,[N+](=O)([O-])c1cc(ccc1OC(=O)c2ccc(cc2Cl)Cl)\C=N\c3ccccc3Cl,O=C(Oc1ccc(/C=N/c2ccccc2Cl)cc1[N+](=O)[O-])c1ccc(Cl)cc1Cl,CO-ADD:0216910,ATCC 25922,-3.33,32 ug/mL,0.0
53542,c1(cc(C)cc(I)c1O)\C=N\c2cc(C)ccc2O,Cc1cc(I)c(O)c(C=Nc2cc(C)ccc2O)c1,CO-ADD:0220284,ATCC 25922,14.82,32 ug/mL,0.0
53551,OC1(C2=CC=CC=C2)CC(C)N(C(C)C)C[C@@H]1C.Cl,CC(C)N1C[C@H](C)C(O)(c2ccccc2)CC1C,CO-ADD:0158308,ATCC 25922,12.22,32 ug/mL,0.0
53553,[N+](=O)([O-])c1ccc(cc1O)\C=N\NC(c(cc2)ccn2)=O,O=C(NN=Cc1ccc([N+](=O)[O-])c(O)c1)c1ccncc1,CO-ADD:0222410,ATCC 25922,3.25,32 ug/mL,0.0
53557,COCc1c(nc(C(C)C)c(\C=C\[C@@H](O)C[C@@H](O)CC([O-])=O)c1-c1ccc(F)cc1)C(C)C.[Na+],COCc1c(-c2ccc(F)cc2)c(=CC[C@@H](O)C[C@@H](O)CC(=O)O)c(C(C)C)nc1=C(C)C,CO-ADD:0164722,ATCC 25922,0.13,20 uM,0.0
53558,COc1cc(C)c(Cc2cnc(N)nc2N)cc1OC,COc1cc(C)c(Cc2cnc(N)nc2N)cc1OC,CO-ADD:0164399,ATCC 25922,97.59,20 uM,1.0
53573,C(=C/c(cc1)ccc1OC(c2ccccc2)=O)(/C3=O)\C(c4ccccc4)=NO3,O=C1ON=C(c2ccccc2)/C1=C/c1ccc(OC(=O)c2ccccc2)cc1,CO-ADD:0286969,ATCC 25922,12.29,32 ug/mL,0.0
53700,n1c(c2ccc(cc2)OC(CN3)C3)onc1c4ccccc4,c1ccc(-c2noc(-c3ccc(OC4CNC4)cc3)n2)cc1,CO-ADD:0289372,ATCC 25922,25.6,32 ug/mL,0.0
53709,C1(SC\C(\CS2)=N/NC(=O)c3ccccc3O)=C2SC(=O)S1,O=C(NN=C1CSc2sc(=O)sc2SC1)c1ccccc1O,CO-ADD:0286954,ATCC 25922,43.32,32 ug/mL,0.0
53720,C(/S\C(\N1C2CCCCC2)=C(/C(C)=NN3c(cc4)ccc4S(O)(=O)=O)\C3=O)(\C1=O)=C(/Sc(c56)cccc5)\N6C,CC1=NN(c2ccc(S(=O)(=O)O)cc2)C(=O)/C1=c1/s/c(=C2\Sc3ccccc3N2C)c(=O)n1C1CCCCC1,CO-ADD:0288024,ATCC 25922,-4.36,32 ug/mL,0.0
53734,[N+](=O)([O-])c(cc1)ccc1c2ocnn2,O=[N+]([O-])c1ccc(-c2nnco2)cc1,CO-ADD:0217635,ATCC 25922,1.14,32 ug/mL,0.0
53737,COc1cccc2C(=O)c3c(O)c4C[C@](O)(C[C@H](O[C@H]5C[C@H](N)[C@H](O)[C@H](C)O5)c4c(O)c3C(=O)c12)C(=O)CO.Cl,COc1cccc2c(O)c3c(c(O)c12)C(=O)C1=C(C[C@@](O)(C(=O)CO)C[C@@H]1O[C@H]1C[C@H](N)[C@H](O)[C@H](C)O1)C3=O,CO-ADD:0164639,ATCC 25922,12.46,20 uM,0.0
53747,O=C(N/N=C/C(C=CC=C1)=C1OCC2=CC=CC=C2)C3C(C4=CC=CC=C4)(C5=CC=CC=C5)C3,O=C(N/N=C/c1ccccc1OCc1ccccc1)C1CC1(c1ccccc1)c1ccccc1,CO-ADD:0158229,ATCC 25922,10.54,32 ug/mL,0.0
53749,N1(c2c(ccc(c2)[N+](=O)[O-])OC(C)=O)C(=O)c3c(cc(cc3)Br)C1=O,CC(=O)Oc1ccc([N+](=O)[O-])cc1N1C(=O)c2ccc(Br)cc2C1=O,CO-ADD:0215194,ATCC 25922,0.82,32 ug/mL,0.0
53753,CCn1cc(C(O)=O)c(=O)c2ccc(C)nc12,CCn1cc(C(=O)O)c(=O)c2ccc(C)nc21,CO-ADD:0164826,ATCC 25922,100.81,20 uM,1.0
53794,N1(CCC(=O)N1)c2ccc(cc2)Br,O=C1CCN(c2ccc(Br)cc2)N1,CO-ADD:0304235,ATCC 25922,17.19,32 ug/mL,0.0
53800,N1(C2CCCCC2)C(N(N=C1C(C)=O)c3ccc(cc3)C)c4c5c([nH]c4)cccc5,CC(=O)C1=NN(c2ccc(C)cc2)C(c2c[nH]c3ccccc23)N1C1CCCCC1,CO-ADD:0304276,ATCC 25922,0.71,32 ug/mL,0.0
53805,N1C(CC)(c2ccc(cc2)Cl)NN(c3ccccc3)C1=S,CCC1(c2ccc(Cl)cc2)NC(=S)N(c2ccccc2)N1,CO-ADD:0303639,ATCC 25922,5.76,32 ug/mL,0.0
53878,C[Pt+]1([N+]2=CC=CC=C2)([N+]3=C(C4=CC=C3)C5=C(C6=C4N=C7C=CC=CC7=N6)C=CC=[N+]51)(C)C.F[P-](F)(F)(F)(F)F,c1ccc2nc3c4cccnc4c4ncccc4c3nc2c1,CO-ADD:0147063,ATCC 25922,17.55,32 ug/mL,0.0
53945,OCC1=CC=C[N+]([Pt+]2(C)([N+]3=C(C4=CC=C3)C5=C(C6=C4N=C7CCC=CC7=N6)C=CC=[N+]52)(C)C)=C1.F[P-](F)(F)(F)(F)F,C1=Cc2nc3c4cccnc4c4ncccc4c3nc2CC1,CO-ADD:0147068,ATCC 25922,4.89,32 ug/mL,0.0
53946,c1(C(=O)NN=Cc2cc(Cl)ccc2O)nonc1N,Nc1nonc1C(=O)NN=Cc1cc(Cl)ccc1O,CO-ADD:0137629,ATCC 25922,30.23,32 ug/mL,0.0
53958,c1(N)ccc(N=Nc(ccc(OCCCC)n2)c2)c(N)n1,CCCCOc1ccc(N=Nc2ccc(N)nc2N)cn1,CO-ADD:0136350,ATCC 25922,5.27,25 uM,0.0
53987,S1(=O)(=O)c2c(C(NCCSC(C)(C)C)=N1)ccc(c2)[N+](=O)[O-],CC(C)(C)SCCN=C1NS(=O)(=O)c2cc([N+](=O)[O-])ccc21,CO-ADD:0244378,ATCC 25922,-0.69,32 ug/mL,0.0
53998,N1(C)\C(=C\C=C\c2cc(c3ccccc3)cc(c4ccccc4)[o+]2)\C(c(cccc5)c15)(C)C,CN1/C(=C/C=C/c2cc(-c3ccccc3)cc(-c3ccccc3)[o+]2)C(C)(C)c2ccccc21,CO-ADD:0244457,ATCC 25922,89.6,32 ug/mL,1.0
54084,N1(c2ccc(cc2)OC)C(=O)C3C(C(\C(=C(/c4ccccc4)\c5ccccc5)\C36)C=C6C(C)(C)C)C1=O,COc1ccc(-n2c(O)c3c(c2O)C2C(C(C)(C)C)=CC3C2=C(c2ccccc2)c2ccccc2)cc1,CO-ADD:0215168,ATCC 25922,-1.26,32 ug/mL,0.0
54113,N1(c2cccc(Cl)c2)C(=O)CC(N(CC3)CCN3c4cccc(Cl)c4)C1=O,Oc1cc(N2CCN(c3cccc(Cl)c3)CC2)c(O)n1-c1cccc(Cl)c1,CO-ADD:0244185,ATCC 25922,7.26,32 ug/mL,0.0
54124,c1(NC2CCCCCCC2)sc(c(ccc3[N+](=O)[O-])n1)c3,O=[N+]([O-])c1ccc2nc(NC3CCCCCCC3)sc2c1,CO-ADD:0286854,ATCC 25922,64.74,32 ug/mL,0.0
54146,c1(NC(N)=N)nc(C)c(c2n1)cccc2OCC,CCOc1cccc2c(C)[nH]c(=NC(=N)N)nc12,CO-ADD:0291525,ATCC 25922,8.24,32 ug/mL,0.0
54169,[n+]1([O-])onc(N)c1N=Nc(cc2)ccc2OC,COc1ccc(N=Nc2c(N)no[n+]2[O-])cc1,CO-ADD:0287199,ATCC 25922,35.23,32 ug/mL,0.0
54189,N1(c(c2C)c(C)[nH]n2)C(=O)c(c3)c(c(c4)C1=O)c(cc3[N+](=O)[O-])cc4[N+](=O)[O-],Cc1n[nH]c(C)c1N1C(=O)c2cc([N+](=O)[O-])cc3cc([N+](=O)[O-])cc(c23)C1=O,CO-ADD:0294355,ATCC 25922,-2.6,32 ug/mL,0.0
54237,N(/c(cc1)ccc1NC(C)=O)=C\c(cc2)ccc2OCc3ccccc3,CC(=O)Nc1ccc(/N=C/c2ccc(OCc3ccccc3)cc2)cc1,CO-ADD:0235211,ATCC 25922,10.65,32 ug/mL,0.0
54251,N(c1cccc(cccc2)c12)(C(=O)C(C34)C(C=C5)OC35C)C4=O,CC12C=CC(O1)c1c2c(O)n(-c2cccc3ccccc23)c1O,CO-ADD:0250321,ATCC 25922,-0.14,32 ug/mL,0.0
54283,c(c1ccccc1Cl)([nH]nc2c3ccc(cc3O)C)c2,Cc1ccc(-c2cc(-c3ccccc3Cl)[nH]n2)c(O)c1,CO-ADD:0283195,ATCC 25922,0.9,32 ug/mL,0.0
54314,N1(c2ccc(c(Cl)c2)Cl)C(c(cc3)ccc3N(C)C)N(N=C1C(C)=O)c4ccccc4,CC(=O)C1=NN(c2ccccc2)C(c2ccc(N(C)C)cc2)N1c1ccc(Cl)c(Cl)c1,CO-ADD:0277621,ATCC 25922,-1.46,32 ug/mL,0.0
54318,O=C(NCCN1CCOCC1)C2=C(CCC3=CC=CC=C3)SC(NC(C4=CC(NC(C5=CC=C(/C=C/C6=CN=C(C=CC=C7)C7=C6)C=C5)=O)=CN4C)=O)=N2.OC(C(F)(F)F)=O.OC(C(F)(F)F)=O,Cn1cc(NC(=O)c2ccc(/C=C/c3cnc4ccccc4c3)cc2)cc1C(=O)Nc1nc(C(=O)NCCN2CCOCC2)c(CCc2ccccc2)s1,CO-ADD:0137581,ATCC 25922,93.25,32 ug/mL,1.0
54338,O=C(NC1=CN(C)C(C(NC2=CN(C)C(C(NCCCN(C)C)=O)=C2)=O)=C1)C3=CC=C(/C=C/C4=CC(OC)=CC=C4)C=C3.OC(C(F)(F)F)=O,COc1cccc(/C=C/c2ccc(C(=O)Nc3cc(C(=O)Nc4cc(C(=O)NCCCN(C)C)n(C)c4)n(C)c3)cc2)c1,CO-ADD:0137612,ATCC 25922,5.5,32 ug/mL,0.0
54350,N1(CN2CCCCC2CC)N=C(OC1=S)c3ccc(cc3)C,CCC1CCCCN1Cn1nc(-c2ccc(C)cc2)oc1=S,CO-ADD:0283518,ATCC 25922,10.25,32 ug/mL,0.0
54449,N1(c2ccc(cc2)Cl)C(=O)C(CC1=O)SCC(N)C(OCC)=O.Cl,CCOC(=O)C(N)CSc1cc(O)n(-c2ccc(Cl)cc2)c1O,CO-ADD:0285198,ATCC 25922,13.69,32 ug/mL,0.0
54471,c12c([nH]nc1c(cccc3[N+](=O)[O-])c3)OC(=C(C#N)C24c5c(NC4=O)cccc5)N,N#CC1C(=N)Oc2[nH]nc(-c3cccc([N+](=O)[O-])c3)c2C12C(=O)Nc1ccccc12,CO-ADD:0295977,ATCC 25922,2.49,32 ug/mL,0.0
54494,N1(c2ccc(cc2)C)C(=O)NC(\C(=C/c(ccc3[N+](=O)[O-])o3)\C1=O)=O,Cc1ccc(N2C(=O)NC(=O)/C(=C\c3ccc([N+](=O)[O-])o3)C2=O)cc1,CO-ADD:0300068,ATCC 25922,86.89,32 ug/mL,1.0
54500,N1(c2ccc(cc2Br)Br)C(=O)CC(N(CCCC3C(OCC)=O)C3)C1=O,CCOC(=O)C1CCCN(c2cc(O)n(-c3ccc(Br)cc3Br)c2O)C1,CO-ADD:0285527,ATCC 25922,12.67,32 ug/mL,0.0
54542,C12c(cccc3)c3C(C(C(O)=O)C1C(=O)NCC4(OC)C=CC(OC)O4)c5c2cccc5,COC1C=CC(CNC(=O)C2C3c4ccccc4C(c4ccccc43)C2C(=O)O)(OC)O1,CO-ADD:0292703,ATCC 25922,10.62,32 ug/mL,0.0
54721,S(=O)(=O)(c(cc1)ccc1[N+](=O)[O-])N(c2ccccc2)NC(=O)C(CC)(CC)O,CCC(O)(CC)C(=O)NN(c1ccccc1)S(=O)(=O)c1ccc([N+](=O)[O-])cc1,CO-ADD:0306353,ATCC 25922,0.24,32 ug/mL,0.0
54761,c1(c(C)cc(nc1Cl)Cl)C(=O)Nc2ccccc2F,Cc1cc(Cl)nc(Cl)c1C(=O)Nc1ccccc1F,CO-ADD:0328754,ATCC 25922,-2.44,32 ug/mL,0.0
54870,N(c1c(cccc1)NC(CC(c(cc2)ccc2C(C)(C)C)CC3=O)=C34)(C(C(C)C)=O)C4c(cc5)ccn5,CC(C)C(=O)N1c2ccccc2N=C2CC(c3ccc(C(C)(C)C)cc3)CC(=O)C2C1c1ccncc1,CO-ADD:0328018,ATCC 25922,55.14,32 ug/mL,0.0
54886,c12c(non1)NC(=CC(c3ccccc3)=N2)c4ccccc4,c1ccc(C2=Nc3nonc3N=C(c3ccccc3)C2)cc1,CO-ADD:0307276,ATCC 25922,16.3,32 ug/mL,0.0
54894,c12c(non1)NC(=CC(c3ccccc3)=N2)c4ccccc4,c1ccc(C2=Nc3nonc3N=C(c3ccccc3)C2)cc1,CO-ADD:0307276,ATCC 25922,19.58,32 ug/mL,0.0
55187,CCc1nn(C)c(C(=O)NCc2ccc(Oc3ccc(C)cc3)cc2)c1Cl,CCc1nn(C)c(C(=O)NCc2ccc(Oc3ccc(C)cc3)cc2)c1Cl,CO-ADD:0237051,ATCC 25922,2.82,20 uM,0.0
55191,Clc1cccc(c1)C(c2ccc(CN3CCNCC3)cc2)n4ccnc4,Clc1cccc(C(c2ccc(CN3CCNCC3)cc2)n2ccnc2)c1,CO-ADD:0237341,ATCC 25922,1.49,20 uM,0.0
55210,C12(c3c(NC1=O)cccc3)C(C#N)=C(N)OC(C)=C2C(=O)OCc4ccccc4,CC1=C(C(=O)OCc2ccccc2)C2(C(=O)Nc3ccccc32)C(C#N)C(=N)O1,CO-ADD:0215348,ATCC 25922,-6.8,32 ug/mL,0.0
55218,C(/S1)(\C(Cl)=NS1)=N/c2sc(c3n2)cccc3,Clc1nss/c1=N\c1nc2ccccc2s1,CO-ADD:0217872,ATCC 25922,17.26,32 ug/mL,0.0
55225,C12(C=Cc(c3O1)cc(cc3[N+](=O)[O-])OC)C(C)(C)c(c4N2C)cccc4,COc1cc2c(c([N+](=O)[O-])c1)OC1(C=C2)N(C)c2ccccc2C1(C)C,CO-ADD:0234426,ATCC 25922,6.15,32 ug/mL,0.0
55249,N(=C(/CCC)\c1ccccc1)/NC(CNC(=O)c2ccc(cc2)Cl)=O,CCC/C(=N\NC(=O)CNC(=O)c1ccc(Cl)cc1)c1ccccc1,CO-ADD:0234251,ATCC 25922,6.45,32 ug/mL,0.0
55250,S(=O)(=O)(NOCCC)c1ccccc1[N+](=O)[O-],CCCONS(=O)(=O)c1ccccc1[N+](=O)[O-],CO-ADD:0219808,ATCC 25922,25.0,32 ug/mL,0.0
55257,c(cc(I)cc1I)(\C=N\c2cc(CC)ccc2O)c1O,CCc1ccc(O)c(N=Cc2cc(I)cc(I)c2O)c1,CO-ADD:0227235,ATCC 25922,38.8,32 ug/mL,0.0
55270,c1(ccc(c(cccc2)c12)Br)CC(=O)N\N=C\c(ccc(c3OC)O)c3,COc1cc(C=NNC(=O)Cc2ccc(Br)c3ccccc23)ccc1O,CO-ADD:0227324,ATCC 25922,0.02,32 ug/mL,0.0
55307,[N+](=O)([O-])c1cccc(\C=N\NC(CNc(cc2)ccc2C)=O)c1O,Cc1ccc(NCC(=O)NN=Cc2cccc([N+](=O)[O-])c2O)cc1,CO-ADD:0220150,ATCC 25922,20.41,32 ug/mL,0.0
55315,C1(=O)c2c(cccc2)c(c3C1=O)cccc3,O=C1C(=O)c2ccccc2-c2ccccc21,CO-ADD:0233677,ATCC 25922,39.38,32 ug/mL,0.0
55535,CN1C=C(NC(C2=CC(NC(N)=N)=CN2C)=O)C=C1C(NC3=CN(CCC(C)C)C(C(NCCCN(C)C)=O)=C3)=O.OC(C(F)(F)F)=O.OC(C(F)(F)F)=O,CC(C)CCn1cc(NC(=O)c2cc(NC(=O)c3cc(N=C(N)N)cn3C)cn2C)cc1C(=O)NCCCN(C)C,CO-ADD:0153110,ATCC 25922,-18.06,32 ug/mL,0.0
55548,c(C(c1ccccc1)=O)(sc(n2)NCC=C)c2N,C=CCNc1nc(N)c(C(=O)c2ccccc2)s1,CO-ADD:0244737,ATCC 25922,9.6,32 ug/mL,0.0
55612,n([C@@H]1[C@@H](c2ccccc2)CC(=CC1=O)\C=C\c3ccccc3)(nnc4[N+](=O)[O-])n4,O=C1C=C(/C=C/c2ccccc2)C[C@H](c2ccccc2)C1n1nnc([N+](=O)[O-])n1,CO-ADD:0235410,ATCC 25922,2.05,32 ug/mL,0.0
55615,c(C=O)(cc(Cl)cc1Br)c1O,O=Cc1cc(Cl)cc(Br)c1O,CO-ADD:0230070,ATCC 25922,7.51,32 ug/mL,0.0
55621,c1(c(O)ccc(cccc2)c12)\C=N/C3CCCCC3,Oc1ccc2ccccc2c1C=NC1CCCCC1,CO-ADD:0230615,ATCC 25922,9.37,32 ug/mL,0.0
55649,N1(c2ccc(cc2)OCCC)C(=O)C(CC1=O)NCC(OCC)=O,CCCOc1ccc(-n2c(O)cc(NCC(=O)OCC)c2O)cc1,CO-ADD:0228591,ATCC 25922,6.08,32 ug/mL,0.0
55664,C12(c3c(NC1=O)ccc(C)c3)C(C#N)=C(N)OC(C)=C2C(OCC=C)=O,C=CCOC(=O)C1=C(C)OC(=N)C(C#N)C12C(=O)Nc1ccc(C)cc12,CO-ADD:0254839,ATCC 25922,12.77,32 ug/mL,0.0
55694,CN1C=C(NC(C2=CC=C(/C=C/C3=CC4=NON=C4C=C3)C=C2)=O)C=C1C(NC5=CN(C)C(C(NCCN6CCOCC6)=O)=C5)=O.OC(C(F)(F)F)=O,Cn1cc(NC(=O)c2cc(NC(=O)c3ccc(/C=C/c4ccc5nonc5c4)cc3)cn2C)cc1C(=O)NCCN1CCOCC1,CO-ADD:0137567,ATCC 25922,10.45,32 ug/mL,0.0
55710,CN1C=C(NC(C2=CC=C(/C=C/C3=CC4=NON=C4C=C3)C=C2)=O)C=C1C(NC5=CN(C)C(C(NCCN6CCOCC6)=O)=C5)=O.OC(C(F)(F)F)=O,Cn1cc(NC(=O)c2cc(NC(=O)c3ccc(/C=C/c4ccc5nonc5c4)cc3)cn2C)cc1C(=O)NCCN1CCOCC1,CO-ADD:0137567,ATCC 25922,78.4,32 ug/mL,0.0
55726,CN1C=C(NC(C2=CC=C(/C=C/C3=CC4=NON=C4C=C3)C=C2)=O)C=C1C(NC5=CN(C)C(C(NCCN6CCOCC6)=O)=C5)=O.OC(C(F)(F)F)=O,Cn1cc(NC(=O)c2cc(NC(=O)c3ccc(/C=C/c4ccc5nonc5c4)cc3)cn2C)cc1C(=O)NCCN1CCOCC1,CO-ADD:0137607,ATCC 25922,10.45,32 ug/mL,0.0
55742,CN1C=C(NC(C2=CC=C(/C=C/C3=CC4=NON=C4C=C3)C=C2)=O)C=C1C(NC5=CN(C)C(C(NCCN6CCOCC6)=O)=C5)=O.OC(C(F)(F)F)=O,Cn1cc(NC(=O)c2cc(NC(=O)c3ccc(/C=C/c4ccc5nonc5c4)cc3)cn2C)cc1C(=O)NCCN1CCOCC1,CO-ADD:0137607,ATCC 25922,78.4,32 ug/mL,0.0
55774,O=C(NCCC(N)=N)C1=CC(NC(C2=CC(NC(C(C)(C)C)=O)=CN2C)=O)=CN1C.OC(C(F)(F)F)=O,Cn1cc(NC(=O)c2cc(NC(=O)C(C)(C)C)cn2C)cc1C(=O)NCCC(=N)N,CO-ADD:0137595,ATCC 25922,0.17,32 ug/mL,0.0
55887,N1(c2ccccc2C)C(=O)NC(\C(=C/c(ccc3[N+](=O)[O-])o3)\C1=O)=O,Cc1ccccc1N1C(=O)NC(=O)/C(=C\c2ccc([N+](=O)[O-])o2)C1=O,CO-ADD:0292305,ATCC 25922,96.51,32 ug/mL,1.0
56011,c12c(c(nn1c3ccccc3)C)cc(C(O)=O)s2,Cc1nn(-c2ccccc2)c2sc(C(=O)O)cc12,CO-ADD:0301665,ATCC 25922,2.56,32 ug/mL,0.0
56045,C1(=S)N(c2ccc(cc2)C)NC(C)(CC(C)C)N1,Cc1ccc(N2NC(C)(CC(C)C)NC2=S)cc1,CO-ADD:0300831,ATCC 25922,1.31,32 ug/mL,0.0
56140,C1(C2)([N+](=O)[O-])C(CC(C)=O)C(c3c(cccc3)C1=O)(CN2C)[N+](=O)[O-],CC(=O)CC1C2([N+](=O)[O-])CN(C)CC1([N+](=O)[O-])c1ccccc1C2=O,CO-ADD:0311571,ATCC 25922,13.59,32 ug/mL,0.0
56367,C(=O)(c1ccco1)CC(=O)C(OC)=O,COC(=O)C(=O)CC(=O)c1ccco1,CO-ADD:0326724,ATCC 25922,-2.43,32 ug/mL,0.0
56431,c1([C@H]2C[C@@H](C(C)(C)[C@@]23C)CC3)c(O)c([C@H]4[C@](C(C)(C)[C@H]5C4)(C)CC5)cc(CNCCCCCC)c1,CCCCCCNCc1cc([C@H]2C[C@@H]3CC[C@@]2(C)C3(C)C)c(O)c([C@@H]2C[C@H]3CC[C@]2(C)C3(C)C)c1,CO-ADD:0327793,ATCC 25922,-4.68,32 ug/mL,0.0
56450,ClC1=CC(/C=N/C(C=C2)=C(C)C=C2/N=C/C3=C(O)C=CC(Cl)=C3)=C(O)C=C1,Cc1cc(N=Cc2cc(Cl)ccc2O)ccc1N=Cc1cc(Cl)ccc1O,CO-ADD:0157839,ATCC 25922,4.82,32 ug/mL,0.0
56462,O=C(N([C@](O)(C[C@]1([C@@H](C)[C@@H]([C@]2(C)[C@H](CC(N3C)=O)OC(=O)[C@@](C)([H])N(C)C(C)=O)O2)[H])[C@H](OC)C=CC=C(/C)Cc4cc3c(c(OC)c4)Cl)[H])O1,COc1cc2cc(c1Cl)N(C)C(=O)C[C@H](OC(=O)C(C)N(C)C(C)=O)[C@]1(C)O[C@H]1[C@H](C)[C@@H]1C[C@@](O)(NC(=O)O1)[C@H](OC)C=CC=C(C)C2,CO-ADD:0137229,ATCC 25922,0.62,25 uM,0.0
56463,N1(C)C=CC(c(cc([N+](=O)[O-])c2)c1c2)=N/c(ccc3C(Nc(ccc(c4)N=C(/C=CN5C)C=C5)c4)=O)cc3,Cn1ccc(=Nc2ccc(NC(=O)c3ccc(N=c4ccn(C)c5ccc([N+](=O)[O-])cc45)cc3)cc2)cc1,CO-ADD:0137116,ATCC 25922,100.84,25 uM,1.0
56675,C#CCNC(C(C#N)=C1C2=CC=CC=C2)=NC(NCCC3CCN(CC4=CC=CC=C4)CC3)=C1C#N,C#CCNc1nc(NCCC2CCN(Cc3ccccc3)CC2)c(C#N)c(-c2ccccc2)c1C#N,CO-ADD:0149662,ATCC 25922,-11.6,32 ug/mL,0.0
56817,n1c(c2ccccc2)c(cn1c3ccccc3)\C=N\NC(=O)c4ccc(cc4)C,Cc1ccc(C(=O)N/N=C/c2cn(-c3ccccc3)nc2-c2ccccc2)cc1,CO-ADD:0217950,ATCC 25922,-10.7,32 ug/mL,0.0
56828,S(=O)(=O)(c(cc1)ccc1[N+](=O)[O-])NCC(OC(C)C)=O,CC(C)OC(=O)CNS(=O)(=O)c1ccc([N+](=O)[O-])cc1,CO-ADD:0221223,ATCC 25922,1.1,32 ug/mL,0.0
56829,C(=O)(Nc(cc1)ccc1Cl)Nc(cc2)ccc2C(OCC)=O,CCOC(=O)c1ccc(NC(=O)Nc2ccc(Cl)cc2)cc1,CO-ADD:0219280,ATCC 25922,20.47,32 ug/mL,0.0
56861,c1(cc(C)cc(I)c1O)\C=N\c(ccc(c2Cl)F)c2,Cc1cc(I)c(O)c(C=Nc2ccc(F)c(Cl)c2)c1,CO-ADD:0220342,ATCC 25922,4.08,32 ug/mL,0.0
56870,N(=C\c1cccc(OC)c1)/NC(CCCC(=O)Nc2cccc(Br)c2)=O,COc1cccc(/C=N/NC(=O)CCCC(=O)Nc2cccc(Br)c2)c1,CO-ADD:0221715,ATCC 25922,17.42,32 ug/mL,0.0
56871,[N+](=O)([O-])c(cc(cc1[N+](=O)[O-])C(=O)OCC2CCCO2)c1,O=C(OCC1CCCO1)c1cc([N+](=O)[O-])cc([N+](=O)[O-])c1,CO-ADD:0221017,ATCC 25922,0.07,32 ug/mL,0.0
56880,[N+](=O)([O-])c(cc(cc1[N+](=O)[O-])C(=O)Oc2c(Br)cc(cc2Br)\C=N\c(cc3)ccc3Br)c1,O=C(Oc1c(Br)cc(/C=N/c2ccc(Br)cc2)cc1Br)c1cc([N+](=O)[O-])cc([N+](=O)[O-])c1,CO-ADD:0222663,ATCC 25922,6.3,32 ug/mL,0.0
56882,C(=O)(c1ccc(cc1)Cl)Oc2ccccc2\C=N\NC(=O)c3ccc(cc3)NC(CC)=O,CCC(=O)Nc1ccc(C(=O)N/N=C/c2ccccc2OC(=O)c2ccc(Cl)cc2)cc1,CO-ADD:0219753,ATCC 25922,3.74,32 ug/mL,0.0
56887,CC(=O)NC[C@H]1CN(C(=O)O1)c2ccc(N3CCSCC3)c(F)c2,CC(=O)NC[C@H]1CN(c2ccc(N3CCSCC3)c(F)c2)C(=O)O1,CO-ADD:0237081,ATCC 25922,5.86,20 uM,0.0
56888,c12c(CCCC1[N+](=O)[O-])non2,O=[N+]([O-])C1CCCc2nonc21,CO-ADD:0222058,ATCC 25922,10.68,32 ug/mL,0.0
56897,CN(CCc1ccccc1)c2nc(nc(C)c2Cl)c3ccccn3,Cc1nc(-c2ccccn2)nc(N(C)CCc2ccccc2)c1Cl,CO-ADD:0237423,ATCC 25922,-2.46,20 uM,0.0
56914,c(cc(Br)cc1Cl)(\C=N\c(cc2)ccc2F)c1O,Oc1c(Cl)cc(Br)cc1C=Nc1ccc(F)cc1,CO-ADD:0233446,ATCC 25922,39.12,32 ug/mL,0.0
56930,C(=O)(Nc(cc1)ccc1C)Nc(cc2)ccc2C(OCC)=O,CCOC(=O)c1ccc(NC(=O)Nc2ccc(C)cc2)cc1,CO-ADD:0219281,ATCC 25922,12.68,32 ug/mL,0.0
56931,[N+](=O)([O-])c(cc(cc1[N+](=O)[O-])C(=O)NCC2CC2)c1,O=C(NCC1CC1)c1cc([N+](=O)[O-])cc([N+](=O)[O-])c1,CO-ADD:0220130,ATCC 25922,4.27,32 ug/mL,0.0
56936,S(c1ccccc1)(=O)(=O)N(c2cccc(Cl)c2Cl)CC(=O)N3CCCCCC3,O=C(CN(c1cccc(Cl)c1Cl)S(=O)(=O)c1ccccc1)N1CCCCCC1,CO-ADD:0221257,ATCC 25922,0.85,32 ug/mL,0.0
56954,C(/n(c1)ncn1)(=C/c(c(O)ccc2[N+](=O)[O-])c2)\C(=O)c3ccc(cc3Cl)Cl,O=C(C(=Cc1cc([N+](=O)[O-])ccc1O)n1cncn1)c1ccc(Cl)cc1Cl,CO-ADD:0279038,ATCC 25922,16.12,32 ug/mL,0.0
56969,N1(C(CC(C)(C)CC2=O)=C2C(C(C#N)=C1N)c3ccc(cc3)F)c4sc(c5c4C(OCC)=O)CCCC5,CCOC(=O)c1c(N2C(=N)C(C#N)C(c3ccc(F)cc3)C3=C2CC(C)(C)CC3=O)sc2c1CCCC2,CO-ADD:0250663,ATCC 25922,1.37,32 ug/mL,0.0
56990,[N+](=O)([O-])c1cc(cccn2)c2c(O)c1,O=[N+]([O-])c1cc(O)c2ncccc2c1,CO-ADD:0283469,ATCC 25922,84.5,32 ug/mL,1.0
57022,[N+](=O)([O-])c(ccc(c1\C=N\c(c2)c(ccc2C(F)(F)F)Oc3cccc(F)c3)O)c1,O=[N+]([O-])c1ccc(O)c(C=Nc2cc(C(F)(F)F)ccc2Oc2cccc(F)c2)c1,CO-ADD:0256708,ATCC 25922,2.81,32 ug/mL,0.0
57027,c1(cc(cc(SNC2=O)c12)[N+](=O)[O-])[N+](=O)[O-],O=c1[nH]sc2cc([N+](=O)[O-])cc([N+](=O)[O-])c12,CO-ADD:0252559,ATCC 25922,48.89,32 ug/mL,0.0
57090,N1(c2cccc(OC)c2)C(c3ccc(cc3)OCc(cc4)ccc4Cl)N(N=C1C(C)=O)c5ccc(cc5)Cl,COc1cccc(N2C(C(C)=O)=NN(c3ccc(Cl)cc3)C2c2ccc(OCc3ccc(Cl)cc3)cc2)c1,CO-ADD:0302924,ATCC 25922,4.98,32 ug/mL,0.0
57122,O1C=CC(OC)[C@@H](C)[C@@H](OC(C)=O)[C@H](C)[C@H](O)[C@H](C)C(O)[C@@H](C)C=CC=C(C)/C(Nc(cc(O)c(c(C(=O)[C@@]12C)c(c3C)O2)c4c3O)c4O)=O.[Na+],COC1C=CO[C@@]2(C)Oc3c(C)c(O)c4c(O)c(cc(O)c4c3C2=O)NC(=O)C(C)=CC=CC(C)C(O)[C@@H](C)[C@@H](O)[C@@H](C)[C@H](OC(C)=O)[C@@H]1C,CO-ADD:0137226,ATCC 25922,1.1,25 uM,0.0
57384,C1C[C@](C)(C([C@H](O)CC(\C(=C(\C(=O)OCc2ccccc2)/CC\C=C(/C)\C)\[C@@H](OC(C)=O)C3)[C@]34C)[C@]4(C)CC5)C5[C@H](C)[C@@H]1OC(CCCCCN)=O,CC(=O)O[C@H]1C[C@@]2(C)C(C[C@@H](O)C3[C@@]4(C)CC[C@@H](OC(=O)CCCCCN)[C@@H](C)C4CC[C@@]32C)/C1=C(\CCC=C(C)C)C(=O)OCc1ccccc1,CO-ADD:0244006,ATCC 25922,11.76,32 ug/mL,0.0
57479,c1(S(CC)(=O)=O)c(C(c2ccccc2)=O)n(c3c1S(CC)(=O)=O)cccc3C,CCS(=O)(=O)c1c(S(=O)(=O)CC)c2c(C)cccn2c1C(=O)c1ccccc1,CO-ADD:0221291,ATCC 25922,12.22,32 ug/mL,0.0
57480,c1(Sc(cc(cc2[N+](=O)[O-])NC(=O)c(ccc(c3F)F)c3)c2)sc(c4n1)cccc4,O=C(Nc1cc(Sc2nc3ccccc3s2)cc([N+](=O)[O-])c1)c1ccc(F)c(F)c1,CO-ADD:0221397,ATCC 25922,9.33,32 ug/mL,0.0
57490,[N+](=O)([O-])c1ccccc1C(=O)N\N=C(/C)\c2ccccc2O,CC(=NNC(=O)c1ccccc1[N+](=O)[O-])c1ccccc1O,CO-ADD:0221410,ATCC 25922,16.09,32 ug/mL,0.0
57494,N(CCN1c2cccc(C)c2)(c3cccc(C)c3)C1c4ccc(cc4)Cl,Cc1cccc(N2CCN(c3cccc(C)c3)C2c2ccc(Cl)cc2)c1,CO-ADD:0220088,ATCC 25922,3.38,32 ug/mL,0.0
57502,c1(C(=O)N\N=C\c(cc(Br)c(c2O)O)c2Br)nn(c(c3ccccc3)n1)c4ccccc4,O=C(NN=Cc1cc(Br)c(O)c(O)c1Br)c1nc(-c2ccccc2)n(-c2ccccc2)n1,CO-ADD:0231641,ATCC 25922,40.51,32 ug/mL,0.0
57503,c(cc(Br)cc1Cl)(\C=N\c(cc2)ccc2C(O)=O)c1O,O=C(O)c1ccc(N=Cc2cc(Br)cc(Cl)c2O)cc1,CO-ADD:0233433,ATCC 25922,9.2,32 ug/mL,0.0
57509,c1(Br)c(Br)c(\C=N\NC(COc2c(OC)cc(cc2Br)Br)=O)cc(O)c1O,COc1cc(Br)cc(Br)c1OCC(=O)NN=Cc1cc(O)c(O)c(Br)c1Br,CO-ADD:0231820,ATCC 25922,32.99,32 ug/mL,0.0
57525,[N+](=O)([O-])c1cccc(\C=N\NC(CNC(=O)C(c2ccccc2)c3ccccc3)=O)c1O,O=C(CNC(=O)C(c1ccccc1)c1ccccc1)NN=Cc1cccc([N+](=O)[O-])c1O,CO-ADD:0220645,ATCC 25922,18.3,32 ug/mL,0.0
57528,C(=N/OC(=O)c1cccc(F)c1)(/c2c(N3C)cccc2)\C3=O,CN1C(=O)/C(=N/OC(=O)c2cccc(F)c2)c2ccccc21,CO-ADD:0229321,ATCC 25922,13.95,32 ug/mL,0.0
57531,c1(O)c(OC)cc(cc1OC)\C=N\NC(COc2ccc(cc2Cl)Cl)=O,COc1cc(C=NNC(=O)COc2ccc(Cl)cc2Cl)cc(OC)c1O,CO-ADD:0220561,ATCC 25922,1.44,32 ug/mL,0.0
57536,N1(Nc2cccc(Cl)c2)C(=O)c(cc3)c(c(ccc4[N+](=O)[O-])C1=O)c4c3[N+](=O)[O-],O=C1c2ccc([N+](=O)[O-])c3c([N+](=O)[O-])ccc(c23)C(=O)N1Nc1cccc(Cl)c1,CO-ADD:0221919,ATCC 25922,4.45,32 ug/mL,0.0
57547,S(=O)(=O)(Nc1ccccc1C)c2c(C)ccc(c2)C(=O)Nc3ccccc3C,Cc1ccccc1NC(=O)c1ccc(C)c(S(=O)(=O)Nc2ccccc2C)c1,CO-ADD:0221997,ATCC 25922,9.39,32 ug/mL,0.0
57561,c1(C(=O)N\N=C\c2ccccc2OCc(cc3)ccc3Cl)c(O)cc(c4c1)cccc4,O=C(N/N=C/c1ccccc1OCc1ccc(Cl)cc1)c1cc2ccccc2cc1O,CO-ADD:0219567,ATCC 25922,11.13,32 ug/mL,0.0
57565,[N+](=O)([O-])c(ccc(c1\C=N\NC(CNc(cc2)ccc2Cl)=O)O)c1,O=C(CNc1ccc(Cl)cc1)NN=Cc1cc([N+](=O)[O-])ccc1O,CO-ADD:0220850,ATCC 25922,23.81,32 ug/mL,0.0
57589,CC(C)CCC1=C(C(NCCCN(C)C)=O)N=C(NC(C2=CC(NC(C3=CC(NC(C4=CN=C(C=CC=C5)C5=C4)=N)=CN3C)=O)=CN2C)=O)S1.OC(C(F)(F)F)=O.OC(C(F)(F)F)=O,CC(C)CCc1sc(NC(=O)c2cc(NC(=O)c3cc(N=C(N)c4cnc5ccccc5c4)cn3C)cn2C)nc1C(=O)NCCCN(C)C,CO-ADD:0137614,ATCC 25922,0.97,32 ug/mL,0.0
57639,C1(C2=O)C(C(C=C3)(OC13C)C)C(N2c4ccc(cc4)F)=O,CC12C=CC(C)(O1)c1c2c(O)n(-c2ccc(F)cc2)c1O,CO-ADD:0254017,ATCC 25922,4.94,32 ug/mL,0.0
57652,c1(c2ccc(cc2)\N=C\c(ccc3[N+](=O)[O-])o3)sc4c(ccc(C)c4)n1,Cc1ccc2nc(-c3ccc(/N=C/c4ccc([N+](=O)[O-])o4)cc3)sc2c1,CO-ADD:0252482,ATCC 25922,100.4,32 ug/mL,1.0
57656,C1(NC(CSc2sc3c(ccc(c3)\N=C\c(cc(I)cc4I)c4O)n2)=O)=C(C)N(N(c5ccccc5)C1=O)C,Cc1c(NC(=O)CSc2nc3ccc(N=Cc4cc(I)cc(I)c4O)cc3s2)c(=O)n(-c2ccccc2)n1C,CO-ADD:0253256,ATCC 25922,15.55,32 ug/mL,0.0
57660,c1(\C=C(\C#N)/C#N)cc(oc1O)\C=C(\C#N)/C#N,N#CC(C#N)=Cc1cc(C=C(C#N)C#N)c(O)o1,CO-ADD:0256833,ATCC 25922,-8.11,32 ug/mL,0.0
57670,n1c(c2ccc(cc2)C)csc1N\N=C(\CC)/c3ccccc3,CC/C(=N/Nc1nc(-c2ccc(C)cc2)cs1)c1ccccc1,CO-ADD:0248841,ATCC 25922,1.94,32 ug/mL,0.0
57693,C1(=Cc(c2OC1c3ccc(c(OC)c3)OCC)cc(cc2Br)Br)[N+](=O)[O-],CCOc1ccc(C2Oc3c(Br)cc(Br)cc3C=C2[N+](=O)[O-])cc1OC,CO-ADD:0323806,ATCC 25922,7.22,32 ug/mL,0.0
57707,C(=C/c(cc1OC)cc(c1OC)Cl)(/C(=O)NN2c3cccc(Cl)c3)\C2=O,COc1cc(/C=C2\C(=O)NN(c3cccc(Cl)c3)C2=O)cc(Cl)c1OC,CO-ADD:0323440,ATCC 25922,-2.43,32 ug/mL,0.0
57723,C(C(=O)Nc(cc1)ccc1Cl)(=C(C)NC(=C2C#N)SCC(=O)Nc(cc3)ccc3I)C2c4ccccc4,CC1=NC(SCC(=O)Nc2ccc(I)cc2)=C(C#N)C(c2ccccc2)C1C(=O)Nc1ccc(Cl)cc1,CO-ADD:0305669,ATCC 25922,3.79,32 ug/mL,0.0
57727,S(=O)(=O)(N(C)C)c(cc(c(c1[N+](=O)[O-])C)[N+](=O)[O-])c1,Cc1c([N+](=O)[O-])cc(S(=O)(=O)N(C)C)cc1[N+](=O)[O-],CO-ADD:0305465,ATCC 25922,3.5,32 ug/mL,0.0
57732,c1(c(O)ccc(c1)[N+](=O)[O-])C2N(CCCN2Cc3ccccc3)Cc4ccccc4,O=[N+]([O-])c1ccc(O)c(C2N(Cc3ccccc3)CCCN2Cc2ccccc2)c1,CO-ADD:0305453,ATCC 25922,11.7,32 ug/mL,0.0
57887,ClC(N=C(NCC#C)C(C#N)=C1)=C1C#N,C#CCNc1nc(Cl)c(C#N)cc1C#N,CO-ADD:0149655,ATCC 25922,-16.59,32 ug/mL,0.0
58092,CN1C=C(NC(C(C=C2)=CC=C2/C=C/C3=CC=NC=C3)=O)C=C1C(NC4=CN(CCCSC5=CC=CC=C5)C(C(NCCN6CCOCC6)=O)=C4)=O.OC(C(F)(F)F)=O.OC(C(F)(F)F)=O,Cn1cc(NC(=O)c2ccc(/C=C/c3ccncc3)cc2)cc1C(=O)Nc1cc(C(=O)NCCN2CCOCC2)n(CCCSc2ccccc2)c1,CO-ADD:0137559,ATCC 25922,3.4,32 ug/mL,0.0
58334,c1cc(ccc1C(OCC)=O)NC(=O)C(=S)N\N=C\c2ccc([N+](=O)[O-])o2,CCOC(=O)c1ccc(NC(=O)C(=S)N/N=C/c2ccc([N+](=O)[O-])o2)cc1,CO-ADD:0288726,ATCC 25922,18.97,32 ug/mL,0.0
58423,C1(=S)NC(NN1c2ccc(cc2)Cl)(C)CCCC,CCCCC1(C)NC(=S)N(c2ccc(Cl)cc2)N1,CO-ADD:0303724,ATCC 25922,4.03,32 ug/mL,0.0
58440,[O-][N+](C1=CC([N+]([O-])=O)=CC(NC(C(F)(F)C(F)(F)C(F)(F)C(F)(F)C(F)(F)C(F)(F)C(NC2=CC([N+]([O-])=O)=CC([N+]([O-])=O)=C2C)=O)=O)=C1C)=O,Cc1c(NC(=O)C(F)(F)C(F)(F)C(F)(F)C(F)(F)C(F)(F)C(F)(F)C(=O)Nc2cc([N+](=O)[O-])cc([N+](=O)[O-])c2C)cc([N+](=O)[O-])cc1[N+](=O)[O-],CO-ADD:0160372,ATCC 25922,13.74,32 ug/mL,0.0
58466,C1(C#N)(C#N)[C@H](c2cccs2)[C@H](N(c3c(cccc3)C=C4)[C@@]14[H])C(=O)C(C)(C)C,CC(C)(C)C(=O)C1[C@@H](c2cccs2)C(C#N)(C#N)[C@H]2C=Cc3ccccc3N12,CO-ADD:0236554,ATCC 25922,4.81,32 ug/mL,0.0
58470,c1(cc(cc(OC)c1OCC(=O)N\N=C\c2ccccc2)[N+](=O)[O-])[N+](=O)[O-],COc1cc([N+](=O)[O-])cc([N+](=O)[O-])c1OCC(=O)N/N=C/c1ccccc1,CO-ADD:0234957,ATCC 25922,22.13,32 ug/mL,0.0
58471,C(C#N)(=C(N)SC(=C1C#N)N)C1c2ccc(cc2F)F,N#CC1C(=N)SC(=N)C(C#N)C1c1ccc(F)cc1F,CO-ADD:0236560,ATCC 25922,13.76,32 ug/mL,0.0
58476,Clc1cccc(c1)c2cnn3ccc(nc23)C(=O)Nc4ccc(cc4)N5CCNCC5.OC(C(F)(F)F)=O,O=C(Nc1ccc(N2CCNCC2)cc1)c1ccn2ncc(-c3cccc(Cl)c3)c2n1,CO-ADD:0237348,ATCC 25922,23.4,20 uM,0.0
58499,N1C(=O)\C(\SC1=O)=C/c2ccccc2Br,O=C1NC(=O)/C(=C\c2ccccc2Br)S1,CO-ADD:0234949,ATCC 25922,12.41,32 ug/mL,0.0
58837,N(c1c(Cl)ccc(c1)C(F)(F)F)(C2=O)C(=O)C(C23)C4OC3C=C4,Oc1c2c(c(O)n1-c1cc(C(F)(F)F)ccc1Cl)C1C=CC2O1,CO-ADD:0246137,ATCC 25922,6.45,32 ug/mL,0.0
58929,O=C(NC1=CN(C)C(C(NC2=NC(C(NCCCN(C)C)=O)=C(CCC(C)C)S2)=O)=C1)C3=NC=C(C=CC=C4)C4=C3.OC(C(F)(F)F)=O,CC(C)CCc1sc(NC(=O)c2cc(NC(=O)c3cc4ccccc4cn3)cn2C)nc1C(=O)NCCCN(C)C,CO-ADD:0153083,ATCC 25922,22.14,32 ug/mL,0.0
59018,C1(=S)NC2(NN1c3ccc(cc3)Cl)CCCCC2,S=C1NC2(CCCCC2)NN1c1ccc(Cl)cc1,CO-ADD:0284871,ATCC 25922,16.75,32 ug/mL,0.0
59027,C(CSc1ccccn1)(=O)N\N=C\C(CCC=C2)C2,O=C(CSc1ccccn1)N/N=C/C1CC=CCC1,CO-ADD:0252962,ATCC 25922,-9.86,32 ug/mL,0.0
59089,N1(\N=C\c(ccc2[N+](=O)[O-])o2)C(=O)C3C(C4C5(CC5)C3C=C4)C1=O,O=[N+]([O-])c1ccc(/C=N/n2c(O)c3c(c2O)C2C=CC3C23CC3)o1,CO-ADD:0249566,ATCC 25922,71.24,32 ug/mL,0.0
59106,c1(c(SC(=O)S1)c(C#N)c(c23)SC(=O)S2)n3,N#Cc1c2sc(=O)sc2nc2sc(=O)sc12,CO-ADD:0256705,ATCC 25922,18.81,32 ug/mL,0.0
59126,C(=C(/C1CCN2CC1)\C2)(/c3ccc(Cl)s3)\c4ccc(Cl)s4.Cl,Clc1ccc(C(=C2CN3CCC2CC3)c2ccc(Cl)s2)s1,CO-ADD:0285542,ATCC 25922,57.46,32 ug/mL,0.0
59165,c(cc(I)cc1I)(\C=N\c2ccccc2)c1O,Oc1c(I)cc(I)cc1C=Nc1ccccc1,CO-ADD:0283070,ATCC 25922,7.0,32 ug/mL,0.0
59180,[N+](=O)([O-])c1ccc(c2c1cccn2)NCCOc3ccccc3C,Cc1ccccc1OCCNc1ccc([N+](=O)[O-])c2cccnc12,CO-ADD:0294586,ATCC 25922,6.31,32 ug/mL,0.0
59275,N1(CN(CC2)CCN2c3ccc(cc3)F)c(cccc4)c4\C(=N\c(cc5)ccc5OCC)\C1=O,CCOc1ccc(/N=C2\C(=O)N(CN3CCN(c4ccc(F)cc4)CC3)c3ccccc32)cc1,CO-ADD:0290388,ATCC 25922,8.43,32 ug/mL,0.0
59323,c1c([N+](=O)[O-])n(C)c(C=C(C2)/C(c3c2ccc(OCCN(C)C)c3)=O)n1.S(O)(=O)(O)=O,CN(C)CCOc1ccc2c(c1)C(=O)C(=Cc1ncc([N+](=O)[O-])n1C)C2,CO-ADD:0137154,ATCC 25922,-1.23,25 uM,0.0
59332,c12c(non1)nc(Nc(ccc(c3C)C)c3)c(Nc(cc4)ccc4O)n2,Cc1ccc(Nc2nc3nonc3nc2Nc2ccc(O)cc2)cc1C,CO-ADD:0166739,ATCC 25922,-3.57,80 ug/mL,0.0
59340,c1(O)c(cccc1\C=N\NC(CCc2ccccc2)=O)OC,COc1cccc(C=NNC(=O)CCc2ccccc2)c1O,CO-ADD:0166363,ATCC 25922,24.08,80 ug/mL,0.0
59341,c1(ccccc1OCc2cccc(Br)c2)C(=O)N\N=C\c(ccc(c34)OCO3)c4,O=C(N/N=C/c1ccc2c(c1)OCO2)c1ccccc1OCc1cccc(Br)c1,CO-ADD:0166621,ATCC 25922,-5.45,80 ug/mL,0.0
59357,[N+](=O)([O-])c(ccc(c1\C=N\c2c(C)cccc2O)O)c1,Cc1cccc(O)c1N=Cc1cc([N+](=O)[O-])ccc1O,CO-ADD:0222546,ATCC 25922,8.35,32 ug/mL,0.0
59407,[C@@]1(C#N)(C#N)[C@H](c2ccc(cc2)Br)[C@H](N(c3c(cccc3)C=C4)[C@@]14[H])C(c5ccccc5)=O,N#CC1(C#N)[C@H](c2ccc(Br)cc2)C(C(=O)c2ccccc2)N2c3ccccc3C=C[C@@H]21,CO-ADD:0221148,ATCC 25922,7.72,32 ug/mL,0.0
59431,c12c(c(cc(C)n1)C)C(NS2)=O,Cc1cc(C)c2c(=O)[nH]sc2n1,CO-ADD:0320234,ATCC 25922,3.81,32 ug/mL,0.0
59446,C(/C(C)=NO1)(=C\c2cccs2)\C1=O,CC1=NOC(=O)/C1=C\c1cccs1,CO-ADD:0311703,ATCC 25922,20.05,32 ug/mL,0.0
59484,n1c2c([nH]c1c3ccc(cc3)F)ccc(c2)\N=C\c4cc(I)ccc4O,Oc1ccc(I)cc1C=Nc1ccc2[nH]c(-c3ccc(F)cc3)nc2c1,CO-ADD:0231602,ATCC 25922,18.87,32 ug/mL,0.0
59488,[N+](=O)([O-])c1cccc(CNC(CC2(C)C)CC(N2)(C)C)c1,CC1(C)CC(NCc2cccc([N+](=O)[O-])c2)CC(C)(C)N1,CO-ADD:0320138,ATCC 25922,-5.2,32 ug/mL,0.0
59610,C1(=Cc(c2OC1c(ccc(c34)OCO3)c4)cc(cc2OC)Br)[N+](=O)[O-],COc1cc(Br)cc2c1OC(c1ccc3c(c1)OCO3)C([N+](=O)[O-])=C2,CO-ADD:0319411,ATCC 25922,-3.0,32 ug/mL,0.0
59612,C(Nc(cccc1C(F)(F)F)c1)(C(OC)=O)(C(F)(F)F)NC(=O)Nc(cc2)ccc2OC(F)(F)F,COC(=O)C(NC(=O)Nc1ccc(OC(F)(F)F)cc1)(Nc1cccc(C(F)(F)F)c1)C(F)(F)F,CO-ADD:0326569,ATCC 25922,-6.64,32 ug/mL,0.0
59626,c1(c(Cl)ccc(Cl)n1)C(NCC[N+]2(CCCCC2)CCCCCCCCCCCC)=O.[Br-],CCCCCCCCCCCC[N+]1(CCNC(=O)c2nc(Cl)ccc2Cl)CCCCC1,CO-ADD:0331811,ATCC 25922,98.1,32 ug/mL,1.0
59635,c(C(NCCc1ccccc1)=O)(sc(c23)nc(cc2C(F)(F)F)c4cccs4)c3N,Nc1c(C(=O)NCCc2ccccc2)sc2nc(-c3cccs3)cc(C(F)(F)F)c12,CO-ADD:0330858,ATCC 25922,0.9,32 ug/mL,0.0
59645,[N+](=O)([O-])c1ccc(cc1NCCOc2ccccc2C)N(CC3)CCN3C,Cc1ccccc1OCCNc1cc(N2CCN(C)CC2)ccc1[N+](=O)[O-],CO-ADD:0232850,ATCC 25922,5.27,32 ug/mL,0.0
59653,c1(c(C)nn2c3ccccc3)c2OC(=C(C#N)C14c5c(NC4=O)ccc(Cl)c5)N.[Na+],Cc1nn(-c2ccccc2)c2c1C1(C(=O)Nc3ccc(Cl)cc31)C(C#N)C(=N)O2,CO-ADD:0227092,ATCC 25922,14.15,32 ug/mL,0.0
59669,C(=C/NNc1cccc(C)c1)(/C(=O)NC(N2)=O)\C2=O,Cc1cccc(NN=Cc2c(O)[nH]c(=O)[nH]c2=O)c1,CO-ADD:0229461,ATCC 25922,19.36,32 ug/mL,0.0
59675,N1(C(CC)=O)c2c(OC1=O)cccc2,CCC(=O)n1c(=O)oc2ccccc21,CO-ADD:0220103,ATCC 25922,4.15,32 ug/mL,0.0
59678,[N+](=O)([O-])c1ccc(cc1O)\C=N\NC(CNc2ccccc2C)=O,Cc1ccccc1NCC(=O)NN=Cc1ccc([N+](=O)[O-])c(O)c1,CO-ADD:0220768,ATCC 25922,5.93,32 ug/mL,0.0
59690,N(=C\c1ccccc1F)/NC(CCC(=O)Nc2cccc(Cl)c2)=O,O=C(CCC(=O)Nc1cccc(Cl)c1)N/N=C/c1ccccc1F,CO-ADD:0219568,ATCC 25922,9.15,32 ug/mL,0.0
59700,N(=C\c(ccc(c1Br)O)c1)/NC(Cc2ccccc2)=O,O=C(Cc1ccccc1)NN=Cc1ccc(O)c(Br)c1,CO-ADD:0219409,ATCC 25922,2.53,32 ug/mL,0.0
59706,C(N(CC)CC)(=S)Oc(cccc1C(=O)Nc(cc2)ccc2Br)c1,CCN(CC)C(=S)Oc1cccc(C(=O)Nc2ccc(Br)cc2)c1,CO-ADD:0165901,ATCC 25922,-4.02,80 ug/mL,0.0
59713,CO[C@@H]1C[C@@H](CC[C@H]1O)\C=C(/C)[C@H]1OC(=O)[C@@H]2CCCCN2C(=O)C(=O)[C@]2(O)O[C@@H]([C@H](C[C@H]2C)OC)[C@H](C[C@@H](C)CC(C)=C[C@@H](CC=C)C(=O)C[C@H](O)[C@H]1C)OC,C=CCC1=CC(C)C[C@H](C)C[C@H](OC)[C@H]2O[C@@](O)(C(=O)C(=O)N3CCCCC3C(=O)O[C@H](/C(C)=C/[C@@H]3CC[C@@H](O)[C@H](OC)C3)[C@H](C)[C@@H](O)CC1=O)[C@H](C)C[C@@H]2OC,CO-ADD:0164849,ATCC 25922,6.72,20 uM,0.0
59718,[N+](=O)([O-])c1cccc(\C=N\NC(=O)Cc2cccc(cccc3)c23)c1O,O=C(Cc1cccc2ccccc12)NN=Cc1cccc([N+](=O)[O-])c1O,CO-ADD:0166057,ATCC 25922,37.98,80 ug/mL,0.0
59733,C1(C2c3ccc(cc3)OCC=C)=C(c4c(cccc4)OC1=O)OC(N)=C2C#N,C=CCOc1ccc(C2c3c(c4ccccc4oc3=O)OC(=N)C2C#N)cc1,CO-ADD:0166653,ATCC 25922,11.68,80 ug/mL,0.0
59745,C(CSCc1cccc(cccc2)c12)(=O)Nc(ccc(c34)cccc3)c4,O=C(CSCc1cccc2ccccc12)Nc1ccc2ccccc2c1,CO-ADD:0217755,ATCC 25922,0.57,32 ug/mL,0.0
59751,O=C(CCN1CCCCC1)C2=C(CC)OC3=C2C=CC=C3.Cl,CCc1oc2ccccc2c1C(=O)CCN1CCCCC1,CO-ADD:0158302,ATCC 25922,24.82,32 ug/mL,0.0
60026,NC(OC1=C2C=CC3=C1C=CC=C3)=C(C2C4=C(C=CC=C4)[N+]([O-])=O)C#N,N#CC1C(=N)Oc2c(ccc3ccccc23)C1c1ccccc1[N+](=O)[O-],CO-ADD:0149769,ATCC 25922,-12.74,32 ug/mL,0.0
60193,c(ccc1C(=O)N(CC2)CCN2C)(o1)[N+](=O)[O-].Cl,CN1CCN(C(=O)c2ccc([N+](=O)[O-])o2)CC1,CO-ADD:0240321,ATCC 25922,101.07,32 ug/mL,1.0
60197,C(Nc(ccc(c1Cl)Cl)c1)(C(OCC)=O)(NC(CC)=O)C(F)(F)F,CCOC(=O)C(NC(=O)CC)(Nc1ccc(Cl)c(Cl)c1)C(F)(F)F,CO-ADD:0245555,ATCC 25922,5.39,32 ug/mL,0.0
60211,C1(=S)NC(NN1c2ccc(cc2)C)(CCC)CC,CCCC1(CC)NC(=S)N(c2ccc(C)cc2)N1,CO-ADD:0303637,ATCC 25922,11.07,32 ug/mL,0.0
60249,C(F)(F)(C(F)(F)C(F)(F)C(=O)Nc1sccn1)C(F)(F)C(F)(F)C(F)(F)C(F)(F)Cl,O=C(Nc1nccs1)C(F)(F)C(F)(F)C(F)(F)C(F)(F)C(F)(F)C(F)(F)C(F)(F)Cl,CO-ADD:0228849,ATCC 25922,10.23,32 ug/mL,0.0
60291,C(=C\c(cc(Br)c(c1[N+](=O)[O-])O)c1)(/C(=O)N(C)C(N2C)=O)\C2=O,CN1C(=O)C(=Cc2cc(Br)c(O)c([N+](=O)[O-])c2)C(=O)N(C)C1=O,CO-ADD:0258027,ATCC 25922,-1.73,32 ug/mL,0.0
60297,C1(c2ccc(cc2)C)=NNC3(CCCCCCC3)S1,Cc1ccc(C2=NNC3(CCCCCCC3)S2)cc1,CO-ADD:0285618,ATCC 25922,41.64,32 ug/mL,0.0
60315,[n+]1([n-]c2c(cc(cc2[N+](=O)[O-])[N+](=O)[O-])[n+]1[O-])c3nonc3N,Nc1nonc1-[n+]1[n-]c2c([N+](=O)[O-])cc([N+](=O)[O-])cc2[n+]1[O-],CO-ADD:0294389,ATCC 25922,-1.47,32 ug/mL,0.0
60344,C1(C(c2ccco2)C(C#N)C(N)=O)=C(O)OC(C)(C)OC1=O,CC1(C)OC(=O)C(C(c2ccco2)C(C#N)C(N)=O)C(=O)O1,CO-ADD:0295690,ATCC 25922,8.76,32 ug/mL,0.0
60349,O1C(=O)OC(C)(C)C1(CBr)Br,CC1(C)OC(=O)OC1(Br)CBr,CO-ADD:0292724,ATCC 25922,11.65,32 ug/mL,0.0
60389,[H]N1C(N([H])C(OC)C(C(OC)=O)(F)C1=O)=O,COC(=O)C1(F)C(=O)NC(=O)NC1OC,CO-ADD:0136135,ATCC 25922,-11.84,25 uM,0.0
60403,c1(nnc(c2cccc(C)c2)o1)NC(=O)c3ccc(cc3)Cl,Cc1cccc(-c2nnc(NC(=O)c3ccc(Cl)cc3)o2)c1,CO-ADD:0236274,ATCC 25922,11.62,32 ug/mL,0.0
60415,CN1CCN(CCCOc2ncc(Nc3ncc(nc3C(=O)N)c4ccc(c(F)c4)C(F)(F)F)cn2)CC1,CN1CCN(CCCOc2ncc(Nc3ncc(-c4ccc(C(F)(F)F)c(F)c4)nc3C(N)=O)cn2)CC1,CO-ADD:0237336,ATCC 25922,2.03,20 uM,0.0
60417,N1(C(=O)C(Cc2ccccc2)NS(=O)(=O)c3ccc(cc3)C)C(N1C(=O)c(c4)cc(cc4[N+](=O)[O-])[N+](=O)[O-])c5ccccc5Cl,Cc1ccc(S(=O)(=O)NC(Cc2ccccc2)C(=O)N2C(c3ccccc3Cl)N2C(=O)c2cc([N+](=O)[O-])cc([N+](=O)[O-])c2)cc1,CO-ADD:0231140,ATCC 25922,1.38,32 ug/mL,0.0
60428,N(C)(c1c2cccc1)C(=O)C=C2c3ccccc3,Cn1c(=O)cc(-c2ccccc2)c2ccccc21,CO-ADD:0233209,ATCC 25922,3.24,32 ug/mL,0.0
60441,N1(c2ccc(cc2)OC)C(=O)CC(N3CCC(CC3)C)C1=O,COc1ccc(-n2c(O)cc(N3CCC(C)CC3)c2O)cc1,CO-ADD:0215761,ATCC 25922,-2.27,32 ug/mL,0.0
60443,CC[C@H]1OC(=O)[C@H](C)[C@@H](O[C@H]2C[C@@](C)(OC)[C@@H](O)[C@H](C)O2)[C@H](C)[C@@H](O[C@@H]2O[C@H](C)C[C@@H]([C@H]2O)N(C)C)[C@](C)(O)C[C@@H](C)CN(C)[C@H](C)[C@@H](O)[C@]1(C)O,CC[C@H]1OC(=O)C(C)[C@@H](O[C@H]2C[C@@](C)(OC)[C@@H](O)[C@H](C)O2)[C@H](C)[C@@H](O[C@@H]2O[C@H](C)C[C@H](N(C)C)[C@H]2O)[C@](C)(O)C[C@@H](C)CN(C)[C@H](C)[C@@H](O)[C@]1(C)O,CO-ADD:0164430,ATCC 25922,98.73,20 uM,1.0
60447,C(=O)(C(c1ccccc1)c2ccccc2)NCC(=O)N\N=C\c(cc3)ccc3OC,COc1ccc(/C=N/NC(=O)CNC(=O)C(c2ccccc2)c2ccccc2)cc1,CO-ADD:0220457,ATCC 25922,3.33,32 ug/mL,0.0
60466,N1(CNc2c(C)ccc(I)c2)C(=O)\C(\SC1=O)=C/c(cc3)ccc3C(OC)=O,COC(=O)c1ccc(/C=C2/SC(=O)N(CNc3cc(I)ccc3C)C2=O)cc1,CO-ADD:0166497,ATCC 25922,1.99,80 ug/mL,0.0
60480,C(=C/c1ccccc1O)(/NC(c2ccccc2)=O)\C(=O)N\N=C/c(ccc(c34)ccc(ccc(n5)\C=N\NC(=O)\C(=C\c6ccccc6O)\NC(c7ccccc7)=O)c35)n4,O=C(NN=Cc1ccc2ccc3ccc(C=NNC(=O)C(Cc4ccccc4O)=NC(=O)c4ccccc4)nc3c2n1)C(Cc1ccccc1O)=NC(=O)c1ccccc1,CO-ADD:0220576,ATCC 25922,16.6,32 ug/mL,0.0
60490,N1(c2cc(C)ccc2C)C(=O)c(c3)c(c(c4)C1=O)c(cc3[N+](=O)[O-])cc4[N+](=O)[O-],Cc1ccc(C)c(N2C(=O)c3cc([N+](=O)[O-])cc4cc([N+](=O)[O-])cc(c34)C2=O)c1,CO-ADD:0221510,ATCC 25922,1.47,32 ug/mL,0.0
60506,c1(c2c([nH]c1)cccc2)C(=O)CC(c3ccccc3)=O,O=C(CC(=O)c1c[nH]c2ccccc12)c1ccccc1,CO-ADD:0219557,ATCC 25922,24.76,32 ug/mL,0.0
60508,N1(CNc2cccc(Br)c2)C(=O)\C(\SC1=S)=C\c(cc3)ccc3C(OC)=O,COC(=O)c1ccc(/C=C2\SC(=S)N(CNc3cccc(Br)c3)C2=O)cc1,CO-ADD:0166419,ATCC 25922,-0.5,80 ug/mL,0.0
60520,[N+](=O)([O-])c(cc(cc1[N+](=O)[O-])C(=O)OCC2CCCCC2)c1,O=C(OCC1CCCCC1)c1cc([N+](=O)[O-])cc([N+](=O)[O-])c1,CO-ADD:0221031,ATCC 25922,4.81,32 ug/mL,0.0
60525,S(=O)(=O)(c1ccc(cc1)CCCl)Nc(cc2)c(C)cc2[N+](=O)[O-],Cc1cc([N+](=O)[O-])ccc1NS(=O)(=O)c1ccc(CCCl)cc1,CO-ADD:0220852,ATCC 25922,6.83,32 ug/mL,0.0
60527,[N+](=O)([O-])c(ccc(c1\C=N\NC(CNC(=O)C(c2ccccc2)c3ccccc3)=O)O)c1,O=C(CNC(=O)C(c1ccccc1)c1ccccc1)NN=Cc1cc([N+](=O)[O-])ccc1O,CO-ADD:0220644,ATCC 25922,21.47,32 ug/mL,0.0
60529,C(=O)(c1ccc(cc1)OC)Oc2cc(ccc2\C=N\c(cc3)ccc3OC)OC(=O)c4ccc(cc4)OC,COc1ccc(/N=C/c2ccc(OC(=O)c3ccc(OC)cc3)cc2OC(=O)c2ccc(OC)cc2)cc1,CO-ADD:0215577,ATCC 25922,10.89,32 ug/mL,0.0
60541,c1(oc(c2n1)cccc2)c3ccc(cc3O)\N=C\c4c(O)c(OC)cc(Br)c4Br,COc1cc(Br)c(Br)c(C=Nc2ccc(-c3nc4ccccc4o3)c(O)c2)c1O,CO-ADD:0217474,ATCC 25922,-6.7,32 ug/mL,0.0
60618,N1(c2ccccc2N3C(=O)C(C4C3=O)C(c5ccccc5)(C(C46c7ccccc7)=O)C(=C6c8ccccc8)c9ccccc9)C(=O)C%10C(C1=O)C%11(C(=O)C%10(c%12ccccc%12)C(=C%11c%13ccccc%13)c%14ccccc%14)c%15ccccc%15,O=C1C2(c3ccccc3)C(c3ccccc3)=C(c3ccccc3)C1(c1ccccc1)c1c2c(O)n(-c2ccccc2-n2c(O)c3c(c2O)C2(c4ccccc4)C(=O)C3(c3ccccc3)C(c3ccccc3)=C2c2ccccc2)c1O,CO-ADD:0215007,ATCC 25922,33.87,32 ug/mL,0.0
60637,[N+](=O)([O-])c(ccc(c1\C=N\NC(=O)c(ccc(n2)C)c2)OC(c3ccccc3)=O)c1,Cc1ccc(C(=O)N/N=C/c2cc([N+](=O)[O-])ccc2OC(=O)c2ccccc2)cn1,CO-ADD:0232178,ATCC 25922,10.55,32 ug/mL,0.0
60639,[N+](=O)([O-])c(ccc(c1\C=N\NC(COc2c(OC)cc(cc2Br)Br)=O)O)c1,COc1cc(Br)cc(Br)c1OCC(=O)NN=Cc1cc([N+](=O)[O-])ccc1O,CO-ADD:0163172,ATCC 25922,9.65,32 ug/mL,0.0
60651,N#CC1=C(NCCC2CCN(CC2)CC3=CC=CC=C3)N=C(NCCC4CCN(CC4)CC5=CC=CC=C5)C(C#N)=C1C6=CC=CC=C6,N#Cc1c(NCCC2CCN(Cc3ccccc3)CC2)nc(NCCC2CCN(Cc3ccccc3)CC2)c(C#N)c1-c1ccccc1,CO-ADD:0154356,ATCC 25922,19.64,32 ug/mL,0.0
60659,c1(ccc(\C=N\c(cccc2C(C)=O)c2)s1)[N+](=O)[O-],CC(=O)c1cccc(/N=C/c2ccc([N+](=O)[O-])s2)c1,CO-ADD:0235230,ATCC 25922,10.8,32 ug/mL,0.0
60682,CCN1CCN(C(=O)N[C@@H](C(=O)N[C@H]2[C@H]3SC(C)(C)[C@@H](N3C2=O)C([O-])=O)c2ccccc2)C(=O)C1=O.[Na+],CCN1CCN(C(=O)NC(C(=O)NC2C(=O)N3C(C(=O)O)C(C)(C)S[C@H]23)c2ccccc2)C(=O)C1=O,CO-ADD:0164434,ATCC 25922,98.17,20 uM,1.0
60683,[O-][N+](C1=CC([N+]([O-])=O)=CC=C1C(NC2=CC=C(C=C2)C(N)=O)=O)=O,NC(=O)c1ccc(NC(=O)c2ccc([N+](=O)[O-])cc2[N+](=O)[O-])cc1,CO-ADD:0155405,ATCC 25922,21.62,32 ug/mL,0.0
60723,c1(n2)c(c3c(cccc3)C1=O)nc(non4)c24,O=C1c2ccccc2-c2nc3nonc3nc21,CO-ADD:0161242,ATCC 25922,1.15,32 ug/mL,0.0
60784,C(C#N)(C1c(ccs2)c2)=C(N)N(C(CC(C)(C)CC3=O)=C13)c4ccc(cc4)OC,COc1ccc(N2C(=N)C(C#N)C(c3ccsc3)C3=C2CC(C)(C)CC3=O)cc1,CO-ADD:0244229,ATCC 25922,5.01,32 ug/mL,0.0
60792,C(=C/c(cc1Br)cc(c1O)Br)(/C2=O)\C(=O)N(C(=O)N2C)C,CN1C(=O)C(=Cc2cc(Br)c(O)c(Br)c2)C(=O)N(C)C1=O,CO-ADD:0246000,ATCC 25922,10.83,32 ug/mL,0.0
60829,C(=O)(N\N=C\c(ccc(c12)cccn1)c2)c3ccco3,O=C(N/N=C/c1ccc2cccnc2c1)c1ccco1,CO-ADD:0235529,ATCC 25922,5.92,32 ug/mL,0.0
60908,c(cc(Br)cc1C(Nc(cccc2)c2C3(c4ccccc4)c5ccccc5)O3)(c1O)[N+](=O)[O-],O=[N+]([O-])c1cc(Br)cc(C2Nc3ccccc3C(c3ccccc3)(c3ccccc3)O2)c1O,CO-ADD:0330960,ATCC 25922,9.4,32 ug/mL,0.0
60950,C(Nc1ccccc1)(C(OC)=O)(C(F)(F)F)NC(=O)Nc(cc2)ccc2OC(F)(F)F,COC(=O)C(NC(=O)Nc1ccc(OC(F)(F)F)cc1)(Nc1ccccc1)C(F)(F)F,CO-ADD:0326565,ATCC 25922,4.47,32 ug/mL,0.0
61275,N1(c2ccc(cc2)OCC)C(c(cc3)ccc3N(CC4)CCO4)N(N=C1C(C)=O)c5ccc(cc5)Cl,CCOc1ccc(N2C(C(C)=O)=NN(c3ccc(Cl)cc3)C2c2ccc(N3CCOCC3)cc2)cc1,CO-ADD:0302922,ATCC 25922,0.9,32 ug/mL,0.0
61297,N1(CNc2ccc(cc2C)I)C(=O)\C(\SC1=S)=C/c(cc3)ccc3C(OC)=O,COC(=O)c1ccc(/C=C2/SC(=S)N(CNc3ccc(I)cc3C)C2=O)cc1,CO-ADD:0163702,ATCC 25922,19.19,32 ug/mL,0.0
61328,O=C(/C1=N\CCCCCCCCCCCCCCCC)N(C2=C1C=CC=C2)C(C3=CC=CC=C3C(O)=O)=O,CCCCCCCCCCCCCCCC/N=C1\C(=O)N(C(=O)c2ccccc2C(=O)O)c2ccccc21,CO-ADD:0156011,ATCC 25922,2.02,32 ug/mL,0.0
61337,C(=O)(Oc1ccccc1C=O)c2cccs2,O=Cc1ccccc1OC(=O)c1cccs1,CO-ADD:0302175,ATCC 25922,8.43,32 ug/mL,0.0
61347,O=C(/C(C1=C2C(C)=CC(Br)=C1)=N\NC(C3=CN=CC=C3)=O)N2C,Cc1cc(Br)cc2c(N=NC(=O)c3cccnc3)c(O)n(C)c12,CO-ADD:0158678,ATCC 25922,16.49,32 ug/mL,0.0
61361,C1(c(cc(cc2C3=N\C(\C(=O)O3)=C\c4cccc(cccc5)c45)C6=N\C(\C(=O)O6)=C/c7cccc(cccc8)c78)c2)=N\C(\C(=O)O1)=C\c9cccc(cccc%10)c9%10,O=C1OC(c2cc(C3=N/C(=C/c4cccc5ccccc45)C(=O)O3)cc(C3=N/C(=C/c4cccc5ccccc45)C(=O)O3)c2)=N/C1=C\c1cccc2ccccc12,CO-ADD:0163217,ATCC 25922,21.63,32 ug/mL,0.0
61369,C1(=Cc(cc(Br)cc2Br)c2OC1c3c(cccc3Cl)Cl)[N+](=O)[O-],O=[N+]([O-])C1=Cc2cc(Br)cc(Br)c2OC1c1c(Cl)cccc1Cl,CO-ADD:0163122,ATCC 25922,7.82,32 ug/mL,0.0
61581,N1(c2ccccc2)C(=O)CC(N(CC3C)CC(O3)C)C1=O,CC1CN(c2cc(O)n(-c3ccccc3)c2O)CC(C)O1,CO-ADD:0278916,ATCC 25922,-3.58,32 ug/mL,0.0
61738,c1(C(OCC)=O)c(cc(cc2)OC(c3ccccc3)=O)c2n(C)c1C,CCOC(=O)c1c(C)n(C)c2ccc(OC(=O)c3ccccc3)cc12,CO-ADD:0291884,ATCC 25922,10.39,32 ug/mL,0.0
61739,c1(c2c(sc1NC(CC)=O)CCCC2)C(=O)Nc3ccccc3,CCC(=O)Nc1sc2c(c1C(=O)Nc1ccccc1)CCCC2,CO-ADD:0293482,ATCC 25922,4.62,32 ug/mL,0.0
61755,C(CCCCCCSCCCC)(O)=O,CCCCSCCCCCCC(=O)O,CO-ADD:0290685,ATCC 25922,2.2,32 ug/mL,0.0
61771,[N+](=O)([O-])c(ccc(c1C#N)Sc2ccc(cc2C#N)[N+](=O)[O-])c1,N#Cc1cc([N+](=O)[O-])ccc1Sc1ccc([N+](=O)[O-])cc1C#N,CO-ADD:0294055,ATCC 25922,1.84,32 ug/mL,0.0
62127,C(c(ccc(c1)N(CC)CC)c12)(c3ccccc3C(O)=O)=C4C(O2)=C\C(=[N+](\CC)/CC)\C=C4.[Cl-],CCN(CC)c1ccc2c(-c3ccccc3C(=O)O)c3ccc(=[N+](CC)CC)cc-3oc2c1,CO-ADD:0233603,ATCC 25922,20.88,32 ug/mL,0.0
62136,O=C1C(CC2CCC(C(C)(C)C)CC2)=C(C(C3=C1C=CC=C3)=O)O,CC(C)(C)C1CCC(=Cc2c(O)c(O)c3ccccc3c2O)CC1,CO-ADD:0237180,ATCC 25922,-2.1,20 uM,0.0
62140,[P+](c1ccccc1)(c2ccccc2)(c3ccccc3)c4cccc(N)c4.[I-],Nc1cccc([P+](c2ccccc2)(c2ccccc2)c2ccccc2)c1,CO-ADD:0234043,ATCC 25922,17.45,32 ug/mL,0.0
62144,c(C#N)(c(SCC#N)nc(c1C#N)N)c1c2cccc(F)c2,N#CCSc1nc(N)c(C#N)c(-c2cccc(F)c2)c1C#N,CO-ADD:0219320,ATCC 25922,1.36,32 ug/mL,0.0
62145,C(CSCc(cc1)ccc1Cl)(=O)N\N=C\c(cc2)ccc2Br,O=C(CSCc1ccc(Cl)cc1)N/N=C/c1ccc(Br)cc1,CO-ADD:0219705,ATCC 25922,8.4,32 ug/mL,0.0
62146,c1(OC(N)=C(C2c3cc(Br)ccc3F)C#N)c2c(nn1c4ccccc4)C,Cc1nn(-c2ccccc2)c2c1C(c1cc(Br)ccc1F)C(C#N)C(=N)O2,CO-ADD:0236634,ATCC 25922,8.51,32 ug/mL,0.0
62153,[N+](=O)([O-])c(cc1\C=N\NC(COc2ccc(cc2Cl)Cl)=O)cc(c1OC(=O)c3ccc(cc3)Br)Br,O=C(COc1ccc(Cl)cc1Cl)N/N=C/c1cc([N+](=O)[O-])cc(Br)c1OC(=O)c1ccc(Br)cc1,CO-ADD:0233547,ATCC 25922,20.48,32 ug/mL,0.0
62197,n1(CC)c2c(c(cc(cc3)NC(=O)c4ccc(cc4)F)c13)cccc2,CCn1c2ccccc2c2cc(NC(=O)c3ccc(F)cc3)ccc21,CO-ADD:0221399,ATCC 25922,10.28,32 ug/mL,0.0
62210,N1C(=O)\C(\SC1=S)=C\c2ccccc2Sc3ccccc3,O=C1NC(=S)S/C1=C\c1ccccc1Sc1ccccc1,CO-ADD:0236144,ATCC 25922,10.41,32 ug/mL,0.0
62214,C(/O)(\c1ccc(cc1)OC)=C\C=N\c2ccccc2C,COc1ccc(C(=O)CC=Nc2ccccc2C)cc1,CO-ADD:0219647,ATCC 25922,-0.06,32 ug/mL,0.0
62218,C(=O)(N\N=C\c(ccc(c1OC)OCC=C)c1)C(=O)Nc2cccc(Br)c2,C=CCOc1ccc(/C=N/NC(=O)C(=O)Nc2cccc(Br)c2)cc1OC,CO-ADD:0219440,ATCC 25922,-0.29,32 ug/mL,0.0
62220,n1c2c([nH]c1c3ccccc3)ccc(c2)\N=C\c(cc(Br)cc4Br)c4O,Oc1c(Br)cc(Br)cc1C=Nc1ccc2[nH]c(-c3ccccc3)nc2c1,CO-ADD:0231632,ATCC 25922,11.88,32 ug/mL,0.0
62228,N1C(=O)\C(\SC1=S)=C\c2ccc(cc2Cl)Cl,O=C1NC(=S)S/C1=C\c1ccc(Cl)cc1Cl,CO-ADD:0234130,ATCC 25922,8.86,32 ug/mL,0.0
62229,[N+](=O)([O-])c1cccc(\C=N\c2cc(CC)ccc2O)c1O,CCc1ccc(O)c(N=Cc2cccc([N+](=O)[O-])c2O)c1,CO-ADD:0227547,ATCC 25922,15.06,32 ug/mL,0.0
62231,C1(C#N)(C#N)C(c2ccc(cc2)OCCCC)C3C(C(C#N)=C1N)=CCCC3,CCCCOc1ccc(C2C3CCCC=C3C(C#N)C(=N)C2(C#N)C#N)cc1,CO-ADD:0220115,ATCC 25922,4.7,32 ug/mL,0.0
62232,N(c1ccccc1Cl)C(COc2ccccc2I)=O,O=C(COc1ccccc1I)Nc1ccccc1Cl,CO-ADD:0220684,ATCC 25922,9.73,32 ug/mL,0.0
62233,[N+](=O)([O-])c(cc(cc1[N+](=O)[O-])C(=O)Oc2c(Br)cc(cc2Br)C=O)c1,O=Cc1cc(Br)c(OC(=O)c2cc([N+](=O)[O-])cc([N+](=O)[O-])c2)c(Br)c1,CO-ADD:0222665,ATCC 25922,1.75,32 ug/mL,0.0
62263,[N+](=O)([O-])c1ccc(c2c1cccn2)OC(=O)c3ccc(cc3Cl)Cl,O=C(Oc1ccc([N+](=O)[O-])c2cccnc12)c1ccc(Cl)cc1Cl,CO-ADD:0240164,ATCC 25922,100.15,32 ug/mL,1.0
62280,S(=O)(=O)(c(cc1)ccc1[N+](=O)[O-])Oc2ccc(c3c2\C=N\c(cc4)ccc4C)cccc3,Cc1ccc(/N=C/c2c(OS(=O)(=O)c3ccc([N+](=O)[O-])cc3)ccc3ccccc23)cc1,CO-ADD:0244564,ATCC 25922,4.25,32 ug/mL,0.0
62286,c1(Nc2cccc(C)c2C)nc(c(nc1Nc3cccc(C)c3C)ccc4[N+](=O)[O-])c4,Cc1cccc(Nc2nc3ccc([N+](=O)[O-])cc3nc2Nc2cccc(C)c2C)c1C,CO-ADD:0241586,ATCC 25922,9.66,32 ug/mL,0.0
62289,N1(OS(=O)(=O)c2ccc(c3c2)cccc3)C(=O)c(c4C1=O)cccc4,O=C1c2ccccc2C(=O)N1OS(=O)(=O)c1ccc2ccccc2c1,CO-ADD:0244373,ATCC 25922,4.05,32 ug/mL,0.0
62517,[N+](=O)([O-])c1cc(ccc1OC(=O)c2ccc(cc2Cl)Cl)\C=N\c3cccc(Cl)c3C,Cc1c(Cl)cccc1/N=C/c1ccc(OC(=O)c2ccc(Cl)cc2Cl)c([N+](=O)[O-])c1,CO-ADD:0222849,ATCC 25922,6.61,32 ug/mL,0.0
62697,O=S(NC(C)=O)(C(C=C1)=CC=C1N/N=C/C(C)=C2C(N(C3=CC=CC=C3)N=C/2C)=O)=O,C=c1[nH]n(-c2ccccc2)c(=O)c1=C(C)C=NNc1ccc(S(=O)(=O)NC(C)=O)cc1,CO-ADD:0154769,ATCC 25922,14.45,32 ug/mL,0.0
62702,[O-][N+](C([N+]([O-])=O)(CC1)CN(C1=O)CCCCN(C2=O)CC([N+]([O-])=O)(CC2)[N+]([O-])=O)=O,O=C1CCC([N+](=O)[O-])([N+](=O)[O-])CN1CCCCN1CC([N+](=O)[O-])([N+](=O)[O-])CCC1=O,CO-ADD:0160413,ATCC 25922,15.14,32 ug/mL,0.0
62715,N#CC([C@H](C1=CC(I)=CC=C1)[C@H]2C(C)=O)(C#N)[C@]3([H])N2C(C=CC=C4)=C4C=C3,CC(=O)C1[C@@H](c2cccc(I)c2)C(C#N)(C#N)[C@H]2C=Cc3ccccc3N12,CO-ADD:0155094,ATCC 25922,8.71,32 ug/mL,0.0
62759,N(=C\c1cc(I)ccc1O)/c2cc(ccc2O)Cc(ccc(c3\N=C\c4cc(I)ccc4O)O)c3,Oc1ccc(I)cc1C=Nc1cc(Cc2ccc(O)c(N=Cc3cc(I)ccc3O)c2)ccc1O,CO-ADD:0228028,ATCC 25922,19.97,32 ug/mL,0.0
62847,C(=C\c1ccccc1)/C(=O)c2ccc(cc2)\N=C\c(cc3)ccc3OC(CC)=O,CCC(=O)Oc1ccc(/C=N/c2ccc(C(=O)/C=C/c3ccccc3)cc2)cc1,CO-ADD:0235022,ATCC 25922,6.22,32 ug/mL,0.0
62890,N1(c2ccccc2)C(=O)CC(N(C)CCc3ccccn3)C1=O,CN(CCc1ccccn1)c1cc(O)n(-c2ccccc2)c1O,CO-ADD:0286083,ATCC 25922,17.73,32 ug/mL,0.0
62904,c1(C2)c(ccc(c(cccn3)c3)c1)OCCN2.Cl,c1cncc(-c2ccc3c(c2)CNCCO3)c1,CO-ADD:0289250,ATCC 25922,28.53,32 ug/mL,0.0
62929,c(c(Br)cn1)(n1C)C(=O)Nc(cc2)ccc2C(OC)=O,COC(=O)c1ccc(NC(=O)c2c(Br)cnn2C)cc1,CO-ADD:0294896,ATCC 25922,6.11,32 ug/mL,0.0
62933,C(=C(/O)\c1ccc(cc1)Br)/C(=O)C(F)(F)F,O=C(CC(=O)C(F)(F)F)c1ccc(Br)cc1,CO-ADD:0293916,ATCC 25922,70.6,32 ug/mL,0.0
62941,c1(SCC(=O)Nc2ccccc2)sc3c(ccc(c3)NC(CSC(=S)N4CCCC4)=O)n1,O=C(CSC(=S)N1CCCC1)Nc1ccc2nc(SCC(=O)Nc3ccccc3)sc2c1,CO-ADD:0286884,ATCC 25922,9.34,32 ug/mL,0.0
62989,c1(c2c([nH]c1C)cccc2)C(N(CC3)CCO3)c4cc(Cl)ccc4O,Cc1[nH]c2ccccc2c1C(c1cc(Cl)ccc1O)N1CCOCC1,CO-ADD:0293712,ATCC 25922,2.05,32 ug/mL,0.0
63033,c1(cc(Cl)ccc1N(CC2)CCN2C(=O)c3ccccc3Br)[N+](=O)[O-],O=C(c1ccccc1Br)N1CCN(c2ccc(Cl)cc2[N+](=O)[O-])CC1,CO-ADD:0303290,ATCC 25922,5.33,32 ug/mL,0.0
63108,n1c(SC)nc(c(c1C)Br)N2CC2,CSc1nc(C)c(Br)c(N2CC2)n1,CO-ADD:0136277,ATCC 25922,7.98,25 uM,0.0
63378,C(=O)(c1cccc(Br)c1)Oc2ccc(cc2OC)C=O,COc1cc(C=O)ccc1OC(=O)c1cccc(Br)c1,CO-ADD:0222458,ATCC 25922,1.96,32 ug/mL,0.0
63384,[N+](=O)([O-])c(cc(cc1[N+](=O)[O-])C(=O)OCc(cc2)ccc2Cl)c1,O=C(OCc1ccc(Cl)cc1)c1cc([N+](=O)[O-])cc([N+](=O)[O-])c1,CO-ADD:0231048,ATCC 25922,9.57,32 ug/mL,0.0
63396,c1(O)c(I)cc(cc1I)\C=N\NC(CNc2cccc(C)c2)=O,Cc1cccc(NCC(=O)NN=Cc2cc(I)c(O)c(I)c2)c1,CO-ADD:0220380,ATCC 25922,4.71,32 ug/mL,0.0
63400,[N+](=O)([O-])c1cc(Oc(cc2)ccc2N)cc(Oc(cc3)ccc3F)c1,Nc1ccc(Oc2cc(Oc3ccc(F)cc3)cc([N+](=O)[O-])c2)cc1,CO-ADD:0220847,ATCC 25922,-1.48,32 ug/mL,0.0
63411,C(=C/c1ccccc1)(/n(c2)ncn2)\C(=O)c3ccc(cc3Cl)Cl,O=C(/C(=C/c1ccccc1)n1cncn1)c1ccc(Cl)cc1Cl,CO-ADD:0234418,ATCC 25922,5.11,32 ug/mL,0.0
63422,N1(c2ccc(cc2)F)C(=O)CC(N3CCC(CC3)C)C1=O,CC1CCN(c2cc(O)n(-c3ccc(F)cc3)c2O)CC1,CO-ADD:0221392,ATCC 25922,13.45,32 ug/mL,0.0
63426,N1(c(cc2)ccc2S(N)(=O)=O)C(=O)c(c3)c(c(c4)C1=O)c(cc3[N+](=O)[O-])cc4[N+](=O)[O-],NS(=O)(=O)c1ccc(N2C(=O)c3cc([N+](=O)[O-])cc4cc([N+](=O)[O-])cc(c34)C2=O)cc1,CO-ADD:0221908,ATCC 25922,4.09,32 ug/mL,0.0
63507,N1(c2ccccc2Cl)C(=O)C=C(c3ccc(cc3)Cl)C1=O,O=C1C=C(c2ccc(Cl)cc2)C(=O)N1c1ccccc1Cl,CO-ADD:0227147,ATCC 25922,6.26,32 ug/mL,0.0
63519,N1(c2ccc(cc2)C)C(=O)\C(\C(C)=N1)=C/NNc3ccccc3C,Cc1ccc(-n2[nH]c(C)c(C=NNc3ccccc3C)c2=O)cc1,CO-ADD:0229503,ATCC 25922,14.67,32 ug/mL,0.0
63522,COC(=O)Nc1nc2cc(ccc2[nH]1)C(=O)c3ccccc3,COC(=O)Nc1nc2cc(C(=O)c3ccccc3)ccc2[nH]1,CO-ADD:0237181,ATCC 25922,2.25,20 uM,0.0
63531,S(=O)(=O)(c(cc1)ccc1[N+](=O)[O-])Oc(cc2)ccc2\C=N\c3ccc(cc3C)C,Cc1ccc(/N=C/c2ccc(OS(=O)(=O)c3ccc([N+](=O)[O-])cc3)cc2)c(C)c1,CO-ADD:0231307,ATCC 25922,7.01,32 ug/mL,0.0
63534,N1=C(N)CCN1c2ccccc2,N=C1CCN(c2ccccc2)N1,CO-ADD:0234069,ATCC 25922,8.66,32 ug/mL,0.0
63548,CC(C)[C@H]1NC(=O)[C@@H](NC(=O)c2ccc(C)c3oc4c(C)c(=O)c(N)c(C(=O)N[C@H]5[C@@H](C)OC(=O)[C@H](C(C)C)N(C)C(=O)CN(C)C(=O)[C@@H]6CCCN6C(=O)[C@H](NC5=O)C(C)C)c4nc23)[C@@H](C)OC(=O)[C@H](C(C)C)N(C)C(=O)CN(C)C(=O)[C@@H]2CCCN2C1=O,Cc1ccc(C(=O)NC2C(=O)NC(C(C)C)C(=O)N3CCCC3C(=O)N(C)CC(=O)N(C)C(C(C)C)C(=O)O[C@@H]2C)c2c1Oc1c(C)c(O)c(N)c(=C(O)N=C3C(=O)NC(C(C)C)C(=O)N4CCCC4C(=O)N(C)CC(=O)N(C)C(C(C)C)C(=O)O[C@@H]3C)c1=N2,CO-ADD:0164694,ATCC 25922,6.18,20 uM,0.0
63552,C(Oc(cccc1C(=O)Nc(cc2)ccc2C)c1)(=S)NC(C)c3ccccc3,Cc1ccc(NC(=O)c2cccc(OC(=S)NC(C)c3ccccc3)c2)cc1,CO-ADD:0166030,ATCC 25922,21.28,80 ug/mL,0.0
63564,c1(cc(C)cc(I)c1O)\C=N\c2ccc(cc2O)C,Cc1ccc(N=Cc2cc(C)cc(I)c2O)c(O)c1,CO-ADD:0220283,ATCC 25922,16.77,32 ug/mL,0.0
63572,n1c(c(ccc(c2Cl)Cl)c2)csc1N\N=C(/CC)\c3ccc(cc3)Cl,CC/C(=N\Nc1nc(-c2ccc(Cl)c(Cl)c2)cs1)c1ccc(Cl)cc1,CO-ADD:0215578,ATCC 25922,-3.14,32 ug/mL,0.0
63576,c1(C#N)c(C)c(sc1\N=C\c(cc2)ccc2[N+](=O)[O-])C,Cc1sc(/N=C/c2ccc([N+](=O)[O-])cc2)c(C#N)c1C,CO-ADD:0215705,ATCC 25922,5.8,32 ug/mL,0.0
63579,C(F)(F)(C(F)(F)COc1ccccc1\N=C\c(c2)c(O)c(cc2[N+](=O)[O-])Br)C(F)(F)C(F)F,O=[N+]([O-])c1cc(Br)c(O)c(C=Nc2ccccc2OCC(F)(F)C(F)(F)C(F)(F)C(F)F)c1,CO-ADD:0166448,ATCC 25922,28.36,80 ug/mL,0.0
63585,c(cc(cc1[N+](=O)[O-])[N+](=O)[O-])([N+](=O)[O-])c1NCCCO,O=[N+]([O-])c1cc([N+](=O)[O-])c(NCCCO)c([N+](=O)[O-])c1,CO-ADD:0218400,ATCC 25922,-1.97,32 ug/mL,0.0
63598,c1(c(OCCCCNC(=O)c2cccc(cccc3)c23)ccc(C(C)(C)CC)c1)C(C)(C)CC,CCC(C)(C)c1ccc(OCCCCNC(=O)c2cccc3ccccc23)c(C(C)(C)CC)c1,CO-ADD:0222100,ATCC 25922,12.5,32 ug/mL,0.0
63601,N(=C\c1cc(Br)cc(OC)c1O)/c2c(C)cccc2O,COc1cc(Br)cc(C=Nc2c(C)cccc2O)c1O,CO-ADD:0222548,ATCC 25922,8.54,32 ug/mL,0.0
63606,CCOc1ccc2ccccc2c1C(=O)N[C@H]1[C@H]2SC(C)(C)[C@@H](N2C1=O)C([O-])=O.[Na+],CCOc1ccc2ccccc2c1C(=O)NC1C(=O)N2C(C(=O)O)C(C)(C)S[C@H]12,CO-ADD:0164408,ATCC 25922,-4.9,20 uM,0.0
63612,N1(CNc2cccc(Br)c2)C(=O)\C(\SC1=S)=C\c3ccc(C)o3,Cc1ccc(/C=C2\SC(=S)N(CNc3cccc(Br)c3)C2=O)o1,CO-ADD:0216938,ATCC 25922,-20.73,32 ug/mL,0.0
67725,c1(C(NN)=O)nonc1N,NNC(=O)c1nonc1N,CO-ADD:0137667,ATCC 25922,13.09,32 ug/mL,0.0
67738,[O-][N+](C1=CC=CC(/C=N/NC2=NC(NC3=CC=CC=C3)=NC(N4CCCC4)=N2)=C1O)=O,O=[N+]([O-])c1cccc(C=NNc2nc(Nc3ccccc3)nc(N3CCCC3)n2)c1O,CO-ADD:0157834,ATCC 25922,15.12,32 ug/mL,0.0
67749,O=C(C1=CC(C)=CC=C1)NC2=CC=C(C=C2)C(NCCCCCCCCCCCC)=O,CCCCCCCCCCCCNC(=O)c1ccc(NC(=O)c2cccc(C)c2)cc1,CO-ADD:0155836,ATCC 25922,32.69,32 ug/mL,0.0
67808,n1c(c2ccc(cc2)Cl)csc1N,Nc1nc(-c2ccc(Cl)cc2)cs1,CO-ADD:0222970,ATCC 25922,18.06,32 ug/mL,0.0
67899,CC(C)CCC1=C(C(NCCCN(C)C)=O)N=C(NC(C2=CC(NC(C3=CC(NC(N)=N)=CN3C)=O)=CN2C)=O)S1.OC(C(F)(F)F)=O.OC(C(F)(F)F)=O,CC(C)CCc1sc(NC(=O)c2cc(NC(=O)c3cc(N=C(N)N)cn3C)cn2C)nc1C(=O)NCCCN(C)C,CO-ADD:0137574,ATCC 25922,100.48,32 ug/mL,1.0
67918,Cc1nn2C(=O)C3=C(CCCC3)Nc2c1c4ccc(Cl)cc4,Cc1[nH]n2c(=O)c3c(nc2c1-c1ccc(Cl)cc1)CCCC3,CO-ADD:0237050,ATCC 25922,0.48,20 uM,0.0
67919,c(cc(Br)cc1Cl)(\C=N\c2cc(C)ccc2C)c1O,Cc1ccc(C)c(N=Cc2cc(Br)cc(Cl)c2O)c1,CO-ADD:0233461,ATCC 25922,7.79,32 ug/mL,0.0
67946,N1(c(cc2)ccc2[N+](=O)[O-])C(=O)C(=CC1=O)C,CC1=CC(=O)N(c2ccc([N+](=O)[O-])cc2)C1=O,CO-ADD:0231148,ATCC 25922,5.37,32 ug/mL,0.0
67949,Oc1ccc(Cl)cc1C(=O)Nc2ccc(c(c2)C(F)(F)F)C(F)(F)F,O=C(Nc1ccc(C(F)(F)F)c(C(F)(F)F)c1)c1cc(Cl)ccc1O,CO-ADD:0237253,ATCC 25922,9.08,20 uM,0.0
67959,CC1=C(C2=CC=C(C=C2)C3=CC=CC=C3)C(C)=C(C)C1C.NC4=NC(N(C)C)=N[Ir@](C)(N4)Cl,CC1=C(C)C(C)C(C)=C1c1ccc(-c2ccccc2)cc1,CO-ADD:0238633,ATCC 25922,99.39,32 ug/mL,1.0
67969,N1(C(c2ccccc2)c3ccccc3)C(=O)c4c(c5C1=O)c(ccc4)ccc5,O=C1c2cccc3cccc(c23)C(=O)N1C(c1ccccc1)c1ccccc1,CO-ADD:0228494,ATCC 25922,2.33,32 ug/mL,0.0
67975,C(F)(F)(COc1ccccc1\N=C\c(cc(Cl)cc2Cl)c2O)C(F)F,Oc1c(Cl)cc(Cl)cc1C=Nc1ccccc1OCC(F)(F)C(F)F,CO-ADD:0230599,ATCC 25922,17.78,32 ug/mL,0.0
67991,S(NCCC(=O)N\N=C\c(cccc1[N+](=O)[O-])c1)(=O)(=O)c(cc2)ccc2[N+](=O)[O-],O=C(CCNS(=O)(=O)c1ccc([N+](=O)[O-])cc1)N/N=C/c1cccc([N+](=O)[O-])c1,CO-ADD:0230788,ATCC 25922,2.29,32 ug/mL,0.0
67995,C(NCCCCCCCCCCCCCCCCCC)(=O)c1ccc(cc1)NC(CCCCCCCCC)=O,CCCCCCCCCCCCCCCCCCNC(=O)c1ccc(NC(=O)CCCCCCCCC)cc1,CO-ADD:0228930,ATCC 25922,4.49,32 ug/mL,0.0
68032,C(C(CC[N+]1(C2)CC(=O)c3ccc(cc3)Br)C2)(C1)C(O)(c4ccccc4)c5ccccc5,O=C(C[N+]12CCC(CC1)C(C(O)(c1ccccc1)c1ccccc1)C2)c1ccc(Br)cc1,CO-ADD:0319306,ATCC 25922,32.27,32 ug/mL,0.0
68098,C(C(O)=O)(=CN1CC)C(=O)c(c12)cnc(N(CC3)CCN3C(=S)Nc(cc4)ccc4C(OC)=O)n2,CCn1cc(C(=O)O)c(=O)c2cnc(N3CCN(C(=S)Nc4ccc(C(=O)OC)cc4)CC3)nc21,CO-ADD:0329168,ATCC 25922,96.96,32 ug/mL,1.0
68143,C1(=S)NC(NN1c2ccccc2)(C)CCC(O)=O,CC1(CCC(=O)O)NC(=S)N(c2ccccc2)N1,CO-ADD:0327338,ATCC 25922,13.74,32 ug/mL,0.0
68215,CN1C=C(NC(C(C=N2)=CC=C2/C=C/C(C=C3)=CC=C3OC)=O)C=C1C(NC4=CN(C)C(C(NCCN5CCOCC5)=O)=C4)=O.OC(C(F)(F)F)=O.OC(C(F)(F)F)=O,COc1ccc(/C=C/c2ccc(C(=O)Nc3cc(C(=O)Nc4cc(C(=O)NCCN5CCOCC5)n(C)c4)n(C)c3)cn2)cc1,CO-ADD:0137575,ATCC 25922,100.46,32 ug/mL,1.0
68218,c1(N\N=C(/C)\CC(OCC)=O)nnc(C)n1N.Cl,CCOC(=O)CC(C)=NNc1nnc(C)n1N,CO-ADD:0254451,ATCC 25922,21.8,32 ug/mL,0.0
68256,C1(=S)NC2(NN1c3ccc(cc3)C)CCCCC2,Cc1ccc(N2NC3(CCCCC3)NC2=S)cc1,CO-ADD:0253557,ATCC 25922,2.94,32 ug/mL,0.0
68270,N1C(=O)\C(\SC1=O)=C/c(cc2Br)cc(c2OC)Br,COc1c(Br)cc(/C=C2/SC(=O)NC2=O)cc1Br,CO-ADD:0302508,ATCC 25922,8.31,32 ug/mL,0.0
68298,[N+](=O)([O-])\C=C\c(cc1)ccc1OC,COc1ccc(/C=C/[N+](=O)[O-])cc1,CO-ADD:0302492,ATCC 25922,37.65,32 ug/mL,0.0
68328,c1(cc(cc(C(C)CC)c1OC(OC(C)C)=O)[N+](=O)[O-])[N+](=O)[O-],CCC(C)c1cc([N+](=O)[O-])cc([N+](=O)[O-])c1OC(=O)OC(C)C,CO-ADD:0255552,ATCC 25922,12.26,32 ug/mL,0.0
68335,[N+](=O)([O-])c1ccc(cc1NC(C)C23CC(CC4C2)CC(C4)C3)N(CC5)CCN5CCO,CC(Nc1cc(N2CCN(CCO)CC2)ccc1[N+](=O)[O-])C12CC3CC(CC(C3)C1)C2,CO-ADD:0248250,ATCC 25922,11.27,32 ug/mL,0.0
68353,n1c(c2ccc(cc2)Cl)csc1N\N=C(/C)\CCCCCC,CCCCCC/C(C)=N/Nc1nc(-c2ccc(Cl)cc2)cs1,CO-ADD:0247718,ATCC 25922,18.05,32 ug/mL,0.0
68362,CN1C=C(NC(C(C=C2)=CN=C2/C=C/C3=CC=C(N(C)C)C=C3)=O)C=C1C(NC4=CN(C)C(C(NCCN(C)C)=O)=C4)=O.OC(C(F)(F)F)=O,CN(C)CCNC(=O)c1cc(NC(=O)c2cc(NC(=O)c3ccc(/C=C/c4ccc(N(C)C)cc4)nc3)cn2C)cn1C,CO-ADD:0137598,ATCC 25922,6.8,32 ug/mL,0.0
68530,c1(cc(C)cc(I)c1O)\C=N\c2ccc(cc2Cl)C,Cc1ccc(N=Cc2cc(C)cc(I)c2O)c(Cl)c1,CO-ADD:0220357,ATCC 25922,10.23,32 ug/mL,0.0
68536,S(c1ccccc1)(=O)(=O)N(c2ccc(c(Cl)c2)Cl)CC(=O)N\N=C\c(ccc(c3OCC)OCCC)c3,CCCOc1ccc(/C=N/NC(=O)CN(c2ccc(Cl)c(Cl)c2)S(=O)(=O)c2ccccc2)cc1OCC,CO-ADD:0219799,ATCC 25922,-2.29,32 ug/mL,0.0
68537,[N+](=O)([O-])c1cccc(\C=N\c(ccc(c2Cl)OC)c2)c1O,COc1ccc(N=Cc2cccc([N+](=O)[O-])c2O)cc1Cl,CO-ADD:0222534,ATCC 25922,9.59,32 ug/mL,0.0
68539,C(NCCCCCCC)(=O)CC(CO)NCCCCCCC,CCCCCCCNC(=O)CC(CO)NCCCCCCC,CO-ADD:0219184,ATCC 25922,37.32,32 ug/mL,0.0
68617,[N+](=O)([O-])c1ccc(cc1\C=N\NC(COc2ccc(cc2Br)Cl)=O)O,O=C(COc1ccc(Cl)cc1Br)NN=Cc1cc(O)ccc1[N+](=O)[O-],CO-ADD:0229739,ATCC 25922,8.8,32 ug/mL,0.0
68660,N1(CNc(cc2)ccc2c3ccccc3)C(=O)\C(\SC1=S)=C\c4cccc(Br)c4,O=C1/C(=C/c2cccc(Br)c2)SC(=S)N1CNc1ccc(-c2ccccc2)cc1,CO-ADD:0221706,ATCC 25922,23.92,32 ug/mL,0.0
68666,c(cc(Cl)cc1Cl)(\C=N\c2cccc(O)c2)c1O,Oc1cccc(N=Cc2cc(Cl)cc(Cl)c2O)c1,CO-ADD:0222321,ATCC 25922,15.48,32 ug/mL,0.0
68690,c12c(CCCC1=O)nc(c3c2NCCCCCCC)cccc3.Cl,CCCCCCCNc1c2c(nc3ccccc13)CCCC2=O,CO-ADD:0221415,ATCC 25922,17.14,32 ug/mL,0.0
68720,[N+](=O)([O-])c1cccc(c1)\C=N\NC(CNc(cc2)ccc2Cl)=O,O=C(CNc1ccc(Cl)cc1)N/N=C/c1cccc([N+](=O)[O-])c1,CO-ADD:0220238,ATCC 25922,2.24,32 ug/mL,0.0
68742,N(c1c(cccc1)OC2=O)=C2CCC(O)=O,O=C(O)CCc1nc2ccccc2oc1=O,CO-ADD:0287277,ATCC 25922,10.39,32 ug/mL,0.0
68747,N1(c2ccc(cc2)Cl)C(=O)\C(\C(C)=N1)=C\Nc(cc3)ccc3S(=O)(=O)Nc4c(O)ccc(Cl)c4,Cc1[nH]n(-c2ccc(Cl)cc2)c(=O)c1C=Nc1ccc(S(=O)(=O)Nc2cc(Cl)ccc2O)cc1,CO-ADD:0166763,ATCC 25922,4.61,80 ug/mL,0.0
68753,O=C(N/N=C/C1=C(C(Br)=CC(Br)=C1)OC(C2=CC(F)=CC=C2)=O)/C(NC(C3=CC=CC=C3)=O)=C\C4=CC=C(C=C4)N(C)C,CN(C)c1ccc(CC(=NC(=O)c2ccccc2)C(=O)N/N=C/c2cc(Br)cc(Br)c2OC(=O)c2cccc(F)c2)cc1,CO-ADD:0157968,ATCC 25922,41.2,32 ug/mL,0.0
68785,c1(ccc(\C=N\NC(=O)Cc2cccc(cccc3)c23)o1)[N+](=O)[O-],O=C(Cc1cccc2ccccc12)N/N=C/c1ccc([N+](=O)[O-])o1,CO-ADD:0166232,ATCC 25922,13.02,80 ug/mL,0.0
68786,O=C(S/1)N(CNC2=CC(Cl)=CC=C2)C(C1=C/C3=CC(OC)=CC=C3)=O,COc1cccc(/C=C2/SC(=O)N(CNc3cccc(Cl)c3)C2=O)c1,CO-ADD:0158242,ATCC 25922,14.79,32 ug/mL,0.0
68795,[N+](=O)([O-])c1cc(ccc1OC(=O)c2ccc(cc2)OC)\C=N\c3ccccc3,COc1ccc(C(=O)Oc2ccc(/C=N/c3ccccc3)cc2[N+](=O)[O-])cc1,CO-ADD:0216981,ATCC 25922,-1.29,32 ug/mL,0.0
68802,N(/C1=C(CCC1)C#N)=C(/CCCC2)\N2C,CN1CCCC/C1=N\C1=C(C#N)CCC1,CO-ADD:0217088,ATCC 25922,-7.17,32 ug/mL,0.0
68809,C(=O)(N(C(C)C)C(C)C)C\C(\C)=N\NC(=O)C(=O)Nc1ccccc1C,CC(CC(=O)N(C(C)C)C(C)C)=NNC(=O)C(=O)Nc1ccccc1C,CO-ADD:0216847,ATCC 25922,6.13,32 ug/mL,0.0
68813,N1(c2ccc(c(C)c2)C)C(c3ccccc3OCc4ccccc4)N(N=C1C(C)=O)c5ccccc5,CC(=O)C1=NN(c2ccccc2)C(c2ccccc2OCc2ccccc2)N1c1ccc(C)c(C)c1,CO-ADD:0301099,ATCC 25922,-6.84,32 ug/mL,0.0
68851,C12=NON=C1/N=N\C3=NON=C3/N=N\2,N1=N\c2nonc2/N=N\c2nonc2/1,CO-ADD:0155062,ATCC 25922,8.44,32 ug/mL,0.0
68853,N#CC1=C(C2=CC=CS2)C(CN(C)CC3)=C3NC1=S,CN1CCc2[nH]c(=S)c(C#N)c(-c3cccs3)c2C1,CO-ADD:0155123,ATCC 25922,-1.75,32 ug/mL,0.0
68860,O=C(N/N=C/C1=CC(Cl)=CC=C1O)C2=NNC(C3=CC=CC=C3)(C4=CC=CC=C4)C2,O=C(NN=Cc1cc(Cl)ccc1O)C1=NNC(c2ccccc2)(c2ccccc2)C1,CO-ADD:0155456,ATCC 25922,25.54,32 ug/mL,0.0
68875,N#CC1=C(C(F)(F)F)C=C(C2=CC=CS2)NC1=O,N#Cc1c(C(F)(F)F)cc(-c2cccs2)[nH]c1=O,CO-ADD:0154918,ATCC 25922,10.57,32 ug/mL,0.0
68882,C(/C=C(S1)CC)(=C\N(C)c2ccccc2)\C1=O,CCC1=C/C(=C/N(C)c2ccccc2)C(=O)S1,CO-ADD:0161494,ATCC 25922,9.44,32 ug/mL,0.0
68883,c12c(non1)nc(Nc(cc3)ccc3F)c(N\N=C\c(ccc4c(ccc(c5C(O)=O)O)c5)o4)n2,O=C(O)c1cc(-c2ccc(C=NNc3nc4nonc4nc3Nc3ccc(F)cc3)o2)ccc1O,CO-ADD:0162539,ATCC 25922,22.06,32 ug/mL,0.0
69117,n1(\N=C\c(c(O)ccc2[N+](=O)[O-])c2)c(CCl)nnc1CCl,O=[N+]([O-])c1ccc(O)c(C=Nn2c(CCl)nnc2CCl)c1,CO-ADD:0162407,ATCC 25922,17.67,32 ug/mL,0.0
69197,C(F)(F)(C(=O)C1=C(CCC1)NNC(=O)c(cc2)ccc2[N+](=O)[O-])C(F)(F)C(F)(F)F,O=C(NN=C1CCCC1C(=O)C(F)(F)C(F)(F)C(F)(F)F)c1ccc([N+](=O)[O-])cc1,CO-ADD:0242755,ATCC 25922,34.34,32 ug/mL,0.0
69205,C1(N(CC2)CCO2)=CC(C(C)=CC1=O)=O,CC1=CC(=O)C(N2CCOCC2)=CC1=O,CO-ADD:0244683,ATCC 25922,0.3,32 ug/mL,0.0
69355,S(=O)(=O)(c1ccc(cc1)CC)Oc2c(Br)cc(c(cccn3)c23)Br,CCc1ccc(S(=O)(=O)Oc2c(Br)cc(Br)c3cccnc23)cc1,CO-ADD:0242683,ATCC 25922,22.43,32 ug/mL,0.0
69364,N(c1cc(C)ccc1C)(C(=O)C(C23)C(C=C4)OC24)C3=O,Cc1ccc(C)c(-n2c(O)c3c(c2O)C2C=CC3O2)c1,CO-ADD:0241125,ATCC 25922,3.03,32 ug/mL,0.0
69370,c1(\N=C\c(c(O)ccc2[N+](=O)[O-])c2)c(c3ccc(c(OCC)c3)O)nc(cccc4)n14,CCOc1cc(-c2nc3ccccn3c2N=Cc2cc([N+](=O)[O-])ccc2O)ccc1O,CO-ADD:0246001,ATCC 25922,1.3,32 ug/mL,0.0
69371,N(=C\c(ccc1c(cccc2C(O)=O)c2)o1)/N(c3ccccc3)c4ccccc4,O=C(O)c1cccc(-c2ccc(/C=N/N(c3ccccc3)c3ccccc3)o2)c1,CO-ADD:0245505,ATCC 25922,6.35,32 ug/mL,0.0
69401,c1(ccc(\C=N\c(cc2)ccc2N(CC)CC)s1)[N+](=O)[O-],CCN(CC)c1ccc(/N=C/c2ccc([N+](=O)[O-])s2)cc1,CO-ADD:0235235,ATCC 25922,4.88,32 ug/mL,0.0
69416,c12c(cc(cc1[N+](=O)[O-])[N+](=O)[O-])\C(\c(cc(cc3[N+](=O)[O-])[N+](=O)[O-])c23)=C\OCCCCCCCCCCCC,CCCCCCCCCCCCOC=C1c2cc([N+](=O)[O-])cc([N+](=O)[O-])c2-c2c1cc([N+](=O)[O-])cc2[N+](=O)[O-],CO-ADD:0230863,ATCC 25922,-6.83,32 ug/mL,0.0
69436,C(=O)(Nc(c1)cc(cc1C(O)=O)C(O)=O)c2ccco2,O=C(O)c1cc(NC(=O)c2ccco2)cc(C(=O)O)c1,CO-ADD:0290396,ATCC 25922,12.66,32 ug/mL,0.0
69441,C(/C(C)=NN1c2ccccc2)(=C(\C(OC)=O)/C(F)(F)F)\C1=O,COC(=O)/C(=C1\C(=O)N(c2ccccc2)N=C1C)C(F)(F)F,CO-ADD:0278698,ATCC 25922,10.45,32 ug/mL,0.0
69452,c1(C(C)C)c(O)cc(c(N)c1)C.Cl,Cc1cc(O)c(C(C)C)cc1N,CO-ADD:0283720,ATCC 25922,12.06,32 ug/mL,0.0
69501,C(Nc(cc1)ccc1OC(F)(Cl)F)(C(OC)=O)(C(F)(F)F)NC(=O)c2ccco2,COC(=O)C(NC(=O)c1ccco1)(Nc1ccc(OC(F)(F)Cl)cc1)C(F)(F)F,CO-ADD:0311499,ATCC 25922,-0.25,32 ug/mL,0.0
69503,C1(=Cc(c2OC1c3ccc(c(OC)c3)OC)cc(cc2Br)Br)[N+](=O)[O-],COc1ccc(C2Oc3c(Br)cc(Br)cc3C=C2[N+](=O)[O-])cc1OC,CO-ADD:0323790,ATCC 25922,6.05,32 ug/mL,0.0
69539,c1(C(O)=O)[nH]c(c2c1CC(O)=O)cccc2,O=C(O)Cc1c(C(=O)O)[nH]c2ccccc12,CO-ADD:0321208,ATCC 25922,-0.05,32 ug/mL,0.0
69552,[nH]1c(C)c(c2c1c(C)ccc2F)CCN,Cc1[nH]c2c(C)ccc(F)c2c1CCN,CO-ADD:0320564,ATCC 25922,52.15,32 ug/mL,0.0
69563,CN1C=C(NC(C2=CC(NC(C3=CN=C(/C=C/C4=CC=C(N(C)C)C=C4)C=C3)=O)=CN2C)=O)C=C1C(NCCN5CCC(OC)CC5)=O.OC(C(F)(F)F)=O.OC(C(F)(F)F)=O,COC1CCN(CCNC(=O)c2cc(NC(=O)c3cc(NC(=O)c4ccc(/C=C/c5ccc(N(C)C)cc5)nc4)cn3C)cn2C)CC1,CO-ADD:0137601,ATCC 25922,2.06,32 ug/mL,0.0
69660,[n+]1([O-])onc(cc(Cl)c(Cl)c2)c12,[O-][n+]1onc2cc(Cl)c(Cl)cc21,CO-ADD:0304364,ATCC 25922,22.61,32 ug/mL,0.0
69690,c12c(ccc(N)c1)c3c(cccc3)o2,Nc1ccc2c(c1)oc1ccccc12,CO-ADD:0302520,ATCC 25922,8.45,32 ug/mL,0.0
69692,c1(ccc(cc1[N+](=O)[O-])[N+](=O)[O-])C(=O)N2CCCCC2,O=C(c1ccc([N+](=O)[O-])cc1[N+](=O)[O-])N1CCCCC1,CO-ADD:0303175,ATCC 25922,7.4,32 ug/mL,0.0
69700,c(ccc1[N+](=O)[O-])(o1)C2N(CCCN2Cc(cc3)ccc3OC)Cc(cc4)ccc4OC,COc1ccc(CN2CCCN(Cc3ccc(OC)cc3)C2c2ccc([N+](=O)[O-])o2)cc1,CO-ADD:0304583,ATCC 25922,52.55,32 ug/mL,0.0
69945,c1(C#N)c(c2ccccc2)cc(nc1SCC(OCc3ccccc3)=O)c4ccccc4,N#Cc1c(-c2ccccc2)cc(-c2ccccc2)nc1SCC(=O)OCc1ccccc1,CO-ADD:0221842,ATCC 25922,18.98,32 ug/mL,0.0
69952,C(=O)(c1cccc(C)c1)Nc(cc2)ccc2C(=O)Nc(cc3)ccc3C(=O)Nc(cc4)ccc4OC,COc1ccc(NC(=O)c2ccc(NC(=O)c3ccc(NC(=O)c4cccc(C)c4)cc3)cc2)cc1,CO-ADD:0220384,ATCC 25922,3.63,32 ug/mL,0.0
69971,C(F)(F)(C(F)F)Oc1ccccc1NC(=O)C(=O)N\N=C\c2cccc(OC)c2O,COc1cccc(C=NNC(=O)C(=O)Nc2ccccc2OC(F)(F)C(F)F)c1O,CO-ADD:0219357,ATCC 25922,27.3,32 ug/mL,0.0
70083,c(cc(I)cc1I)(\C=N\c2cccc(C)c2)c1O,Cc1cccc(N=Cc2cc(I)cc(I)c2O)c1,CO-ADD:0219242,ATCC 25922,17.5,32 ug/mL,0.0
70090,CC(=O)NCC1CN(C(=O)O1)c2ccc(c(F)c2)c3ccc(CO)cc3,CC(=O)NCC1CN(c2ccc(-c3ccc(CO)cc3)c(F)c2)C(=O)O1,CO-ADD:0237217,ATCC 25922,2.39,20 uM,0.0
70235,O=S(NC1=NC(OC)=NC(OC)=C1)(C(C=C2)=CC=C2NC(C3=CC=C(C=C3)[N+]([O-])=O)NC4=CC=C(C=C4)S(NC5=NC(OC)=NC(OC)=C5)(=O)=O)=O,COc1cc(NS(=O)(=O)c2ccc(NC(Nc3ccc(S(=O)(=O)Nc4cc(OC)nc(OC)n4)cc3)c3ccc([N+](=O)[O-])cc3)cc2)nc(OC)n1,CO-ADD:0154833,ATCC 25922,28.09,32 ug/mL,0.0
70273,c(\C=N\NC(COc(cc1)ccc1C(C)(C)CC(C)(C)C)=O)(cc(Br)cc2Br)c2OC,COc1c(Br)cc(Br)cc1/C=N/NC(=O)COc1ccc(C(C)(C)CC(C)(C)C)cc1,CO-ADD:0162295,ATCC 25922,-45.7,32 ug/mL,0.0
70356,c1(\N=C\c(cc(Br)cc2Br)c2O)sc(c(CCN3Cc4ccccc4)c1C(OCC)=O)C3,CCOC(=O)c1c(N=Cc2cc(Br)cc(Br)c2O)sc2c1CCN(Cc1ccccc1)C2,CO-ADD:0242627,ATCC 25922,13.27,32 ug/mL,0.0
70361,n1c2c([nH]c1c3ccc(cc3)N)cc4c(cccc4)c2,Nc1ccc(-c2nc3cc4ccccc4cc3[nH]2)cc1,CO-ADD:0244201,ATCC 25922,6.3,32 ug/mL,0.0
70454,C(=C\c(c(O)ccc1[N+](=O)[O-])c1)(/C2=O)\C(=O)N(C(=O)N2C)C,CN1C(=O)C(=Cc2cc([N+](=O)[O-])ccc2O)C(=O)N(C)C1=O,CO-ADD:0241896,ATCC 25922,9.49,32 ug/mL,0.0
70470,S(=O)(=O)(c(ccc(c12)C(=O)c3c(cccc3)C1=O)c2)NC(Cc(cc4)ccc4O)C(OCC)=O,CCOC(=O)C(Cc1ccc(O)cc1)NS(=O)(=O)c1ccc2c(c1)C(=O)c1ccccc1C2=O,CO-ADD:0242878,ATCC 25922,2.69,32 ug/mL,0.0
70507,c1(cc(c(C)o1)C)\C=C(/C=CC2=O)\O2,Cc1cc(/C=C2\C=CC(=O)O2)oc1C,CO-ADD:0232333,ATCC 25922,1.58,32 ug/mL,0.0
70518,C1(C)(C)C(CCC1(C)C(O)=O)C(=O)Nc(cc2)ccc2Nc3ccccc3,CC1(C(=O)O)CCC(C(=O)Nc2ccc(Nc3ccccc3)cc2)C1(C)C,CO-ADD:0232794,ATCC 25922,11.8,32 ug/mL,0.0
70527,c(\C=N\NC(=O)C(O)c1ccccc1)(cc(Br)cc2I)c2O,O=C(NN=Cc1cc(Br)cc(I)c1O)C(O)c1ccccc1,CO-ADD:0232099,ATCC 25922,12.81,32 ug/mL,0.0
70529,[N+](=O)([O-])c1c(NCC\N=C\c2cc(Cl)ccc2O)ccc(c1)C(F)(F)F,O=[N+]([O-])c1cc(C(F)(F)F)ccc1NCCN=Cc1cc(Cl)ccc1O,CO-ADD:0230586,ATCC 25922,14.26,32 ug/mL,0.0
70533,c1(nc2)n(cc2[N+](=O)[O-])nc(N)n1,Nc1nc2ncc([N+](=O)[O-])cn2n1,CO-ADD:0235690,ATCC 25922,95.36,32 ug/mL,1.0
70650,N1(c2ccc(cc2)OC(Cl)(F)F)C(=O)CC(N(CC3)CCN3c4ncccn4)C1=O,Oc1cc(N2CCN(c3ncccn3)CC2)c(O)n1-c1ccc(OC(F)(F)Cl)cc1,CO-ADD:0293711,ATCC 25922,1.87,32 ug/mL,0.0
70658,c1(C#N)c2c(sc1N)CCC2,N#Cc1c(N)sc2c1CCC2,CO-ADD:0293310,ATCC 25922,4.38,32 ug/mL,0.0
70669,c(C1)(c2c([nH]3)cccc2)c3CCN1.Cl,c1ccc2c3c([nH]c2c1)CCNC3,CO-ADD:0295972,ATCC 25922,5.98,32 ug/mL,0.0
70717,c1(cc(CN2CCCC2)c(c3c1O)cccn3)[N+](=O)[O-],O=[N+]([O-])c1cc(CN2CCCC2)c2cccnc2c1O,CO-ADD:0292245,ATCC 25922,24.54,32 ug/mL,0.0
70744,S(NCCCN(C)C)(=O)(=O)c(cc1)ccc1N2CCC(c3ccc(cc3)Cl)=N2,CN(C)CCCNS(=O)(=O)c1ccc(N2CCC(c3ccc(Cl)cc3)=N2)cc1,CO-ADD:0247744,ATCC 25922,20.68,32 ug/mL,0.0
70754,C1(=S)NC(NN1c2ccc(cc2)C)(C)CCCC,CCCCC1(C)NC(=S)N(c2ccc(C)cc2)N1,CO-ADD:0257004,ATCC 25922,0.57,32 ug/mL,0.0
70990,C(=O)(O\N=C(/C)\c1cccs1)c2ccco2,C/C(=N\OC(=O)c1ccco1)c1cccs1,CO-ADD:0286921,ATCC 25922,5.36,32 ug/mL,0.0
70995,C1(c2ccccc2)(C(C[N+](=O)[O-])c(ccc(c34)OCO3)c4)C(=O)c(c5C1=O)cccc5,O=C1c2ccccc2C(=O)C1(c1ccccc1)C(C[N+](=O)[O-])c1ccc2c(c1)OCO2,CO-ADD:0287591,ATCC 25922,25.51,32 ug/mL,0.0
71017,N1(c(cc2)ccc2C(OCC)=O)C(=O)CC(N3CCC(CC3)O)C1=O,CCOC(=O)c1ccc(-n2c(O)cc(N3CCC(O)CC3)c2O)cc1,CO-ADD:0291394,ATCC 25922,11.08,32 ug/mL,0.0
71043,[N+](=O)([O-])c(cc1)ccc1N(CC2)CCN2C(=O)c(cc3)ccc3C#CC(C)(C)O,CC(C)(O)C#Cc1ccc(C(=O)N2CCN(c3ccc([N+](=O)[O-])cc3)CC2)cc1,CO-ADD:0287383,ATCC 25922,11.92,32 ug/mL,0.0
71047,c1(c2c(sc1N)CCC2)C(=O)Nc(cc3)ccc3C,Cc1ccc(NC(=O)c2c(N)sc3c2CCC3)cc1,CO-ADD:0294578,ATCC 25922,5.85,32 ug/mL,0.0
71050,C12(C)C(C)(C)C(CC1OCC[N+](C)(C)CC(=O)OC3CC(C)CCC3C(C)C)CC2.[Cl-],CC1CCC(C(C)C)C(OC(=O)C[N+](C)(C)CCOC2CC3CCC2(C)C3(C)C)C1,CO-ADD:0295205,ATCC 25922,55.38,32 ug/mL,0.0
71089,C1(=O)Nc2c(Oc(cc(cc3Oc4ccccc4)[N+](=O)[O-])c13)cccc2,O=C1Nc2ccccc2Oc2cc([N+](=O)[O-])cc(Oc3ccccc3)c21,CO-ADD:0306284,ATCC 25922,2.02,32 ug/mL,0.0
71171,c1(c(N)cc(c(C#N)c1)C#N)[N+](=O)[O-],N#Cc1cc(N)c([N+](=O)[O-])cc1C#N,CO-ADD:0301292,ATCC 25922,-15.78,32 ug/mL,0.0
71202,N1(CCNC(=O)Nc(c(C)ccc2)c2)CC1,Cc1ccccc1NC(=O)NCCN1CC1,CO-ADD:0135990,ATCC 25922,7.15,25 uM,0.0
71216,O1C(C)C(C)C(O)C(C)C=CC=CCCC=CC=CC=CC=CC(CC(C(C(=O)O)C2O)OC(CC(O)C(O)CCC(O)CC(O)CC(O)CC1=O)C2)OC3C(O)C(N)C(O)C(C)O3,CC1C=CC=CCCC=CC=CC=CC=CC(OC2OC(C)C(O)C(N)C2O)CC2OC(CC(O)C(O)CCC(O)CC(O)CC(O)CC(=O)OC(C)C(C)C1O)CC(O)C2C(=O)O,CO-ADD:0137228,ATCC 25922,0.18,25 uM,0.0
71234,N#CC1=C(SC(N)=C(C#N)C1C2=CC=C3OCOC3=C2)N,N#CC1C(=N)SC(=N)C(C#N)C1c1ccc2c(c1)OCO2,CO-ADD:0154911,ATCC 25922,5.83,32 ug/mL,0.0
71236,[O-][N+](C1=CC=C(/C=N/NC(CC(N/N=C/C2=CC=C([N+]([O-])=O)S2)=O)=O)S1)=O,O=C(CC(=O)N/N=C/c1ccc([N+](=O)[O-])s1)N/N=C/c1ccc([N+](=O)[O-])s1,CO-ADD:0158691,ATCC 25922,4.52,32 ug/mL,0.0
71310,c1(c(Br)cc(cc1\C=N\NC(=O)c(c2)cc(cn2)Br)Br)OC(=O)c(cc3OC)cc(c3OC)OC,COc1cc(C(=O)Oc2c(Br)cc(Br)cc2/C=N/NC(=O)c2cncc(Br)c2)cc(OC)c1OC,CO-ADD:0217531,ATCC 25922,8.48,32 ug/mL,0.0
71419,c1(ccc(\C=N\NC(CNC(=O)c2cccc(F)c2)=O)o1)[N+](=O)[O-],O=C(CNC(=O)c1cccc(F)c1)N/N=C/c1ccc([N+](=O)[O-])o1,CO-ADD:0163337,ATCC 25922,33.75,32 ug/mL,0.0
71431,O=S(NC1=NN=C(CC)S1)(C(C=C2)=CC=C2/N=C/C3=CC(Br)=CC=C3OC)=O,CCc1nnc(NS(=O)(=O)c2ccc(/N=C/c3cc(Br)ccc3OC)cc2)s1,CO-ADD:0157536,ATCC 25922,47.78,32 ug/mL,0.0
71439,c1(cc(ccc1O)Cc(ccc(c2\C=N\c3cccc(Br)c3)O)c2)\C=N\c4cccc(Br)c4,Oc1ccc(Cc2ccc(O)c(C=Nc3cccc(Br)c3)c2)cc1C=Nc1cccc(Br)c1,CO-ADD:0163800,ATCC 25922,3.97,32 ug/mL,0.0
71446,O=S(C1=CC=C(N)C=C1)(O)=O.NC2=NC=NN2,Nc1ccc(S(=O)(=O)O)cc1,CO-ADD:0154899,ATCC 25922,13.72,32 ug/mL,0.0
71465,c1c(C=CC(=O)C=Cc(c(OC)ccc2)c2)c(O)ccc1,COc1ccccc1C=CC(=O)C=Cc1ccccc1O,CO-ADD:0136328,ATCC 25922,-4.85,25 uM,0.0
71473,c1(c(Cl)ccc(c1)[N+](=O)[O-])C(=O)Oc2cccc(cccn3)c23,O=C(Oc1cccc2cccnc12)c1cc([N+](=O)[O-])ccc1Cl,CO-ADD:0253857,ATCC 25922,0.77,32 ug/mL,0.0
71494,C(C(OC)=O)(C1c(cc2)ccc2[N+](=O)[O-])=C(N)N(C(CCCC3=O)=C13)c4ccc(cc4)C,COC(=O)C1C(=N)N(c2ccc(C)cc2)C2=C(C(=O)CCC2)C1c1ccc([N+](=O)[O-])cc1,CO-ADD:0255012,ATCC 25922,64.15,32 ug/mL,0.0
71595,CC(C)CCC1=C(C(NCCCN(C)C)=O)N=C(NC(C2=CC(NC(C3=CC(NC(C4=CC=CC=C4)=N)=CN3C)=O)=CN2C)=O)S1.OC(C(F)(F)F)=O.OC(C(F)(F)F)=O,CC(C)CCc1sc(NC(=O)c2cc(NC(=O)c3cc(N=C(N)c4ccccc4)cn3C)cn2C)nc1C(=O)NCCCN(C)C,CO-ADD:0137552,ATCC 25922,2.25,32 ug/mL,0.0
71613,[N+](=O)([O-])c(ccc(c1\C=N\NC(=O)c(ccc(n2)C)c2)OC(=O)c3cccc(Br)c3)c1,Cc1ccc(C(=O)N/N=C/c2cc([N+](=O)[O-])ccc2OC(=O)c2cccc(Br)c2)cn1,CO-ADD:0232175,ATCC 25922,8.91,32 ug/mL,0.0
71616,N1(c2cccc(Cl)c2)C(=O)\C(\C(C)=N1)=C/NNc3cccc(Cl)c3,Cc1[nH]n(-c2cccc(Cl)c2)c(=O)c1C=NNc1cccc(Cl)c1,CO-ADD:0228826,ATCC 25922,17.51,32 ug/mL,0.0
71639,c1(\C=N\c2cccc(Cl)c2Cl)c(O)c(OC)cc(Br)c1Br,COc1cc(Br)c(Br)c(C=Nc2cccc(Cl)c2Cl)c1O,CO-ADD:0232217,ATCC 25922,5.42,32 ug/mL,0.0
71641,c(cc(cc1)C=O)(Cc(c23)cccc2)c13,O=Cc1ccc2c(c1)Cc1ccccc1-2,CO-ADD:0230626,ATCC 25922,11.75,32 ug/mL,0.0
71684,N1(Cc2ccccc2)Sc3c(ccc(c3)[N+](=O)[O-])C1=O,O=c1c2ccc([N+](=O)[O-])cc2sn1Cc1ccccc1,CO-ADD:0296145,ATCC 25922,12.93,32 ug/mL,0.0
71691,c1(NC(=O)CN(CC2)CCN2C)sc(c(CCN3C(OCC)=O)c1C(OCC)=O)C3,CCOC(=O)c1c(NC(=O)CN2CCN(C)CC2)sc2c1CCN(C(=O)OCC)C2,CO-ADD:0294571,ATCC 25922,7.98,32 ug/mL,0.0
71702,C1(NC(CSc2sc3c(ccc(c3)\N=C\c(cc(Br)cc4Br)c4O)n2)=O)=C(C)N(N(c5ccccc5)C1=O)C,Cc1c(NC(=O)CSc2nc3ccc(N=Cc4cc(Br)cc(Br)c4O)cc3s2)c(=O)n(-c2ccccc2)n1C,CO-ADD:0255005,ATCC 25922,29.17,32 ug/mL,0.0
71874,c1(\N=C\c(ccc2[N+](=O)[O-])o2)sc(c3c1C(OCC)=O)CCC3,CCOC(=O)c1c(/N=C/c2ccc([N+](=O)[O-])o2)sc2c1CCC2,CO-ADD:0248218,ATCC 25922,97.78,32 ug/mL,1.0
71889,c([N+](=O)[O-])(nn(c12)CC(=N1)C)c2[N+](=O)[O-],Cc1cn2[nH]c([N+](=O)[O-])c([N+](=O)[O-])c2n1,CO-ADD:0252340,ATCC 25922,23.95,32 ug/mL,0.0
72538,N1(c2cccc(Br)c2)C(=O)CC(N(CC3)CCC3C(N)=O)C1=O,NC(=O)C1CCN(c2cc(O)n(-c3cccc(Br)c3)c2O)CC1,CO-ADD:0247357,ATCC 25922,6.86,32 ug/mL,0.0
72584,n1c(N)[nH]nc1SCCCCCCCCC,CCCCCCCCCSc1n[nH]c(N)n1,CO-ADD:0247947,ATCC 25922,18.31,32 ug/mL,0.0
73562,N(c1c(Cl)ccc(c1)C(F)(F)F)(C(=O)C(C23)C(C)(C=C4)OC24C)C3=O,CC12C=CC(C)(O1)c1c2c(O)n(-c2cc(C(F)(F)F)ccc2Cl)c1O,CO-ADD:0252268,ATCC 25922,12.24,32 ug/mL,0.0
73575,N1C(=O)\C(\SC1=S)=C/c2ccco2,O=C1NC(=S)S/C1=C/c1ccco1,CO-ADD:0252724,ATCC 25922,19.88,32 ug/mL,0.0
73579,O=C1NC(C)=Cn(c12)cc([N+](=O)[O-])n2,Cc1cn2cc([N+](=O)[O-])nc2c(=O)[nH]1,CO-ADD:0135135,ATCC 25922,,32 ug/mL,
73593,C(CSc1ccccn1)(=O)N\N=C\c2cccc(F)c2,O=C(CSc1ccccn1)N/N=C/c1cccc(F)c1,CO-ADD:0252945,ATCC 25922,-10.51,32 ug/mL,0.0
75018,N1(CCCOC)C(=O)c2c(c3C1=O)c(ccc2)c(cc3)N,COCCCN1C(=O)c2cccc3c(N)ccc(c23)C1=O,CO-ADD:0218035,ATCC 25922,-12.21,32 ug/mL,0.0
75026,[N+](=O)([O-])c1ccc(cc1)\C=N/c2ccccc2c3ccccc3\N=C/c(cc4)ccc4[N+](=O)[O-],O=[N+]([O-])c1ccc(/C=N\c2ccccc2-c2ccccc2/N=C\c2ccc([N+](=O)[O-])cc2)cc1,CO-ADD:0222039,ATCC 25922,6.77,32 ug/mL,0.0
75037,c1(Sc2[nH]c(c3n2)cccc3)c(cc(cc1[N+](=O)[O-])C(F)(F)F)[N+](=O)[O-],O=[N+]([O-])c1cc(C(F)(F)F)cc([N+](=O)[O-])c1Sc1nc2ccccc2[nH]1,CO-ADD:0284410,ATCC 25922,10.25,32 ug/mL,0.0
75059,C1(C#N)=C(N)\C(\SC1=N)=C\c(cc2)ccn2.Cl,N#CC1C(=N)S/C(=C\c2ccncc2)C1=N,CO-ADD:0227780,ATCC 25922,8.49,32 ug/mL,0.0
75066,C12(c3c(NC1=O)ccc(Br)c3)C(C#N)=C(N)OC(C)=C2C(OC)=O,COC(=O)C1=C(C)OC(=N)C(C#N)C12C(=O)Nc1ccc(Br)cc12,CO-ADD:0227921,ATCC 25922,2.89,32 ug/mL,0.0
75067,N(/c1cccc(Cl)c1)=C\c(cc2)ccc2OCc3cccc(Cl)c3,Clc1cccc(COc2ccc(/C=N/c3cccc(Cl)c3)cc2)c1,CO-ADD:0231319,ATCC 25922,12.11,32 ug/mL,0.0
75110,N1(c2ccc(cc2)C)C(=O)\C(\C(C)=N1)=C/Nc(cc3)ccc3OC,COc1ccc(N=Cc2c(C)[nH]n(-c3ccc(C)cc3)c2=O)cc1,CO-ADD:0229512,ATCC 25922,12.05,32 ug/mL,0.0
75120,N#CC1=C2[N+](C(C(Br)C3=CC=CC=C3)CS2)=C(C)C=C1C.[Br-],Cc1cc(C)[n+]2c(c1C#N)SCC2C(Br)c1ccccc1,CO-ADD:0157001,ATCC 25922,13.06,32 ug/mL,0.0
75131,ClC1=NSS/C1=N\C(N=C2)=CC=C2C,Cc1ccc(/N=c2\ssnc2Cl)nc1,CO-ADD:0155060,ATCC 25922,16.65,32 ug/mL,0.0
75145,[O-][N+](C1=CC(Br)=C(O)C(/C=N/C2=C(C)C=CC([N+]([O-])=O)=C2)=C1)=O,Cc1ccc([N+](=O)[O-])cc1N=Cc1cc([N+](=O)[O-])cc(Br)c1O,CO-ADD:0157390,ATCC 25922,19.53,32 ug/mL,0.0
75235,N1(c(ccc(c2C(O)=O)O)c2)C(=O)c(c3)c(c(c4)C1=O)c(cc3[N+](=O)[O-])cc4[N+](=O)[O-],O=C(O)c1cc(N2C(=O)c3cc([N+](=O)[O-])cc4cc([N+](=O)[O-])cc(c34)C2=O)ccc1O,CO-ADD:0161203,ATCC 25922,1.48,32 ug/mL,0.0
75322,N#CC1=C(NC(COC2=CC=CC=C2Br)=O)SC3=C1CCC3,N#Cc1c(NC(=O)COc2ccccc2Br)sc2c1CCC2,CO-ADD:0155618,ATCC 25922,15.85,32 ug/mL,0.0
75323,S=C(S/1)N(CNC2=CC=C(F)C=C2)C(C1=C\C(C(Cl)=CC=C3)=C3Cl)=O,O=C1/C(=C/c2c(Cl)cccc2Cl)SC(=S)N1CNc1ccc(F)cc1,CO-ADD:0155481,ATCC 25922,24.08,32 ug/mL,0.0
75328,c1c(C(C)C)cc(CCC(C(CN)(C)CCC2)C23C)c3c1.c4(C(O)=O)ccccc4,CC(C)c1ccc2c(c1)CCC1C(C)(CN)CCCC21C,CO-ADD:0137039,ATCC 25922,16.05,25 uM,0.0
75334,O=C1c2c(C(C(=C1NCCc(cccc3)c3)Cl)=O)cccc2,O=C1C(=NCCc2ccccc2)C(Cl)C(=O)c2ccccc21,CO-ADD:0136602,ATCC 25922,-11.34,25 uM,0.0
75339,S1C(N(C)C)=NC(=Nc2cc(Cl)ccc2)S1.Br,CN(C)c1nc(=Nc2cccc(Cl)c2)ss1,CO-ADD:0137021,ATCC 25922,15.22,25 uM,0.0
75357,C(=O)(c1cccc(Cl)c1)Nc(cc2)ccc2C(C)=O,CC(=O)c1ccc(NC(=O)c2cccc(Cl)c2)cc1,CO-ADD:0215701,ATCC 25922,2.56,32 ug/mL,0.0
75398,s1c(c(cc2)ccc2[N+](=O)[O-])nnc1NC(=O)c3ccco3,O=C(Nc1nnc(-c2ccc([N+](=O)[O-])cc2)s1)c1ccco1,CO-ADD:0236456,ATCC 25922,-1.45,32 ug/mL,0.0
75402,N(=C(\N)/c(cc1)ccc1\C(\N)=N/C(OC(=O)C(F)(F)F)C(Cl)(Cl)Cl)/C(OC(=O)C(F)(F)F)C(Cl)(Cl)Cl,N=C(NC(OC(=O)C(F)(F)F)C(Cl)(Cl)Cl)c1ccc(C(=N)NC(OC(=O)C(F)(F)F)C(Cl)(Cl)Cl)cc1,CO-ADD:0233683,ATCC 25922,12.35,32 ug/mL,0.0
75404,c1(ccc(C(OC(C)=O)OC(C)=O)s1)[N+](=O)[O-],CC(=O)OC(OC(C)=O)c1ccc([N+](=O)[O-])s1,CO-ADD:0236869,ATCC 25922,96.41,32 ug/mL,1.0
75412,[N+](=O)([O-])c1ccc(cc1O)\C=N\NC(=O)\C(=C\c(ccc(c23)OCO2)c3)\NC(c4ccccc4)=O,O=C(NN=Cc1ccc([N+](=O)[O-])c(O)c1)C(Cc1ccc2c(c1)OCO2)=NC(=O)c1ccccc1,CO-ADD:0227543,ATCC 25922,4.7,32 ug/mL,0.0
75414,c1(O)c(O)c(\C=N\NC(COc2c(OC)cc(cc2Br)Br)=O)cc(Br)c1O,COc1cc(Br)cc(Br)c1OCC(=O)NN=Cc1cc(Br)c(O)c(O)c1O,CO-ADD:0231850,ATCC 25922,42.38,32 ug/mL,0.0
75419,N1(CNc2cccc(OC)c2)C(=O)\C(\SC1=S)=C/c3cccc(Cl)c3Cl,COc1cccc(NCN2C(=O)/C(=C\c3cccc(Cl)c3Cl)SC2=S)c1,CO-ADD:0229929,ATCC 25922,23.7,32 ug/mL,0.0
75470,N1(\N=C(\C=C2)/C=CC2=O)C(=O)c3c(cccc3)C1=O.CC(=O)O,O=C1C=CC(=NN2C(=O)c3ccccc3C2=O)C=C1,CO-ADD:0232380,ATCC 25922,13.27,32 ug/mL,0.0
75496,N1(N=CC(=NC1=O)N)C2OC(C(O)C2O)CO,Nc1cnn(C2OC(CO)C(O)C2O)c(=O)n1,CO-ADD:0215291,ATCC 25922,14.06,32 ug/mL,0.0
75500,N1(c2ccc(cc2)C)C(=O)\C(\C(C)=N1)=C\NNC(=O)c3cccc(Br)c3,Cc1ccc(-n2[nH]c(C)c(C=NNC(=O)c3cccc(Br)c3)c2=O)cc1,CO-ADD:0166752,ATCC 25922,13.27,80 ug/mL,0.0
75504,C(F)(F)(C(F)(F)COc(cc1)c(cc1C(F)(F)F)\N=C\c(cc(Br)cc2[N+](=O)[O-])c2O)C(F)(F)C(F)F,O=[N+]([O-])c1cc(Br)cc(C=Nc2cc(C(F)(F)F)ccc2OCC(F)(F)C(F)(F)C(F)(F)C(F)F)c1O,CO-ADD:0166438,ATCC 25922,16.57,80 ug/mL,0.0
75505,[N+](=O)([O-])c(ccc(c1\C=N\NC(CNC(=O)c2ccco2)=O)O)c1,O=C(CNC(=O)c1ccco1)NN=Cc1cc([N+](=O)[O-])ccc1O,CO-ADD:0166219,ATCC 25922,8.37,80 ug/mL,0.0
75522,c1(Br)c(O)c(\C=N\c(ccc(c2Cl)OC)c2)cc(Br)c1O,COc1ccc(N=Cc2cc(Br)c(O)c(Br)c2O)cc1Cl,CO-ADD:0222530,ATCC 25922,6.24,32 ug/mL,0.0
75529,[N+](=O)([O-])c1cccc(c1)\C=N\NC(=O)c2ccc(cc2)OCCC,CCCOc1ccc(C(=O)N/N=C/c2cccc([N+](=O)[O-])c2)cc1,CO-ADD:0219218,ATCC 25922,-4.7,32 ug/mL,0.0
75531,N1(O)C(=O)CNC1c(cccc2[N+](=O)[O-])c2,O=C1CNC(c2cccc([N+](=O)[O-])c2)N1O,CO-ADD:0221600,ATCC 25922,10.46,32 ug/mL,0.0
75535,N(=C\c1ccccc1Cl)/NC(CCCC(=O)Nc2cccc(Br)c2)=O,O=C(CCCC(=O)Nc1cccc(Br)c1)N/N=C/c1ccccc1Cl,CO-ADD:0221711,ATCC 25922,10.89,32 ug/mL,0.0
75701,c(C)(c1)n(CC2CCN(C(c3oc([N+](=O)[O-])cc3)=O)C2)c(n1)c4ccccc4,Cc1cnc(-c2ccccc2)n1CC1CCN(C(=O)c2ccc([N+](=O)[O-])o2)C1,CO-ADD:0288754,ATCC 25922,14.7,32 ug/mL,0.0
75725,C(N(C)C)(=CNC(N1)=O)C1=O,CN(C)c1c[nH]c(=O)[nH]c1=O,CO-ADD:0290677,ATCC 25922,-2.83,32 ug/mL,0.0
75738,N1(c2ccc(cc2)OCC)C(=O)CC(N(CC3)CCC3(O)c4ccc(cc4)Br)C1=O,CCOc1ccc(-n2c(O)cc(N3CCC(O)(c4ccc(Br)cc4)CC3)c2O)cc1,CO-ADD:0299242,ATCC 25922,14.54,32 ug/mL,0.0
75802,c1(nc(Nc2ccccc2)c(n3)Nc4ccccc4F)c3non1,Fc1ccccc1Nc1nc2nonc2nc1Nc1ccccc1,CO-ADD:0292557,ATCC 25922,26.84,32 ug/mL,0.0
75810,c1(ccccc1Cl)NN.Cl,NNc1ccccc1Cl,CO-ADD:0293650,ATCC 25922,23.84,32 ug/mL,0.0
75873,[O-][N+](C1=CC=CC(/C=N/C2=CC=C(C(C=C3)=C2)N=C3C)=C1O)=O,Cc1ccc2cc(N=Cc3cccc([N+](=O)[O-])c3O)ccc2n1,CO-ADD:0156206,ATCC 25922,12.82,32 ug/mL,0.0
75935,N1(c2ccc(cc2)OC(F)(Cl)F)C(=O)CC(N(CC3)CCC3C(OCC)=O)C1=O,CCOC(=O)C1CCN(c2cc(O)n(-c3ccc(OC(F)(F)Cl)cc3)c2O)CC1,CO-ADD:0294462,ATCC 25922,-2.14,32 ug/mL,0.0
75951,c(S(CCCCCCCC)=O)(c1N)sc(c12)nc(cc2C(F)(F)F)c3cccs3,CCCCCCCC[S+]([O-])c1sc2nc(-c3cccs3)cc(C(F)(F)F)c2c1N,CO-ADD:0292295,ATCC 25922,-1.98,32 ug/mL,0.0
75986,C(/C(C)=NO1)(=C\c(ccc(c2O)OC)c2)\C1=O,COc1ccc(/C=C2\C(=O)ON=C2C)cc1O,CO-ADD:0259350,ATCC 25922,16.78,32 ug/mL,0.0
76145,C(/c(cc(OCC)cc1)c12)(\C(=S)C(N2C(C(C)CC)=O)(C)C)=C(/S3)\SC(=C3C(OC)=O)C(OC)=O,CCOc1ccc2c(c1)C(=C1SC(C(=O)OC)=C(C(=O)OC)S1)C(=S)C(C)(C)N2C(=O)C(C)CC,CO-ADD:0291418,ATCC 25922,11.65,32 ug/mL,0.0
76220,c(CC(C1)ON=C1C(NN)=O)(c(Br)c2OC)c(Br)c(c23)OCO3,COc1c(Br)c(CC2CC(C(=O)NN)=NO2)c(Br)c2c1OCO2,CO-ADD:0243149,ATCC 25922,-5.89,32 ug/mL,0.0
76680,c(nnc1c2nonc2N=[N+]=[N-])(o1)c3nonc3N=[N+]=[N-],[N-]=[N+]=Nc1nonc1-c1nnc(-c2nonc2N=[N+]=[N-])o1,CO-ADD:0301968,ATCC 25922,1.26,32 ug/mL,0.0
76709,C(Nc1cccc(C)c1)(C(OC)=O)(C(F)(F)F)NC(=O)Nc(cc2)ccc2OC(F)(F)F,COC(=O)C(NC(=O)Nc1ccc(OC(F)(F)F)cc1)(Nc1cccc(C)c1)C(F)(F)F,CO-ADD:0326566,ATCC 25922,-2.59,32 ug/mL,0.0
76779,c(cccn1)(c(Br)ccc2\N=C\c3ccccc3O)c12,Oc1ccccc1C=Nc1ccc(Br)c2cccnc12,CO-ADD:0219107,ATCC 25922,-2.82,32 ug/mL,0.0
76805,C(=O)(Oc(cc1)ccc1\C=N\NC(COc2ccccc2C#N)=O)c3cccc(F)c3,N#Cc1ccccc1OCC(=O)N/N=C/c1ccc(OC(=O)c2cccc(F)c2)cc1,CO-ADD:0234690,ATCC 25922,1.12,32 ug/mL,0.0
76813,C1(C#N)(C#N)[C@@H](c2ccc(cc2)F)[C@@H](N3[C@@]1([H])c4c(cccc4)C=C3)C(C)=O,CC(=O)C1[C@H](c2ccc(F)cc2)C(C#N)(C#N)[C@@H]2c3ccccc3C=CN12,CO-ADD:0236555,ATCC 25922,9.36,32 ug/mL,0.0
76882,[N+](=O)([O-])\C=C\c1ccc(cc1Cl)Cl,O=[N+]([O-])/C=C/c1ccc(Cl)cc1Cl,CO-ADD:0222847,ATCC 25922,100.27,32 ug/mL,1.0
76889,N(=C\c(cc1)ccc1OCc2ccccc2)/Nc3ccccc3,C(=N/Nc1ccccc1)\c1ccc(OCc2ccccc2)cc1,CO-ADD:0231286,ATCC 25922,8.07,32 ug/mL,0.0
76909,c1(ccccc1Br)C(=O)NCC(=O)N\N=C(\C)/C(C)C,C/C(=N/NC(=O)CNC(=O)c1ccccc1Br)C(C)C,CO-ADD:0221786,ATCC 25922,-6.98,32 ug/mL,0.0
76922,N1=C(CCN1c2ccccc2)\C=C(\C#N)/C#N,N#CC(C#N)=CC1=NN(c2ccccc2)CC1,CO-ADD:0233095,ATCC 25922,1.01,32 ug/mL,0.0
77009,c1(ccc(\C=N\NC(COc2c(OC)cc(cc2Br)Br)=O)o1)[N+](=O)[O-],COc1cc(Br)cc(Br)c1OCC(=O)N/N=C/c1ccc([N+](=O)[O-])o1,CO-ADD:0217381,ATCC 25922,3.58,32 ug/mL,0.0
77019,N#CC1=C(N)OC(CCl)=C(C(OCC)=O)C1C2=CC=CC=C2F,CCOC(=O)C1=C(CCl)OC(=N)C(C#N)C1c1ccccc1F,CO-ADD:0158192,ATCC 25922,12.55,32 ug/mL,0.0
77023,C1(C(=O)N\N=C\c(ccc2[N+](=O)[O-])o2)CC1c3ccccc3,O=C(N/N=C/c1ccc([N+](=O)[O-])o1)C1CC1c1ccccc1,CO-ADD:0166581,ATCC 25922,18.9,80 ug/mL,0.0
77030,[O-]C(C(CO)N)=O.Cl[Pd]Cl.[Cs+],NC(CO)C(=O)O,CO-ADD:0154221,ATCC 25922,15.97,32 ug/mL,0.0
77039,CCCCCCNC(=O)n1cc(F)c(=O)[nH]c1=O,CCCCCCNC(=O)n1cc(F)c(=O)[nH]c1=O,CO-ADD:0164888,ATCC 25922,15.64,20 uM,0.0
77042,c1(c(cccc1[N+](=O)[O-])C(OCCCC)=O)C(=O)Nc(cc2)ccc2C(C)=O,CCCCOC(=O)c1cccc([N+](=O)[O-])c1C(=O)Nc1ccc(C(C)=O)cc1,CO-ADD:0166260,ATCC 25922,11.72,80 ug/mL,0.0
77043,S(c1ccccc1)(=O)(=O)N(c2ccc(c(Cl)c2)Cl)CC(=O)N\N=C\c(c(OC)ccc3[N+](=O)[O-])c3,COc1ccc([N+](=O)[O-])cc1/C=N/NC(=O)CN(c1ccc(Cl)c(Cl)c1)S(=O)(=O)c1ccccc1,CO-ADD:0215608,ATCC 25922,13.95,32 ug/mL,0.0
77045,c1(ccc(cc1Cl)Cl)C(=O)Nc(cc2)ccc2I,O=C(Nc1ccc(I)cc1)c1ccc(Cl)cc1Cl,CO-ADD:0166257,ATCC 25922,6.32,80 ug/mL,0.0
77047,[N+](=O)([O-])c(ccc(c1\C=N\c(ccc(c23)c4c(cccc4)o2)c3)O)c1,O=[N+]([O-])c1ccc(O)c(C=Nc2ccc3c(c2)oc2ccccc23)c1,CO-ADD:0166566,ATCC 25922,5.46,80 ug/mL,0.0
77054,S=C(NC1=O)NC(C1=CC2=CC=CC(Br)=C2)=O,O=C1NC(=S)NC(=O)C1=Cc1cccc(Br)c1,CO-ADD:0157667,ATCC 25922,4.26,32 ug/mL,0.0
77067,N1C(=O)\C(\SC1=O)=C/c2cccc(OC)c2,COc1cccc(/C=C2/SC(=O)NC2=O)c1,CO-ADD:0161469,ATCC 25922,20.35,32 ug/mL,0.0
77071,O=C(O)CCC1=NC(C2=CC=C(Cl)C=C2)=NO1,O=C(O)CCc1nc(-c2ccc(Cl)cc2)no1,CO-ADD:0155055,ATCC 25922,0.08,32 ug/mL,0.0
77090,ClC1=CC(C2=CSC(NC3=CC=C(C=C3)C4=CC=CC=C4)=N2)=CC=C1Cl.Br,Clc1ccc(-c2csc(Nc3ccc(-c4ccccc4)cc3)n2)cc1Cl,CO-ADD:0155874,ATCC 25922,-1.02,32 ug/mL,0.0
77118,O=C(C1=CC=C(Br)C=C1)NC2=NC=NN2,O=C(Nc1nc[nH]n1)c1ccc(Br)cc1,CO-ADD:0158441,ATCC 25922,20.33,32 ug/mL,0.0
77120,c(cc1C(=O)\C=C\Nc(cc2OC)cc(OC)c2OC)c(OC)cc1,COc1ccc(C(=O)CC=Nc2cc(OC)c(OC)c(OC)c2)cc1,CO-ADD:0149492,ATCC 25922,-11.28,32 ug/mL,0.0
77136,C1(=C(CC(C)(C)CC1=O)OC(=C23)CC(CC2=O)(C)C)C3c4ccc(c(cc5)cc(c5[N+](=O)[O-])C)o4,Cc1cc(-c2ccc(C3C4=C(CC(C)(C)CC4=O)OC4=C3C(=O)CC(C)(C)C4)o2)ccc1[N+](=O)[O-],CO-ADD:0240537,ATCC 25922,3.1,32 ug/mL,0.0
77172,N1(SC2C(Cl)C(C=CC23)c4c3c(F)c(c(F)c4F)F)C(=O)c(c5C1=O)cccc5,O=C1c2ccccc2C(=O)N1SC1C2C=CC(c3c(F)c(F)c(F)c(F)c32)C1Cl,CO-ADD:0244511,ATCC 25922,12.55,32 ug/mL,0.0
77174,C(/c1ccc(cc1)Cl)(\N(CC2)CCO2)=N\OC(=O)Nc(cc3)ccc3Cl,O=C(Nc1ccc(Cl)cc1)O/N=C(/c1ccc(Cl)cc1)N1CCOCC1,CO-ADD:0241802,ATCC 25922,6.77,32 ug/mL,0.0
77212,S(NCCC(=O)N\N=C(/C)\CC)(=O)(=O)c1ccc(cc1)Cl,CC/C(C)=N/NC(=O)CCNS(=O)(=O)c1ccc(Cl)cc1,CO-ADD:0230750,ATCC 25922,2.08,32 ug/mL,0.0
77300,S(=O)(=O)(N1CCCCC1)c(ccc(c2C(=O)Oc3c(Cl)cc(c(cccn4)c34)Cl)Cl)c2,O=C(Oc1c(Cl)cc(Cl)c2cccnc12)c1cc(S(=O)(=O)N2CCCCC2)ccc1Cl,CO-ADD:0284575,ATCC 25922,14.37,32 ug/mL,0.0
77318,N1(c2ccc(cc2Br)Br)C(=O)CC(N3CCCCC3C)C1=O,CC1CCCCN1c1cc(O)n(-c2ccc(Br)cc2Br)c1O,CO-ADD:0283326,ATCC 25922,7.78,32 ug/mL,0.0
77326,C(Sc(cc1)ccc1N(CC)CC)(C(OC)=O)(C(F)(F)F)C(F)(F)F,CCN(CC)c1ccc(SC(C(=O)OC)(C(F)(F)F)C(F)(F)F)cc1,CO-ADD:0248836,ATCC 25922,17.17,32 ug/mL,0.0
77348,c1(C)c(Br)cc(cc1Br)NCC(=O)N\N=C\c2ccccc2,Cc1c(Br)cc(NCC(=O)N/N=C/c2ccccc2)cc1Br,CO-ADD:0220215,ATCC 25922,3.38,32 ug/mL,0.0
77351,N1(c2ccccc2O)C(=O)c(cc3)c(c(ccc4[N+](=O)[O-])C1=O)c4c3[N+](=O)[O-],O=C1c2ccc([N+](=O)[O-])c3c([N+](=O)[O-])ccc(c23)C(=O)N1c1ccccc1O,CO-ADD:0221531,ATCC 25922,-43.72,32 ug/mL,0.0
77363,S(=O)(=O)(N1CCCCC1)c2c(C)ccc(c2)C(=O)Oc3cccc(cccn4)c34,Cc1ccc(C(=O)Oc2cccc3cccnc23)cc1S(=O)(=O)N1CCCCC1,CO-ADD:0223555,ATCC 25922,13.49,32 ug/mL,0.0
77369,N1(c2ccc(c(C)c2)C)C(=O)\C(\C(C)=N1)=C/NNc(cc3)ccc3Cl,Cc1ccc(-n2[nH]c(C)c(C=NNc3ccc(Cl)cc3)c2=O)cc1C,CO-ADD:0223519,ATCC 25922,13.26,32 ug/mL,0.0
77382,c(\C=N\Nc1ccccc1)(cc(OCO2)c2c3)c3Br,Brc1cc2c(cc1/C=N/Nc1ccccc1)OCO2,CO-ADD:0222962,ATCC 25922,11.2,32 ug/mL,0.0
77414,c1(c2c(cccc2)ccc1OC(=O)c3ccc(cc3)C)\C=N\c(cc4)ccc4Br,Cc1ccc(C(=O)Oc2ccc3ccccc3c2/C=N/c2ccc(Br)cc2)cc1,CO-ADD:0165973,ATCC 25922,5.27,80 ug/mL,0.0
77430,C(C#N)(C(C)=CC(N1)=O)=C1SCC(=O)Nc(cc2)ccc2Br,Cc1cc(=O)[nH]c(SCC(=O)Nc2ccc(Br)cc2)c1C#N,CO-ADD:0221836,ATCC 25922,18.64,32 ug/mL,0.0
77431,c(c(Br)c1Br)c(NCC(=O)N\N=C\c2cc(OC)ccc2O)c(c1)Br,COc1ccc(O)c(C=NNC(=O)CNc2cc(Br)c(Br)cc2Br)c1,CO-ADD:0220913,ATCC 25922,26.02,32 ug/mL,0.0
77444,C(=O)(Oc1ccccc1\C=N\NC(COc2cc(C)ccc2C(C)C)=O)c3ccco3,Cc1ccc(C(C)C)c(OCC(=O)N/N=C/c2ccccc2OC(=O)c2ccco2)c1,CO-ADD:0222744,ATCC 25922,14.58,32 ug/mL,0.0
77469,c1(\C=N\NC(CNc(cc2)ccc2C)=O)c(C)cc(cc1O)O,Cc1ccc(NCC(=O)NN=Cc2c(C)cc(O)cc2O)cc1,CO-ADD:0220347,ATCC 25922,15.38,32 ug/mL,0.0
77475,C(c1ccccc1)(=O)Oc2ccc(cc2OCC)\C=N\NC(CNc(cc3)ccc3C)=O,CCOc1cc(/C=N/NC(=O)CNc2ccc(C)cc2)ccc1OC(=O)c1ccccc1,CO-ADD:0220534,ATCC 25922,4.48,32 ug/mL,0.0
77546,C(/C(CCC1)=O)(\C1=O)=C\Nc2cccc(cccc3)c23,O=C1CCCC(=O)C1C=Nc1cccc2ccccc12,CO-ADD:0258443,ATCC 25922,4.42,32 ug/mL,0.0
77567,c1(ccc(\C=N\NC(COc(cc2)ccc2I)=O)s1)[N+](=O)[O-],O=C(COc1ccc(I)cc1)N/N=C/c1ccc([N+](=O)[O-])s1,CO-ADD:0223667,ATCC 25922,7.55,32 ug/mL,0.0
77600,c1(OC)c(OC)cc(cc1OC)\C=N\NC(CSCc2ccccc2Cl)=O,COc1cc(/C=N/NC(=O)CSCc2ccccc2Cl)cc(OC)c1OC,CO-ADD:0166389,ATCC 25922,2.07,80 ug/mL,0.0
77601,O=C(S/1)N(CNC2=CC=CC(F)=C2)C(C1=C\C3=CC(OC)=C(O)C=C3)=O,COc1cc(C=C2SC(=O)N(CNc3cccc(F)c3)C2=O)ccc1O,CO-ADD:0158247,ATCC 25922,17.83,32 ug/mL,0.0
77716,c1(cc(Br)cc(\C=N\c(cc2)ccc2[N+](=O)[O-])c1O)[N+](=O)[O-],O=[N+]([O-])c1ccc(N=Cc2cc(Br)cc([N+](=O)[O-])c2O)cc1,CO-ADD:0250237,ATCC 25922,4.92,32 ug/mL,0.0
77749,c1(ccc(\C=N\c(ccc(c2I)C)c2)s1)[N+](=O)[O-],Cc1ccc(/N=C/c2ccc([N+](=O)[O-])s2)cc1I,CO-ADD:0235983,ATCC 25922,58.03,32 ug/mL,0.0
77756,c(cc(Br)cc1Cl)(\C=N\c(cc2)ccc2Cl)c1O,Oc1c(Cl)cc(Br)cc1C=Nc1ccc(Cl)cc1,CO-ADD:0233432,ATCC 25922,24.67,32 ug/mL,0.0
77764,[N+](=O)([O-])c1ccc(cc1NCCOc2ccccc2C)N(CC3C)CC(N3)C,Cc1ccccc1OCCNc1cc(N2CC(C)NC(C)C2)ccc1[N+](=O)[O-],CO-ADD:0236432,ATCC 25922,2.69,32 ug/mL,0.0
77830,C(=O)(Oc1cccc(c1)\C=N\NC(=O)c(cccn2)c2)c3cccc(Br)c3,O=C(N/N=C/c1cccc(OC(=O)c2cccc(Br)c2)c1)c1cccnc1,CO-ADD:0231533,ATCC 25922,2.3,32 ug/mL,0.0
77841,S(NCCCCNS(=O)(=O)c1ccccc1[N+](=O)[O-])(=O)(=O)c2ccccc2[N+](=O)[O-],O=[N+]([O-])c1ccccc1S(=O)(=O)NCCCCNS(=O)(=O)c1ccccc1[N+](=O)[O-],CO-ADD:0233271,ATCC 25922,5.63,32 ug/mL,0.0
77846,N(=C1c2ccc(cc2)Cl)\C(=C(\C)/c(cccc3[N+](=O)[O-])c3)\C(O1)=O,C/C(=C1/N=C(c2ccc(Cl)cc2)OC1=O)c1cccc([N+](=O)[O-])c1,CO-ADD:0227633,ATCC 25922,6.67,32 ug/mL,0.0
77850,C12(c3c(NC1=O)ccc(Cl)c3)C(C#N)=C(N)OC(C)=C2C(OCC)=O,CCOC(=O)C1=C(C)OC(=N)C(C#N)C12C(=O)Nc1ccc(Cl)cc12,CO-ADD:0227091,ATCC 25922,10.64,32 ug/mL,0.0
77882,N1(OC)C(=O)c2c(Oc(cc3[N+](=O)[O-])c1nc3)cccc2,CON1C(=O)c2ccccc2Oc2cc([N+](=O)[O-])cnc21,CO-ADD:0288992,ATCC 25922,24.69,32 ug/mL,0.0
77904,N1(CC(OC)=O)Sc2c(ccc(c2)[N+](=O)[O-])C1=O,COC(=O)Cn1sc2cc([N+](=O)[O-])ccc2c1=O,CO-ADD:0312095,ATCC 25922,4.17,32 ug/mL,0.0
77976,c12c(c(cc(Oc(c3N4)cccc3)c14)NCCNc5ccccc5)C(c6c(cccc6)C2=O)=O,O=c1c2ccccc2c(=O)c2c1c(NCCNc1ccccc1)cc1oc3ccccc3[nH]c12,CO-ADD:0327722,ATCC 25922,1.67,32 ug/mL,0.0
77990,c1(C(=O)Oc2ccccc2)sc3c(c(COC)cc(C)n3)c1N,COCc1cc(C)nc2sc(C(=O)Oc3ccccc3)c(N)c12,CO-ADD:0330918,ATCC 25922,-2.0,32 ug/mL,0.0
78023,[nH]1c(cccc2)c2c(CCNCc(cc3)ccc3N(CC)CC)c1C,CCN(CC)c1ccc(CNCCc2c(C)[nH]c3ccccc23)cc1,CO-ADD:0326266,ATCC 25922,10.24,32 ug/mL,0.0
78069,N1(c2ccc(cc2Br)Br)C(=O)CC(N3CCCC(C)C3)C1=O,CC1CCCN(c2cc(O)n(-c3ccc(Br)cc3Br)c2O)C1,CO-ADD:0279153,ATCC 25922,7.96,32 ug/mL,0.0
78125,[N+](=O)([O-])c1cccc(\C=N\Nc(n2)nc(nc2Nc3ccccc3)Nc4ccccc4)c1O,O=[N+]([O-])c1cccc(C=NNc2nc(Nc3ccccc3)nc(Nc3ccccc3)n2)c1O,CO-ADD:0222427,ATCC 25922,10.37,32 ug/mL,0.0
78126,c1(O)c(C)c(O)cc(C)c1\C=N\NC(=O)Cc2cccc(cccc3)c23,Cc1cc(O)c(C)c(O)c1C=NNC(=O)Cc1cccc2ccccc12,CO-ADD:0166067,ATCC 25922,30.9,80 ug/mL,0.0
78133,c1(nonc1NCNc2nonc2C(N\N=C\c(cc3)ccn3)=N)C(N\N=C\c(cc4)ccn4)=N,N=C(NN=Cc1ccncc1)c1nonc1NCNc1nonc1C(=N)NN=Cc1ccncc1,CO-ADD:0215115,ATCC 25922,-39.45,32 ug/mL,0.0
78143,n1c2c([nH]c1c3ccc(cc3)\N=C\c(ccc(c4OC)O)c4)ccc(N)c2,COc1cc(C=Nc2ccc(-c3nc4cc(N)ccc4[nH]3)cc2)ccc1O,CO-ADD:0221063,ATCC 25922,-7.19,32 ug/mL,0.0
78147,C(O)(=O)c1ccc(cc1)\N=C\c(cc2)ccc2OCc(cc3)ccc3Br,O=C(O)c1ccc(/N=C/c2ccc(OCc3ccc(Br)cc3)cc2)cc1,CO-ADD:0219761,ATCC 25922,11.71,32 ug/mL,0.0
78151,c1(\C=N\NC(=O)CC(=O)N\N=C\c2c3c(cccc3)cc(cccc4)c24)c5c(cccc5)cc(cccc6)c16,O=C(CC(=O)N/N=C/c1c2ccccc2cc2ccccc12)N/N=C/c1c2ccccc2cc2ccccc12,CO-ADD:0220057,ATCC 25922,-0.32,32 ug/mL,0.0
78166,c1(\C=N/NC(c2ccccc2)=O)c3c(cccc3)ccc1OC(=O)c4ccc(cc4)Br,O=C(N/N=C\c1c(OC(=O)c2ccc(Br)cc2)ccc2ccccc12)c1ccccc1,CO-ADD:0165938,ATCC 25922,36.08,80 ug/mL,0.0
78170,c1(c(Br)cc(cc1\C=N\NC(c(cc2)ccn2)=O)Br)OC(=O)c3cccc(F)c3,O=C(N/N=C/c1cc(Br)cc(Br)c1OC(=O)c1cccc(F)c1)c1ccncc1,CO-ADD:0222445,ATCC 25922,18.17,32 ug/mL,0.0
78173,N(=C\c(cc1)ccc1Cl)/NC(CCCC(=O)Nc2cccc(Br)c2)=O,O=C(CCCC(=O)Nc1cccc(Br)c1)N/N=C/c1ccc(Cl)cc1,CO-ADD:0221713,ATCC 25922,7.72,32 ug/mL,0.0
78175,c1(cc(c(cc1[N+](=O)[O-])n2)nc(c2Nc(cc3)ccc3NC(C)=O)OCC)[N+](=O)[O-],CCOc1nc2cc([N+](=O)[O-])c([N+](=O)[O-])cc2nc1Nc1ccc(NC(C)=O)cc1,CO-ADD:0218367,ATCC 25922,-7.17,32 ug/mL,0.0
78180,C(/O)(\c1ccc(cc1)OC)=C/C=N/c2cccc(Cl)c2,COc1ccc(C(=O)CC=Nc2cccc(Cl)c2)cc1,CO-ADD:0219529,ATCC 25922,-0.91,32 ug/mL,0.0
78181,C1(C(=O)Oc2cccc(cccc3)c23)CC1c4ccccc4,O=C(Oc1cccc2ccccc12)C1CC1c1ccccc1,CO-ADD:0219694,ATCC 25922,6.07,32 ug/mL,0.0
78182,O=S(N(C1=CC=C(C(C)C)C=C1)CC(N/N=C/C2=CC=C(C=C2)OC(C3=CC=CC=C3)=O)=O)(C4=CC=CC=C4)=O,CC(C)c1ccc(N(CC(=O)N/N=C/c2ccc(OC(=O)c3ccccc3)cc2)S(=O)(=O)c2ccccc2)cc1,CO-ADD:0158231,ATCC 25922,12.63,32 ug/mL,0.0
78193,[N+](=O)([O-])c(ccc(c1C(=O)OCC(=O)c2ccc(cc2)Cl)C(=O)OCC(=O)c3ccc(cc3)Cl)c1,O=C(COC(=O)c1ccc([N+](=O)[O-])cc1C(=O)OCC(=O)c1ccc(Cl)cc1)c1ccc(Cl)cc1,CO-ADD:0215188,ATCC 25922,-3.5,32 ug/mL,0.0
78207,N#CC1=C(SCC(C=CC=C2)=C2F)N=C(C3=CC=CS3)C=C1C4=CC=CS4,N#Cc1c(-c2cccs2)cc(-c2cccs2)nc1SCc1ccccc1F,CO-ADD:0158179,ATCC 25922,-2.61,32 ug/mL,0.0
78209,C(=O)(Oc(cc1)ccc1\C=N\NC(=O)c(cccn2)c2)c3ccccc3I,O=C(N/N=C/c1ccc(OC(=O)c2ccccc2I)cc1)c1cccnc1,CO-ADD:0222430,ATCC 25922,-16.1,32 ug/mL,0.0
78212,O=C(C(C=C1)=CC=C1C)OC/C(C(C=C2)=CC=C2Br)=N/O,Cc1ccc(C(=O)OCC(=NO)c2ccc(Br)cc2)cc1,CO-ADD:0158140,ATCC 25922,26.14,32 ug/mL,0.0
78223,CCN(CC)C(=S)SSC(=S)N(CC)CC,CCN(CC)C(=S)SSC(=S)N(CC)CC,CO-ADD:0164977,ATCC 25922,4.87,20 uM,0.0
78224,C(C(c1ccccc1)=O)C(c(cc2)ccc2C(OC)=O)Nc(cc3)ccc3CCCC,CCCCc1ccc(NC(CC(=O)c2ccccc2)c2ccc(C(=O)OC)cc2)cc1,CO-ADD:0217035,ATCC 25922,1.17,32 ug/mL,0.0
78230,[C@@H]1(C[C@@H]2S\N=C\c3ncc[nH]3)[C@@H](C1(C)C)C[C@H]2C,C[C@@H]1C[C@H]2[C@@H](C[C@@H]1SN=Cc1ncc[nH]1)C2(C)C,CO-ADD:0165855,ATCC 25922,11.67,80 ug/mL,0.0
78253,N1(c2ccccc2)Sc3c(ccc(c3)[N+](=O)[O-])C1=O,O=c1c2ccc([N+](=O)[O-])cc2sn1-c1ccccc1,CO-ADD:0294712,ATCC 25922,8.05,32 ug/mL,0.0
78266,c12c(non1)nc(Nc3cccc(Cl)c3Cl)c(Nc4cccc(Cl)c4Cl)n2,Clc1cccc(Nc2nc3nonc3nc2Nc2cccc(Cl)c2Cl)c1Cl,CO-ADD:0291284,ATCC 25922,9.85,32 ug/mL,0.0
78267,c1(c(Cl)cc(c(cccn2)c12)Cl)OC(=O)c3ccco3,O=C(Oc1c(Cl)cc(Cl)c2cccnc12)c1ccco1,CO-ADD:0290965,ATCC 25922,22.12,32 ug/mL,0.0
78286,c1(C2C(CC=C2)C(N3)C(CCC=C4)C4)c3c(O)cc(Cl)c1[N+](=O)[O-],O=[N+]([O-])c1c(Cl)cc(O)c2c1C1=CCCC1C(C1CC=CCC1)N2,CO-ADD:0293243,ATCC 25922,2.15,32 ug/mL,0.0
78299,c1(O)c(Cl)cc(c(cccn2)c12)CN3CCCC3,Oc1c(Cl)cc(CN2CCCC2)c2cccnc12,CO-ADD:0287744,ATCC 25922,33.07,32 ug/mL,0.0
78308,c1(c(Cl)cc(c(cccn2)c12)Cl)OC(=O)c3cccs3,O=C(Oc1c(Cl)cc(Cl)c2cccnc12)c1cccs1,CO-ADD:0290715,ATCC 25922,25.72,32 ug/mL,0.0
78335,c1(ccc(cc1Cl)Cl)C(=O)Oc2cc(ccc2\C=N\c(cc3)ccc3I)OC(=O)c4ccc(cc4Cl)Cl,O=C(Oc1ccc(/C=N/c2ccc(I)cc2)c(OC(=O)c2ccc(Cl)cc2Cl)c1)c1ccc(Cl)cc1Cl,CO-ADD:0214981,ATCC 25922,9.05,32 ug/mL,0.0
78340,n1c(c2ccccc2)c(cn1c3ccccc3)\C=N\NC(=O)c(cccc4[N+](=O)[O-])c4.CC(=O)O,O=C(N/N=C/c1cn(-c2ccccc2)nc1-c1ccccc1)c1cccc([N+](=O)[O-])c1,CO-ADD:0217657,ATCC 25922,-0.44,32 ug/mL,0.0
78344,C[C@H]1COc2c(c(F)cc3c2n1cc(C(O)=O)c3=O)C1(N)CC1,C[C@H]1COc2c(C3(N)CC3)c(F)cc3c(=O)c(C(=O)O)cn1c23,CO-ADD:0164891,ATCC 25922,98.12,20 uM,1.0
78350,CCCCc1oc2ccccc2c1C(=O)c1cc(I)c(OCCN(CC)CC)c(I)c1.Cl,CCCCc1oc2ccccc2c1C(=O)c1cc(I)c(OCCN(CC)CC)c(I)c1,CO-ADD:0164882,ATCC 25922,2.83,20 uM,0.0
78433,c1(C(OCC)=O)c(C=O)[nH]c(C(OCC)=O)c1C,CCOC(=O)c1[nH]c(C=O)c(C(=O)OCC)c1C,CO-ADD:0302524,ATCC 25922,7.64,32 ug/mL,0.0
78458,[H]N(CC#C)CC1=CC2=CC(OCC3=CC=CC=C3)=CC=C2N1.Cl,C#CCNCc1cc2cc(OCc3ccccc3)ccc2[nH]1,CO-ADD:0149871,ATCC 25922,-56.8,32 ug/mL,0.0
78532,NC(C=1C#N)=N(C2=CC=CC=C2N1=O)=O,N#Cc1c(N)[n+]([O-])c2ccccc2[n+]1[O-],CO-ADD:0149794,ATCC 25922,90.53,32 ug/mL,1.0
78535,c12c(ccc(O)c1O)C=C(C=C(O)C2=O)C(OC)=O,COC(=O)c1cc(=O)c(O)c2c(O)c(O)ccc2c1,CO-ADD:0137703,ATCC 25922,-1.39,32 ug/mL,0.0
78945,[N+](=O)([O-])c(cc(cc1[N+](=O)[O-])C(=O)Oc(cc2)ccc2\C=N\c3cccc(C)c3)c1,Cc1cccc(/N=C/c2ccc(OC(=O)c3cc([N+](=O)[O-])cc([N+](=O)[O-])c3)cc2)c1,CO-ADD:0244256,ATCC 25922,3.56,32 ug/mL,0.0
78966,N1(CCCCCCCCCC)C=CC(C=C1)=N.Br,CCCCCCCCCCn1ccc(=N)cc1,CO-ADD:0217091,ATCC 25922,101.08,32 ug/mL,1.0
78969,C(/C(c1ccccc1)=O)=C(/N)\C(F)F,N=C(CC(=O)c1ccccc1)C(F)F,CO-ADD:0245634,ATCC 25922,3.16,32 ug/mL,0.0
78983,c1(\C=N\NC(COc2ccc(cc2OC)Br)=O)cc(Br)ccc1OCC(O)=O,COc1cc(Br)ccc1OCC(=O)N/N=C/c1cc(Br)ccc1OCC(=O)O,CO-ADD:0163617,ATCC 25922,33.9,32 ug/mL,0.0
78988,c1(non2)c2nc(Nc3cccc(Br)c3)c(N\N=C\c(cc(I)cc4I)c4O)n1,Oc1c(I)cc(I)cc1C=NNc1nc2nonc2nc1Nc1cccc(Br)c1,CO-ADD:0215223,ATCC 25922,27.98,32 ug/mL,0.0
78997,N1(c2ccc(cc2)F)C(=O)CC(N(CC3)CCN3c(cc4)ccc4[N+](=O)[O-])C1=O,O=[N+]([O-])c1ccc(N2CCN(c3cc(O)n(-c4ccc(F)cc4)c3O)CC2)cc1,CO-ADD:0241635,ATCC 25922,4.95,32 ug/mL,0.0
79002,C(F)(F)(C(F)(F)C(F)(F)C(F)(F)F)C(F)(F)C(F)(F)C(=O)N\N=C\c1ccco1,O=C(N/N=C/c1ccco1)C(F)(F)C(F)(F)C(F)(F)C(F)(F)C(F)(F)C(F)(F)F,CO-ADD:0217723,ATCC 25922,11.69,32 ug/mL,0.0
79074,c(CN(CC1)CCO1)(cc(Br)c(c23)cccn2)c3O,Oc1c(CN2CCOCC2)cc(Br)c2cccnc12,CO-ADD:0241109,ATCC 25922,95.75,32 ug/mL,1.0
79076,C(Cl)(Cl)(Cl)\C=C\C(c1ccccc1)=O,O=C(/C=C/C(Cl)(Cl)Cl)c1ccccc1,CO-ADD:0240690,ATCC 25922,5.06,32 ug/mL,0.0
79136,[N+](=O)([O-])c(cc1)ccc1N(CCCC2C(=O)N(CC)CC)C2,CCN(CC)C(=O)C1CCCN(c2ccc([N+](=O)[O-])cc2)C1,CO-ADD:0287702,ATCC 25922,18.09,32 ug/mL,0.0
79210,N1(c2ccc(cc2)C)C(=O)C(CC1=O)Sc3nnc[nH]3,Cc1ccc(-n2c(O)cc(Sc3nc[nH]n3)c2O)cc1,CO-ADD:0291411,ATCC 25922,19.3,32 ug/mL,0.0
79224,C(=C(C)NC(=C1C#N)SCC(=O)Nc(cc2)ccc2I)(C(=O)Nc3ccccc3OC)C1c4ccccc4,COc1ccccc1NC(=O)C1C(C)=NC(SCC(=O)Nc2ccc(I)cc2)=C(C#N)C1c1ccccc1,CO-ADD:0302385,ATCC 25922,2.04,32 ug/mL,0.0
79379,N1(CN(Cc2ccco2)CN3C(=O)C4C(C5CC4C=C5)C3=O)C(=O)C6C(C7CC6C=C7)C1=O.Cl,Oc1c2c(c(O)n1CN(Cc1ccco1)Cn1c(O)c3c(c1O)C1C=CC3C1)C1C=CC2C1,CO-ADD:0302596,ATCC 25922,-0.51,32 ug/mL,0.0
79397,c1([nH]nc(C(C)(C)C)c1)C(F)(F)F,CC(C)(C)c1cc(C(F)(F)F)[nH]n1,CO-ADD:0311463,ATCC 25922,4.45,32 ug/mL,0.0
79408,S(C)(=O)(=O)N(c1ccccc1)NC(=O)C(O)(c2ccccc2)c3ccccc3,CS(=O)(=O)N(NC(=O)C(O)(c1ccccc1)c1ccccc1)c1ccccc1,CO-ADD:0311643,ATCC 25922,3.75,32 ug/mL,0.0
79510,[N+]1(C(C)Cc2ccccc2)=NO\C(=N\C(=O)Nc(cc3)ccc3Br)\[CH-]1,CC(Cc1ccccc1)[n+]1[cH-]/c(=N\C(=O)Nc2ccc(Br)cc2)on1,CO-ADD:0305773,ATCC 25922,2.38,32 ug/mL,0.0
79511,N1(c2ccccc2[N+](=O)[O-])C(=O)CC(N(CC3)CCC3C(N)=O)C1=O,NC(=O)C1CCN(c2cc(O)n(-c3ccccc3[N+](=O)[O-])c2O)CC1,CO-ADD:0311391,ATCC 25922,11.43,32 ug/mL,0.0
79561,C(C(=O)Nc(cc1)ccc1Cl)(=C(C)NC(=C2C#N)SCC(=O)Nc(cc3)ccc3CC)C2c4ccccc4,CCc1ccc(NC(=O)CSC2=C(C#N)C(c3ccccc3)C(C(=O)Nc3ccc(Cl)cc3)C(C)=N2)cc1,CO-ADD:0305674,ATCC 25922,5.19,32 ug/mL,0.0
79692,c1(ccccc1NC(COc(cc2)ccc2C)=O)C(N)=O,Cc1ccc(OCC(=O)Nc2ccccc2C(N)=O)cc1,CO-ADD:0222801,ATCC 25922,-0.96,32 ug/mL,0.0
79713,N1(CO)C(=O)\C(\SC1=S)=C(\C)/c2ccc(cc2)OC,COc1ccc(/C(C)=C2/SC(=S)N(CO)C2=O)cc1,CO-ADD:0233047,ATCC 25922,10.66,32 ug/mL,0.0
79716,[N+](=O)([O-])c1ccc(cc1Sc2cccc(cccn3)c23)N4CCCC4,O=[N+]([O-])c1ccc(N2CCCC2)cc1Sc1cccc2cccnc12,CO-ADD:0234465,ATCC 25922,10.32,32 ug/mL,0.0
79721,c1(ccc(\C=N\NC(=O)c(cc2OC)cc(c2OC)OC)o1)[N+](=O)[O-],COc1cc(C(=O)N/N=C/c2ccc([N+](=O)[O-])o2)cc(OC)c1OC,CO-ADD:0230906,ATCC 25922,100.2,32 ug/mL,1.0
79738,S(=O)(=O)(c(cc1)ccc1[N+](=O)[O-])Oc2ccccc2N,Nc1ccccc1OS(=O)(=O)c1ccc([N+](=O)[O-])cc1,CO-ADD:0234551,ATCC 25922,19.57,32 ug/mL,0.0
79750,[N+](=O)([O-])c1cccc(\C=N\NC(COc(cccc2[N+](=O)[O-])c2)=O)c1O,O=C(COc1cccc([N+](=O)[O-])c1)NN=Cc1cccc([N+](=O)[O-])c1O,CO-ADD:0220246,ATCC 25922,15.44,32 ug/mL,0.0
79754,c1(N2)c(cc(c(Br)c1Br)Cl)OC2=O,O=c1[nH]c2c(Br)c(Br)c(Cl)cc2o1,CO-ADD:0219112,ATCC 25922,10.46,32 ug/mL,0.0
79774,n1c(N(C)C)nc(nc1N(CC2)CCO2)N\N=C\c3ccccc3O,CN(C)c1nc(NN=Cc2ccccc2O)nc(N2CCOCC2)n1,CO-ADD:0220885,ATCC 25922,0.74,32 ug/mL,0.0
79781,c(cc(Br)cc1Cl)(\C=N\c(ccc(c23)OCCO2)c3)c1O,Oc1c(Cl)cc(Br)cc1C=Nc1ccc2c(c1)OCCO2,CO-ADD:0234330,ATCC 25922,26.83,32 ug/mL,0.0
79782,c1(cc(C)cc(I)c1O)\C=N\c(cc2)ccc2OCC,CCOc1ccc(N=Cc2cc(C)cc(I)c2O)cc1,CO-ADD:0220376,ATCC 25922,8.09,32 ug/mL,0.0
79785,n1c(N(C)C)nc(nc1N(CC2)CCO2)N\N=C\c3c(O)ccc(cccc4)c34,CN(C)c1nc(NN=Cc2c(O)ccc3ccccc23)nc(N2CCOCC2)n1,CO-ADD:0220881,ATCC 25922,3.41,32 ug/mL,0.0
79803,C(=O)(O\N=C(/C)\C)Nc(cc1)ccc1I,CC(C)=NOC(=O)Nc1ccc(I)cc1,CO-ADD:0221669,ATCC 25922,18.95,32 ug/mL,0.0
79811,CC1=C(C2=CC=C(C=C2)C3=CC=CC=C3)C(C)=C(C)C1C.NC4=NC(NC5=CC=CC=C5C)=N[Ir@](C)(N4)Cl,CC1=C(C)C(C)C(C)=C1c1ccc(-c2ccccc2)cc1,CO-ADD:0238636,ATCC 25922,100.02,32 ug/mL,1.0
79813,C(=O)(NNC(CCc(cc1C(C)(C)C)cc(c1O)C(C)(C)C)=O)C(=O)NNC(CCc(cc2C(C)(C)C)cc(c2O)C(C)(C)C)=O,CC(C)(C)c1cc(CCC(=O)NNC(=O)C(=O)NNC(=O)CCc2cc(C(C)(C)C)c(O)c(C(C)(C)C)c2)cc(C(C)(C)C)c1O,CO-ADD:0166250,ATCC 25922,0.06,80 ug/mL,0.0
79831,C(=O)(Oc1cccc(c1)C=O)c2cccc(Br)c2,O=Cc1cccc(OC(=O)c2cccc(Br)c2)c1,CO-ADD:0222485,ATCC 25922,9.03,32 ug/mL,0.0
79848,[O-][N+](C1=C(O)C(/C=N/C2=CC(N=C(C3=CC=NC=C3)O4)=C4C=C2)=CC=C1)=O,O=[N+]([O-])c1cccc(C=Nc2ccc3oc(-c4ccncc4)nc3c2)c1O,CO-ADD:0155141,ATCC 25922,17.54,32 ug/mL,0.0
79872,[N+](=O)([O-])c(cc1)ccc1c2ccc(\C=N\NC(=O)\C(=C/c(cc3)ccc3N(CC)CC)\NC(c4ccccc4)=O)o2,CCN(CC)c1ccc(CC(=NC(=O)c2ccccc2)C(=O)N/N=C/c2ccc(-c3ccc([N+](=O)[O-])cc3)o2)cc1,CO-ADD:0217545,ATCC 25922,-1.46,32 ug/mL,0.0
79873,O=C(C1=CC=CC2=C1C=CC=C2)NC3=CC4=C(C=C3)C(C=CC=C5)=C5O4,O=C(Nc1ccc2c(c1)oc1ccccc12)c1cccc2ccccc12,CO-ADD:0158024,ATCC 25922,16.68,32 ug/mL,0.0
79878,c(c(O)ccc1C(O)=O)(c1)\C=N\c2cccc(cccn3)c23,O=C(O)c1ccc(O)c(C=Nc2cccc3cccnc23)c1,CO-ADD:0217509,ATCC 25922,21.75,32 ug/mL,0.0
80101,O=C(c(c(OC)ccc1)c1C2=O)c(c(O)c([C@H](C[C@](O)(C(C)=O)C3)OC4CC(N)C(O)C(C)O4)c3c5O)c25.Cl,COc1cccc2c(O)c3c(c(O)c12)C(=O)C1=C(C[C@@](O)(C(C)=O)C[C@@H]1OC1CC(N)C(O)C(C)O1)C3=O,CO-ADD:0137209,ATCC 25922,4.29,25 uM,0.0
80365,CC(C)CCC1=C(C(NCCCN(C)C)=O)N=C(NC(C2=CC(NC(C3=CC(NC(CCC(OC)=O)=O)=CN3C)=O)=CN2C)=O)S1,COC(=O)CCC(=O)Nc1cc(C(=O)Nc2cc(C(=O)Nc3nc(C(=O)NCCCN(C)C)c(CCC(C)C)s3)n(C)c2)n(C)c1,CO-ADD:0153066,ATCC 25922,-19.27,32 ug/mL,0.0
80501,c(c(OC)c1\C=C\c(cc2O)ccc2OC)c(OCCO3)c3c1,COc1ccc(/C=C/c2cc3c(cc2OC)OCCO3)cc1O,CO-ADD:0149320,ATCC 25922,-17.17,32 ug/mL,0.0
80571,C=C[C@@]1(C)[C@@H](O)[C@H](C)[C@@]23[C@@H](C(CC2)=O)[C@@](C)([C@@H](CC3)C)[C@H](OC(CO)=O)C1,C=C[C@]1(C)C[C@@H](OC(=O)CO)[C@]2(C)[C@H](C)CC[C@]3(CCC(=O)[C@H]32)[C@@H](C)[C@@H]1O,CO-ADD:0140044,ATCC 25922,26.64,32 ug/mL,0.0
80572,C#CCN(CC1=CC2=CC(OCCCCC3CCN(CC4=CC=CC=C4)CC3)=CC=C2N1C)C.Cl,C#CCN(C)Cc1cc2cc(OCCCCC3CCN(Cc4ccccc4)CC3)ccc2n1C,CO-ADD:0149681,ATCC 25922,-7.96,32 ug/mL,0.0
80588,C#CCN(CC1=CC2=CC(OCCCCC3CCN(CC4=CC=CC=C4)CC3)=CC=C2N1C)C.Cl,C#CCN(C)Cc1cc2cc(OCCCCC3CCN(Cc4ccccc4)CC3)ccc2n1C,CO-ADD:0149681,ATCC 25922,-14.71,32 ug/mL,0.0
80658,C(/C(OCC)=O)(=N/c(cc1)ccc1c(cc2)ccc2\N=C(/C(OCC)=O)\C(F)(F)F)\C(F)(F)F,CCOC(=O)/C(=N\c1ccc(-c2ccc(/N=C(\C(=O)OCC)C(F)(F)F)cc2)cc1)C(F)(F)F,CO-ADD:0161110,ATCC 25922,1.39,32 ug/mL,0.0
80699,N1(c2ccccc2)C(=O)C(CC1=O)Sc(cc3)ccc3C,Cc1ccc(Sc2cc(O)n(-c3ccccc3)c2O)cc1,CO-ADD:0163198,ATCC 25922,14.82,32 ug/mL,0.0
80706,[O-][N+](C1=CC(Cl)=CC(/C=N/C2=C(O)C=CC(Cl)=C2)=C1O)=O,O=[N+]([O-])c1cc(Cl)cc(C=Nc2cc(Cl)ccc2O)c1O,CO-ADD:0157886,ATCC 25922,16.68,32 ug/mL,0.0
80708,O=C1/C(C(C2=CC=CC=C2)=NO1)=C\C3=CC=C(C=C3)N(C)C4=CC=CC=C4,CN(c1ccccc1)c1ccc(/C=C2\C(=O)ON=C2c2ccccc2)cc1,CO-ADD:0156920,ATCC 25922,7.79,32 ug/mL,0.0
80814,N1(c2ccc(c(Cl)c2)Cl)C(=O)C(CC1=O)Nc(cc3)ccc3F,Oc1cc(Nc2ccc(F)cc2)c(O)n1-c1ccc(Cl)c(Cl)c1,CO-ADD:0246013,ATCC 25922,5.3,32 ug/mL,0.0
80821,[N+](=O)([O-])c1c(C)ccc(c1)C(=O)Oc2cccc(cccn3)c23,Cc1ccc(C(=O)Oc2cccc3cccnc23)cc1[N+](=O)[O-],CO-ADD:0244580,ATCC 25922,16.48,32 ug/mL,0.0
80823,S1(=O)(=O)c2c(C(Nc3ccccc3C(C)C)=N1)ccc(c2)[N+](=O)[O-],CC(C)c1ccccc1N=C1NS(=O)(=O)c2cc([N+](=O)[O-])ccc21,CO-ADD:0240254,ATCC 25922,8.56,32 ug/mL,0.0
80852,[N+](=O)([O-])c1ccc(cc1)N\N=C(\CSc2ccccc2)/CC(OC)=O,COC(=O)CC(CSc1ccccc1)=NNc1ccc([N+](=O)[O-])cc1,CO-ADD:0240815,ATCC 25922,1.44,32 ug/mL,0.0
80853,c1(n[nH]cn1)NC(=O)C(F)(F)F,O=C(Nc1nc[nH]n1)C(F)(F)F,CO-ADD:0244220,ATCC 25922,8.14,32 ug/mL,0.0
80858,N1(c2ccc(cc2)OCCC)C(=O)CC(N(CC3)CCN3c4ccccn4)C1=O,CCCOc1ccc(-n2c(O)cc(N3CCN(c4ccccn4)CC3)c2O)cc1,CO-ADD:0228704,ATCC 25922,9.24,32 ug/mL,0.0
80884,c1(\C=N/NC(N)=S)c2c(cccc2)cc(cccc3)c13,NC(=S)N/N=C\c1c2ccccc2cc2ccccc12,CO-ADD:0223292,ATCC 25922,-0.77,32 ug/mL,0.0
80934,N1(c2cccc(c2)[N+](=O)[O-])C(=O)C(C3C1=O)C(c4ccccc4)C=CC3c5ccccc5,O=[N+]([O-])c1cccc(-n2c(O)c3c(c2O)C(c2ccccc2)C=CC3c2ccccc2)c1,CO-ADD:0215273,ATCC 25922,2.11,32 ug/mL,0.0
80938,C(C(OCC)=O)(=C(C)OC(=C1C#N)N)C1c2ccc(cc2)OCC=C,C=CCOc1ccc(C2C(C(=O)OCC)=C(C)OC(=N)C2C#N)cc1,CO-ADD:0166661,ATCC 25922,11.15,80 ug/mL,0.0
80944,c1(cc(ccc1Cl)SC)C(NCCOc2ccccc2F)=O,CSc1ccc(Cl)c(C(=O)NCCOc2ccccc2F)c1,CO-ADD:0166324,ATCC 25922,7.67,80 ug/mL,0.0
80964,c1(cc(Cl)ccc1NC(=O)\C=C\c2ccco2)C(O)=O,O=C(/C=C/c1ccco1)Nc1ccc(Cl)cc1C(=O)O,CO-ADD:0302118,ATCC 25922,7.37,32 ug/mL,0.0
80966,[N+](=O)([O-])c1c(\C=N\NCC(OC)=O)ccc(c1)[N+](=O)[O-],COC(=O)CN/N=C/c1ccc([N+](=O)[O-])cc1[N+](=O)[O-],CO-ADD:0303092,ATCC 25922,5.44,32 ug/mL,0.0
81041,C(C)(CN(CCCO[N+](=O)[O-])[N+](=O)[O-])([N+](=O)[O-])[N+](=O)[O-],CC(CN(CCCO[N+](=O)[O-])[N+](=O)[O-])([N+](=O)[O-])[N+](=O)[O-],CO-ADD:0240970,ATCC 25922,17.44,32 ug/mL,0.0
81072,N1(c2ccc(cc2)OCCC)C(=O)CC(N(CC3)CCC3C(N)=O)C1=O,CCCOc1ccc(-n2c(O)cc(N3CCC(C(N)=O)CC3)c2O)cc1,CO-ADD:0236305,ATCC 25922,2.19,32 ug/mL,0.0
81083,c(cc(Br)cc1Cl)(\C=N\c2ccccc2)c1O,Oc1c(Cl)cc(Br)cc1C=Nc1ccccc1,CO-ADD:0233457,ATCC 25922,27.69,32 ug/mL,0.0
81171,c1(\C=N\NC(COc2cccc(Br)c2)=O)c(Br)cc(c(O)c1Br)Br,O=C(COc1cccc(Br)c1)NN=Cc1c(Br)cc(Br)c(O)c1Br,CO-ADD:0220898,ATCC 25922,9.38,32 ug/mL,0.0
81200,C(/S1)(=N\c2ccc(cc2[N+](=O)[O-])[N+](=O)[O-])\C(Cl)=NS1,O=[N+]([O-])c1ccc(/N=c2/ssnc2Cl)c([N+](=O)[O-])c1,CO-ADD:0259018,ATCC 25922,8.37,32 ug/mL,0.0
81208,O=C(C(C[C@@H](C)C[C@@H](OC)[C@@H](O)[C@H](C)C=C(/C)[C@@H](OC(N)=O)[C@H](OC)C=C/C=C(C)/C(=O)N1[H])=C(OC)C2=O)C1=C2,COc1c(O)cc2c(O)c1C=C(C)C[C@@H](OC)[C@@H](O)[C@H](C)C=C(C)[C@@H](OC(N)=O)[C@H](OC)C=CC=C(C)C(=O)N2,CO-ADD:0137222,ATCC 25922,1.88,25 uM,0.0
81215,Clc(c(ccc1NC(Nc2ccc([N+](=O)[O-])cn2)=O)Cl)c1,O=C(Nc1ccc(Cl)c(Cl)c1)Nc1ccc([N+](=O)[O-])cn1,CO-ADD:0136689,ATCC 25922,2.02,25 uM,0.0
81222,C(CN(c1cccc(F)c1)CN2c3ccccc3[N+](=O)[O-])([N+](=O)[O-])=N2,O=[N+]([O-])C1=NN(c2ccccc2[N+](=O)[O-])CN(c2cccc(F)c2)C1,CO-ADD:0242173,ATCC 25922,5.75,32 ug/mL,0.0
81227,C(C#N)(C1c2ccc(Br)s2)=C(N)N(C(CC(C)(C)CC3=O)=C13)c4ccc(cc4)C,Cc1ccc(N2C(=N)C(C#N)C(c3ccc(Br)s3)C3=C2CC(C)(C)CC3=O)cc1,CO-ADD:0241638,ATCC 25922,98.49,32 ug/mL,1.0
81230,[N+](=O)([O-])c1ccc(cc1NCCOc(cc2)ccc2CC)N(CC3C)CC(N3)C,CCc1ccc(OCCNc2cc(N3CC(C)NC(C)C3)ccc2[N+](=O)[O-])cc1,CO-ADD:0240283,ATCC 25922,33.9,32 ug/mL,0.0
81253,N1(c2cccc(C)c2)C(c3ccccc3OCc4ccccc4)N(N=C1C(C)=O)c5ccccc5,CC(=O)C1=NN(c2ccccc2)C(c2ccccc2OCc2ccccc2)N1c1cccc(C)c1,CO-ADD:0305569,ATCC 25922,13.09,32 ug/mL,0.0
81257,C12=C(c3c(cccc3)OC1=O)Oc(cccc4)c4C2C5=C(O)c6c(cccc6)OC5=O,O=c1oc2ccccc2c(O)c1C1c2ccccc2Oc2c1c(=O)oc1ccccc21,CO-ADD:0311003,ATCC 25922,-3.6,32 ug/mL,0.0
81289,N1(c2ccc(cc2)OCCCC)C(=O)C(CC1=O)Cl,CCCCOc1ccc(-n2c(O)cc(Cl)c2O)cc1,CO-ADD:0306945,ATCC 25922,7.0,32 ug/mL,0.0
81403,c1(ccc(CCC(O)=O)o1)c2cccs2,O=C(O)CCc1ccc(-c2cccs2)o1,CO-ADD:0331128,ATCC 25922,-2.45,32 ug/mL,0.0
81555,C(C(O)=O)(=CN(CC)c1c2cc(c(N(CC3)CCN3C(=S)NC(=O)c4c(cccc4OC)OC)c1)F)C2=O,CCn1cc(C(=O)O)c(=O)c2cc(F)c(N3CCN(C(=S)NC(=O)c4c(OC)cccc4OC)CC3)cc21,CO-ADD:0329404,ATCC 25922,92.72,32 ug/mL,1.0
81624,c1(cc(OC)cc(\C=N\c(ccc2c3[nH]c(n2)C)c3)c1O)[N+](=O)[O-],COc1cc(C=Nc2ccc3[nH]c(C)nc3c2)c(O)c([N+](=O)[O-])c1,CO-ADD:0244537,ATCC 25922,8.61,32 ug/mL,0.0
81625,c1(c(cc2)ccn2)[nH]c(c3n1)cccc3.c4(c(cc5)ccn5)[nH]c(c6n4)cccc6.[Cu](Cl)Cl,c1ccc2[nH]c(-c3ccncc3)nc2c1,CO-ADD:0242909,ATCC 25922,4.79,32 ug/mL,0.0
81640,c1(OC(C(O)C(OC(c2[nH]c(C)cc2)=O)C(OC)C3(C)C)O3)c(Cl)c(OC(=O)C(NC(c4cc(CC=C(/C)C)c(O)cc4)=O)=C5O)c5cc1,COC1C(OC(=O)c2ccc(C)[nH]2)C(O)C(Oc2ccc3c(=O)c(NC(=O)c4ccc(O)c(CC=C(C)C)c4)c(O)oc3c2Cl)OC1(C)C,CO-ADD:0137128,ATCC 25922,10.66,25 uM,0.0
81650,O(C)c1cc(OC(=C2)C(C(=CC2=O)OC(c3ccccc3)=C4)=C45)c5c(OC6c7ccccc7)c1CC6,COc1cc2oc3cc(=O)cc4oc(-c5ccccc5)cc(c2c2c1CCC(c1ccccc1)O2)c43,CO-ADD:0137270,ATCC 25922,1.8,25 uM,0.0
81817,c1(c2cc(c(c3)c(OC)ccc3)[nH]1)cc([N+](=O)[O-])cc2O,COc1ccccc1-c1cc2c(O)cc([N+](=O)[O-])cc2[nH]1,CO-ADD:0149345,ATCC 25922,-27.13,32 ug/mL,0.0
81982,N1(CNc2cccc(F)c2)C(=O)\C(\SC1=S)=C/c3ccccc3Cl,O=C1/C(=C\c2ccccc2Cl)SC(=S)N1CNc1cccc(F)c1,CO-ADD:0221699,ATCC 25922,31.53,32 ug/mL,0.0
81986,N1C(C)(C)C\C(\CC1(C)C)=N\NC(CCCCCCCCCCCCCCCCC)=O,CCCCCCCCCCCCCCCCCC(=O)NN=C1CC(C)(C)NC(C)(C)C1,CO-ADD:0221630,ATCC 25922,11.6,32 ug/mL,0.0
81988,c1(c2nnnc1Cl)sc3c2cc(c4n3)COC(C)(C)C4,CC1(C)Cc2nc3sc4c(Cl)nnnc4c3cc2CO1,CO-ADD:0221165,ATCC 25922,19.1,32 ug/mL,0.0
82415,N1(NC(=O)c(cccc2[N+](=O)[O-])c2)C(=O)c3c(c(c4)C1=O)c(ccc3)c(c4[N+](=O)[O-])Br,O=C(NN1C(=O)c2cccc3c(Br)c([N+](=O)[O-])cc(c23)C1=O)c1cccc([N+](=O)[O-])c1,CO-ADD:0166751,ATCC 25922,6.33,80 ug/mL,0.0
82416,c1(C#N)c(c2cccs2)cc(nc1SCc(cc3)ccc3C(C)(C)C)c4cccs4,CC(C)(C)c1ccc(CSc2nc(-c3cccs3)cc(-c3cccs3)c2C#N)cc1,CO-ADD:0166695,ATCC 25922,-1.69,80 ug/mL,0.0
82424,C(=C\c(ccc(c12)OCO1)c2)(/NC(c3ccccc3)=O)\C(=O)N\N=C\c4ccccc4OC(=O)c5ccco5,O=C(N/N=C/c1ccccc1OC(=O)c1ccco1)C(Cc1ccc2c(c1)OCO2)=NC(=O)c1ccccc1,CO-ADD:0166159,ATCC 25922,13.92,80 ug/mL,0.0
82437,c1(c([O-])cc(c(O)c1)SC(=O)N(CC)CC)[N+](=O)[O-].[N+]([H])([H])(CC)CC,CCN(CC)C(=O)Sc1cc(O)c([N+](=O)[O-])cc1O,CO-ADD:0247719,ATCC 25922,10.87,32 ug/mL,0.0
82460,Clc1ccc(COC(Cn2ccnc2)c2ccc(Cl)cc2Cl)c(Cl)c1.O[N+](=O)[O-],Clc1ccc(COC(Cn2ccnc2)c2ccc(Cl)cc2Cl)c(Cl)c1,CO-ADD:0164484,ATCC 25922,5.66,20 uM,0.0
82464,Nc1nc(O)ncc1F,Nc1[nH]c(=O)ncc1F,CO-ADD:0164520,ATCC 25922,25.46,20 uM,0.0
82531,O=C(O)C(O)=O.[H]N1C2=CC=C(OCC3=CC=CC=C3)C=C2C=C1CN(CC#CC)C,CC#CCN(C)Cc1cc2cc(OCc3ccccc3)ccc2[nH]1,CO-ADD:0149874,ATCC 25922,-12.41,32 ug/mL,0.0
82534,c12c(cccn1)cccc2SCc(cc3)ccc3OC,COc1ccc(CSc2cccc3cccnc23)cc1,CO-ADD:0242783,ATCC 25922,7.15,32 ug/mL,0.0
82581,N1(c2ccc(cc2)F)C(=O)CC(N3CCC(CC3)Cc4ccccc4)C1=O,Oc1cc(N2CCC(Cc3ccccc3)CC2)c(O)n1-c1ccc(F)cc1,CO-ADD:0240296,ATCC 25922,8.77,32 ug/mL,0.0
82592,Cl[Pt](N[C@@H]1C)(S(C)(C)=O)C2=C1C3=CC=CC=C3C=C2,C[C@@H](N)c1[c]([Pt+2])ccc2ccccc12,CO-ADD:0156551,ATCC 25922,7.96,32 ug/mL,0.0
82593,[O-][N+](C1=CC=C(C(/C=N/NC(C2=CC=C(F)C=C2)=O)=C1)N3CCCCC3)=O,O=C(N/N=C/c1cc([N+](=O)[O-])ccc1N1CCCCC1)c1ccc(F)cc1,CO-ADD:0158261,ATCC 25922,21.22,32 ug/mL,0.0
82595,O=C(N/N=C/C1=CC(OC)=C(OCC=C)C=C1)C(NCC(C)C)=O,C=CCOc1ccc(/C=N/NC(=O)C(=O)NCC(C)C)cc1OC,CO-ADD:0157937,ATCC 25922,24.44,32 ug/mL,0.0
82600,C(=O)(OCC(=O)c1ccc(cc1)Cl)c(cccc2C(=O)OCC(=O)c3ccc(cc3)Cl)c2,O=C(COC(=O)c1cccc(C(=O)OCC(=O)c2ccc(Cl)cc2)c1)c1ccc(Cl)cc1,CO-ADD:0215006,ATCC 25922,2.35,32 ug/mL,0.0
82602,C(C(=O)OC(C)C)(C1c2ccc(cc2)Cl)=C(CSc3nc(C)c(c(C)c3C#N)C)OC(N)=C1C#N,Cc1nc(SCC2=C(C(=O)OC(C)C)C(c3ccc(Cl)cc3)C(C#N)C(=N)O2)c(C#N)c(C)c1C,CO-ADD:0215364,ATCC 25922,1.24,32 ug/mL,0.0
82613,NC1CCN(C1)c1nc2n(cc(C(O)=O)c(=O)c2cc1F)-c1ccc(F)cc1F.Cc1ccc(cc1)S(=O)(=O)O,NC1CCN(c2nc3c(cc2F)c(=O)c(C(=O)O)cn3-c2ccc(F)cc2F)C1,CO-ADD:0164640,ATCC 25922,94.82,20 uM,1.0
82619,c1(cc(ccc1N(C)C)\C=N\c2ccccc2O)[N+](=O)[O-],CN(C)c1ccc(/C=N/c2ccccc2O)cc1[N+](=O)[O-],CO-ADD:0215728,ATCC 25922,1.15,32 ug/mL,0.0
82686,c1(c2ccc(cc2)Cl)ccc(\C=N\NC(CNc(cc3)ccc3C)=O)o1,Cc1ccc(NCC(=O)N/N=C/c2ccc(-c3ccc(Cl)cc3)o2)cc1,CO-ADD:0220358,ATCC 25922,0.82,32 ug/mL,0.0
82691,C(=O)(c1cccc(F)c1)N\N=C(/C)\C=C\c2ccccc2F,CC(C=Cc1ccccc1F)=NNC(=O)c1cccc(F)c1,CO-ADD:0219532,ATCC 25922,4.5,32 ug/mL,0.0
82696,c(Nc1ccccc1)(nc(N\N=C\c(c(O)ccc2[N+](=O)[O-])c2)nc3Nc(cc4)ccc4OC)n3,COc1ccc(Nc2nc(NN=Cc3cc([N+](=O)[O-])ccc3O)nc(Nc3ccccc3)n2)cc1,CO-ADD:0220831,ATCC 25922,21.71,32 ug/mL,0.0
82697,C(=C\c(cc1)ccc1[N+](=O)[O-])(/C(=O)N(C)C(N2C)=O)\C2=O,CN1C(=O)C(=Cc2ccc([N+](=O)[O-])cc2)C(=O)N(C)C1=O,CO-ADD:0219111,ATCC 25922,0.38,32 ug/mL,0.0
82702,c(Nc1ccccc1)(nc(N\N=C\c(ccc(c23)OCO2)c3)nc4Nc(cc5)ccc5OC)n4,COc1ccc(Nc2nc(N/N=C/c3ccc4c(c3)OCO4)nc(Nc3ccccc3)n2)cc1,CO-ADD:0220820,ATCC 25922,12.17,32 ug/mL,0.0
82801,C(/CCC1)(\N1C)=N/c2ccccc2C#N,CN1CCCC1=Nc1ccccc1C#N,CO-ADD:0217090,ATCC 25922,-13.04,32 ug/mL,0.0
82803,CCC(C)n1ncn(-c2ccc(cc2)N2CCN(CC2)c2ccc(OCC3COC(Cn4cncn4)(O3)c3ccc(Cl)cc3Cl)cc2)c1=O,CCC(C)n1ncn(-c2ccc(N3CCN(c4ccc(OCC5COC(Cn6cncn6)(c6ccc(Cl)cc6Cl)O5)cc4)CC3)cc2)c1=O,CO-ADD:0164865,ATCC 25922,10.71,20 uM,0.0
82812,O=C(NC1=CC(C=CC=C2)=C2C=C1)C3=C(C)OC(C4=CC=CC=C4)=C3,Cc1oc(-c2ccccc2)cc1C(=O)Nc1ccc2ccccc2c1,CO-ADD:0158288,ATCC 25922,24.28,32 ug/mL,0.0
82834,[O-][N+](C1=CC=C(/C=N/NC(C(OC)C2=CC=CC=C2)=O)S1)=O,COC(C(=O)N/N=C/c1ccc([N+](=O)[O-])s1)c1ccccc1,CO-ADD:0157377,ATCC 25922,23.05,32 ug/mL,0.0
82846,O=C1C(C(NCC/N=C/C(C=CC=C2)=C2O)=O)=C(O)C(C=CC=C3)=C3O1,O=C(NCCN=Cc1ccccc1O)c1c(O)c2ccccc2oc1=O,CO-ADD:0155150,ATCC 25922,14.3,32 ug/mL,0.0
82858,c1(N(CC2)CCO2)nc(N\N=C\c3cc(Br)ccc3OC)nc(Nc4cccc(Br)c4)n1,COc1ccc(Br)cc1/C=N/Nc1nc(Nc2cccc(Br)c2)nc(N2CCOCC2)n1,CO-ADD:0162234,ATCC 25922,11.06,32 ug/mL,0.0
82867,[N+](=O)([O-])c(ccc(c1\C=N\c(c(Cl)ccc2C(F)(F)F)c2)O)c1,O=[N+]([O-])c1ccc(O)c(C=Nc2cc(C(F)(F)F)ccc2Cl)c1,CO-ADD:0163700,ATCC 25922,7.27,32 ug/mL,0.0
82868,[O-][N+](C(N=C1)=NN1CC(N(C)/N=C/C2=CC=C3OCOC3=C2)=O)=O,CN(/N=C/c1ccc2c(c1)OCO2)C(=O)Cn1cnc([N+](=O)[O-])n1,CO-ADD:0157688,ATCC 25922,25.24,32 ug/mL,0.0
82893,[N+](=O)([O-])c(cc(cc1[N+](=O)[O-])C(=O)N\N=C\CCCC)c1,CCCC/C=N/NC(=O)c1cc([N+](=O)[O-])cc([N+](=O)[O-])c1,CO-ADD:0161948,ATCC 25922,34.3,32 ug/mL,0.0
82960,n12c(nnn1)c(N)nc(non3)c23,Nc1nc2nonc2n2nnnc12,CO-ADD:0161487,ATCC 25922,7.25,32 ug/mL,0.0
83012,N1(c2ccc(cc2)Cl)C(c3ccc(cc3)Cl)N(N=C1C(C)=O)c4ccccc4,CC(=O)C1=NN(c2ccccc2)C(c2ccc(Cl)cc2)N1c1ccc(Cl)cc1,CO-ADD:0302908,ATCC 25922,1.38,32 ug/mL,0.0
83095,C(OC)(F)(C(F)(F)F)C(=O)Oc(c1c(cccn1)cc2[N+](=O)[O-])c2,COC(F)(C(=O)Oc1cc([N+](=O)[O-])cc2cccnc12)C(F)(F)F,CO-ADD:0307134,ATCC 25922,97.79,32 ug/mL,1.0
83112,S(=O)(=O)(c(cc1)ccc1[N+](=O)[O-])c2nccn2C,Cn1ccnc1S(=O)(=O)c1ccc([N+](=O)[O-])cc1,CO-ADD:0321533,ATCC 25922,0.17,32 ug/mL,0.0
83114,C1(c(cccc2)c2N3C(C)=O)(C(C#N)=C(N)OC(COC)=C1C(OC)=O)C3=O,COCC1=C(C(=O)OC)C2(C(=O)N(C(C)=O)c3ccccc32)C(C#N)C(=N)O1,CO-ADD:0320747,ATCC 25922,-1.41,32 ug/mL,0.0
83146,c(ncc(c1SC(=S)N(CC2)CCO2)Cl)(C(Cl)(Cl)Cl)c1Cl,S=C(Sc1c(Cl)cnc(C(Cl)(Cl)Cl)c1Cl)N1CCOCC1,CO-ADD:0326078,ATCC 25922,4.71,32 ug/mL,0.0
83156,C1(C2=O)C(C(C=C3)OC13CO)C(N2c(cc4)ccc4C(C)=O)=O,CC(=O)c1ccc(-n2c(O)c3c(c2O)C2(CO)C=CC3O2)cc1,CO-ADD:0327692,ATCC 25922,-0.93,32 ug/mL,0.0
83162,c12c(NC(c3ccccc3[N+](=O)[O-])N(c4ccccc4)C1=O)c(c5s2)c(COC)cc(C)n5,COCc1cc(C)nc2sc3c(c12)NC(c1ccccc1[N+](=O)[O-])N(c1ccccc1)C3=O,CO-ADD:0330919,ATCC 25922,-1.81,32 ug/mL,0.0
83191,S(=O)(=O)(c1c(C)cc(cc1C)C)N2\C(\SCC2)=N\S(=O)(=O)c3c(C)cc(cc3C)C,Cc1cc(C)c(S(=O)(=O)/N=C2\SCCN2S(=O)(=O)c2c(C)cc(C)cc2C)c(C)c1,CO-ADD:0331006,ATCC 25922,4.26,32 ug/mL,0.0
83215,c(C#N)(c1c2ccccc2)c(\N=C\c3cccc(OC)c3)oc1c4ccccc4,COc1cccc(/C=N/c2oc(-c3ccccc3)c(-c3ccccc3)c2C#N)c1,CO-ADD:0215715,ATCC 25922,-74.8,32 ug/mL,0.0
83233,CON=C(C(=O)NC1C2SCC(COC(C)=O)=C(N2C1=O)C([O-])=O)c1csc(N)n1.[Na+],CON=C(C(=O)NC1C(=O)N2C(C(=O)O)=C(COC(C)=O)CSC12)c1csc(N)n1,CO-ADD:0164454,ATCC 25922,93.2,20 uM,1.0
83234,CO[C@H]1\C=C\O[C@@]2(C)Oc3c(C2=O)c2c(O)c(C=NN4CCN(C)CC4)c(NC(=O)\C(C)=C/C=C/[C@H](C)[C@H](O)[C@@H](C)[C@@H](O)[C@@H](C)[C@H](OC(C)=O)[C@@H]1C)c(O)c2c(O)c3C,CO[C@H]1/C=C/O[C@@]2(C)Oc3c(C)c(O)c4c(O)c(c(C=NN5CCN(C)CC5)c(O)c4c3C2=O)NC(=O)C(C)=CC=CC(C)[C@H](O)[C@@H](C)[C@@H](O)[C@@H](C)[C@H](OC(C)=O)[C@@H]1C,CO-ADD:0164785,ATCC 25922,98.09,20 uM,1.0
83235,c1(nc(Nc(ccc(c2C)C)c2)c(n3)NC(C)c4ccccc4)c3non1,Cc1ccc(Nc2nc3nonc3nc2NC(C)c2ccccc2)cc1C,CO-ADD:0166740,ATCC 25922,13.38,80 ug/mL,0.0
83242,OCC(NC(=O)C(Cl)Cl)C(O)c1ccc(cc1)[N+]([O-])=O,O=C(NC(CO)C(O)c1ccc([N+](=O)[O-])cc1)C(Cl)Cl,CO-ADD:0164391,ATCC 25922,98.55,20 uM,1.0
83320,FC(F)(C(O)=O)F.FC(F)(C(O)=O)F.O=C1N(CC)C(C2=CC=C(N3N=NC(CN4CCN([H])CCCN(CC5=CN(C6=CC=C(C(N7CC)=O)C(C6=CC=C8)=C8C7=O)N=N5)CCN([H])CCC4)=C3)C9=CC=CC1=C29)=O,CCN1C(=O)c2cccc3c(-n4cc(CN5CCCNCCN(Cc6cn(-c7ccc8c9c(cccc79)C(=O)N(CC)C8=O)nn6)CCCNCC5)nn4)ccc(c23)C1=O,CO-ADD:0159671,ATCC 25922,20.41,32 ug/mL,0.0
83333,c1(Nc2ccc(cc2OC)OC)nc(Cl)nc(NCc(cccn3)c3)n1,COc1ccc(Nc2nc(Cl)nc(NCc3cccnc3)n2)c(OC)c1,CO-ADD:0230964,ATCC 25922,11.93,32 ug/mL,0.0
83336,[N+](=O)([O-])c(cc(cc1[N+](=O)[O-])C(=O)Oc2ccccc2\C=N/NC(=O)c3ccccc3O)c1,O=C(Oc1ccccc1/C=N\NC(=O)c1ccccc1O)c1cc([N+](=O)[O-])cc([N+](=O)[O-])c1,CO-ADD:0231033,ATCC 25922,31.04,32 ug/mL,0.0
83351,N1(CNc(cc2)ccc2OC)C(=O)\C(\SC1=O)=C\c3cccc(F)c3,COc1ccc(NCN2C(=O)S/C(=C\c3cccc(F)c3)C2=O)cc1,CO-ADD:0231000,ATCC 25922,7.02,32 ug/mL,0.0
83373,n1c2c(c(N3CCN(C)CC3)ccc2[N+](=O)[O-])[n+]([O-])o1,CN1CCN(c2ccc([N+](=O)[O-])c3no[n+]([O-])c23)CC1,CO-ADD:0136445,ATCC 25922,10.85,25 uM,0.0
83392,c1(I)ccc(\C=N\NC(COc2ccc(cc2OC)Br)=O)o1,COc1cc(Br)ccc1OCC(=O)N/N=C/c1ccc(I)o1,CO-ADD:0221073,ATCC 25922,8.89,32 ug/mL,0.0
83393,N1(c(cc2)ccc2C(O)=O)C(=O)c(cc3)c(c(ccc4[N+](=O)[O-])C1=O)c4c3[N+](=O)[O-],O=C(O)c1ccc(N2C(=O)c3ccc([N+](=O)[O-])c4c([N+](=O)[O-])ccc(c34)C2=O)cc1,CO-ADD:0221541,ATCC 25922,-0.37,32 ug/mL,0.0
83399,c1(cc(OC)cc(\C=N\c2cccc(OC)c2)c1O)[N+](=O)[O-],COc1cccc(N=Cc2cc(OC)cc([N+](=O)[O-])c2O)c1,CO-ADD:0229434,ATCC 25922,7.74,32 ug/mL,0.0
83412,C(COc1ccc(cc1OC)Br)(=O)N\N=C\c2cccc(C)c2O,COc1cc(Br)ccc1OCC(=O)NN=Cc1cccc(C)c1O,CO-ADD:0221014,ATCC 25922,22.54,32 ug/mL,0.0
83418,C12(c3c(NC1=O)cccc3)C(C#N)=C(N)OC(C)=C2C(OC)=O,COC(=O)C1=C(C)OC(=N)C(C#N)C12C(=O)Nc1ccccc12,CO-ADD:0215406,ATCC 25922,-0.9,32 ug/mL,0.0
83423,[N+](=O)([O-])c(cc1)ccc1\C=C(/NC(c2ccccc2)=O)\C(=O)N\N=C\c3c4c(cccc4)cc(Br)c3O,O=C(NN=Cc1c(O)c(Br)cc2ccccc12)C(Cc1ccc([N+](=O)[O-])cc1)=NC(=O)c1ccccc1,CO-ADD:0234912,ATCC 25922,16.12,32 ug/mL,0.0
83430,C(=C\c(cccc1NC(=O)\C=C\c2ccccc2)c1)/C(c3ccccc3)=O,O=C(/C=C/c1ccccc1)Nc1cccc(/C=C/C(=O)c2ccccc2)c1,CO-ADD:0222015,ATCC 25922,9.3,32 ug/mL,0.0
83438,c1(c(C)cccc1C)OCC(=O)N\N=C\c(ccc(c2OC)O)c2,COc1cc(C=NNC(=O)COc2c(C)cccc2C)ccc1O,CO-ADD:0166204,ATCC 25922,4.9,80 ug/mL,0.0
83473,n1c(COC(=O)C(CC(C)C)NC(c2ccccc2)=O)c(oc1c3ccccc3)COC(=O)C(CC(C)C)NC(c4ccccc4)=O,CC(C)CC(NC(=O)c1ccccc1)C(=O)OCc1nc(-c2ccccc2)oc1COC(=O)C(CC(C)C)NC(=O)c1ccccc1,CO-ADD:0229167,ATCC 25922,8.63,32 ug/mL,0.0
83483,[N+](=O)([O-])c1ccc(cc1)\N=C\c(cc(I)cc2I)c2O,O=[N+]([O-])c1ccc(N=Cc2cc(I)cc(I)c2O)cc1,CO-ADD:0219330,ATCC 25922,40.13,32 ug/mL,0.0
83491,N1(c2ccc(cc2)Cl)C(=O)CC(N(CC3)CCC3C(N)=O)C1=O,NC(=O)C1CCN(c2cc(O)n(-c3ccc(Cl)cc3)c2O)CC1,CO-ADD:0236312,ATCC 25922,6.48,32 ug/mL,0.0
83493,C(COc(cc1)ccc1CCCCC)(=O)N\N=C\c2ccccc2OC,CCCCCc1ccc(OCC(=O)N/N=C/c2ccccc2OC)cc1,CO-ADD:0219214,ATCC 25922,1.39,32 ug/mL,0.0
83504,N1(CNc(cc2)ccc2OC)C(=O)\C(\SC1=O)=C\c(cc3)ccc3C(OC)=O,COC(=O)c1ccc(/C=C2\SC(=O)N(CNc3ccc(OC)cc3)C2=O)cc1,CO-ADD:0166440,ATCC 25922,1.7,80 ug/mL,0.0
83539,n1c2c(oc1c3cccc(c3)\N=C\c4cc(Br)cc(OC)c4O)cccc2C,COc1cc(Br)cc(C=Nc2cccc(-c3nc4c(C)cccc4o3)c2)c1O,CO-ADD:0217541,ATCC 25922,6.27,32 ug/mL,0.0
83544,[O-][N+](C1=C([N+]([O-])=O)C=CC(N/C=C2C(N(C3=CC=CC=C3)N=C\2C)=O)=C1)=O,Cc1[nH]n(-c2ccccc2)c(=O)c1C=Nc1ccc([N+](=O)[O-])c([N+](=O)[O-])c1,CO-ADD:0155545,ATCC 25922,12.8,32 ug/mL,0.0
83548,C1(=COC(=O)C=C1)C(=O)Nc2cc(C)ccc2C,Cc1ccc(C)c(NC(=O)c2ccc(=O)oc2)c1,CO-ADD:0217042,ATCC 25922,-8.35,32 ug/mL,0.0
83559,O=C(OC1=C2C=CC=C1)N2C(C3=CC=C(C)C=C3)=O,Cc1ccc(C(=O)n2c(=O)oc3ccccc32)cc1,CO-ADD:0160013,ATCC 25922,7.92,32 ug/mL,0.0
83561,c1(C(OCC)=O)c(C)[nH]c(C(OCC)=O)c1C,CCOC(=O)c1[nH]c(C)c(C(=O)OCC)c1C,CO-ADD:0217087,ATCC 25922,6.43,32 ug/mL,0.0
83568,[O-][N+](C(C=C1[N+]([O-])=O)=C(C=C1)C(NC2=C(C=C(Br)C=C2)OC(C(C=C3)=C(C=C3[N+]([O-])=O)[N+]([O-])=O)=O)=O)=O,O=C(Nc1ccc(Br)cc1OC(=O)c1ccc([N+](=O)[O-])cc1[N+](=O)[O-])c1ccc([N+](=O)[O-])cc1[N+](=O)[O-],CO-ADD:0160156,ATCC 25922,6.81,32 ug/mL,0.0
83582,O=C1C2=C(C3=C1C=CC=C3)C(C4=C5C=CC=C4)=C(C=C5)N=C2C6=C(Cl)C=C(Cl)C=C6,O=C1c2ccccc2-c2c1c(-c1ccc(Cl)cc1Cl)nc1ccc3ccccc3c21,CO-ADD:0159904,ATCC 25922,7.49,32 ug/mL,0.0
83588,[O-][N+](C1=C(OC2=CC=CC=C2)C([N+]([O-])=O)=C(OC3=CC=CC=C3)C([N+]([O-])=O)=C1)=O,O=[N+]([O-])c1cc([N+](=O)[O-])c(Oc2ccccc2)c([N+](=O)[O-])c1Oc1ccccc1,CO-ADD:0154892,ATCC 25922,11.48,32 ug/mL,0.0
83835,Nc1ccc2ncnc(Nc3ccc(OCc4cccc(F)c4)c(Cl)c3)c2c1,Nc1ccc2ncnc(Nc3ccc(OCc4cccc(F)c4)c(Cl)c3)c2c1,CO-ADD:0237432,ATCC 25922,10.78,20 uM,0.0
83844,C(C)N(CN(C1=O)C(N23)C(N4C2=S)N1CN(CC)C4)C3,CCN1CN2C(=O)N3CN(CC)CN4C(=S)N(C1)C2C34,CO-ADD:0244817,ATCC 25922,0.01,32 ug/mL,0.0
83865,c1(C#N)c(c2ccc(cc2)F)cc(nc1SCCN3CCCCCC3)c4cccs4,N#Cc1c(-c2ccc(F)cc2)cc(-c2cccs2)nc1SCCN1CCCCCC1,CO-ADD:0242361,ATCC 25922,1.67,32 ug/mL,0.0
83866,C(C#N)(C1c2cccs2)=C(N)N(C(CC(C)(C)CC3=O)=C13)c4ccc(cc4)C,Cc1ccc(N2C(=N)C(C#N)C(c3cccs3)C3=C2CC(C)(C)CC3=O)cc1,CO-ADD:0242404,ATCC 25922,18.08,32 ug/mL,0.0
83966,N1(c(ccc(c2s3)nc3SCC(=O)c4ccc(cc4)Cl)c2)C(=O)c5c(c6C1=O)c(ccc5)ccc6,O=C(CSc1nc2ccc(N3C(=O)c4cccc5cccc(c45)C3=O)cc2s1)c1ccc(Cl)cc1,CO-ADD:0285511,ATCC 25922,8.71,32 ug/mL,0.0
83978,N(C(=O)CCN1C(C)=O)(C(c2ccccc2)=O)c3c1cccc3,CC(=O)N1CCC(=O)N(C(=O)c2ccccc2)c2ccccc21,CO-ADD:0292745,ATCC 25922,4.35,32 ug/mL,0.0
83983,c1(O2)c(cc(c(OC(NCCCC)=O)c1Br)Br)SC2=O,CCCCNC(=O)Oc1c(Br)cc2sc(=O)oc2c1Br,CO-ADD:0287174,ATCC 25922,20.25,32 ug/mL,0.0
83985,c(c(OCC)cc(c1[N+](=O)[O-])OCC)(c1)[N+](=O)[O-],CCOc1cc(OCC)c([N+](=O)[O-])cc1[N+](=O)[O-],CO-ADD:0290676,ATCC 25922,14.51,32 ug/mL,0.0
84019,[n+]([O-])(c(cc(C)cc1)c12)c(C#N)c([n+]2[O-])N,Cc1ccc2c(c1)[n+]([O-])c(C#N)c(N)[n+]2[O-],CO-ADD:0294850,ATCC 25922,75.52,32 ug/mL,0.0
84041,S(NCCCC(OC)=O)(=O)(=O)c(cc1)ccc1[N+](=O)[O-],COC(=O)CCCNS(=O)(=O)c1ccc([N+](=O)[O-])cc1,CO-ADD:0230292,ATCC 25922,10.09,32 ug/mL,0.0
84085,C1(C(c2ccccc2)=O)=C(c3ccccc3)OC(c4ccc(cc4)Br)=NC1=S,O=C(c1ccccc1)c1c(-c2ccccc2)oc(-c2ccc(Br)cc2)nc1=S,CO-ADD:0256292,ATCC 25922,1.28,32 ug/mL,0.0
84095,C1(=COC(=O)C=C1)C(=O)Nc(cc2)ccc2Cl,O=C(Nc1ccc(Cl)cc1)c1ccc(=O)oc1,CO-ADD:0254461,ATCC 25922,12.88,32 ug/mL,0.0
84109,C(=S)(c1ccc(c(OCC)c1)O)N2CCCCC2,CCOc1cc(C(=S)N2CCCCC2)ccc1O,CO-ADD:0254588,ATCC 25922,20.63,32 ug/mL,0.0
84145,O=C(NCCC(N)=N)C1=CC(NC(C2=CC(NC=O)=CN2C)=O)=CN1C.OC(C(F)(F)F)=O,Cn1cc(NC(=O)c2cc(NC=O)cn2C)cc1C(=O)NCCC(=N)N,CO-ADD:0137563,ATCC 25922,4.0,32 ug/mL,0.0
84161,N1(c2cccc(Br)c2)C(=O)CC(N(CC3)CCS3)C1=O,Oc1cc(N2CCSCC2)c(O)n1-c1cccc(Br)c1,CO-ADD:0248934,ATCC 25922,11.73,32 ug/mL,0.0
84224,[N+]([O-])(=Nc1nonc1N)c2nonc2N,Nc1nonc1N=[N+]([O-])c1nonc1N,CO-ADD:0290447,ATCC 25922,15.7,32 ug/mL,0.0
84228,[n+]1([O-])onc(cc2C(O)=O)c1cc2,O=C(O)c1ccc2c(c1)no[n+]2[O-],CO-ADD:0294849,ATCC 25922,60.16,32 ug/mL,0.0
84307,C(=C\c(ccc1c2ccc(cc2F)F)o1)(/C3=O)\Sc(c34)cccc4,O=C1/C(=C/c2ccc(-c3ccc(F)cc3F)o2)Sc2ccccc21,CO-ADD:0285151,ATCC 25922,-21.79,32 ug/mL,0.0
84471,N1(c2ccc(cc2)OC(F)(Cl)F)C(=O)CC(N(CC3)CCC3C(N)=O)C1=O,NC(=O)C1CCN(c2cc(O)n(-c3ccc(OC(F)(F)Cl)cc3)c2O)CC1,CO-ADD:0302725,ATCC 25922,-6.33,32 ug/mL,0.0
84532,n1(CC=C)c(SCC(=O)Nc(cc2)ccc2S(=O)(=O)Nc3sccn3)nnc1c4ccco4,C=CCn1c(SCC(=O)Nc2ccc(S(=O)(=O)Nc3nccs3)cc2)nnc1-c1ccco1,CO-ADD:0320278,ATCC 25922,-9.71,32 ug/mL,0.0
84573,C(Nc(cc1)ccc1F)(C(OC)=O)(C(F)(F)F)NC(=O)Nc(cc2)ccc2OC(F)(F)F,COC(=O)C(NC(=O)Nc1ccc(OC(F)(F)F)cc1)(Nc1ccc(F)cc1)C(F)(F)F,CO-ADD:0326189,ATCC 25922,-3.02,32 ug/mL,0.0
84627,c1(nonc1N)\C(\N)=N\OCc2ccc(cc2OC)C,COc1cc(C)ccc1CON=C(N)c1nonc1N,CO-ADD:0326059,ATCC 25922,0.93,32 ug/mL,0.0
84719,C(Nc(cc1)ccc1Oc2ccccc2)(C(OC)=O)(c(cc3OC)cc(c3O)OC)C(F)(F)F,COC(=O)C(Nc1ccc(Oc2ccccc2)cc1)(c1cc(OC)c(O)c(OC)c1)C(F)(F)F,CO-ADD:0331669,ATCC 25922,-0.91,32 ug/mL,0.0
84757,N(N)c(cc1)ccc1Cl.Cl,NNc1ccc(Cl)cc1,CO-ADD:0304888,ATCC 25922,10.66,32 ug/mL,0.0
84979,C1C[C@](C)(C([C@H](O)CC(\C(=C(\C(=O)O\C(=N\CCCN(C)C)\NCC)/CC\C=C(/C)\C)\[C@@H](OC(C)=O)C2)[C@]23C)[C@]3(C)CC4)C4[C@H](C)[C@@H]1O,CCN=C(NCCCN(C)C)OC(=O)/C(CCC=C(C)C)=C1/C2C[C@@H](O)C3[C@@]4(C)CC[C@@H](O)[C@@H](C)C4CC[C@]3(C)[C@@]2(C)C[C@@H]1OC(C)=O,CO-ADD:0244005,ATCC 25922,10.9,32 ug/mL,0.0
85116,C1CCC(CC1)Nc2cc(nc(n2)c3ccccn3)C4CC4,c1ccc(-c2nc(NC3CCCCC3)cc(C3CC3)n2)nc1,CO-ADD:0237419,ATCC 25922,5.72,20 uM,0.0
85202,S(=O)(=O)(c1cccc2c1cccc2S(=O)(=O)N(Cc3ccccc3)Cc4ccccc4)N(Cc5ccccc5)Cc6ccccc6,O=S(=O)(c1cccc2c(S(=O)(=O)N(Cc3ccccc3)Cc3ccccc3)cccc12)N(Cc1ccccc1)Cc1ccccc1,CO-ADD:0221476,ATCC 25922,6.02,32 ug/mL,0.0
85220,N1(c2ccc(cc2C)O)C(=O)c(cc3)c(c(ccc4[N+](=O)[O-])C1=O)c4c3[N+](=O)[O-],Cc1cc(O)ccc1N1C(=O)c2ccc([N+](=O)[O-])c3c([N+](=O)[O-])ccc(c23)C1=O,CO-ADD:0215145,ATCC 25922,5.17,32 ug/mL,0.0
85223,NCC(C)(C)C(O)C(NCCC(NCCCCCCC)=O)=O,CCCCCCCNC(=O)CCNC(=O)C(O)C(C)(C)CN,CO-ADD:0237018,ATCC 25922,-4.7,32 ug/mL,0.0
85237,N1(CNc2cccc(F)c2)C(=O)\C(\SC1=S)=C/c3cccc(F)c3,O=C1/C(=C\c2cccc(F)c2)SC(=S)N1CNc1cccc(F)c1,CO-ADD:0221719,ATCC 25922,15.12,32 ug/mL,0.0
85248,c(cc1OC(C)=O)(OC(=O)C=C2C)c2cc1OC(C)=O,CC(=O)Oc1cc2oc(=O)cc(C)c2cc1OC(C)=O,CO-ADD:0220047,ATCC 25922,-0.9,32 ug/mL,0.0
85262,c1(C#N)c(c2ccc(cc2)Cl)cc(nc1SCC(OCCC)=O)c3ccccc3,CCCOC(=O)CSc1nc(-c2ccccc2)cc(-c2ccc(Cl)cc2)c1C#N,CO-ADD:0219321,ATCC 25922,-0.39,32 ug/mL,0.0
85269,n1c2c(cccc2)ccc1SCC(=O)N\N=C\c3cccc(cccc4)c34,O=C(CSc1ccc2ccccc2n1)N/N=C/c1cccc2ccccc12,CO-ADD:0221203,ATCC 25922,1.05,32 ug/mL,0.0
85298,c1(c(Br)cc(cc1\C=N\NC(=O)c(c2)cc(cn2)Br)Br)OC(=O)c3cccc(C)c3,Cc1cccc(C(=O)Oc2c(Br)cc(Br)cc2/C=N/NC(=O)c2cncc(Br)c2)c1,CO-ADD:0234218,ATCC 25922,14.55,32 ug/mL,0.0
85304,N1(NC(=O)c2ccc(cc2)Br)C(=O)c(c3)c(c(c4)C1=O)c(cc3[N+](=O)[O-])cc4[N+](=O)[O-],O=C(NN1C(=O)c2cc([N+](=O)[O-])cc3cc([N+](=O)[O-])cc(c23)C1=O)c1ccc(Br)cc1,CO-ADD:0214900,ATCC 25922,12.42,32 ug/mL,0.0
85307,c(cc(\C=N\c(ccc(c12)[nH]c(c3ccccc3)n1)c2)c(c4[N+](=O)[O-])O)([N+](=O)[O-])c4O,O=[N+]([O-])c1cc(C=Nc2ccc3[nH]c(-c4ccccc4)nc3c2)c(O)c([N+](=O)[O-])c1O,CO-ADD:0231640,ATCC 25922,1.38,32 ug/mL,0.0
85313,N1(c2ccc(cc2)OCCC)C(=O)CC(N(CC3)CCC3C(O)=O)C1=O,CCCOc1ccc(-n2c(O)cc(N3CCC(C(=O)O)CC3)c2O)cc1,CO-ADD:0236130,ATCC 25922,5.65,32 ug/mL,0.0
85390,c(c(OC)ccc1\C(\C#N)=C\c(cc(OC)c(OC)c2OC)c2)c1,COc1ccc(/C(C#N)=C/c2cc(OC)c(OC)c(OC)c2)cc1,CO-ADD:0149363,ATCC 25922,-9.58,32 ug/mL,0.0
85397,CN1C=C(NC(C2=CC(NC(C3=NC=C(C=CC=C4)C4=C3)=O)=CN2C)=O)C=C1C(NC5=NC(C(NCCN6CCOCC6)=O)=C(C(C)C)S5)=O.OC(C(F)(F)F)=O,CC(C)c1sc(NC(=O)c2cc(NC(=O)c3cc(NC(=O)c4cc5ccccc5cn4)cn3C)cn2C)nc1C(=O)NCCN1CCOCC1,CO-ADD:0153091,ATCC 25922,-11.31,32 ug/mL,0.0
85426,C(=C/c(cc(Br)cc1[N+](=O)[O-])c1O)(/C2=O)\C(=O)NC(=O)N2,O=C1NC(=O)C(=Cc2cc(Br)cc([N+](=O)[O-])c2O)C(=O)N1,CO-ADD:0241882,ATCC 25922,11.98,32 ug/mL,0.0
85430,n1(c(C)c(nn1)\C(\C)=N\N=C\c(cc(I)cc2I)c2O)c3nonc3N,CC(=NN=Cc1cc(I)cc(I)c1O)c1nnn(-c2nonc2N)c1C,CO-ADD:0245060,ATCC 25922,11.73,32 ug/mL,0.0
85488,c(c(O)ccc1C(O)=O)(c1)\C=N\c2cccc(Cl)c2Cl,O=C(O)c1ccc(O)c(C=Nc2cccc(Cl)c2Cl)c1,CO-ADD:0232528,ATCC 25922,51.42,32 ug/mL,0.0
85506,C(=C/c(cc1)ccc1C(C)C)(/C2=O)\C(c3ccccc3)=NO2,CC(C)c1ccc(/C=C2\C(=O)ON=C2c2ccccc2)cc1,CO-ADD:0254048,ATCC 25922,-8.09,32 ug/mL,0.0
85546,c12c(cc(cc1[N+](=O)[O-])[N+](=O)[O-])SN(C)C2=O,Cn1sc2cc([N+](=O)[O-])cc([N+](=O)[O-])c2c1=O,CO-ADD:0255580,ATCC 25922,-1.39,32 ug/mL,0.0
85568,N1(CN(CC2C)CC(O2)C)c(cccc3)c3\C(=N\c(ccc(c45)cccc4)c5)\C1=O,CC1CN(CN2C(=O)/C(=N\c3ccc4ccccc4c3)c3ccccc32)CC(C)O1,CO-ADD:0286862,ATCC 25922,9.82,32 ug/mL,0.0
85569,C1(=S)NC(NN1c2ccc(cc2)C)(CC)CC,CCC1(CC)NC(=S)N(c2ccc(C)cc2)N1,CO-ADD:0286878,ATCC 25922,22.03,32 ug/mL,0.0
85573,N(/Nc1ccccc1)=C\c2ccccc2Cl,Clc1ccccc1/C=N/Nc1ccccc1,CO-ADD:0293660,ATCC 25922,4.44,32 ug/mL,0.0
85575,[N+](=O)([O-])\C(\C)=C\c(c1c([nH]2)cccc1)c2,C/C(=C\c1c[nH]c2ccccc12)[N+](=O)[O-],CO-ADD:0292640,ATCC 25922,16.4,32 ug/mL,0.0
85579,N1(c2ccccc2C)C(=O)\C(=C\c(cc3I)cc(c3O)I)\C(NC1=S)=O,Cc1ccccc1N1C(=O)C(=Cc2cc(I)c(O)c(I)c2)C(=O)NC1=S,CO-ADD:0257531,ATCC 25922,2.54,32 ug/mL,0.0
85591,N1(C(C)(C)C)C(=O)NC(\C(=C/c(ccc2[N+](=O)[O-])s2)\C1=O)=O,CC(C)(C)N1C(=O)NC(=O)/C(=C\c2ccc([N+](=O)[O-])s2)C1=O,CO-ADD:0295322,ATCC 25922,7.67,32 ug/mL,0.0
85670,c(no[n+]1[O-])(c12)c3c(c4c2no[n+]4[O-])no[n+]3[O-],[O-][n+]1onc2c1c1no[n+]([O-])c1c1no[n+]([O-])c21,CO-ADD:0295381,ATCC 25922,29.27,32 ug/mL,0.0
85702,C(=C\c(ccc1Br)o1)(/C2=O)\Sc(c23)cccc3,O=C1/C(=C/c2ccc(Br)o2)Sc2ccccc21,CO-ADD:0258635,ATCC 25922,0.87,32 ug/mL,0.0
85704,N1(CN(CC2C)CC(O2)C)N=C(OC1=S)c3ccc(cc3)C,Cc1ccc(-c2nn(CN3CC(C)OC(C)C3)c(=S)o2)cc1,CO-ADD:0283894,ATCC 25922,17.72,32 ug/mL,0.0
85708,C(O)(=O)CCSc1ccccc1,O=C(O)CCSc1ccccc1,CO-ADD:0290682,ATCC 25922,14.59,32 ug/mL,0.0
85822,N(\C(=C/c(ccc(c12)cccc1)c2)\C(O3)=O)=C3c4ccc(cc4)C,C=c1ccc(=c2[nH]/c(=C\c3ccc4ccccc4c3)c(=O)o2)cc1,CO-ADD:0162276,ATCC 25922,5.0,32 ug/mL,0.0
85837,C1(C2=CC3=C(C=C2)NC(C(C=C4)=CC=C4/N=C/C5=CC=CO5)=N3)=NC6=CC(/N=C/C7=CC=CO7)=CC=C6N1,C(=N/c1ccc(-c2nc3cc(-c4nc5cc(/N=C/c6ccco6)ccc5[nH]4)ccc3[nH]2)cc1)\c1ccco1,CO-ADD:0158044,ATCC 25922,2.46,32 ug/mL,0.0
85867,C1(COc(c2O1)cccc2)C(=O)N\N=C\c(ccc3c4ccc(cc4)I)o3,O=C(N/N=C/c1ccc(-c2ccc(I)cc2)o1)C1COc2ccccc2O1,CO-ADD:0163428,ATCC 25922,-2.02,32 ug/mL,0.0
85872,O=C(N/N=C(C)/CC(NC1=C(C)C(Cl)=CC=C1)=O)C(NC2CCCCC2)=O,CC(CC(=O)Nc1cccc(Cl)c1C)=NNC(=O)C(=O)NC1CCCCC1,CO-ADD:0157162,ATCC 25922,-0.85,32 ug/mL,0.0
85880,[O-][N+](C1=C(O)N=C(O)N=C1/C=C\C(C=C2)=CC=C2/C=N/C3=CC=C(N(CC)CC)C=C3)=O,CCN(CC)c1ccc(/N=C/c2ccc(/C=C\c3[nH]c(=O)[nH]c(=O)c3[N+](=O)[O-])cc2)cc1,CO-ADD:0155537,ATCC 25922,16.28,32 ug/mL,0.0
85884,O=C(CCCC(O)=O)NC1=CC=C(C=C1)C2=NC(C=C3)=C(C=C3C)S2,Cc1ccc2nc(-c3ccc(NC(=O)CCCC(=O)O)cc3)sc2c1,CO-ADD:0160178,ATCC 25922,22.72,32 ug/mL,0.0
85946,N1(c2ccc(cc2)OCCC)C(=O)C(CC1=O)NCC(O)c3ccccc3,CCCOc1ccc(-n2c(O)cc(NCC(O)c3ccccc3)c2O)cc1,CO-ADD:0323201,ATCC 25922,2.25,32 ug/mL,0.0
86005,c12c(c(n[nH]1)c3ccc(cc3)F)C(N(c4ccccc4)C2=O)c5ccc(cc5)C,Cc1ccc(C2c3c(-c4ccc(F)cc4)n[nH]c3C(=O)N2c2ccccc2)cc1,CO-ADD:0330965,ATCC 25922,-1.41,32 ug/mL,0.0
86089,F[B-](F)(F)F.CC#[N+][Re]1(C#[O+])(C#[O+])(C#[O+])([N+]2=c(c([N+]1=CC=C3)c3c4c5nc6ccccc6n4)c5=CC=C2),c1ccc2nc3c4cccnc4c4ncccc4c3nc2c1,CO-ADD:0147059,ATCC 25922,-24.27,32 ug/mL,0.0
86094,c1(C(F)(F)F)nc(c2[nH]1)cccc2NC(=O)C(F)(F)F,O=C(Nc1cccc2[nH]c(C(F)(F)F)nc12)C(F)(F)F,CO-ADD:0148994,ATCC 25922,-2.38,32 ug/mL,0.0
86363,CN1C=C(NC(C2=CC=C(/C=C/C3=C(ON4N=NC5=C4C=CC=C5)N=C6C(C=CC=C6)=C3)C=C2)=O)C=C1C(NC7=CN(C)C(C(NCCN8CCOCC8)=O)=C7)=O.OC(C(F)(F)F)=O,Cn1cc(NC(=O)c2cc(NC(=O)c3ccc(/C=C/c4cc5ccccc5nc4On4nnc5ccccc54)cc3)cn2C)cc1C(=O)NCCN1CCOCC1,CO-ADD:0153094,ATCC 25922,-9.93,32 ug/mL,0.0
86444,N1(C(=O)CCC1=O)OC(=O)c(cc2)ccc2c3ccccc3,O=C(On1c(O)ccc1O)c1ccc(-c2ccccc2)cc1,CO-ADD:0244963,ATCC 25922,7.28,32 ug/mL,0.0
86462,[N+](=O)([O-])c(ccc(c1\C=N\NC(Cc2ccccc2)=O)O)c1,O=C(Cc1ccccc1)NN=Cc1cc([N+](=O)[O-])ccc1O,CO-ADD:0244641,ATCC 25922,29.94,32 ug/mL,0.0
86481,B1(O)c2c(CO1)cccc2,OB1OCc2ccccc21,CO-ADD:0256575,ATCC 25922,85.18,32 ug/mL,1.0
86501,N1(c(cc2)ccc2C(C)=O)C(=O)CC(N(C)Cc3ccccc3)C1=O,CC(=O)c1ccc(-n2c(O)cc(N(C)Cc3ccccc3)c2O)cc1,CO-ADD:0257161,ATCC 25922,0.76,32 ug/mL,0.0
86512,C(=C/c1ccc(cc1Cl)Cl)(/C(C)=NN2c3ccccc3)\C2=O,CC1=NN(c2ccccc2)C(=O)/C1=C/c1ccc(Cl)cc1Cl,CO-ADD:0221913,ATCC 25922,1.5,32 ug/mL,0.0
86550,C(=N\NC(CNC(=O)c1ccco1)=O)(/C2=O)\c3c(N2)ccc(c3)[N+](=O)[O-],O=C(C=NC(=O)c1ccco1)NNc1c(O)[nH]c2ccc([N+](=O)[O-])cc12,CO-ADD:0234274,ATCC 25922,81.24,32 ug/mL,1.0
86562,OC[C@H]1CN(C(=O)O1)c2cc(F)c(C3=CCN(Cc4ccccc4)CC3)c(F)c2,O=C1O[C@@H](CO)CN1c1cc(F)c(C2=CCN(Cc3ccccc3)CC2)c(F)c1,CO-ADD:0237403,ATCC 25922,8.75,20 uM,0.0
86563,c1(ccccc1Br)C(=O)N\N=C\c(cc(Cl)cc2Cl)c2OC,COc1c(Cl)cc(Cl)cc1/C=N/NC(=O)c1ccccc1Br,CO-ADD:0219193,ATCC 25922,0.34,32 ug/mL,0.0
86568,c1(\C=N\NC(CNC(=O)c(cc2OC)cc(c2OC)OC)=O)c(cc(cc1[N+](=O)[O-])[N+](=O)[O-])[N+](=O)[O-],COc1cc(C(=O)NCC(=O)N/N=C/c2c([N+](=O)[O-])cc([N+](=O)[O-])cc2[N+](=O)[O-])cc(OC)c1OC,CO-ADD:0222524,ATCC 25922,8.21,32 ug/mL,0.0
86575,c1c(cccc1Oc(cc2)ccc2N)Oc(cc3)ccc3N,Nc1ccc(Oc2cccc(Oc3ccc(N)cc3)c2)cc1,CO-ADD:0220105,ATCC 25922,8.35,32 ug/mL,0.0
86583,c1(\C=N\NC(COc2ccc(cc2Br)OC)=O)c(cccc1Cl)Cl,COc1ccc(OCC(=O)N/N=C/c2c(Cl)cccc2Cl)c(Br)c1,CO-ADD:0222754,ATCC 25922,5.9,32 ug/mL,0.0
86585,n1c(c2ccccc2)cc(cc1c3ccccc3)c4ccc(cc4)OC,COc1ccc(-c2cc(-c3ccccc3)nc(-c3ccccc3)c2)cc1,CO-ADD:0220027,ATCC 25922,5.84,32 ug/mL,0.0
86639,c1(ccc(\C=N\c(cc2)ccc2F)o1)[N+](=O)[O-],O=[N+]([O-])c1ccc(/C=N/c2ccc(F)cc2)o1,CO-ADD:0256956,ATCC 25922,93.81,32 ug/mL,1.0
86682,C(=C\c(ccc1c2cccc(Cl)c2)o1)(/C(=O)NC(N3)=S)\C3=O,O=C1NC(=S)NC(=O)C1=Cc1ccc(-c2cccc(Cl)c2)o1,CO-ADD:0258534,ATCC 25922,3.53,32 ug/mL,0.0
86703,CN1C=C(NC(C2=CC(NC(C3=CC=C(/C=C/C4=CN=C(C=CC=C5)C5=C4)C=C3)=O)=CN2C)=O)C=C1C(NCCN6CCC(OCCOC)CC6)=O,COCCOC1CCN(CCNC(=O)c2cc(NC(=O)c3cc(NC(=O)c4ccc(/C=C/c5cnc6ccccc6c5)cc4)cn3C)cn2C)CC1,CO-ADD:0137591,ATCC 25922,21.44,32 ug/mL,0.0
86728,[N+](=O)([O-])\C(\C)=C\c(cc1OC)cc(c1O)Br,COc1cc(/C=C(\C)[N+](=O)[O-])cc(Br)c1O,CO-ADD:0278570,ATCC 25922,15.75,32 ug/mL,0.0
86755,O=C(NCCC(N)=N)C1=CC(NC(C2=CC(NC(C3=CN=C(C=CC=C4)C4=C3)=N)=CN2C)=O)=CN1C.OC(C(F)(F)F)=O.OC(C(F)(F)F)=O.OC(C(F)(F)F)=O,Cn1cc(NC(=O)c2cc(N=C(N)c3cnc4ccccc4c3)cn2C)cc1C(=O)NCCC(=N)N,CO-ADD:0137561,ATCC 25922,0.38,32 ug/mL,0.0
86809,N1(c2ccc(cc2)OC)C(=O)C(CC1=O)NNC(c(cc3)ccn3)=O,COc1ccc(-n2c(O)cc(NNC(=O)c3ccncc3)c2O)cc1,CO-ADD:0302838,ATCC 25922,-4.45,32 ug/mL,0.0
86964,[N+](=O)([O-])c1ccc(cc1O)\C=N\NC(CNc2cccc(C)c2)=O,Cc1cccc(NCC(=O)NN=Cc2ccc([N+](=O)[O-])c(O)c2)c1,CO-ADD:0220375,ATCC 25922,5.46,32 ug/mL,0.0
86966,N1(CN2CCCCC2)C(=O)\C(\SC1=S)=C\c3cccs3,O=C1/C(=C/c2cccs2)SC(=S)N1CN1CCCCC1,CO-ADD:0222068,ATCC 25922,9.75,32 ug/mL,0.0
86969,c1(Br)c(O)c(cc(Br)c1O)\C=N\c2c(C)cccc2O,Cc1cccc(O)c1N=Cc1cc(Br)c(O)c(Br)c1O,CO-ADD:0222550,ATCC 25922,2.82,32 ug/mL,0.0
86970,c1(O)c(Br)c(\C=N\NC(COc2cccc(Br)c2)=O)cc(Br)c1O,O=C(COc1cccc(Br)c1)NN=Cc1cc(Br)c(O)c(O)c1Br,CO-ADD:0219509,ATCC 25922,29.76,32 ug/mL,0.0
86976,N1(c2ccc(cc2)OCC)C(=O)CC(N(CC3)CCC3C(O)=O)C1=O,CCOc1ccc(-n2c(O)cc(N3CCC(C(=O)O)CC3)c2O)cc1,CO-ADD:0236133,ATCC 25922,7.85,32 ug/mL,0.0
86982,c(cc(Br)cc1Cl)(\C=N\c2ccc(cc2C)C)c1O,Cc1ccc(N=Cc2cc(Br)cc(Cl)c2O)c(C)c1,CO-ADD:0234678,ATCC 25922,21.14,32 ug/mL,0.0
86986,[N+](=O)([O-])c1ccc(cc1)\N=C\c(cc2)ccc2C#Cc3ccccc3,O=[N+]([O-])c1ccc(/N=C/c2ccc(C#Cc3ccccc3)cc2)cc1,CO-ADD:0228007,ATCC 25922,12.4,32 ug/mL,0.0
86987,[N+](=O)([O-])c(cc1)cc(c1NC(=O)c2ccc(cc2)I)C,Cc1cc([N+](=O)[O-])ccc1NC(=O)c1ccc(I)cc1,CO-ADD:0221458,ATCC 25922,16.97,32 ug/mL,0.0
86992,S(c1ccccc1)(=O)(=O)N(c2ccc(cc2)Cl)CC(=O)N\N=C\c3cccc(O)c3O,O=C(CN(c1ccc(Cl)cc1)S(=O)(=O)c1ccccc1)NN=Cc1cccc(O)c1O,CO-ADD:0231347,ATCC 25922,29.94,32 ug/mL,0.0
86993,N1(c2cccc(Cl)c2C)C(=O)C=C(c3ccc(cc3)Cl)C1=O,Cc1c(Cl)cccc1N1C(=O)C=C(c2ccc(Cl)cc2)C1=O,CO-ADD:0227883,ATCC 25922,8.08,32 ug/mL,0.0
87007,[N+](=O)([O-])c(cc(cc1[N+](=O)[O-])C(=O)Oc(cc2)ccc2\C=N\c3ccccc3OC)c1,COc1ccccc1/N=C/c1ccc(OC(=O)c2cc([N+](=O)[O-])cc([N+](=O)[O-])c2)cc1,CO-ADD:0218957,ATCC 25922,15.24,32 ug/mL,0.0
87013,c1(\C=N\NC(CNc2cccc(C)c2)=O)cc(I)ccc1O,Cc1cccc(NCC(=O)NN=Cc2cc(I)ccc2O)c1,CO-ADD:0220311,ATCC 25922,18.68,32 ug/mL,0.0
87037,c1(c(C)n[nH]c1O)C(C(C#N)C#N)c(cccc2[N+](=O)[O-])c2,Cc1[nH][nH]c(=O)c1C(c1cccc([N+](=O)[O-])c1)C(C#N)C#N,CO-ADD:0221109,ATCC 25922,7.43,32 ug/mL,0.0
87039,[N+](=O)([O-])c1ccc(cc1)\C=N\c2c(C)cccc2O,Cc1cccc(O)c1/N=C/c1ccc([N+](=O)[O-])cc1,CO-ADD:0222553,ATCC 25922,-5.79,32 ug/mL,0.0
87057,c1(S2)c(cc(c(OC(=O)NC3CCCCC3)c1Br)Cl)OC2=O,O=C(NC1CCCCC1)Oc1c(Cl)cc2oc(=O)sc2c1Br,CO-ADD:0236088,ATCC 25922,10.08,32 ug/mL,0.0
87070,c1(N(CC2)CCO2)nc(N\N=C\c(cc3)ccc3I)nc(Nc(cc4)ccc4C)n1,Cc1ccc(Nc2nc(N/N=C/c3ccc(I)cc3)nc(N3CCOCC3)n2)cc1,CO-ADD:0220706,ATCC 25922,6.08,32 ug/mL,0.0
87074,S(c1ccccc1)(=O)(=O)N(c2cccc(Br)c2)CC(=O)N\N=C\c(c(O)ccc3[N+](=O)[O-])c3,O=C(CN(c1cccc(Br)c1)S(=O)(=O)c1ccccc1)NN=Cc1cc([N+](=O)[O-])ccc1O,CO-ADD:0253419,ATCC 25922,13.07,32 ug/mL,0.0
87108,[O-][N+](C(C(N=NN1)=C1C(Br)=C2[N+]([O-])=O)=C2Br)=O,O=[N+]([O-])c1c(Br)c([N+](=O)[O-])c2[nH]nnc2c1Br,CO-ADD:0156402,ATCC 25922,11.76,32 ug/mL,0.0
87135,O=S(C1=CC(C(OC2=CC=CC3=CC=CN=C23)=O)=C(Cl)C=C1)(N(CC)CC)=O,CCN(CC)S(=O)(=O)c1ccc(Cl)c(C(=O)Oc2cccc3cccnc23)c1,CO-ADD:0156483,ATCC 25922,0.7,32 ug/mL,0.0
87142,N#CSC(/C=C/C1=CC=CC=C1)=O,N#CSC(=O)/C=C/c1ccccc1,CO-ADD:0159835,ATCC 25922,17.08,32 ug/mL,0.0
87158,n1(c2ccccc2)nc(c(\C=N\NC(=O)c3cccc(F)c3)c1O)C,Cc1[nH]n(-c2ccccc2)c(=O)c1C=NNC(=O)c1cccc(F)c1,CO-ADD:0254331,ATCC 25922,19.15,32 ug/mL,0.0
87174,CC(NC(N=C(CCCC1)C1=C2N)=C2C3C4=CC=CC=C4OC)=C3C(OCC)=O.Cl,CCOC(=O)C1C(C)=Nc2nc3c(c(N)c2C1c1ccccc1OC)CCCC3,CO-ADD:0154374,ATCC 25922,-9.9,32 ug/mL,0.0
87187,N1(c2ccc(cc2Cl)Cl)C(=O)CC(N(CC3)CCN3c4ccccc4)C1=O,Oc1cc(N2CCN(c3ccccc3)CC2)c(O)n1-c1ccc(Cl)cc1Cl,CO-ADD:0162490,ATCC 25922,7.11,32 ug/mL,0.0
87481,c(N)(nn1)nnc1N,Nc1nnc(N)nn1,CO-ADD:0148923,ATCC 25922,3.14,32 ug/mL,0.0
87641,N(C(CCC)Oc(c12)ccc(c1)[N+](=O)[O-])(c(cccc3)c34)C2OC4(c5ccccc5)c6ccccc6,CCCC1Oc2ccc([N+](=O)[O-])cc2C2OC(c3ccccc3)(c3ccccc3)c3ccccc3N12,CO-ADD:0253965,ATCC 25922,-0.83,32 ug/mL,0.0
87658,c(c(Cl)c(C#N)nc1Cl)(S2)c1SC2=O,N#Cc1nc(Cl)c2sc(=O)sc2c1Cl,CO-ADD:0253934,ATCC 25922,80.76,32 ug/mL,1.0
87735,C(F)(F)(F)Oc(cc1)ccc1NN,NNc1ccc(OC(F)(F)F)cc1,CO-ADD:0320550,ATCC 25922,4.79,32 ug/mL,0.0
87807,C(C(O)=O)(=C1)C(=O)c(c2N1C3CC3)cc(c(N(CC4)CCN4C(=S)NC(=O)c5ccc(cc5)Cl)c2)F,O=C(NC(=S)N1CCN(c2cc3c(cc2F)c(=O)c(C(=O)O)cn3C2CC2)CC1)c1ccc(Cl)cc1,CO-ADD:0329413,ATCC 25922,90.32,32 ug/mL,1.0
87830,N1(c2ccc(cc2)Sc(cc3)ccc3N4C(=O)C=CC4=O)C(=O)C=CC1=O,O=C1C=CC(=O)N1c1ccc(Sc2ccc(N3C(=O)C=CC3=O)cc2)cc1,CO-ADD:0259134,ATCC 25922,1.13,32 ug/mL,0.0
87834,O=C(NCCC(N)=N)C1=CC(NC(C2=CC(NC(C3=CC=CC=C3)=O)=CN2C)=O)=CN1C.OC(C(F)(F)F)=O,Cn1cc(NC(=O)c2cc(NC(=O)c3ccccc3)cn2C)cc1C(=O)NCCC(=N)N,CO-ADD:0137594,ATCC 25922,3.04,32 ug/mL,0.0
87838,c1(cc(Br)ccc1NC(=O)c2cccc(OC)c2)C(O)=O,COc1cccc(C(=O)Nc2ccc(Br)cc2C(=O)O)c1,CO-ADD:0258314,ATCC 25922,4.29,32 ug/mL,0.0
87867,n1c2c(oc1c3cccc(c3)\N=C\c(cc(Br)cc4Br)c4O)cccc2C,Cc1cccc2oc(-c3cccc(N=Cc4cc(Br)cc(Br)c4O)c3)nc12,CO-ADD:0217546,ATCC 25922,3.49,32 ug/mL,0.0
87888,c(O)(c(Br)c1)c(Br)cc1C(OC)=O,COC(=O)c1cc(Br)c(O)c(Br)c1,CO-ADD:0217188,ATCC 25922,-3.64,32 ug/mL,0.0
87902,IC1=CC(I)=CC(/C=N/C2=C(C3=CC=CO3)N=C4C=CC(Cl)=CN24)=C1O,Oc1c(I)cc(I)cc1C=Nc1c(-c2ccco2)nc2ccc(Cl)cn12,CO-ADD:0157964,ATCC 25922,27.64,32 ug/mL,0.0
87938,C(=O)(OC(C)(C)C)N(CC1Cn2c(C)cnc2c3ccccc3)C1,Cc1cnc(-c2ccccc2)n1CC1CN(C(=O)OC(C)(C)C)C1,CO-ADD:0288599,ATCC 25922,14.36,32 ug/mL,0.0
87956,N1(c2ccc(cc2Br)Br)C(=O)CC(N3CCC(CC3)O)C1=O,Oc1cc(N2CCC(O)CC2)c(O)n1-c1ccc(Br)cc1Br,CO-ADD:0278918,ATCC 25922,6.46,32 ug/mL,0.0
87994,C(=N\OC(=O)Nc1ccccc1)(/c2c(S3)cccc2)\S3,O=C(Nc1ccccc1)O/N=c1\ssc2ccccc12,CO-ADD:0278370,ATCC 25922,32.59,32 ug/mL,0.0
88016,C1(C)(C(=O)NNc2ccccc2)CC1(Cl)Cl,CC1(C(=O)NNc2ccccc2)CC1(Cl)Cl,CO-ADD:0292360,ATCC 25922,5.06,32 ug/mL,0.0
88068,N1(c2ccccc2)C(c3cccc(OC)c3OCc4ccccc4)N(N=C1C(C)=O)c5ccccc5,COc1cccc(C2N(c3ccccc3)N=C(C(C)=O)N2c2ccccc2)c1OCc1ccccc1,CO-ADD:0301101,ATCC 25922,-10.15,32 ug/mL,0.0
88073,N1(c2ccc(cc2)F)C(c(cc3)ccc3N(CC4)CCO4)N(N=C1C(C)=O)c5ccc(cc5)Cl,CC(=O)C1=NN(c2ccc(Cl)cc2)C(c2ccc(N3CCOCC3)cc2)N1c1ccc(F)cc1,CO-ADD:0302939,ATCC 25922,5.83,32 ug/mL,0.0
88122,CC[C@@H]([C@H](C)O)N1N=CN(C1=O)c2ccc(cc2)N3CCN(CC3)c4ccc(OC[C@@H]5CO[C@](Cn6cncn6)(C5)c7ccc(F)cc7F)cc4,CC[C@@H]([C@H](C)O)n1ncn(-c2ccc(N3CCN(c4ccc(OC[C@@H]5CO[C@@](Cn6cncn6)(c6ccc(F)cc6F)C5)cc4)CC3)cc2)c1=O,CO-ADD:0237168,ATCC 25922,13.96,20 uM,0.0
88129,c1(\C=N\NC(CCC(=O)Nc2cccc(Br)c2)=O)cc(Br)ccc1O,O=C(CCC(=O)Nc1cccc(Br)c1)NN=Cc1cc(Br)ccc1O,CO-ADD:0231083,ATCC 25922,21.53,32 ug/mL,0.0
88147,N1(CNc2cccc(I)c2)C(=O)\C(\SC1=S)=C/c3ccccc3,O=C1/C(=C\c2ccccc2)SC(=S)N1CNc1cccc(I)c1,CO-ADD:0227949,ATCC 25922,8.14,32 ug/mL,0.0
88629,C1(C2=O)C(C(C=C3)OC13CNC(COc4ccccc4)=O)C(N2c(cc5)ccc5[N+](=O)[O-])=O,O=C(COc1ccccc1)NCC12C=CC(O1)c1c2c(O)n(-c2ccc([N+](=O)[O-])cc2)c1O,CO-ADD:0242806,ATCC 25922,2.85,32 ug/mL,0.0
88638,N(c1ccccc1Br)(C(=O)C(C23)C4OC2C=C4)C3=O,Oc1c2c(c(O)n1-c1ccccc1Br)C1C=CC2O1,CO-ADD:0241003,ATCC 25922,9.83,32 ug/mL,0.0
88771,O=C1C(C2=CC=CC=C2)CC3=C(N=C(CCCC4)C4=C3N)N1,Nc1c2c(nc3c1CC(c1ccccc1)C(=O)N3)CCCC2,CO-ADD:0149613,ATCC 25922,19.34,32 ug/mL,0.0
88844,CN1C=C(NC(C(C=C2)=CN=C2/C=C/C3=CC=C(OC)C=C3)=O)C=C1C(NC4=CN(CCCC5=CC=CC=C5)C(C(NCCN6CCCCC6)=O)=C4)=O.OC(C(F)(F)F)=O.OC(C(F)(F)F)=O,COc1ccc(/C=C/c2ccc(C(=O)Nc3cc(C(=O)Nc4cc(C(=O)NCCN5CCCCC5)n(CCCc5ccccc5)c4)n(C)c3)cn2)cc1,CO-ADD:0137611,ATCC 25922,76.98,32 ug/mL,0.0
88845,CN1C=C(NC(C(C=C2)=CC=C2/C=C/C3=CC(C=CC=C4)=C4N=C3)=O)C=C1C(NC5=CN(CCCC6=CC=CC=C6)C(C(NCCN7CCOCC7)=O)=C5)=O.OC(C(F)(F)F)=O.OC(C(F)(F)F)=O,Cn1cc(NC(=O)c2ccc(/C=C/c3cnc4ccccc4c3)cc2)cc1C(=O)Nc1cc(C(=O)NCCN2CCOCC2)n(CCCc2ccccc2)c1,CO-ADD:0137580,ATCC 25922,99.63,32 ug/mL,1.0
88861,CN1C=C(NC(C(C=C2)=CC=C2/C=C/C3=CC(C=CC=C4)=C4N=C3)=O)C=C1C(NC5=CN(CCCC6=CC=CC=C6)C(C(NCCN7CCOCC7)=O)=C5)=O.OC(C(F)(F)F)=O.OC(C(F)(F)F)=O,Cn1cc(NC(=O)c2ccc(/C=C/c3cnc4ccccc4c3)cc2)cc1C(=O)Nc1cc(C(=O)NCCN2CCOCC2)n(CCCc2ccccc2)c1,CO-ADD:0137580,ATCC 25922,5.15,32 ug/mL,0.0
88877,CN1C=C(NC(C(C=C2)=CC=C2/C=C/C3=CC(C=CC=C4)=C4N=C3)=O)C=C1C(NC5=CN(CCCC6=CC=CC=C6)C(C(NCCN7CCOCC7)=O)=C5)=O.OC(C(F)(F)F)=O.OC(C(F)(F)F)=O,Cn1cc(NC(=O)c2ccc(/C=C/c3cnc4ccccc4c3)cc2)cc1C(=O)Nc1cc(C(=O)NCCN2CCOCC2)n(CCCc2ccccc2)c1,CO-ADD:0137608,ATCC 25922,99.63,32 ug/mL,1.0
88893,CN1C=C(NC(C(C=C2)=CC=C2/C=C/C3=CC(C=CC=C4)=C4N=C3)=O)C=C1C(NC5=CN(CCCC6=CC=CC=C6)C(C(NCCN7CCOCC7)=O)=C5)=O.OC(C(F)(F)F)=O.OC(C(F)(F)F)=O,Cn1cc(NC(=O)c2ccc(/C=C/c3cnc4ccccc4c3)cc2)cc1C(=O)Nc1cc(C(=O)NCCN2CCOCC2)n(CCCc2ccccc2)c1,CO-ADD:0137608,ATCC 25922,5.15,32 ug/mL,0.0
88972,C(Oc(cc1)ccc1F)(C(OC)=O)(C(F)(F)F)NC(=O)Nc2sc(c3c2C#N)CCCC3,COC(=O)C(NC(=O)Nc1sc2c(c1C#N)CCCC2)(Oc1ccc(F)cc1)C(F)(F)F,CO-ADD:0284826,ATCC 25922,2.64,32 ug/mL,0.0
88994,c1(N)c(Cl)cc(cc1Cl)NC(=O)\C=C\C(O)=O,Nc1c(Cl)cc(NC(=O)/C=C/C(=O)O)cc1Cl,CO-ADD:0293764,ATCC 25922,6.2,32 ug/mL,0.0
89034,c12c(n(c(Sc3nc(c4n3Cc5ccccc5)cccc4)n1)C)C(N(C)C(=O)N2C)=O,Cn1c(=O)c2c(nc(Sc3nc4ccccc4n3Cc3ccccc3)n2C)n(C)c1=O,CO-ADD:0285333,ATCC 25922,10.74,32 ug/mL,0.0
89202,N1(c2ccc(cn2)Br)C(=O)c3c(c(c4)C1=O)c(ccc3)c(c4[N+](=O)[O-])Br,O=C1c2cccc3c(Br)c([N+](=O)[O-])cc(c23)C(=O)N1c1ccc(Br)cn1,CO-ADD:0166781,ATCC 25922,7.4,80 ug/mL,0.0
89203,c1(c2c(cccc2)ccc1OC(=O)c3ccc(cc3)Br)\C=N\c4ccccc4C,Cc1ccccc1/N=C/c1c(OC(=O)c2ccc(Br)cc2)ccc2ccccc12,CO-ADD:0165945,ATCC 25922,9.77,80 ug/mL,0.0
89212,C(=O)(c1ccc(cc1)F)Nc(cccc2C(=O)N\N=C\c3ccc(cc3OC)OC)c2,COc1ccc(/C=N/NC(=O)c2cccc(NC(=O)c3ccc(F)cc3)c2)c(OC)c1,CO-ADD:0219461,ATCC 25922,2.87,32 ug/mL,0.0
89214,c(cc(Cl)cc1I)(\C=N\c2cc(CC)ccc2O)c1O,CCc1ccc(O)c(N=Cc2cc(Cl)cc(I)c2O)c1,CO-ADD:0227209,ATCC 25922,40.67,32 ug/mL,0.0
89220,n1c2c([nH]c1c3ccccc3)ccc(c2)\N=C\c(cccc4[N+](=O)[O-])c4,O=[N+]([O-])c1cccc(/C=N/c2ccc3[nH]c(-c4ccccc4)nc3c2)c1,CO-ADD:0220221,ATCC 25922,4.8,32 ug/mL,0.0
89222,N(/c1ccccc1O)=C\c2ccc(cc2O)O,Oc1ccc(C=Nc2ccccc2O)c(O)c1,CO-ADD:0233621,ATCC 25922,11.41,32 ug/mL,0.0
89224,c1(Br)c(Br)c(\C=N\NC(COc2ccc(cc2OC)Br)=O)cc(O)c1O,COc1cc(Br)ccc1OCC(=O)NN=Cc1cc(O)c(O)c(Br)c1Br,CO-ADD:0221065,ATCC 25922,24.04,32 ug/mL,0.0
89234,n(C(C)=O)(c1c(c2\C=C(\c(cc3)ccn3)/c4ccc(cc4)Cl)cccc1)c2.OC(C(F)(F)F)=O,CC(=O)n1cc(/C=C(/c2ccncc2)c2ccc(Cl)cc2)c2ccccc21,CO-ADD:0221672,ATCC 25922,14.88,32 ug/mL,0.0
89254,Cc1cc(NC(=O)c2ccc(Oc3ccc(Cl)cc3O)o2)no1,Cc1cc(NC(=O)c2ccc(Oc3ccc(Cl)cc3O)o2)no1,CO-ADD:0237276,ATCC 25922,24.1,20 uM,0.0
89255,Clc1ccc(s1)C(=O)Nc2oc(nn2)c3ccc(Cl)s3,O=C(Nc1nnc(-c2ccc(Cl)s2)o1)c1ccc(Cl)s1,CO-ADD:0237044,ATCC 25922,11.41,20 uM,0.0
89260,[N+](=O)([O-])c1cc(ccc1OC(=O)c2cccc(C)c2)\C=N\c3ccccc3,Cc1cccc(C(=O)Oc2ccc(/C=N/c3ccccc3)cc2[N+](=O)[O-])c1,CO-ADD:0231591,ATCC 25922,8.96,32 ug/mL,0.0
89265,C(=O)(N\N=C\C=C(/O)\c1ccc(cc1)C)c2ccc(cc2)O,Cc1ccc(C(=O)CC=NNC(=O)c2ccc(O)cc2)cc1,CO-ADD:0219372,ATCC 25922,6.06,32 ug/mL,0.0
89280,c1(Br)c(Cl)c(Br)cc(Br)c1OCC(=O)N\N=C\c2cccc(OC)c2,COc1cccc(/C=N/NC(=O)COc2c(Br)cc(Br)c(Cl)c2Br)c1,CO-ADD:0220492,ATCC 25922,-2.07,32 ug/mL,0.0
89304,C(C#Cc1ccccc1)(C2=C(CCCC2=O)O)C3=C(CCCC3=O)O,O=C1CCCC(=O)C1C(C#Cc1ccccc1)C1C(=O)CCCC1=O,CO-ADD:0321192,ATCC 25922,4.03,32 ug/mL,0.0
89307,N1(c2cccc(c2)[N+](=O)[O-])C(=O)c3c(c4C1=O)c(ccc3)ccc4,O=C1c2cccc3cccc(c23)C(=O)N1c1cccc([N+](=O)[O-])c1,CO-ADD:0311237,ATCC 25922,-0.2,32 ug/mL,0.0
89340,S(=O)(=O)(Nc1c(Cl)cc(c(Cl)c1)Cl)c2c(Cl)cc(c(Cl)c2)Cl,O=S(=O)(Nc1cc(Cl)c(Cl)cc1Cl)c1cc(Cl)c(Cl)cc1Cl,CO-ADD:0305601,ATCC 25922,23.98,32 ug/mL,0.0
89375,[nH]1c(C)c(c(c(ccc2Cl)Cl)c12)CCN,Cc1[nH]c2c(Cl)ccc(Cl)c2c1CCN,CO-ADD:0320560,ATCC 25922,89.55,32 ug/mL,1.0
89387,[nH](c(ccc(c1)OC)c1c2CCNCCC3=C(C)CCCC3(C)C)c2C,COc1ccc2[nH]c(C)c(CCNCCC3=C(C)CCCC3(C)C)c2c1,CO-ADD:0327736,ATCC 25922,32.99,32 ug/mL,0.0
89481,N12[C@@]([H])(CSC1c3ccc(cc3)OC)C(N(c(cc4)ccc4C(OCC)=O)C2=S)=O,CCOC(=O)c1ccc(-n2c(O)c3n(c2=S)C(c2ccc(OC)cc2)SC3)cc1,CO-ADD:0331107,ATCC 25922,1.07,32 ug/mL,0.0
89486,c1(c(Cl)ccc(c1)S(CC)(=O)=O)[N+](=O)[O-],CCS(=O)(=O)c1ccc(Cl)c([N+](=O)[O-])c1,CO-ADD:0332517,ATCC 25922,3.03,32 ug/mL,0.0
89522,N1(CNc2cccc(Cl)c2)C(=O)\C(\NC1=S)=C/c3ccccc3,O=C1C(Cc2ccccc2)=NC(=S)N1CNc1cccc(Cl)c1,CO-ADD:0221879,ATCC 25922,6.39,32 ug/mL,0.0
89530,n1c(ccc(c2)\N=C\c(cccc3[N+](=O)[O-])c3O)c2oc1c(cc4)ccc4C(C)(C)C,CC(C)(C)c1ccc(-c2nc3ccc(N=Cc4cccc([N+](=O)[O-])c4O)cc3o2)cc1,CO-ADD:0222150,ATCC 25922,9.11,32 ug/mL,0.0
89554,C1(Nc(c(Nc(cc2)ccc2C(F)(F)F)n3)nc(c34)non4)=C(C)N(N(c5ccccc5)C1=O)C,Cc1c(Nc2nc3nonc3nc2Nc2ccc(C(F)(F)F)cc2)c(=O)n(-c2ccccc2)n1C,CO-ADD:0166738,ATCC 25922,8.12,80 ug/mL,0.0
89639,BrC1=C(Br)NC(Br)=N1,Brc1nc(Br)c(Br)[nH]1,CO-ADD:0154548,ATCC 25922,17.68,32 ug/mL,0.0
89655,O=Cl(=O)([O-])=O.O=Cl(=O)([O-])=O.O=C(C1=CC=C(C2=CC=CC3=C12)N4N=[N+]5C(C[N+]67CC[N+]8(CCC[N+]9%10CC%11=CN(N=[N+]%11[Cu]8695[N+]([H])(CCC7)CC%10)C%12=CC=C(C%13=C(C%14=O)C=CC=C%13%12)C(N%14CC)=O)[H])=C4)N(C3=O)CC.O,CCN1C(=O)c2cccc3c(-n4cc(CN5CCCNCCN(Cc6cn(-c7ccc8c9c(cccc79)C(=O)N(CC)C8=O)nn6)CCCNCC5)nn4)ccc(c23)C1=O,CO-ADD:0159672,ATCC 25922,18.49,32 ug/mL,0.0
89739,C(=O)(Nc(cc1)ccc1Cl)Nc(ccc(c2Cl)Cl)c2,O=C(Nc1ccc(Cl)cc1)Nc1ccc(Cl)c(Cl)c1,CO-ADD:0162731,ATCC 25922,16.1,32 ug/mL,0.0
89872,c(c(\C=C/c1ccccc1Cl)nc(n2)O)([N+](=O)[O-])c2O,O=c1[nH]c(/C=C\c2ccccc2Cl)c([N+](=O)[O-])c(=O)[nH]1,CO-ADD:0162545,ATCC 25922,18.74,32 ug/mL,0.0
89880,CC1=C(C(C2=CC=CC=C2)C(C#N)=C(N)O1)C(OC(C)(C)C)=O,CC1=C(C(=O)OC(C)(C)C)C(c2ccccc2)C(C#N)C(=N)O1,CO-ADD:0149810,ATCC 25922,-33.95,32 ug/mL,0.0
89936,C1(\C(\Br)=C\c2ccccc2)OC(CC)(CC)c3c(cccc3)N1,CCC1(CC)OC(/C(Br)=C/c2ccccc2)Nc2ccccc21,CO-ADD:0230014,ATCC 25922,97.83,32 ug/mL,1.0
89944,C(=C\c(ccc(c12)OCO1)c2)(/c3c4cccc3)\c5c4ccc(C(CCCCN6CCCCC6)=O)c5,O=C(CCCCN1CCCCC1)c1ccc2c(c1)/C(=C\c1ccc3c(c1)OCO3)c1ccccc1-2,CO-ADD:0228956,ATCC 25922,9.84,32 ug/mL,0.0
89968,c(\C=N\c1c(Cl)ccc(Cl)c1)(c(C)c2Cl)c(O)c(c2C)Br,Cc1c(Cl)c(C)c(C=Nc2cc(Cl)ccc2Cl)c(O)c1Br,CO-ADD:0232003,ATCC 25922,22.41,32 ug/mL,0.0
89996,S(c1ccccc1)(=O)(=O)N(c(cc2)ccc2[N+](=O)[O-])CC(=O)N\N=C(/CC3)\CCN3C,CN1CCC(=NNC(=O)CN(c2ccc([N+](=O)[O-])cc2)S(=O)(=O)c2ccccc2)CC1,CO-ADD:0258668,ATCC 25922,6.3,32 ug/mL,0.0
90020,N1(c2cccc(Cl)c2)C(=O)C(CC1=O)SCC(N)C(OCC)=O.Cl,CCOC(=O)C(N)CSc1cc(O)n(-c2cccc(Cl)c2)c1O,CO-ADD:0285220,ATCC 25922,1.96,32 ug/mL,0.0
90057,C1(=N2)N(c3c(cccc3)N1CCN4CCCCC4)\C(\C2=O)=C/c(ccc5[N+](=O)[O-])o5,O=C1N=C2N(CCN3CCCCC3)c3ccccc3N2/C1=C\c1ccc([N+](=O)[O-])o1,CO-ADD:0285661,ATCC 25922,29.2,32 ug/mL,0.0
90101,C(/C#N)(\C(OC)=O)=C(/Nc(ccc(c1Cl)F)c1)\C(F)(F)F,COC(=O)C(C#N)C(=Nc1ccc(F)c(Cl)c1)C(F)(F)F,CO-ADD:0293450,ATCC 25922,8.8,32 ug/mL,0.0
90118,n1c(c2ccc(C(C(OC)=C3N)=O)c(C3=O)n2)c(N)c(c4ccc(OC)c(OC)c4O)c(C)c1C(O)=O,COc1ccc(-c2c(C)c(C(=O)O)nc(-c3ccc4c(n3)C(=O)C(=N)C(OC)C4=O)c2N)c(O)c1OC,CO-ADD:0137197,ATCC 25922,102.37,25 uM,1.0
90205,C1(COc(c2O1)cccc2)C(=O)N\N=C\c(cccc3OC(=O)c4cccc(F)c4)c3,O=C(Oc1cccc(/C=N/NC(=O)C2COc3ccccc3O2)c1)c1cccc(F)c1,CO-ADD:0231547,ATCC 25922,4.72,32 ug/mL,0.0
90475,C(=C/c(cc1)ccc1C(O)=O)(/C2=O)\C(c3ccccc3)=NO2,O=C1ON=C(c2ccccc2)/C1=C/c1ccc(C(=O)O)cc1,CO-ADD:0234436,ATCC 25922,8.58,32 ug/mL,0.0
90489,[N+](=O)([O-])c(ccc(c1\C=N\NC(CCC(=O)Nc2cccc(Cl)c2C)=O)O)c1,Cc1c(Cl)cccc1NC(=O)CCC(=O)NN=Cc1cc([N+](=O)[O-])ccc1O,CO-ADD:0219437,ATCC 25922,16.9,32 ug/mL,0.0
90490,C(C#N)(C1c2ccc(cc2)CC)=C(N)OC(CCCC3=O)=C13,CCc1ccc(C2C(C#N)C(=N)OC3=CCCC(=O)C32)cc1,CO-ADD:0166669,ATCC 25922,7.48,80 ug/mL,0.0
90494,C(=O)([O-])\C=C\c(cc1)ccc1OC(C)C,CC(C)Oc1ccc(/C=C/C(=O)O)cc1,CO-ADD:0222596,ATCC 25922,2.91,32 ug/mL,0.0
90496,C(COc1ccc(cc1OC)Br)(=O)N\N=C\c2ccc(cc2O)C,COc1cc(Br)ccc1OCC(=O)NN=Cc1ccc(C)cc1O,CO-ADD:0221010,ATCC 25922,19.28,32 ug/mL,0.0
90501,N(=C1c2ccc(cc2)I)\C(\C(O1)=O)=C/c3c(OCC)ccc(cccc4)c34,CCOc1ccc2ccccc2c1/C=C1\N=C(c2ccc(I)cc2)OC1=O,CO-ADD:0220265,ATCC 25922,11.91,32 ug/mL,0.0
90505,Nc1nc(cs1)C(=N\O)\C(=O)N[C@H]1[C@H]2SCC(C=C)=C(N2C1=O)C(O)=O,C=CC1=C(C(=O)O)N2C(=O)C(NC(=O)C(=NO)c3csc(N)n3)[C@H]2SC1,CO-ADD:0164880,ATCC 25922,93.71,20 uM,1.0
90511,c(cc(I)cc1I)(\C=N\c2cccc(F)c2)c1O,Oc1c(I)cc(I)cc1C=Nc1cccc(F)c1,CO-ADD:0219248,ATCC 25922,42.92,32 ug/mL,0.0
90513,C(CSCc1ccccc1Cl)(=O)N\N=C\c2cccc(Cl)c2,O=C(CSCc1ccccc1Cl)N/N=C/c1cccc(Cl)c1,CO-ADD:0166397,ATCC 25922,3.72,80 ug/mL,0.0
90527,N1(c2ccc(cc2)Cl)C(=O)\C(\C(C)=N1)=C\NNC(=O)c3ccc(cc3)Br,Cc1[nH]n(-c2ccc(Cl)cc2)c(=O)c1C=NNC(=O)c1ccc(Br)cc1,CO-ADD:0215139,ATCC 25922,23.91,32 ug/mL,0.0
90544,C(CNc1ccccc1C)(=O)N\N=C\C(\Br)=C\c2ccccc2,Cc1ccccc1N=CC(=O)NNC=C(Br)Cc1ccccc1,CO-ADD:0220320,ATCC 25922,-4.6,32 ug/mL,0.0
90548,S(=O)(=O)(Nc(cc1)ccc1I)c2ccc(c3c2)cccc3,O=S(=O)(Nc1ccc(I)cc1)c1ccc2ccccc2c1,CO-ADD:0166252,ATCC 25922,13.56,80 ug/mL,0.0
90552,S(=O)(=O)(c(ccc(c1C(=O)Nc(cc2)ccc2Cl)Cl)c1)Nc3ccccc3OC,COc1ccccc1NS(=O)(=O)c1ccc(Cl)c(C(=O)Nc2ccc(Cl)cc2)c1,CO-ADD:0222008,ATCC 25922,7.69,32 ug/mL,0.0
90553,C(=O)(Nc(ccc(c12)OCO1)c2)c3cccs3,O=C(Nc1ccc2c(c1)OCO2)c1cccs1,CO-ADD:0166274,ATCC 25922,22.91,80 ug/mL,0.0
90571,CN(C)[C@H]1[C@@H]2C[C@@H]3Cc4c(ccc(O)c4C(O)=C3C(=O)[C@]2(O)C(O)=C(C(N)=O)C1=O)N(C)C.Cl,CN(C)c1ccc(O)c2c1C[C@H]1C[C@H]3C(N(C)C)C(=O)C(C(N)=O)C(=O)[C@@]3(O)C(=O)C1C2=O,CO-ADD:0165032,ATCC 25922,94.28,20 uM,1.0
90573,c1(Cl)c(Cl)ccc(c1)\N=C\c(cc2)ccc2OCc3ccccc3,Clc1ccc(/N=C/c2ccc(OCc3ccccc3)cc2)cc1Cl,CO-ADD:0219759,ATCC 25922,-5.77,32 ug/mL,0.0
90579,C(CSCc(cc1)ccc1Cl)(=O)N\N=C\c2ccccc2Cl,O=C(CSCc1ccc(Cl)cc1)N/N=C/c1ccccc1Cl,CO-ADD:0219745,ATCC 25922,3.03,32 ug/mL,0.0
90585,N1(SCCCC)C(=O)c2c(cccc2)C1=O,CCCCSN1C(=O)c2ccccc2C1=O,CO-ADD:0217645,ATCC 25922,7.32,32 ug/mL,0.0
90694,N1(CNc2cccc(Br)c2)C(=O)\C(\SC1=S)=C/c3ccccc3Br,O=C1/C(=C\c2ccccc2Br)SC(=S)N1CNc1cccc(Br)c1,CO-ADD:0231980,ATCC 25922,10.24,32 ug/mL,0.0
90710,N1(CNc2cccc(F)c2)C(=O)\C(\SC1=S)=C/c(cc3)ccc3C(C)C,CC(C)c1ccc(/C=C2/SC(=S)N(CNc3cccc(F)c3)C2=O)cc1,CO-ADD:0231969,ATCC 25922,5.83,32 ug/mL,0.0
90723,S1(=O)(=O)c2c(C(N(CC)CC)=N1)ccc(c2)[N+](=O)[O-],CCN(CC)C1=NS(=O)(=O)c2cc([N+](=O)[O-])ccc21,CO-ADD:0228181,ATCC 25922,7.49,32 ug/mL,0.0
90725,O=C(C(C=C1)=CC=C1OC)OC(C=C2)=CC=C2/C=N/C3=C(C(OCC)=O)C(CCCC4)=C4S3,CCOC(=O)c1c(/N=C/c2ccc(OC(=O)c3ccc(OC)cc3)cc2)sc2c1CCCC2,CO-ADD:0155514,ATCC 25922,8.21,32 ug/mL,0.0
90739,[O-]C1=N[N+](C(C=C2)=CC=C2Br)=NO1,O=C1NN(c2ccc(Br)cc2)NO1,CO-ADD:0156481,ATCC 25922,3.71,32 ug/mL,0.0
90753,O=C(C[N+]1=CC=C(C2=CC=[N+](C=C2)CC(C3CC3)=O)C=C1)C4CC4,O=C(C[n+]1ccc(-c2cc[n+](CC(=O)C3CC3)cc2)cc1)C1CC1,CO-ADD:0154987,ATCC 25922,1.91,32 ug/mL,0.0
90971,C1(C#N)=C(N)Oc2c(ccc(c2)O)C1c3cccc(OC)c3,COc1cccc(C2c3ccc(O)cc3OC(=N)C2C#N)c1,CO-ADD:0148883,ATCC 25922,-10.08,32 ug/mL,0.0
90993,C(/C1=O)(\Sc(c12)cccc2)=C\N(c3cccc(C)c3)C(C)=O,CC(=O)N(/C=C1\Sc2ccccc2C1=O)c1cccc(C)c1,CO-ADD:0240544,ATCC 25922,3.03,32 ug/mL,0.0
91009,C1(C(=O)N\N=C\c(ccc2[N+](=O)[O-])s2)CC1c3ccccc3,O=C(N/N=C/c1ccc([N+](=O)[O-])s1)C1CC1c1ccccc1,CO-ADD:0240191,ATCC 25922,8.52,32 ug/mL,0.0
91094,c(Sc(cc1)ccc1Cl)(c(F)c(F)nc2N(CC3)CCN3)c2F,Fc1nc(N2CCNCC2)c(F)c(Sc2ccc(Cl)cc2)c1F,CO-ADD:0323275,ATCC 25922,89.6,32 ug/mL,1.0
91099,N(CC(OC)=O)(Sc(c12)cc(cc1[N+](=O)[O-])[N+](=O)[O-])C2=O,COC(=O)Cn1sc2cc([N+](=O)[O-])cc([N+](=O)[O-])c2c1=O,CO-ADD:0306054,ATCC 25922,4.27,32 ug/mL,0.0
91171,c(c1CCCC2)(n3cc1c4ccc(cc4)F)n2c(n3)c5ccccc5,Fc1ccc(-c2cn3nc(-c4ccccc4)n4c3c2CCCC4)cc1,CO-ADD:0331393,ATCC 25922,-1.93,32 ug/mL,0.0
91274,C(c1ccccc1)(c2ccccc2)CC(C)NC(C)CC(c3ccccc3)c4ccccc4.Cl,CC(CC(c1ccccc1)c1ccccc1)NC(C)CC(c1ccccc1)c1ccccc1,CO-ADD:0228898,ATCC 25922,17.02,32 ug/mL,0.0
91441,c1(c(Br)cc(c(\N=C\c(cc(Br)cc2Br)c2O)c1Br)Br)[N+](=O)[O-],O=[N+]([O-])c1c(Br)cc(Br)c(N=Cc2cc(Br)cc(Br)c2O)c1Br,CO-ADD:0215703,ATCC 25922,12.11,32 ug/mL,0.0
91512,N1(c(ccc(c2C(O)=O)Cl)c2)C(=O)C3C(C1=O)C4(C(=O)C3(c5ccccc5)C(=C4c6ccccc6)c7ccccc7)c8ccccc8,O=C(O)c1cc(-n2c(O)c3c(c2O)C2(c4ccccc4)C(=O)C3(c3ccccc3)C(c3ccccc3)=C2c2ccccc2)ccc1Cl,CO-ADD:0258382,ATCC 25922,-72.86,32 ug/mL,0.0
91516,C(=C/Nc(ccc(c1C(O)=O)Cl)c1)(/C2=O)\C(=O)NC(=S)N2,O=C(O)c1cc(N=Cc2c(O)[nH]c(=S)[nH]c2=O)ccc1Cl,CO-ADD:0215103,ATCC 25922,13.26,32 ug/mL,0.0
91519,N1=C(c2ccc(cc2)OC)CC(c3ccccc3)N1c4ccccc4,COc1ccc(C2=NN(c3ccccc3)C(c3ccccc3)C2)cc1,CO-ADD:0215251,ATCC 25922,-2.95,32 ug/mL,0.0
91535,COc1cc2nc(nc(N)c2cc1OC)N1CCN(CC1)C(=O)c1ccco1.O.Cl,COc1cc2nc(N3CCN(C(=O)c4ccco4)CC3)nc(N)c2cc1OC,CO-ADD:0164935,ATCC 25922,4.23,20 uM,0.0
91592,[N+](=O)([O-])c(cccc1C2SCC(C(O)=O)N2)c1,O=C(O)C1CSC(c2cccc([N+](=O)[O-])c2)N1,CO-ADD:0295519,ATCC 25922,4.71,32 ug/mL,0.0
91664,[O-][N+](C(N=C1)=NN1CC(N/N=C/C2=C(O)C=CC3=C2C=CC=C3)=O)=O,O=C(Cn1cnc([N+](=O)[O-])n1)NN=Cc1c(O)ccc2ccccc12,CO-ADD:0155478,ATCC 25922,23.37,32 ug/mL,0.0
91669,ClC1=CC(Cl)=CC(/C=N/C2=C(O)C=CC(C)=C2)=C1O,Cc1ccc(O)c(N=Cc2cc(Cl)cc(Cl)c2O)c1,CO-ADD:0156431,ATCC 25922,12.71,32 ug/mL,0.0
91674,[O-][N+](C(C=C1Br)=CC(/C=N\NC(/C(NC(C2=CC=CC=C2)=O)=C\C3=CC=C(C=C3)N(CC)CC)=O)=C1O)=O,CCN(CC)c1ccc(CC(=NC(=O)c2ccccc2)C(=O)NN=Cc2cc([N+](=O)[O-])cc(Br)c2O)cc1,CO-ADD:0157179,ATCC 25922,20.35,32 ug/mL,0.0
91705,O=C(CCl)NC1=NC=CS1,O=C(CCl)Nc1nccs1,CO-ADD:0160470,ATCC 25922,45.71,32 ug/mL,0.0
91718,N1(CCCCCC1)CCC(=O)c2ccc(cc2)OCCC.Cl,CCCOc1ccc(C(=O)CCN2CCCCCC2)cc1,CO-ADD:0305359,ATCC 25922,-7.3,32 ug/mL,0.0
91719,c1(c(C)non1)C(=O)N\N=C\c(cc(Cl)cc2Cl)c2O,Cc1nonc1C(=O)NN=Cc1cc(Cl)cc(Cl)c1O,CO-ADD:0302554,ATCC 25922,37.67,32 ug/mL,0.0
91745,N(N)c(cc1)ccc1CC.Cl,CCc1ccc(NN)cc1,CO-ADD:0304893,ATCC 25922,-6.51,32 ug/mL,0.0
91763,O=S(N1CCOCC1)(C2=CC=C(C(C(OC3=C4N=CC=CC4=CC=C3)=O)=C2)Cl)=O,O=C(Oc1cccc2cccnc12)c1cc(S(=O)(=O)N2CCOCC2)ccc1Cl,CO-ADD:0156319,ATCC 25922,-7.34,32 ug/mL,0.0
91774,BrC1=CC(Cl)=CC(/C=N/C2=CC=C(C=C2)C3=NC4=CC=CC=C4O3)=C1O,Oc1c(Br)cc(Cl)cc1C=Nc1ccc(-c2nc3ccccc3o2)cc1,CO-ADD:0158520,ATCC 25922,26.38,32 ug/mL,0.0
91777,S(=O)(=O)(c1ccc(cc1)OC(=O)Nc2ccc(cc2[N+](=O)[O-])C)c3ccc(cc3)OC(=O)Nc4ccc(cc4[N+](=O)[O-])C,Cc1ccc(NC(=O)Oc2ccc(S(=O)(=O)c3ccc(OC(=O)Nc4ccc(C)cc4[N+](=O)[O-])cc3)cc2)c([N+](=O)[O-])c1,CO-ADD:0163161,ATCC 25922,-6.05,32 ug/mL,0.0
92985,c1(cc(cc(SCC(OC)=O)c1C#N)[N+](=O)[O-])[N+](=O)[O-],COC(=O)CSc1cc([N+](=O)[O-])cc([N+](=O)[O-])c1C#N,CO-ADD:0285732,ATCC 25922,18.42,32 ug/mL,0.0
93013,n(CC(=C1C)C)(c2CCCCC)c1cc3c2c(C)c(n3)C(OCC)=O,CCCCC=C1c2c([nH]c(C(=O)OCC)c2C)C=C2C(C)=C(C)CN21,CO-ADD:0278083,ATCC 25922,13.15,32 ug/mL,0.0
93035,C(/C(c1ccccc1)=O)=C\c2ccco2,O=C(/C=C/c1ccco1)c1ccccc1,CO-ADD:0283492,ATCC 25922,8.81,32 ug/mL,0.0
93071,[N+](=O)([O-])c(cc1)ccc1N(CC2C)CC(O2)C,CC1CN(c2ccc([N+](=O)[O-])cc2)CC(C)O1,CO-ADD:0287230,ATCC 25922,16.41,32 ug/mL,0.0
93072,c1(cc(C#N)c(cc1Nc(cc2)ccc2Oc(cc3)ccc3Cl)C#N)[N+](=O)[O-],N#Cc1cc(Nc2ccc(Oc3ccc(Cl)cc3)cc2)c([N+](=O)[O-])cc1C#N,CO-ADD:0299557,ATCC 25922,19.41,32 ug/mL,0.0
93103,c1(Cl)c(Cl)ccc(c1)NNC(C)=O,CC(=O)NNc1ccc(Cl)c(Cl)c1,CO-ADD:0299505,ATCC 25922,14.88,32 ug/mL,0.0
93114,c1(c2c(sc1NC(=O)C(F)(F)F)CCCCC2)C(=O)Nc3ccccc3C,Cc1ccccc1NC(=O)c1c(NC(=O)C(F)(F)F)sc2c1CCCCC2,CO-ADD:0293488,ATCC 25922,2.26,32 ug/mL,0.0
93203,O=C1C(=C(C(O)=O)N([H])C(=O)N1[H])F,O=C(O)c1[nH]c(=O)[nH]c(=O)c1F,CO-ADD:0135626,ATCC 25922,-13.81,25 uM,0.0
93206,c(\C(\Cl)=N\O)(c(Cl)c(c(OCO1)c12)OC)c2Cl,COc1c(Cl)c(C(Cl)=NO)c(Cl)c2c1OCO2,CO-ADD:0243038,ATCC 25922,-5.95,32 ug/mL,0.0
93285,N1(c2cccc(Cl)c2)C(=O)CC(N(CC3)CCC3C(N)=O)C1=O,NC(=O)C1CCN(c2cc(O)n(-c3cccc(Cl)c3)c2O)CC1,CO-ADD:0236309,ATCC 25922,8.09,32 ug/mL,0.0
93292,N1(c2ccc(cc2C)C)C(=O)CC(N(CC3)CCN3c4ccccc4)C1=O,Cc1ccc(-n2c(O)cc(N3CCN(c4ccccc4)CC3)c2O)c(C)c1,CO-ADD:0236840,ATCC 25922,9.52,32 ug/mL,0.0
93294,[N+](=O)([O-])c1c(Cl)ccc(c1)NC(=O)c(cc2)ccc2[N+](=O)[O-],O=C(Nc1ccc(Cl)c([N+](=O)[O-])c1)c1ccc([N+](=O)[O-])cc1,CO-ADD:0220112,ATCC 25922,-0.14,32 ug/mL,0.0
93296,C(=O)(c1cccs1)Nc2cccc(Cl)c2C,Cc1c(Cl)cccc1NC(=O)c1cccs1,CO-ADD:0166275,ATCC 25922,17.04,80 ug/mL,0.0
93304,c(\C=N\NC(CNC(=O)c(cc1OC)cc(c1OC)OC)=O)(cc(I)cc2I)c2O,COc1cc(C(=O)NCC(=O)NN=Cc2cc(I)cc(I)c2O)cc(OC)c1OC,CO-ADD:0166110,ATCC 25922,11.5,80 ug/mL,0.0
93305,N1(CNc2ccccc2)C(=O)\C(\SC1=O)=C\c(cc3)ccc3C(OC)=O,COC(=O)c1ccc(/C=C2\SC(=O)N(CNc3ccccc3)C2=O)cc1,CO-ADD:0166456,ATCC 25922,-3.68,80 ug/mL,0.0
93307,c1(O)c(Br)c(\C=N\NC(CNc2cccc(C)c2)=O)cc(Br)c1O,Cc1cccc(NCC(=O)NN=Cc2cc(Br)c(O)c(O)c2Br)c1,CO-ADD:0220776,ATCC 25922,16.58,32 ug/mL,0.0
93325,[n+]1(C)c(\C=C\C=C(/C(C)(C)c(c23)cccc2)\N3C)cc(cc1c4ccc(cc4)Cl)c5ccc(cc5)Cl,CN1/C(=C/C=C/c2cc(-c3ccc(Cl)cc3)cc(-c3ccc(Cl)cc3)[n+]2C)C(C)(C)c2ccccc21,CO-ADD:0234368,ATCC 25922,48.58,32 ug/mL,0.0
93326,N1(CN2CCCCC2)N=C(OC1=S)c3ccccc3,S=c1oc(-c2ccccc2)nn1CN1CCCCC1,CO-ADD:0227886,ATCC 25922,6.07,32 ug/mL,0.0
93349,c1(cc(c(SCC)s1)C=O)[N+](=O)[O-],CCSc1sc([N+](=O)[O-])cc1C=O,CO-ADD:0221296,ATCC 25922,10.41,32 ug/mL,0.0
93367,N1(c2cccc(Br)c2)C(=O)CC(N(CC3)CCN3c4ncccn4)C1=O,Oc1cc(N2CCN(c3ncccn3)CC2)c(O)n1-c1cccc(Br)c1,CO-ADD:0221324,ATCC 25922,11.53,32 ug/mL,0.0
93368,n1(CC(=O)N\N=C\c(c2)c(N3CCCCC3)cc(N4CCCCC4)c2[N+](=O)[O-])nnnc1c5ccccc5,O=C(Cn1nnnc1-c1ccccc1)N/N=C/c1cc([N+](=O)[O-])c(N2CCCCC2)cc1N1CCCCC1,CO-ADD:0234500,ATCC 25922,0.61,32 ug/mL,0.0
93410,C1(C#N)=C(c2ccccc2Cl)C3=C(CCCC3)NC1=S,N#Cc1c(-c2ccccc2Cl)c2c([nH]c1=S)CCCC2,CO-ADD:0221848,ATCC 25922,6.89,32 ug/mL,0.0
93425,N1C(=O)C(SC1=N)CC(=O)Nc(cc2)ccc2NC(=O)CC(SC(N3)=N)C3=O,Nc1nc(O)c(CC(=O)Nc2ccc(NC(=O)Cc3sc(N)nc3O)cc2)s1,CO-ADD:0241953,ATCC 25922,12.48,32 ug/mL,0.0
93503,[N+](=O)([O-])c1ccc(cc1C)C(=O)Oc2cccc(cccn3)c23,Cc1cc(C(=O)Oc2cccc3cccnc23)ccc1[N+](=O)[O-],CO-ADD:0242638,ATCC 25922,21.9,32 ug/mL,0.0
93516,n1c2c([nH]c1C(F)(F)F)cc(Cl)cc2Cl,FC(F)(F)c1nc2c(Cl)cc(Cl)cc2[nH]1,CO-ADD:0311486,ATCC 25922,44.2,32 ug/mL,0.0
93530,c(n1)(c2)c(ccc2C(=O)Nc3ccccc3C(O)=O)ns1,O=C(Nc1ccccc1C(=O)O)c1ccc2nsnc2c1,CO-ADD:0311382,ATCC 25922,11.95,32 ug/mL,0.0
93546,[nH](c(ccc(c1)C)c1c2CCN)c2C.Cl,Cc1ccc2[nH]c(C)c(CCN)c2c1,CO-ADD:0324583,ATCC 25922,6.96,32 ug/mL,0.0
93616,O=C(C1=CC2=CC(OCCCC3CCN(CC4=CC=CC=C4)CC3)=CC=C2N1)OCC.Cl,CCOC(=O)c1cc2cc(OCCCC3CCN(Cc4ccccc4)CC3)ccc2[nH]1,CO-ADD:0149601,ATCC 25922,-68.48,32 ug/mL,0.0
93818,[N+](=O)([O-])c(ccc(c1\C=N\NC(COc2ccccc2C)=O)OC(c3ccccc3)=O)c1,Cc1ccccc1OCC(=O)N/N=C/c1cc([N+](=O)[O-])ccc1OC(=O)c1ccccc1,CO-ADD:0233543,ATCC 25922,16.39,32 ug/mL,0.0
93846,[N+](=O)([O-])c1cc(ccc1Br)\C=N\c(cc2)ccc2C(C)=O,CC(=O)c1ccc(/N=C/c2ccc(Br)c([N+](=O)[O-])c2)cc1,CO-ADD:0235112,ATCC 25922,12.27,32 ug/mL,0.0
93847,N/C(N)=N/C1=NC(C2=CSC3=C2C=CC=C3)=CS1,N=C(N)N=c1[nH]c(-c2csc3ccccc23)cs1,CO-ADD:0248293,ATCC 25922,6.38,32 ug/mL,0.0
93869,C12=NON=C1/N=N/C3=NON=C3/N=N/C4=NON=C4/N=N/C5=NON=C5/N=N/2,N1=N/c2nonc2/N=N/c2nonc2/N=N/c2nonc2/N=N/c2nonc2/1,CO-ADD:0155051,ATCC 25922,5.86,32 ug/mL,0.0
93880,O=C1/C(N=C(C(C=C2)=CC=C2I)O1)=C/C3=CC=C(C)O3,Cc1ccc(/C=C2\N=C(c3ccc(I)cc3)OC2=O)o1,CO-ADD:0157837,ATCC 25922,11.13,32 ug/mL,0.0
93906,S=C(O1)N(CN2CCCCC2)C3=C1C=C(Cl)C=C3,S=c1oc2cc(Cl)ccc2n1CN1CCCCC1,CO-ADD:0159752,ATCC 25922,15.44,32 ug/mL,0.0
93909,SC1=NN=C(C2=CC=C(OC)C=C2)O1,COc1ccc(-c2n[nH]c(=S)o2)cc1,CO-ADD:0154815,ATCC 25922,11.38,32 ug/mL,0.0
93950,C12(c3c(NC1=O)cccc3)C(C#N)=C(N)SC(N)=C2C#N,N#CC1C(=N)SC(=N)C(C#N)C12C(=O)Nc1ccccc12,CO-ADD:0215404,ATCC 25922,16.03,32 ug/mL,0.0
94017,C1(c2ccccc2C)=N\C(\C(=O)O1)=C/c(ccc(c34)cccc3)c4,Cc1ccccc1C1=N/C(=C\c2ccc3ccccc3c2)C(=O)O1,CO-ADD:0162282,ATCC 25922,12.31,32 ug/mL,0.0
94035,[N+](=O)([O-])c(ccc(c1\C=N\NC(=O)c(c2)cc(cn2)Br)OC(c3ccccc3)=O)c1,O=C(N/N=C/c1cc([N+](=O)[O-])ccc1OC(=O)c1ccccc1)c1cncc(Br)c1,CO-ADD:0232022,ATCC 25922,14.17,32 ug/mL,0.0
94055,[N+](=O)([O-])c1cc(ccc1Br)\C=N\c(cc2)c(O)cc2[N+](=O)[O-],O=[N+]([O-])c1ccc(/N=C/c2ccc(Br)c([N+](=O)[O-])c2)c(O)c1,CO-ADD:0235034,ATCC 25922,1.71,32 ug/mL,0.0
94106,C(CC1)(c2ncc(n2C3CN(C(OC(C)(C)C)=O)CCC3)C=O)CCO1,CC(C)(C)OC(=O)N1CCCC(n2c(C=O)cnc2C2CCOCC2)C1,CO-ADD:0288867,ATCC 25922,10.24,32 ug/mL,0.0
94109,N1(c2ccc(cc2)Cl)NC(=O)c(c3C1=O)cccc3,O=c1[nH]n(-c2ccc(Cl)cc2)c(=O)c2ccccc12,CO-ADD:0299469,ATCC 25922,17.09,32 ug/mL,0.0
94187,C(O)(c1ccccc1)(C(C)C2)CC(N2C)C,CC1CC(O)(c2ccccc2)C(C)CN1C,CO-ADD:0302647,ATCC 25922,3.77,32 ug/mL,0.0
94195,C(CNc1nonc1N=[N+]([O-])c2nonc2NCC([N+](=O)[O-])([N+](=O)[O-])[N+](=O)[O-])([N+](=O)[O-])([N+](=O)[O-])[N+](=O)[O-],O=[N+]([O-])C(CNc1nonc1N=[N+]([O-])c1nonc1NCC([N+](=O)[O-])([N+](=O)[O-])[N+](=O)[O-])([N+](=O)[O-])[N+](=O)[O-],CO-ADD:0301044,ATCC 25922,11.58,32 ug/mL,0.0
94230,C1(C)=C(N)C(=O)C2=C(N(C[C@]([H])(N3)[C@]34[H])[C@@]4(OC)[C@@H]2COC(N)=O)C1=O,C=c1c(N)c(O)c2c(c1O)N1C[C@@H]3N[C@@H]3[C@]1(OC)C=2COC(N)=O,CO-ADD:0136580,ATCC 25922,100.33,25 uM,1.0
94451,C(=O)(CC(=O)N\N=C\c1ccc(cc1O)O)Nc2ccccc2Cl,O=C(CC(=O)Nc1ccccc1Cl)NN=Cc1ccc(O)cc1O,CO-ADD:0219302,ATCC 25922,13.2,32 ug/mL,0.0
94470,N(C(C)(CC(C)C)NN1c2ccccc2)=C1S,CC(C)CC1(C)NC(=S)N(c2ccccc2)N1,CO-ADD:0221346,ATCC 25922,8.81,32 ug/mL,0.0
94471,c1(\C=N\NC(=O)c2ccc(cc2)OCCC)c[nH]c(ccc(Br)c3)c13,CCCOc1ccc(C(=O)NN=Cc2c[nH]c3ccc(Br)cc23)cc1,CO-ADD:0221088,ATCC 25922,6.05,32 ug/mL,0.0
94473,NC1=NC(N(C)C)=N[Ir](N1)[P+]23C[N@]4C[N@@](C3)CN(C4)C2.CC5=C(C6=CC=C(C=C6)C7=CC=CC=C7)C(C)=C(C)C5C.[Cl-],CC1=C(C)C(C)C(C)=C1c1ccc(-c2ccccc2)cc1,CO-ADD:0238638,ATCC 25922,1.43,32 ug/mL,0.0
94494,N(CCN1Cc2ccccc2)(Cc3ccccc3)C1c4ccc(cc4)OCc5ccccc5,c1ccc(COc2ccc(C3N(Cc4ccccc4)CCN3Cc3ccccc3)cc2)cc1,CO-ADD:0236490,ATCC 25922,1.37,32 ug/mL,0.0
94497,C(=O)(Oc1cccc(c1)\C=N\NC(CNC(=O)c(cc2OC)cc(c2OC)OC)=O)c3cccc(F)c3,COc1cc(C(=O)NCC(=O)N/N=C/c2cccc(OC(=O)c3cccc(F)c3)c2)cc(OC)c1OC,CO-ADD:0222258,ATCC 25922,3.29,32 ug/mL,0.0
94504,CC1COC(Cn2cncn2)(O1)c3ccc(Oc4ccc(Cl)cc4)cc3Cl,CC1COC(Cn2cncn2)(c2ccc(Oc3ccc(Cl)cc3)cc2Cl)O1,CO-ADD:0237061,ATCC 25922,-3.58,20 uM,0.0
94511,C1(=O)Oc(c(c2)S1)cc(c2OC(OCCCl)=O)Br,O=C(OCCCl)Oc1cc2sc(=O)oc2cc1Br,CO-ADD:0221789,ATCC 25922,7.0,32 ug/mL,0.0
94521,[N+](=O)([O-])c(ccc(c1\C=N\NC(CNC(=O)c2cccc(F)c2)=O)O)c1,O=C(CNC(=O)c1cccc(F)c1)NN=Cc1cc([N+](=O)[O-])ccc1O,CO-ADD:0234271,ATCC 25922,16.24,32 ug/mL,0.0
94528,C(COc1ccc(cc1OC)Br)(=O)N\N=C\c2ccc(cc2O)O,COc1cc(Br)ccc1OCC(=O)NN=Cc1ccc(O)cc1O,CO-ADD:0221062,ATCC 25922,24.57,32 ug/mL,0.0
94535,n(c(c1ccc(cc1)C)[nH]c2c3ccc(c4c3)cccc4)c2c5ccccc5,Cc1ccc(-c2nc(-c3ccc4ccccc4c3)c(-c3ccccc3)[nH]2)cc1,CO-ADD:0219201,ATCC 25922,4.05,32 ug/mL,0.0
94541,N1(NC(=O)c(cc2)ccc2[N+](=O)[O-])C(=O)c(c3)c(c(c4)C1=O)c(cc3[N+](=O)[O-])cc4[N+](=O)[O-],O=C(NN1C(=O)c2cc([N+](=O)[O-])cc3cc([N+](=O)[O-])cc(c23)C1=O)c1ccc([N+](=O)[O-])cc1,CO-ADD:0221910,ATCC 25922,-7.4,32 ug/mL,0.0
94548,N1(c2cccc(c2)C(O)=O)C(=O)c(c3)c(c(c4)C1=O)c(cc3[N+](=O)[O-])cc4[N+](=O)[O-],O=C(O)c1cccc(N2C(=O)c3cc([N+](=O)[O-])cc4cc([N+](=O)[O-])cc(c34)C2=O)c1,CO-ADD:0166780,ATCC 25922,-2.87,80 ug/mL,0.0
94552,C(=O)(Oc1cccc(c1)\C=N\NC(c(cc2)ccn2)=O)c3cccc(Br)c3,O=C(N/N=C/c1cccc(OC(=O)c2cccc(Br)c2)c1)c1ccncc1,CO-ADD:0222405,ATCC 25922,4.59,32 ug/mL,0.0
94557,c1(NC(=O)c2ccccc2OC)sc(c3c1C#N)CCCC3,COc1ccccc1C(=O)Nc1sc2c(c1C#N)CCCC2,CO-ADD:0215698,ATCC 25922,-8.63,32 ug/mL,0.0
94561,C(=O)(c1ccc(cc1)Cl)NCC(=O)N\N=C\c2cc(Cl)ccc2O,O=C(CNC(=O)c1ccc(Cl)cc1)NN=Cc1cc(Cl)ccc1O,CO-ADD:0166125,ATCC 25922,6.93,80 ug/mL,0.0
94572,[N+](=O)([O-])c(ccc(c1\C=N\NC(CCC(=O)Nc2cccc(Cl)c2)=O)O)c1,O=C(CCC(=O)Nc1cccc(Cl)c1)NN=Cc1cc([N+](=O)[O-])ccc1O,CO-ADD:0219390,ATCC 25922,11.41,32 ug/mL,0.0
94577,S(=O)(=O)(c1ccc(cc1)NC(=O)C(F)(F)F)Nc2nnc(CC)s2,CCc1nnc(NS(=O)(=O)c2ccc(NC(=O)C(F)(F)F)cc2)s1,CO-ADD:0217913,ATCC 25922,47.67,32 ug/mL,0.0
94583,CC1COc2c(N3CCN(C)CC3)c(F)cc3c2n1cc(C(O)=O)c3=O,CC1COc2c(N3CCN(C)CC3)c(F)cc3c(=O)c(C(=O)O)cn1c23,CO-ADD:0164999,ATCC 25922,99.54,20 uM,1.0
94592,[C@@H]1(C[C@@H]2S(=O)NC(C(F)(F)F)c(cccc3)c3O)[C@@H](C1(C)C)C[C@H]2C,C[C@@H]1C[C@H]2[C@@H](C[C@@H]1[S+]([O-])NC(c1ccccc1O)C(F)(F)F)C2(C)C,CO-ADD:0165852,ATCC 25922,4.09,80 ug/mL,0.0
94597,c1(SCCN2CCCCC2)[nH]c3c(ccc(OCCCCCCCCCCCC)c3)n1.Cl.Cl,CCCCCCCCCCCCOc1ccc2[nH]c(SCCN3CCCCC3)nc2c1,CO-ADD:0217926,ATCC 25922,-6.32,32 ug/mL,0.0
94616,C(/NC(c1ccccc1)=O)(\C(=O)N\N=C\c2cc(Br)ccc2OC(=O)c3ccco3)=C\c4cccs4,O=C(N/N=C/c1cc(Br)ccc1OC(=O)c1ccco1)C(Cc1cccs1)=NC(=O)c1ccccc1,CO-ADD:0217568,ATCC 25922,7.79,32 ug/mL,0.0
94619,[O-][N+](C1=CC(Cl)=CC(/C=N/C2=CC=C(C=C2)C(O)=O)=C1O)=O,O=C(O)c1ccc(N=Cc2cc(Cl)cc([N+](=O)[O-])c2O)cc1,CO-ADD:0157887,ATCC 25922,24.57,32 ug/mL,0.0
94752,N#CC1=C(N)OC(CCl)=C(C(OCC)=O)C1C2=CC=CC(F)=C2,CCOC(=O)C1=C(CCl)OC(=N)C(C#N)C1c1cccc(F)c1,CO-ADD:0158185,ATCC 25922,8.4,32 ug/mL,0.0
94779,c1(N(CC2)CCO2)nc(N\N=C/c(c(OC)ccc3[N+](=O)[O-])c3)nc(Nc4cccc(Br)c4)n1,COc1ccc([N+](=O)[O-])cc1/C=N\Nc1nc(Nc2cccc(Br)c2)nc(N2CCOCC2)n1,CO-ADD:0162273,ATCC 25922,8.74,32 ug/mL,0.0
94793,[O-][N+](C1=CC(C(NC2=CC=CC3=CC=CN=C23)=O)=CC=C1)=O,O=C(Nc1cccc2cccnc12)c1cccc([N+](=O)[O-])c1,CO-ADD:0160169,ATCC 25922,6.8,32 ug/mL,0.0
94796,C(NCCCCCCCCCCCCCCCCCC)(=O)c1ccc(cc1)NC(CCCCCCC)=O,CCCCCCCCCCCCCCCCCCNC(=O)c1ccc(NC(=O)CCCCCCC)cc1,CO-ADD:0161940,ATCC 25922,2.39,32 ug/mL,0.0
94822,N1(CNc(cc2)ccc2C)C(=O)c(c3C1=O)ccc(c3)[N+](=O)[O-],Cc1ccc(NCN2C(=O)c3ccc([N+](=O)[O-])cc3C2=O)cc1,CO-ADD:0162910,ATCC 25922,14.42,32 ug/mL,0.0
94828,[N+](=O)([O-])c1ccc(cc1O)\C=N\NC(=O)c(ccc(c23)OCCO2)c3,O=C(NN=Cc1ccc([N+](=O)[O-])c(O)c1)c1ccc2c(c1)OCCO2,CO-ADD:0163454,ATCC 25922,23.4,32 ug/mL,0.0
94859,O=Cl(=O)([O-])=O.O=Cl(=O)([O-])=O.N1(CC2=CN(C3=CC=CC4=C3C=CC=C4)N=N2)CCCNCCN(CC5=CN(C6=C(C=CC=C7)C7=CC=C6)N=N5)CCCNCC1.[Zn],c1ccc2c(-n3cc(CN4CCCNCCN(Cc5cn(-c6cccc7ccccc67)nn5)CCCNCC4)nn3)cccc2c1,CO-ADD:0248705,ATCC 25922,14.11,32 ug/mL,0.0
94864,S(NCCC(=O)N\N=C\c1cc(OC)ccc1OC)(=O)(=O)c(cc2)ccc2[N+](=O)[O-],COc1ccc(OC)c(/C=N/NC(=O)CCNS(=O)(=O)c2ccc([N+](=O)[O-])cc2)c1,CO-ADD:0230791,ATCC 25922,-0.63,32 ug/mL,0.0
94906,C(=O)(N\N=C\c1ccc(c2c1cccn2)O)c3ccco3,O=C(NN=Cc1ccc(O)c2ncccc12)c1ccco1,CO-ADD:0257027,ATCC 25922,42.39,32 ug/mL,0.0
94936,n1(c(cc(C)cc2C)c2n3)c3S\C(=C/c(ccc(c4OC)O)c4)\C1=O,COc1cc(C=c2sc3nc4c(C)cc(C)cc4n3c2=O)ccc1O,CO-ADD:0254880,ATCC 25922,-0.95,32 ug/mL,0.0
95033,[N+](=O)([O-])c(c1)cc(c(O)c1C=O)I,O=Cc1cc([N+](=O)[O-])cc(I)c1O,CO-ADD:0229060,ATCC 25922,27.87,32 ug/mL,0.0
95034,[P+](c1ccc(cc1)C)(c2ccc(cc2)C)(c3ccc(cc3)C)CC(=O)c4cccc(c4)NC(C)=O.[Br-],CC(=O)Nc1cccc(C(=O)C[P+](c2ccc(C)cc2)(c2ccc(C)cc2)c2ccc(C)cc2)c1,CO-ADD:0233686,ATCC 25922,3.32,32 ug/mL,0.0
95057,[N+](=O)([O-])c1cccc(c1)\C=N\NC(c(cc2)ccn2)=O,O=C(N/N=C/c1cccc([N+](=O)[O-])c1)c1ccncc1,CO-ADD:0233595,ATCC 25922,-1.42,32 ug/mL,0.0
95084,C(=O)(c1ccc(cc1)Cl)Oc2ccccc2\C=N\Nc3cccc(C)c3,Cc1cccc(N/N=C/c2ccccc2OC(=O)c2ccc(Cl)cc2)c1,CO-ADD:0235948,ATCC 25922,1.0,32 ug/mL,0.0
95104,n1(CC(CNCCc2ccccc2)O)c3c(c(CCCC4)c14)cccc3,OC(CNCCc1ccccc1)Cn1c2c(c3ccccc31)CCCC2,CO-ADD:0320841,ATCC 25922,56.47,32 ug/mL,0.0
95155,C12(c3c(N(CC(OC)=O)C1=O)cccc3)C(C#N)=C(N)Oc4c2c(C)nn4c5cccc(Cl)c5,COC(=O)CN1C(=O)C2(c3ccccc31)c1c(C)nn(-c3cccc(Cl)c3)c1OC(=N)C2C#N,CO-ADD:0307232,ATCC 25922,11.11,32 ug/mL,0.0
95201,c1(NNC(=S)Nc(cccc2C(F)(F)F)c2)c(F)c(F)nc(F)c1F,Fc1nc(F)c(F)c(NNC(=S)Nc2cccc(C(F)(F)F)c2)c1F,CO-ADD:0326399,ATCC 25922,11.07,32 ug/mL,0.0
95244,P1(=O)(N(C)C)Sc(c2N1)cccc2,CN(C)P1(=O)Nc2ccccc2S1,CO-ADD:0327876,ATCC 25922,-1.01,32 ug/mL,0.0
95288,s1c(N)nnc1SCc2ccc(cc2C)C,Cc1ccc(CSc2nnc(N)s2)c(C)c1,CO-ADD:0230360,ATCC 25922,6.21,32 ug/mL,0.0
95291,[N+](=O)([O-])c1c(Cl)ccc(c1)\N=C\c(cccc2[N+](=O)[O-])c2,O=[N+]([O-])c1cccc(/C=N/c2ccc(Cl)c([N+](=O)[O-])c2)c1,CO-ADD:0223262,ATCC 25922,8.9,32 ug/mL,0.0
95348,CN1C=C(NC(C(C=C2)=CC=C2/C=C/C3=CC(C=CC=C4)=C4N=C3)=O)C=C1C(NC5=CN(C)C(C(NCC[N+]6([O-])CCCCC6)=O)=C5)=O.OC(C(F)(F)F)=O,Cn1cc(NC(=O)c2cc(NC(=O)c3ccc(/C=C/c4cnc5ccccc5c4)cc3)cn2C)cc1C(=O)NCC[N+]1([O-])CCCCC1,CO-ADD:0137606,ATCC 25922,79.13,32 ug/mL,0.0
95376,[N+](=O)([O-])c1ccc(cc1C)C(=O)Nc2ccc(cc2C(O)=O)I,Cc1cc(C(=O)Nc2ccc(I)cc2C(=O)O)ccc1[N+](=O)[O-],CO-ADD:0302879,ATCC 25922,10.22,32 ug/mL,0.0
95379,C(C(OCC)=O)(C(F)(F)F)(Nc1sc(c(CC)c1C#N)C)NC(=O)N(C)C,CCOC(=O)C(NC(=O)N(C)C)(Nc1sc(C)c(CC)c1C#N)C(F)(F)F,CO-ADD:0303120,ATCC 25922,2.29,32 ug/mL,0.0
95564,C(=C\c(cccc1[N+](=O)[O-])c1O)(/C2=O)\C(=O)N(C(=O)N2C)C,CN1C(=O)C(=Cc2cccc([N+](=O)[O-])c2O)C(=O)N(C)C1=O,CO-ADD:0258536,ATCC 25922,7.71,32 ug/mL,0.0
96321,c1(NNc2ccccc2)nncc(c3ccccc3)n1,c1ccc(NNc2nncc(-c3ccccc3)n2)cc1,CO-ADD:0285049,ATCC 25922,13.05,32 ug/mL,0.0
96335,N12C(SCC(CSc3nnc(C)s3)=C1C(=O)[O-])C(C2=O)NC(=O)Cn(cnn4)n4.[Na+],Cc1nnc(SCC2=C(C(=O)O)N3C(=O)C(NC(=O)Cn4cnnn4)C3SC2)s1,CO-ADD:0257262,ATCC 25922,95.09,32 ug/mL,1.0
96358,C(CNc(cc1)ccc1C)(=O)N\N=C\c(ccc(c23)cccc2)c3,Cc1ccc(NCC(=O)N/N=C/c2ccc3ccccc3c2)cc1,CO-ADD:0220345,ATCC 25922,-1.71,32 ug/mL,0.0
96377,c1(ccc(\C=N\NC(COc(cccc2[N+](=O)[O-])c2)=O)o1)[N+](=O)[O-],O=C(COc1cccc([N+](=O)[O-])c1)N/N=C/c1ccc([N+](=O)[O-])o1,CO-ADD:0220163,ATCC 25922,71.98,32 ug/mL,0.0
96391,c12c([nH]nc1C(C)(C)C)OC(N)=C(C#N)C2c(ccc3[N+](=O)[O-])o3,CC(C)(C)c1[nH]nc2c1C(c1ccc([N+](=O)[O-])o1)C(C#N)C(=N)O2,CO-ADD:0295874,ATCC 25922,2.45,32 ug/mL,0.0
96423,S(=O)(=O)(c(cc1)ccc1[N+](=O)[O-])NC(C)c2ccccc2,CC(NS(=O)(=O)c1ccc([N+](=O)[O-])cc1)c1ccccc1,CO-ADD:0220061,ATCC 25922,-4.35,32 ug/mL,0.0
96424,C1(C#N)(C#N)C(C)C(CCC)C(CC1(C#N)C#N)=O,CCCC1C(=O)CC(C#N)(C#N)C(C#N)(C#N)C1C,CO-ADD:0293076,ATCC 25922,3.48,32 ug/mL,0.0
96431,N(=C\c(cc(I)cc1I)c1O)/c2c(C)cccc2O,Cc1cccc(O)c1N=Cc1cc(I)cc(I)c1O,CO-ADD:0222544,ATCC 25922,52.57,32 ug/mL,0.0
96435,N1(c2ccc(cc2Br)Br)C(=O)CC(N3CCCCCC3)C1=O,Oc1cc(N2CCCCCC2)c(O)n1-c1ccc(Br)cc1Br,CO-ADD:0285888,ATCC 25922,4.01,32 ug/mL,0.0
96446,C(=O)(Oc1ccccc1)Nc(cc2)ccc2I,O=C(Nc1ccc(I)cc1)Oc1ccccc1,CO-ADD:0221649,ATCC 25922,19.16,32 ug/mL,0.0
96447,C(C#N)(C1c2ccc(cc2)N)=C(N)Oc(ccc(c3)[N+](=O)[O-])c13,N#CC1C(=N)Oc2ccc([N+](=O)[O-])cc2C1c1ccc(N)cc1,CO-ADD:0221678,ATCC 25922,9.13,32 ug/mL,0.0
96449,c1(c2ccc(cc2Cl)Cl)nnc(S)o1,S=c1[nH]nc(-c2ccc(Cl)cc2Cl)o1,CO-ADD:0221779,ATCC 25922,14.07,32 ug/mL,0.0
96462,C(=O)(Nc1ccccc1C(OCC)=O)c2ccccc2F,CCOC(=O)c1ccccc1NC(=O)c1ccccc1F,CO-ADD:0219278,ATCC 25922,7.13,32 ug/mL,0.0
96467,c1(\C=N\NC(CNc2cccc(C)c2)=O)cc(C)ccc1O,Cc1cccc(NCC(=O)NN=Cc2cc(C)ccc2O)c1,CO-ADD:0222438,ATCC 25922,-2.91,32 ug/mL,0.0
96469,c(cc(Cl)cc1Cl)(\C=N\c2cc(CC)ccc2O)c1O,CCc1ccc(O)c(N=Cc2cc(Cl)cc(Cl)c2O)c1,CO-ADD:0222216,ATCC 25922,38.71,32 ug/mL,0.0
96471,c(cc(I)cc1I)(\C=N\c2cccc(Cl)c2Cl)c1O,Oc1c(I)cc(I)cc1C=Nc1cccc(Cl)c1Cl,CO-ADD:0222461,ATCC 25922,22.42,32 ug/mL,0.0
96486,N1(C(=O)c2c(C(c3ccc(c(C)c3)C)=N1)cccc2)c4cc(ccc4N(CC5)CCN5CCO)[N+](=O)[O-],Cc1ccc(-c2nn(-c3cc([N+](=O)[O-])ccc3N3CCN(CCO)CC3)c(=O)c3ccccc23)cc1C,CO-ADD:0295128,ATCC 25922,2.38,32 ug/mL,0.0
96574,C(F)(F)(C(F)(F)COc(cc1)c(cc1C(F)(F)F)\N=C\c(c2)c(O)c(cc2[N+](=O)[O-])Br)C(F)(F)C(F)F,O=[N+]([O-])c1cc(Br)c(O)c(C=Nc2cc(C(F)(F)F)ccc2OCC(F)(F)C(F)(F)C(F)(F)C(F)F)c1,CO-ADD:0166442,ATCC 25922,15.94,80 ug/mL,0.0
96575,[N+](=O)([O-])c1cccc(\C=N\c2ccccc2OCC(F)(F)C(F)F)c1O,O=[N+]([O-])c1cccc(C=Nc2ccccc2OCC(F)(F)C(F)F)c1O,CO-ADD:0215826,ATCC 25922,-9.8,32 ug/mL,0.0
96579,c1(Br)c(O)c(\C=N\NC(CNC(=O)c2ccco2)=O)c(c(Br)c1O)C,Cc1c(Br)c(O)c(Br)c(O)c1C=NNC(=O)CNC(=O)c1ccco1,CO-ADD:0166101,ATCC 25922,4.32,80 ug/mL,0.0
96583,c1(cccc(cccc2)c12)CC(=O)N\N=C\c3cccc(O)c3,O=C(Cc1cccc2ccccc12)NN=Cc1cccc(O)c1,CO-ADD:0166153,ATCC 25922,11.75,80 ug/mL,0.0
96606,C(=O)(N\N=C\c1cc(Cl)ccc1O)c(ccc(c23)OCCO2)c3,O=C(NN=Cc1cc(Cl)ccc1O)c1ccc2c(c1)OCCO2,CO-ADD:0166173,ATCC 25922,29.56,80 ug/mL,0.0
96616,C(Oc(cccc1C(=O)Nc2cccc(Br)c2)c1)(=S)Nc3cccc(Br)c3,O=C(Nc1cccc(Br)c1)c1cccc(OC(=S)Nc2cccc(Br)c2)c1,CO-ADD:0166367,ATCC 25922,10.13,80 ug/mL,0.0
96634,O=C1C(N2CCOCC2)=C(N(C3=CC=C(Br)C=C3)C(C)=O)C(C4=C1C=CC=C4)=O,CC(=O)N(C1=C(N2CCOCC2)C(=O)c2ccccc2C1=O)c1ccc(Br)cc1,CO-ADD:0157219,ATCC 25922,-5.95,32 ug/mL,0.0
96714,O=C(S/1)N(CN2CCOCC2)C(C1=C([H])\C(C(Cl)=C3)=CC=C3Cl)=O,O=C1S/C(=C\c2ccc(Cl)cc2Cl)C(=O)N1CN1CCOCC1,CO-ADD:0155375,ATCC 25922,8.98,32 ug/mL,0.0
96811,O=C(NCCCCCCCC)OCC1C2=C(C3=C1C=CC=C3)C=CC=C2,CCCCCCCCNC(=O)OCC1c2ccccc2-c2ccccc21,CO-ADD:0155803,ATCC 25922,-5.43,32 ug/mL,0.0
96820,BrC(/C=N/NC1=NC(N2CCOCC2)=NC(N3CCOCC3)=N1)=C/C4=CC=CC=C4,BrC(/C=N/Nc1nc(N2CCOCC2)nc(N2CCOCC2)n1)=C/c1ccccc1,CO-ADD:0160032,ATCC 25922,88.28,32 ug/mL,1.0
96835,[O-][N+](C1=CC(Br)=C(O)C(/C=N/NC(COC(C(Br)=C2)=CC=C2Cl)=O)=C1)=O,O=C(COc1ccc(Cl)cc1Br)NN=Cc1cc([N+](=O)[O-])cc(Br)c1O,CO-ADD:0158560,ATCC 25922,28.76,32 ug/mL,0.0
96921,CC(C)CCC1=C(C(NCCCN(C)C)=O)N=C(NC(C2=CC(NC(C3=CC(NC(C4=C(C(F)(F)F)N=C(N)S4)=O)=CN3C)=O)=CN2C)=O)S1.OC(C(F)(F)F)=O,CC(C)CCc1sc(NC(=O)c2cc(NC(=O)c3cc(NC(=O)c4sc(N)nc4C(F)(F)F)cn3C)cn2C)nc1C(=O)NCCCN(C)C,CO-ADD:0153064,ATCC 25922,-32.16,32 ug/mL,0.0
96929,c1(C(c(cc(OC2)c3O2)cc3)=O)c(N)c(cc4c(CCCC4)n5)c5s1,Nc1c(C(=O)c2ccc3c(c2)OCO3)sc2nc3c(cc12)CCCC3,CO-ADD:0148705,ATCC 25922,-14.69,32 ug/mL,0.0
96931,C(=N/c(cc1)ccc1Cl)(/S2)\C(Cl)=NS2,Clc1ccc(/N=c2\ssnc2Cl)cc1,CO-ADD:0240590,ATCC 25922,28.7,32 ug/mL,0.0
96950,C(c1ccccc1)(CN2CCCCCC2)C(=O)c3ccc(cc3)Cl.Cl,O=C(c1ccc(Cl)cc1)C(CN1CCCCCC1)c1ccccc1,CO-ADD:0228548,ATCC 25922,3.93,32 ug/mL,0.0
96997,c1(cc(Br)ccc1O)C(=O)c2cccs2,O=C(c1cccs1)c1cc(Br)ccc1O,CO-ADD:0290692,ATCC 25922,14.11,32 ug/mL,0.0
97030,N1(CN(CC2)CCN2c(cc3)ccc3[N+](=O)[O-])c(cccc4)c4\C(=N/c(cc5)ccc5OCCCCC)\C1=O,CCCCCOc1ccc(/N=C2/C(=O)N(CN3CCN(c4ccc([N+](=O)[O-])cc4)CC3)c3ccccc32)cc1,CO-ADD:0278223,ATCC 25922,6.99,32 ug/mL,0.0
97674,n(c(ccc(c1)OC)c1cc2C=O)c2Cl,COc1ccc2nc(Cl)c(C=O)cc2c1,CO-ADD:0311728,ATCC 25922,9.96,32 ug/mL,0.0
97877,[N+](=O)([O-])c(cc1)ccc1N2CCC(CC2)C,CC1CCN(c2ccc([N+](=O)[O-])cc2)CC1,CO-ADD:0291199,ATCC 25922,12.5,32 ug/mL,0.0
98004,[N+](=O)([O-])c(cc1)ccc1C(=O)c2ccc(cc2)OC,COc1ccc(C(=O)c2ccc([N+](=O)[O-])cc2)cc1,CO-ADD:0303177,ATCC 25922,5.93,32 ug/mL,0.0
98014,c1(F)cc(Br)ccc1NN.Cl,NNc1ccc(Br)cc1F,CO-ADD:0304891,ATCC 25922,6.63,32 ug/mL,0.0
98097,N1(c2ccc(c(Cl)c2)Cl)C(c(cc3)ccc3N(CC4)CCO4)N(N=C1C(C)=O)c5ccccc5,CC(=O)C1=NN(c2ccccc2)C(c2ccc(N3CCOCC3)cc2)N1c1ccc(Cl)c(Cl)c1,CO-ADD:0302919,ATCC 25922,2.61,32 ug/mL,0.0
98113,[N+](=O)([O-])\C=C\c(cc1)ccc1N(C)C,CN(C)c1ccc(/C=C/[N+](=O)[O-])cc1,CO-ADD:0301771,ATCC 25922,0.24,32 ug/mL,0.0
98123,c1ccn(c(N=O)c(c2cc([N+](=O)[O-])ccc2)n3)c3n1,O=Nc1c(-c2cccc([N+](=O)[O-])c2)nc2ncccn12,CO-ADD:0136670,ATCC 25922,55.61,25 uM,0.0
98127,c1cc(Sc2c(non3)c3c([N+](=O)[O-])cc2)[n+]([O-])cc1,O=[N+]([O-])c1ccc(Sc2cccc[n+]2[O-])c2nonc12,CO-ADD:0136454,ATCC 25922,6.99,25 uM,0.0
98130,O=C(C(C(=O)c(cccc1)c1)C(O2)=O)C=C2c(cccc3)c3,O=C(c1ccccc1)c1c(O)cc(-c2ccccc2)oc1=O,CO-ADD:0136174,ATCC 25922,0.16,25 uM,0.0
98414,S(=O)(=O)(Nc(cc1)ccc1SCCCCCCCCCCCCCCCC)c2ccccc2[N+](=O)[O-],CCCCCCCCCCCCCCCCSc1ccc(NS(=O)(=O)c2ccccc2[N+](=O)[O-])cc1,CO-ADD:0221829,ATCC 25922,5.4,32 ug/mL,0.0
98431,S(c1ccccc1)(=O)(=O)N(c(cccc2C(F)(F)F)c2)CC(NCCSc(cc3)ccc3Cl)=O,O=C(CN(c1cccc(C(F)(F)F)c1)S(=O)(=O)c1ccccc1)NCCSc1ccc(Cl)cc1,CO-ADD:0234760,ATCC 25922,8.03,32 ug/mL,0.0
98511,C12(c3c(NC1=O)cccc3)C(C#N)=C(N)OC(CCC)=C2C(OCC)=O,CCCC1=C(C(=O)OCC)C2(C(=O)Nc3ccccc32)C(C#N)C(=N)O1,CO-ADD:0236215,ATCC 25922,2.77,32 ug/mL,0.0
98516,c(cc(Cl)cc1Br)(\C=N\c2cc(ccc2O)Cc(ccc(c3\N=C\c(cc(Cl)cc4Br)c4O)O)c3)c1O,Oc1ccc(Cc2ccc(O)c(N=Cc3cc(Cl)cc(Br)c3O)c2)cc1N=Cc1cc(Cl)cc(Br)c1O,CO-ADD:0227178,ATCC 25922,35.08,32 ug/mL,0.0
98535,c1(Br)c(O)c(\C=N\NC(CNc(cc2)ccc2C)=O)cc(Br)c1O,Cc1ccc(NCC(=O)NN=Cc2cc(Br)c(O)c(Br)c2O)cc1,CO-ADD:0220550,ATCC 25922,15.85,32 ug/mL,0.0
98539,[N+](=O)([O-])\C(\Br)=C/c(cccc1[N+](=O)[O-])c1,O=[N+]([O-])/C(Br)=C\c1cccc([N+](=O)[O-])c1,CO-ADD:0233664,ATCC 25922,35.08,32 ug/mL,0.0
98562,CCOC(=O)NC(=O)c1ccsc1NC(=O)c2nc3ccccc3s2,CCOC(=O)NC(=O)c1ccsc1NC(=O)c1nc2ccccc2s1,CO-ADD:0237082,ATCC 25922,18.1,20 uM,0.0
98649,c1(C#N)c(c2ccc(cc2)Cl)cc(nc1SCCN(C)C)c3cccs3,CN(C)CCSc1nc(-c2cccs2)cc(-c2ccc(Cl)cc2)c1C#N,CO-ADD:0161332,ATCC 25922,6.82,32 ug/mL,0.0
98668,N1\C(=N/N=C/c2ccc(cc2OC)OC)\S\C(=C\c(c(O)ccc3[N+](=O)[O-])c3)\C1=O,COc1ccc(C=NN=C2NC(=O)C(=Cc3cc([N+](=O)[O-])ccc3O)S2)c(OC)c1,CO-ADD:0161622,ATCC 25922,9.83,32 ug/mL,0.0
98681,C(C#N)(C1c2scc(Br)c2)=C(N)N(C(CC(C)(C)CC3=O)=C13)c4ccc(cc4)C,Cc1ccc(N2C(=N)C(C#N)C(c3cc(Br)cs3)C3=C2CC(C)(C)CC3=O)cc1,CO-ADD:0240995,ATCC 25922,11.2,32 ug/mL,0.0
98754,C(F)(F)(C(C)OS(=O)(=O)c1ccc(cc1)N)[N+](=O)[O-],CC(OS(=O)(=O)c1ccc(N)cc1)C(F)(F)[N+](=O)[O-],CO-ADD:0244690,ATCC 25922,51.55,32 ug/mL,0.0
98777,S(=O)(=O)(Oc1ccc(cc1[N+](=O)[O-])[N+](=O)[O-])c2ccccc2[N+](=O)[O-],O=[N+]([O-])c1ccc(OS(=O)(=O)c2ccccc2[N+](=O)[O-])c([N+](=O)[O-])c1,CO-ADD:0241278,ATCC 25922,8.59,32 ug/mL,0.0
98785,N(=C\C(\Br)=C\c1ccccc1)/N(c2ccccc2)c3ccccc3,BrC(=C\c1ccccc1)/C=N/N(c1ccccc1)c1ccccc1,CO-ADD:0244702,ATCC 25922,99.8,32 ug/mL,1.0
98821,[N+](=O)([O-])c(cc1\C=N\NC(=O)C2COc(c3O2)cccc3)cc(c1OC(=O)c4ccc(cc4)Br)Br,O=C(Oc1c(Br)cc([N+](=O)[O-])cc1/C=N/NC(=O)C1COc2ccccc2O1)c1ccc(Br)cc1,CO-ADD:0235057,ATCC 25922,6.6,32 ug/mL,0.0
98834,n1(c2c(nc1)cccc2)C(=O)c3ccc(cc3[N+](=O)[O-])[N+](=O)[O-],O=C(c1ccc([N+](=O)[O-])cc1[N+](=O)[O-])n1cnc2ccccc21,CO-ADD:0257464,ATCC 25922,4.02,32 ug/mL,0.0
98996,c1(c(O)ccc2\C=N\NC(=O)c3ccc(cc3)F)c2cccn1,O=C(NN=Cc1ccc(O)c2ncccc12)c1ccc(F)cc1,CO-ADD:0286688,ATCC 25922,49.14,32 ug/mL,0.0
98999,C(=C\c(cc1OC)cc(c1OC)OC)(/C2=O)\C(c3ccccc3)=NO2,COc1cc(/C=C2/C(=O)ON=C2c2ccccc2)cc(OC)c1OC,CO-ADD:0292846,ATCC 25922,0.09,32 ug/mL,0.0
99130,C(=O)(Nc1cccc(SC)c1)\C=C/C(O)=O,CSc1cccc(NC(=O)/C=C\C(=O)O)c1,CO-ADD:0258891,ATCC 25922,6.84,32 ug/mL,0.0
99137,C(/c1c2cccc1)(=N/C(c3ccccc3)=O)\C(Cl)=C(C2=O)Cl,O=C(/N=C1/C(Cl)=C(Cl)C(=O)c2ccccc21)c1ccccc1,CO-ADD:0294647,ATCC 25922,14.68,32 ug/mL,0.0
99178,[N+](=O)([O-])c(ccc(c1\C=N\Nc2nc(C)cc(COC)c2C#N)O)c1,COCc1cc(C)nc(NN=Cc2cc([N+](=O)[O-])ccc2O)c1C#N,CO-ADD:0253840,ATCC 25922,1.48,32 ug/mL,0.0
99194,[N+](=O)([O-])c1cccc(c1)\C=N\NC(=S)N(CC2)CCO2,O=[N+]([O-])c1cccc(/C=N/NC(=S)N2CCOCC2)c1,CO-ADD:0247799,ATCC 25922,31.57,32 ug/mL,0.0
99214,N1(c2ccc(cc2)OCCCC)C(=O)CC(N(CC3)CCC3C(O)=O)C1=O,CCCCOc1ccc(-n2c(O)cc(N3CCC(C(=O)O)CC3)c2O)cc1,CO-ADD:0277319,ATCC 25922,11.68,32 ug/mL,0.0
99293,C1(SCC(C(O)=O)N1)c2cccc(O)c2O,O=C(O)C1CSC(c2cccc(O)c2O)N1,CO-ADD:0296178,ATCC 25922,11.6,32 ug/mL,0.0
99305,C(C)(=O)NNc(cc1)ccc1C,CC(=O)NNc1ccc(C)cc1,CO-ADD:0299507,ATCC 25922,8.04,32 ug/mL,0.0
99325,c12c(c(cc(C)n1)C)c(c(cc(C)cc3C)c3n2)N,Cc1cc(C)c2nc3nc(C)cc(C)c3c(N)c2c1,CO-ADD:0292765,ATCC 25922,42.19,32 ug/mL,0.0
99351,[N+](=O)([O-])Nc1ccc(cn1)Br,O=[N+]([O-])Nc1ccc(Br)cn1,CO-ADD:0293847,ATCC 25922,11.1,32 ug/mL,0.0
99417,c1(c(OC)ccc(cccc2)c12)C3N(CCN3Cc(cc4)ccc4Cl)Cc(cc5)ccc5Cl,COc1ccc2ccccc2c1C1N(Cc2ccc(Cl)cc2)CCN1Cc1ccc(Cl)cc1,CO-ADD:0307630,ATCC 25922,8.84,32 ug/mL,0.0
99454,S(NCCc(c1c([nH]2)ccc(OC)c1)c2C)(=O)(=O)c3c(C)cc(c(C)c3)OC,COc1ccc2[nH]c(C)c(CCNS(=O)(=O)c3cc(C)c(OC)cc3C)c2c1,CO-ADD:0324664,ATCC 25922,3.36,32 ug/mL,0.0
99458,O=Cc(cc1)ccc1OCc2cccc(F)c2,O=Cc1ccc(OCc2cccc(F)c2)cc1,CO-ADD:0306050,ATCC 25922,2.83,32 ug/mL,0.0
99470,C(=O)(N(CC1)CCO1)Oc2c(Cl)cc(cc2C=O)Cl,O=Cc1cc(Cl)cc(Cl)c1OC(=O)N1CCOCC1,CO-ADD:0293010,ATCC 25922,19.29,32 ug/mL,0.0
99475,c1(C2c3ccc(cc3)Cl)c([nH]nc1c4ccc(cc4OCC)OCC)OC(N)=C2C#N,CCOc1ccc(-c2[nH]nc3c2C(c2ccc(Cl)cc2)C(C#N)C(=N)O3)c(OCC)c1,CO-ADD:0320618,ATCC 25922,-8.56,32 ug/mL,0.0
99514,c1(cnc(n1CC23CC(CC(C2)C4)CC4C3)c(cnc5)cc5)C,Cc1cnc(-c2cccnc2)n1CC12CC3CC(CC(C3)C1)C2,CO-ADD:0288739,ATCC 25922,11.46,32 ug/mL,0.0
99583,c1(C(OC)c2cccs2)c3c([nH]c1C)cccc3,COC(c1cccs1)c1c(C)[nH]c2ccccc12,CO-ADD:0303958,ATCC 25922,5.84,32 ug/mL,0.0
99600,Fc(cc1[N+](=O)[O-])c(ccc2)c(c1O)n2,O=[N+]([O-])c1cc(F)c2cccnc2c1O,CO-ADD:0135983,ATCC 25922,-2.69,25 uM,0.0
99607,O=C1/C(N=C(C(C=C2)=CC=C2OCCCCCCCCCC)O1)=C/C3=CC=C(C)C=C3,CCCCCCCCCCOc1ccc(C2=N/C(=C\c3ccc(C)cc3)C(=O)O2)cc1,CO-ADD:0159945,ATCC 25922,15.09,32 ug/mL,0.0
99613,O=C1/C(C2=CC(C)=CC=C2N1C)=N\NC(C3=CC=C(Br)C=C3)=O,Cc1ccc2c(c1)c(N=NC(=O)c1ccc(Br)cc1)c(O)n2C,CO-ADD:0156337,ATCC 25922,8.9,32 ug/mL,0.0
99622,C(F)(F)(C(F)(F)COc1ccccc1\N=C\c(c(O)ccc2[N+](=O)[O-])c2)C(F)(F)C(F)F,O=[N+]([O-])c1ccc(O)c(C=Nc2ccccc2OCC(F)(F)C(F)(F)C(F)(F)C(F)F)c1,CO-ADD:0163692,ATCC 25922,1.31,32 ug/mL,0.0
99651,ClCC1=CC=NC=C1.Cl,ClCc1ccncc1,CO-ADD:0154569,ATCC 25922,18.33,32 ug/mL,0.0
99657,O=S(OC1=C(Br)C(C)=C(C(S2)=C1Br)OC2=O)(C3=CC=CC=C3)=O,Cc1c(Br)c(OS(=O)(=O)c2ccccc2)c(Br)c2sc(=O)oc12,CO-ADD:0157982,ATCC 25922,6.53,32 ug/mL,0.0
99658,N#CC(C(SCC(NC1=CC=C(OC)C=C1)=O)=NC(C)=C2)=C2C(F)(F)F,COc1ccc(NC(=O)CSc2nc(C)cc(C(F)(F)F)c2C#N)cc1,CO-ADD:0157998,ATCC 25922,18.0,32 ug/mL,0.0
99678,C(=O)(N(C1CCCCC1)C2CCCCC2)c3ccccc3C(OCCC(C)C)=O,CC(C)CCOC(=O)c1ccccc1C(=O)N(C1CCCCC1)C1CCCCC1,CO-ADD:0217085,ATCC 25922,-2.31,32 ug/mL,0.0
99695,[N+](=O)([O-])c1cc(ccc1OC(=O)c2ccc(cc2Cl)Cl)\C=N\c3ccccc3,O=C(Oc1ccc(/C=N/c2ccccc2)cc1[N+](=O)[O-])c1ccc(Cl)cc1Cl,CO-ADD:0216916,ATCC 25922,0.59,32 ug/mL,0.0
99698,O=C(CNC1=C(C=CC=C2)C2=CC=C1)N/N=C/C3=C(C=CC=C4)C4=CC5=C3C=CC=C5,O=C(CNc1cccc2ccccc12)N/N=C/c1c2ccccc2cc2ccccc12,CO-ADD:0160546,ATCC 25922,19.3,32 ug/mL,0.0
99722,N1(CN2CCCCC2C)N=C(OC1=S)c3ccccc3,CC1CCCCN1Cn1nc(-c2ccccc2)oc1=S,CO-ADD:0278344,ATCC 25922,9.83,32 ug/mL,0.0
99735,N1(c2ccc(cc2)F)C(=O)CC(N(CC3)CCN3C(OCC)=O)C1=O,CCOC(=O)N1CCN(c2cc(O)n(-c3ccc(F)cc3)c2O)CC1,CO-ADD:0258952,ATCC 25922,4.48,32 ug/mL,0.0
99778,O=C(N([H])C1=CN(C)C(C(N(C2=CN(C)C(C(N([H])CCC(N)=N)=O)=C2)[H])=O)=C1)C3=CC=C(/C=C/C4=CC=C(OC)C=C4)N=C3.OC(C(F)(F)F)=O.OC(C(F)(F)F)=O,COc1ccc(/C=C/c2ccc(C(=O)Nc3cc(C(=O)Nc4cc(C(=O)NCCC(=N)N)n(C)c4)n(C)c3)cn2)cc1,CO-ADD:0137576,ATCC 25922,100.25,32 ug/mL,1.0
99823,c12c(cc(cc1[N+](=O)[O-])[N+](=O)[O-])\C(\c(cc(cc3[N+](=O)[O-])[N+](=O)[O-])c23)=C\OC(C)=O,CC(=O)OC=C1c2cc([N+](=O)[O-])cc([N+](=O)[O-])c2-c2c1cc([N+](=O)[O-])cc2[N+](=O)[O-],CO-ADD:0230886,ATCC 25922,-3.4,32 ug/mL,0.0
99824,[n+](cc1)(ccc1c(cc2)cc[n+]2CCCN)CI.[Br-],NCCC[n+]1ccc(-c2cc[n+](CI)cc2)cc1,CO-ADD:0230059,ATCC 25922,22.82,32 ug/mL,0.0
99840,C(/C1=O)(=C/c2ccccc2OCC=C)\C(c3ccc(cc3)Cl)=NO1,C=CCOc1ccccc1/C=C1\C(=O)ON=C1c1ccc(Cl)cc1,CO-ADD:0228435,ATCC 25922,6.06,32 ug/mL,0.0
100148,C1C[C@](C)(C([C@H](O)CC(\C(=C(\C(OCc2ccccc2)=O)/CC\C=C(/C)\C)\[C@@H](OC(C)=O)C3)[C@]34C)[C@]4(C)CC5)C5[C@H](C)[C@@H]1OC(=O)c6c(C(O)=O)cccc6,CC(=O)O[C@H]1C[C@@]2(C)C(C[C@@H](O)C3[C@@]4(C)CC[C@@H](OC(=O)c5ccccc5C(=O)O)[C@@H](C)C4CC[C@@]32C)/C1=C(\CCC=C(C)C)C(=O)OCc1ccccc1,CO-ADD:0244019,ATCC 25922,16.95,32 ug/mL,0.0
100173,C(C)(C(=O)NCC(C)([N+](=O)[O-])[N+](=O)[O-])([N+](=O)[O-])[N+](=O)[O-],CC(CNC(=O)C(C)([N+](=O)[O-])[N+](=O)[O-])([N+](=O)[O-])[N+](=O)[O-],CO-ADD:0249968,ATCC 25922,4.22,32 ug/mL,0.0
100263,C(C(OC)=O)(Sc1ccc(cc1OC)O)(C(F)(F)F)C(F)(F)F,COC(=O)C(Sc1ccc(O)cc1OC)(C(F)(F)F)C(F)(F)F,CO-ADD:0321332,ATCC 25922,15.64,32 ug/mL,0.0
100408,O=C1NC(c2ccc(OC(F)(F)F)cc2)=Cn(c13)cc([N+](=O)[O-])n3,O=c1[nH]c(-c2ccc(OC(F)(F)F)cc2)cn2cc([N+](=O)[O-])nc12,CO-ADD:0135137,ATCC 25922,,32 ug/mL,
100445,O=C(c1n(Cc2ccc(OC(F)(F)F)cc2)cc([N+](=O)[O-])n1)NC,CNC(=O)c1nc([N+](=O)[O-])cn1Cc1ccc(OC(F)(F)F)cc1,CO-ADD:0135149,ATCC 25922,,32 ug/mL,
100447,N1(c2ccc(cc2)Br)C(=O)C(CC1=O)NCC(N)=O,NC(=O)CNc1cc(O)n(-c2ccc(Br)cc2)c1O,CO-ADD:0248084,ATCC 25922,8.09,32 ug/mL,0.0
100491,[N+](=O)([O-])c(cc(cc1[N+](=O)[O-])C(=O)OCc2nonc2COC(=O)c(cc(cc3[N+](=O)[O-])[N+](=O)[O-])c3)c1,O=C(OCc1nonc1COC(=O)c1cc([N+](=O)[O-])cc([N+](=O)[O-])c1)c1cc([N+](=O)[O-])cc([N+](=O)[O-])c1,CO-ADD:0252349,ATCC 25922,5.62,32 ug/mL,0.0
101424,[N+](=O)([O-])c(ccc(c1\C=N\c2cccc(CO)c2)O)c1,O=[N+]([O-])c1ccc(O)c(C=Nc2cccc(CO)c2)c1,CO-ADD:0252238,ATCC 25922,17.68,32 ug/mL,0.0
101455,[N+](=O)([O-])c(ccc(c1\C=N\c(cc2)ccc2I)O)c1,O=[N+]([O-])c1ccc(O)c(C=Nc2ccc(I)cc2)c1,CO-ADD:0252661,ATCC 25922,5.16,32 ug/mL,0.0
101494,O=C1N(Cc2ccc(OC(F)(F)F)cc2)C(C)=C(C)n(c13)cc([N+](=O)[O-])n3,Cc1c(C)n2cc([N+](=O)[O-])nc2c(=O)n1Cc1ccc(OC(F)(F)F)cc1,CO-ADD:0135140,ATCC 25922,,32 ug/mL,
101498,C(=C/c(cc1I)cc(c1OC)I)(/C(=O)NC(N2)=S)\C2=O,COc1c(I)cc(C=C2C(=O)NC(=S)NC2=O)cc1I,CO-ADD:0254564,ATCC 25922,10.5,32 ug/mL,0.0
102448,c1(N2)c(cc(c(Cl)c1Cl)Cl)OC2=S,S=c1[nH]c2c(Cl)c(Cl)c(Cl)cc2o1,CO-ADD:0252623,ATCC 25922,36.03,32 ug/mL,0.0
102449,c1(ccc(\C(\C)=N\NC(Cc(cc2)ccc2OC)=O)o1)[N+](=O)[O-],COc1ccc(CC(=O)N/N=C(\C)c2ccc([N+](=O)[O-])o2)cc1,CO-ADD:0247821,ATCC 25922,24.15,32 ug/mL,0.0
102457,c1(cc2C)c(cc2[N+](=O)[O-])c3c(cccn3)C1=O,Cc1cc2c(cc1[N+](=O)[O-])-c1ncccc1C2=O,CO-ADD:0253066,ATCC 25922,11.16,32 ug/mL,0.0
102466,n1c2c(cccc2)ncc1c3ccc(cc3C)C.Cl,Cc1ccc(-c2cnc3ccccc3n2)c(C)c1,CO-ADD:0252966,ATCC 25922,13.91,32 ug/mL,0.0
102470,C(=S)(N1CCCCC1)c2ccccc2OC(=O)c(c3)cc(cc3[N+](=O)[O-])[N+](=O)[O-],O=C(Oc1ccccc1C(=S)N1CCCCC1)c1cc([N+](=O)[O-])cc([N+](=O)[O-])c1,CO-ADD:0254497,ATCC 25922,21.04,32 ug/mL,0.0
102475,S(CCCC)(=O)(=O)\C=C/C=C\S(CCCC)(=O)=O,CCCCS(=O)(=O)/C=C\C=C/S(=O)(=O)CCCC,CO-ADD:0254492,ATCC 25922,20.56,32 ug/mL,0.0
103610,c1(C#N)c(COC)cc(nc1SCC[N+](C)(C)CC(=O)Nc(cccc2C(F)(F)F)c2)C.[Cl-],COCc1cc(C)nc(SCC[N+](C)(C)CC(=O)Nc2cccc(C(F)(F)F)c2)c1C#N,CO-ADD:0330938,ATCC 25922,42.19,32 ug/mL,0.0
103665,S(=O)(=O)(CC(OC)=O)c1cc(cc([N+](=O)[O-])c1C#N)[N+](=O)[O-],COC(=O)CS(=O)(=O)c1cc([N+](=O)[O-])cc([N+](=O)[O-])c1C#N,CO-ADD:0288019,ATCC 25922,13.51,32 ug/mL,0.0
103745,N1(C)C(=O)\C(\SC1=S)=C/c(cc(Cl)cc2[N+](=O)[O-])c2O,CN1C(=O)C(=Cc2cc(Cl)cc([N+](=O)[O-])c2O)SC1=S,CO-ADD:0302511,ATCC 25922,21.25,32 ug/mL,0.0
103803,C(=O)(c1cccc(c1)OC(NCC=C)=S)Nc2cccc(cccc3)c23,C=CCNC(=S)Oc1cccc(C(=O)Nc2cccc3ccccc23)c1,CO-ADD:0165880,ATCC 25922,11.89,80 ug/mL,0.0
103805,N1(Nc2ccc(cc2C)C)C(=O)c(cc3)c(c(ccc4[N+](=O)[O-])C1=O)c4c3[N+](=O)[O-],Cc1ccc(NN2C(=O)c3ccc([N+](=O)[O-])c4c([N+](=O)[O-])ccc(c34)C2=O)c(C)c1,CO-ADD:0221941,ATCC 25922,5.86,32 ug/mL,0.0
103809,N1=C(c2ccccc2)OC(=O)C=C1c3ccccc3,O=c1cc(-c2ccccc2)nc(-c2ccccc2)o1,CO-ADD:0234481,ATCC 25922,26.56,32 ug/mL,0.0
103810,c(cc(Br)cc1Cl)(\C=N\c(cc2)ccc2C)c1O,Cc1ccc(N=Cc2cc(Br)cc(Cl)c2O)cc1,CO-ADD:0233453,ATCC 25922,25.31,32 ug/mL,0.0
103816,N1(c2ccc(cc2C)C)C(=O)c(c3)c(c(c4)C1=O)c(cc3[N+](=O)[O-])cc4[N+](=O)[O-],Cc1ccc(N2C(=O)c3cc([N+](=O)[O-])cc4cc([N+](=O)[O-])cc(c34)C2=O)c(C)c1,CO-ADD:0214910,ATCC 25922,-4.02,32 ug/mL,0.0
103817,c1(Br)c(O)c(\C=N\NC(CNC(=O)c2ccco2)=O)cc(Br)c1O,O=C(CNC(=O)c1ccco1)NN=Cc1cc(Br)c(O)c(Br)c1O,CO-ADD:0166102,ATCC 25922,10.86,80 ug/mL,0.0
103847,C(=O)(Oc1cccc(c1)\C=N\NC(CNC(=O)C(c2ccccc2)c3ccccc3)=O)c4cccc(F)c4,O=C(CNC(=O)C(c1ccccc1)c1ccccc1)N/N=C/c1cccc(OC(=O)c2cccc(F)c2)c1,CO-ADD:0222259,ATCC 25922,4.74,32 ug/mL,0.0
103851,[N+](=O)([O-])c1ccc(cc1NCCOc(cc2)ccc2Cl)N(CC3C)CC(N3)C,CC1CN(c2ccc([N+](=O)[O-])c(NCCOc3ccc(Cl)cc3)c2)CC(C)N1,CO-ADD:0232848,ATCC 25922,32.89,32 ug/mL,0.0
103879,C(CNc(cc1)ccc1C)(=O)N\N=C\c(ccc(c2Br)OC)c2,COc1ccc(/C=N/NC(=O)CNc2ccc(C)cc2)cc1Br,CO-ADD:0220251,ATCC 25922,0.33,32 ug/mL,0.0
103890,N1C(=O)\C(\SC1=S)=C/c(cc2)ccc2C,Cc1ccc(/C=C2/SC(=S)NC2=O)cc1,CO-ADD:0234953,ATCC 25922,1.89,32 ug/mL,0.0
103892,[N+](=O)([O-])c(cc1)ccc1C(=O)Oc2ccc(cc2OC)\C=N\NC(=O)\C(\NC(c3ccccc3)=O)=C/c4cccs4,COc1cc(/C=N/NC(=O)C(Cc2cccs2)=NC(=O)c2ccccc2)ccc1OC(=O)c1ccc([N+](=O)[O-])cc1,CO-ADD:0220613,ATCC 25922,3.62,32 ug/mL,0.0
103898,[N+](=O)([O-])c(cc1\C=N\NC(COc2ccccc2C)=O)cc(c1OC(c3ccccc3)=O)Br,Cc1ccccc1OCC(=O)N/N=C/c1cc([N+](=O)[O-])cc(Br)c1OC(=O)c1ccccc1,CO-ADD:0233478,ATCC 25922,13.4,32 ug/mL,0.0
103983,N1(c2ccc(cc2)Br)C(=O)CC(N(CC3)CCN3c4ccccn4)C1=O,Oc1cc(N2CCN(c3ccccn3)CC2)c(O)n1-c1ccc(Br)cc1,CO-ADD:0236135,ATCC 25922,2.5,32 ug/mL,0.0
103989,C(=O)(c1cccc(Cl)c1)Oc2cccc(cccn3)c23,O=C(Oc1cccc2cccnc12)c1cccc(Cl)c1,CO-ADD:0236420,ATCC 25922,40.2,32 ug/mL,0.0
103991,C(=O)(Oc(cc1)ccc1\C=N\NC(COc2ccccc2C)=O)c3cccc(Br)c3,Cc1ccccc1OCC(=O)N/N=C/c1ccc(OC(=O)c2cccc(Br)c2)cc1,CO-ADD:0222028,ATCC 25922,7.38,32 ug/mL,0.0
104008,c1(cc(Cl)cc(Cl)c1O)C2N(CCN2Cc3ccccc3)Cc4ccccc4,Oc1c(Cl)cc(Cl)cc1C1N(Cc2ccccc2)CCN1Cc1ccccc1,CO-ADD:0231573,ATCC 25922,21.88,32 ug/mL,0.0
104024,c1(N(CC2)CCO2)nc(N\N=C/c(ccc(c3[N+](=O)[O-])O)c3)nc(Nc4cccc(Br)c4)n1,O=[N+]([O-])c1cc(C=NNc2nc(Nc3cccc(Br)c3)nc(N3CCOCC3)n2)ccc1O,CO-ADD:0162270,ATCC 25922,16.06,32 ug/mL,0.0
104050,COc1cc(NC(C)CCCN)c2ncccc2c1.OP(=O)(O)O.OP(=O)(O)O,COc1cc(NC(C)CCCN)c2ncccc2c1,CO-ADD:0164841,ATCC 25922,-0.22,20 uM,0.0
104061,[N+](=O)([O-])c1cc(ccc1OC(c2ccccc2)=O)\C=N\c3ccc(cc3C)C,Cc1ccc(/N=C/c2ccc(OC(=O)c3ccccc3)c([N+](=O)[O-])c2)c(C)c1,CO-ADD:0215452,ATCC 25922,2.06,32 ug/mL,0.0
104079,n1c(c2ccccc2)c(cn1c3ccccc3)\C=N\NC(COc(cc4)ccc4OC)=O,COc1ccc(OCC(=O)N/N=C/c2cn(-c3ccccc3)nc2-c2ccccc2)cc1,CO-ADD:0217649,ATCC 25922,1.85,32 ug/mL,0.0
104212,c(C(=O)Nc1ccccc1I)(c(N)c(c23)ccc(c4cccs4)n2)s3,Nc1c(C(=O)Nc2ccccc2I)sc2nc(-c3cccs3)ccc12,CO-ADD:0215385,ATCC 25922,-0.43,32 ug/mL,0.0
104220,[H]N1CCN=C1c(ccc(NC(=O)c(c(ccc2C(Nc(ccc(C(N(CC3)[H])=N3)c4)c4)=O)Cl)c2)c5)c5,O=C(Nc1ccc(C2=NCCN2)cc1)c1ccc(Cl)c(C(=O)Nc2ccc(C3=NCCN3)cc2)c1,CO-ADD:0137085,ATCC 25922,13.21,25 uM,0.0
104238,C#CCN(C1=NC(NCCCCC2CCN(CC3=CC=CC=C3)CC2)=C(C(C4=CC=CC=C4)=C1C#N)C#N)C,C#CCN(C)c1nc(NCCCCC2CCN(Cc3ccccc3)CC2)c(C#N)c(-c2ccccc2)c1C#N,CO-ADD:0149826,ATCC 25922,-46.95,32 ug/mL,0.0
104305,C#CCNC(C(C#N)=C1C2=CC=CC=C2)=NC(NCCCC3CCN(CC4=CC=CC=C4)CC3)=C1C#N,C#CCNc1nc(NCCCC2CCN(Cc3ccccc3)CC2)c(C#N)c(-c2ccccc2)c1C#N,CO-ADD:0149659,ATCC 25922,-19.1,32 ug/mL,0.0
104312,c1(C(=O)NN=Cc(cc(Cl)cc2Br)c2O)nonc1N,Nc1nonc1C(=O)NN=Cc1cc(Cl)cc(Br)c1O,CO-ADD:0137636,ATCC 25922,85.52,32 ug/mL,1.0
104446,O=C1C(N)=C(C)C(C2=C1C(COC(N)=O)C(OC)(C3C(C4)N3C)N24)=O,C=c1c(N)c(O)c2c(c1O)N1CC3C(N3C)C1(OC)C=2COC(N)=O,CO-ADD:0136621,ATCC 25922,99.96,25 uM,1.0
104519,c1c(C)c(OC(C(C(C(N[C@H](C(N[C@H](C(C)C)C(=O)N([C@H](C(=O)N(C)C2)C3)CC3)=O)[C@H](C)OC(=O)[C@@H](N(C)C2=O)C(C)C)=O)=C(N)C4=O)=N5)=C4C)c5c(C(N[C@H](C(N[C@H](C(C)C)C(=O)N([C@H](C(=O)N(C)C6)C7)CC7)=O)[C@H](C)OC(=O)[C@@H](N(C)C6=O)C(C)C)=O)c1,Cc1ccc(C(=O)NC2C(=O)NC(C(C)C)C(=O)N3CCCC3C(=O)N(C)CC(=O)N(C)C(C(C)C)C(=O)O[C@H]2C)c2c1Oc1c(C)c(O)c(N)c(=C(O)N=C3C(=O)NC(C(C)C)C(=O)N4CCCC4C(=O)N(C)CC(=O)N(C)C(C(C)C)C(=O)O[C@H]3C)c1=N2,CO-ADD:0137166,ATCC 25922,-0.74,25 uM,0.0
104521,CC1CC(OC12C(C(CC(CC3CCC(C)C(C(C)C(O[H])=O)O3)O2)OC)C)(C4CCC(C5C(CC(C6C(CC(C)C(O[H])(CO[H])O6)C)O5)C)(C)O4)C,COC1CC(CC2CCC(C)C(C(C)C(=O)O)O2)OC2(OC(C)(C3CCC(C)(C4OC(C5OC(O)(CO)C(C)CC5C)CC4C)O3)CC2C)C1C,CO-ADD:0137250,ATCC 25922,8.06,25 uM,0.0
104529,[H]n1cnc(NC(C(O)=O)=O)n1,O=C(O)C(=O)Nc1nc[nH]n1,CO-ADD:0135776,ATCC 25922,5.36,25 uM,0.0
104532,c1c(N)ccc(S(=O)(=O)Nc2cnc(ccc3)c(n2)c3)c1,Nc1ccc(S(=O)(=O)Nc2cnc3ccccc3n2)cc1,CO-ADD:0136264,ATCC 25922,-10.62,25 uM,0.0
104536,BrC1=C(O)C(/C=N/C2=C(O)C=CC(CC3=CC=C(O)C(/N=C/C4=C(O)C(Br)=C(O)C(Br)=C4)=C3)=C2)=CC(Br)=C1O,Oc1ccc(Cc2ccc(O)c(N=Cc3cc(Br)c(O)c(Br)c3O)c2)cc1N=Cc1cc(Br)c(O)c(Br)c1O,CO-ADD:0160535,ATCC 25922,23.23,32 ug/mL,0.0
106054,[N+](=O)([O-])c(c1)cc(c(O)c1\C=N\NC(CNC(=O)c2ccco2)=O)Br,O=C(CNC(=O)c1ccco1)NN=Cc1cc([N+](=O)[O-])cc(Br)c1O,CO-ADD:0161174,ATCC 25922,4.81,32 ug/mL,0.0
106123,[O-][N+](C1=CC(C(OC2=CC=CC(/C=N/C(C=C3)=CC=C3Cl)=C2)=O)=CC([N+]([O-])=O)=C1)=O,O=C(Oc1cccc(/C=N/c2ccc(Cl)cc2)c1)c1cc([N+](=O)[O-])cc([N+](=O)[O-])c1,CO-ADD:0158089,ATCC 25922,16.33,32 ug/mL,0.0
106137,C1C[C@](C)(C([C@H](O)CC(\C(=C(\C(=O)O\C(=N\C2CCCCC2)\NC3CCCCC3)/CC\C=C(/C)\C)\[C@@H](OC(=O)C)C4)[C@]45C)[C@]5(C)CC6)C6[C@H](C)[C@@H]1O,CC(=O)O[C@H]1C[C@@]2(C)C(C[C@@H](O)C3[C@@]4(C)CC[C@@H](O)[C@@H](C)C4CC[C@@]32C)/C1=C(\CCC=C(C)C)C(=O)OC(=NC1CCCCC1)NC1CCCCC1,CO-ADD:0244003,ATCC 25922,-0.29,32 ug/mL,0.0
106542,n1c2c([nH]c1c(cc3)ccn3)ccc(N)c2,Nc1ccc2[nH]c(-c3ccncc3)nc2c1,CO-ADD:0228726,ATCC 25922,2.3,32 ug/mL,0.0
106623,n1c2c([nH]c1c(cc3)ccn3)ccc(N)c2,Nc1ccc2[nH]c(-c3ccncc3)nc2c1,CO-ADD:0228726,ATCC 25922,7.1,32 ug/mL,0.0
106704,n1c2c([nH]c1c(cc3)ccn3)ccc(N)c2,Nc1ccc2[nH]c(-c3ccncc3)nc2c1,CO-ADD:0228726,ATCC 25922,6.18,32 ug/mL,0.0
107041,N(COc(c12)ccc(c1)[N+](=O)[O-])(c(cccc3)c34)C2OC4(c5ccccc5)c6ccccc6,O=[N+]([O-])c1ccc2c(c1)C1OC(c3ccccc3)(c3ccccc3)c3ccccc3N1CO2,CO-ADD:0245075,ATCC 25922,-3.45,32 ug/mL,0.0
107124,C(O)(C(OCC)=O)(C(F)(F)F)NC(=O)c(cccc1C(F)(F)F)c1,CCOC(=O)C(O)(NC(=O)c1cccc(C(F)(F)F)c1)C(F)(F)F,CO-ADD:0242606,ATCC 25922,12.06,32 ug/mL,0.0
107125,c1(ccc(c(cccc2)c12)F)C(O)=O,O=C(O)c1ccc(F)c2ccccc12,CO-ADD:0244465,ATCC 25922,3.76,32 ug/mL,0.0
107139,n1c2c(oc1Cc3ccccc3)ccc(c2)\N=C\c(c(O)ccc4[N+](=O)[O-])c4,O=[N+]([O-])c1ccc(O)c(C=Nc2ccc3oc(Cc4ccccc4)nc3c2)c1,CO-ADD:0235168,ATCC 25922,5.83,32 ug/mL,0.0
107278,C(OC)(F)(C(F)(F)F)C(=O)Nc1sc(c2n1)cccc2,COC(F)(C(=O)Nc1nc2ccccc2s1)C(F)(F)F,CO-ADD:0324117,ATCC 25922,-8.58,32 ug/mL,0.0
107332,C1(N(CC2)CCN2c(cc3)ccc3[N+](=O)[O-])=CC(OC14CCCCC4)=O,O=C1C=C(N2CCN(c3ccc([N+](=O)[O-])cc3)CC2)C2(CCCCC2)O1,CO-ADD:0319423,ATCC 25922,-2.2,32 ug/mL,0.0
107350,c1(cc(Cl)cc(Cl)c1O)C2N(CCN2Cc(cc3)ccc3Cl)Cc(cc4)ccc4Cl,Oc1c(Cl)cc(Cl)cc1C1N(Cc2ccc(Cl)cc2)CCN1Cc1ccc(Cl)cc1,CO-ADD:0306026,ATCC 25922,15.58,32 ug/mL,0.0
107462,N1(CNc2cccc(F)c2)C(=O)\C(\SC1=S)=C/c(cc3OC)cc(c3OC)OC,COc1cc(/C=C2/SC(=S)N(CNc3cccc(F)c3)C2=O)cc(OC)c1OC,CO-ADD:0223034,ATCC 25922,3.24,32 ug/mL,0.0
107489,c1(nnc(CC)s1)NC(=O)c(cc2)ccc2[N+](=O)[O-],CCc1nnc(NC(=O)c2ccc([N+](=O)[O-])cc2)s1,CO-ADD:0235697,ATCC 25922,-0.8,32 ug/mL,0.0
107574,[O-][N+](C(C=C1)=CC=C1C2=CC=C(/C=N/C3=CC(OC4=C5C=CC=C4)=C5C=C3)O2)=O,O=[N+]([O-])c1ccc(-c2ccc(/C=N/c3ccc4c(c3)oc3ccccc34)o2)cc1,CO-ADD:0158253,ATCC 25922,15.65,32 ug/mL,0.0
107600,c(O1)(cc(CC#N)c2OC)c(OC1)c2OC,COc1c(CC#N)cc2c(c1OC)OCO2,CO-ADD:0243622,ATCC 25922,-4.44,32 ug/mL,0.0
107629,c1(cccc(\C=N\N=C(\N)/SC)c1O)C(OC)=O,COC(=O)c1cccc(C=NN=C(N)SC)c1O,CO-ADD:0256390,ATCC 25922,4.8,32 ug/mL,0.0
107655,c1(\C=N\Cc2ccccc2)cc(Br)ccc1O,Oc1ccc(Br)cc1C=NCc1ccccc1,CO-ADD:0233609,ATCC 25922,1.25,32 ug/mL,0.0
107666,c1(C#N)c(c2ccccc2)cc(nc1Cl)c3ccccc3,N#Cc1c(-c2ccccc2)cc(-c2ccccc2)nc1Cl,CO-ADD:0234745,ATCC 25922,21.85,32 ug/mL,0.0
107923,c1(c(Cl)ccc(c1)[N+](=O)[O-])C(=O)Nc(cc2)ccc2Br,O=C(Nc1ccc(Br)cc1)c1cc([N+](=O)[O-])ccc1Cl,CO-ADD:0221461,ATCC 25922,14.73,32 ug/mL,0.0
107963,n1(Cc2ccccc2)nc(cc1\N=C\c(c(O)ccc3[N+](=O)[O-])c3)c4ccc(cc4)Br,O=[N+]([O-])c1ccc(O)c(C=Nc2cc(-c3ccc(Br)cc3)nn2Cc2ccccc2)c1,CO-ADD:0247849,ATCC 25922,5.58,32 ug/mL,0.0
108027,[N+](=O)([O-])c(cc(cc1[N+](=O)[O-])C(=O)NC(CSCc2ccccc2)C(=O)N\N=C(/C)\c(cccc3[N+](=O)[O-])c3)c1,C/C(=N\NC(=O)C(CSCc1ccccc1)NC(=O)c1cc([N+](=O)[O-])cc([N+](=O)[O-])c1)c1cccc([N+](=O)[O-])c1,CO-ADD:0218692,ATCC 25922,-5.63,32 ug/mL,0.0
108029,c1(\C=N\NCc(cc2)ccc2Cl)c3c(cccc3)cc(cccc4)c14,Clc1ccc(CN/N=C/c2c3ccccc3cc3ccccc23)cc1,CO-ADD:0219563,ATCC 25922,8.88,32 ug/mL,0.0
108030,c1(cc(Cl)cc(Cl)c1OCC(=O)N\N=C\c2cccc(OC)c2OC)[N+](=O)[O-],COc1cccc(/C=N/NC(=O)COc2c(Cl)cc(Cl)cc2[N+](=O)[O-])c1OC,CO-ADD:0219524,ATCC 25922,-1.58,32 ug/mL,0.0
108035,N1(\N=C\c(cc2)ccc2C(O)=O)C(=O)c3c(c4C1=O)c(ccc3)ccc4,O=C(O)c1ccc(/C=N/N2C(=O)c3cccc4cccc(c34)C2=O)cc1,CO-ADD:0215431,ATCC 25922,10.85,32 ug/mL,0.0
108049,c1(c2ccc(cc2)Cl)ccc(\C=N\NC(COc3ccccc3OC)=O)o1,COc1ccccc1OCC(=O)N/N=C/c1ccc(-c2ccc(Cl)cc2)o1,CO-ADD:0220708,ATCC 25922,2.5,32 ug/mL,0.0
108055,[N+](=O)([O-])c1cc(ccc1OC(c2ccccc2)=O)\C=N\c3cccc(OC)c3,COc1cccc(/N=C/c2ccc(OC(=O)c3ccccc3)c([N+](=O)[O-])c2)c1,CO-ADD:0215640,ATCC 25922,4.0,32 ug/mL,0.0
108133,C(OCC)(=O)c1ccc(cc1)NC(CCl)=O,CCOC(=O)c1ccc(NC(=O)CCl)cc1,CO-ADD:0221628,ATCC 25922,29.88,32 ug/mL,0.0
108135,c(c1)(cc(cn1)Br)C(=O)N\N=C\c2cc(Cl)ccc2O,O=C(NN=Cc1cc(Cl)ccc1O)c1cncc(Br)c1,CO-ADD:0166166,ATCC 25922,31.3,80 ug/mL,0.0
108152,C(=O)(Nc(cc1)ccc1OCCCCCCCCCC)Nc2ccccc2OCCCC,CCCCCCCCCCOc1ccc(NC(=O)Nc2ccccc2OCCCC)cc1,CO-ADD:0218501,ATCC 25922,-22.95,32 ug/mL,0.0
108161,[N+](=O)([O-])c1cccc(OCC(=O)N\N=C\c(cc2Br)cc(c2O)Br)c1,O=C(COc1cccc([N+](=O)[O-])c1)NN=Cc1cc(Br)c(O)c(Br)c1,CO-ADD:0220250,ATCC 25922,-0.02,32 ug/mL,0.0
108184,c1(cc(cc(Cc(cc2[N+](=O)[O-])c3cc2)c13)[N+](=O)[O-])[N+](=O)[O-],O=[N+]([O-])c1ccc2c(c1)Cc1cc([N+](=O)[O-])cc([N+](=O)[O-])c1-2,CO-ADD:0220021,ATCC 25922,4.4,32 ug/mL,0.0
108186,OCC1=CC=C(O)C2=C1C=CC=N2,OCc1ccc(O)c2ncccc12,CO-ADD:0154571,ATCC 25922,41.58,32 ug/mL,0.0
108188,C(F)(F)(C(F)(F)COc1ccccc1\N=C\c(cc(Cl)cc2Cl)c2O)C(F)(F)C(F)F,Oc1c(Cl)cc(Cl)cc1C=Nc1ccccc1OCC(F)(F)C(F)(F)C(F)(F)C(F)F,CO-ADD:0166431,ATCC 25922,23.23,80 ug/mL,0.0
108194,c1(O)c(cccc1\C=N\NC(CCCc(ccc(c2C)OC)c2)=O)O,COc1ccc(CCCC(=O)NN=Cc2cccc(O)c2O)cc1C,CO-ADD:0166385,ATCC 25922,11.36,80 ug/mL,0.0
108259,n1(Cc2ccccc2)c3c(cc1CC(=O)Nc4ccccc4)cccc3,O=C(Cc1cc2ccccc2n1Cc1ccccc1)Nc1ccccc1,CO-ADD:0166262,ATCC 25922,-0.02,80 ug/mL,0.0
108261,C(C#N)(C1c2ccc(cc2)F)=C(SCC(N)=O)NC(C)=C1C(C)=O,CC(=O)C1C(C)=NC(SCC(N)=O)=C(C#N)C1c1ccc(F)cc1,CO-ADD:0221835,ATCC 25922,4.14,32 ug/mL,0.0
108262,[O-][N+](C1=CC([N+]([O-])=O)=CC(C(OC2=CC(/C=N/C(C=CC=C3)=C3C)=CC=C2)=O)=C1)=O,Cc1ccccc1/N=C/c1cccc(OC(=O)c2cc([N+](=O)[O-])cc([N+](=O)[O-])c2)c1,CO-ADD:0157941,ATCC 25922,17.23,32 ug/mL,0.0
108276,c1(C(=O)c2ccc(cc2)OC)no[n+]([O-])c1C(=O)c3ccc(cc3)OC,COc1ccc(C(=O)c2no[n+]([O-])c2C(=O)c2ccc(OC)cc2)cc1,CO-ADD:0295251,ATCC 25922,6.56,32 ug/mL,0.0
108287,N1(c2ccc(cc2)OC)C(c3ccccc3OCc4c(cccc4Cl)Cl)N(N=C1C(C)=O)c5ccccc5,COc1ccc(N2C(C(C)=O)=NN(c3ccccc3)C2c2ccccc2OCc2c(Cl)cccc2Cl)cc1,CO-ADD:0287683,ATCC 25922,10.44,32 ug/mL,0.0
108323,c1(CC(O)=O)c(cc(cc1[N+](=O)[O-])[N+](=O)[O-])[N+](=O)[O-],O=C(O)Cc1c([N+](=O)[O-])cc([N+](=O)[O-])cc1[N+](=O)[O-],CO-ADD:0290454,ATCC 25922,15.94,32 ug/mL,0.0
108332,c1c(cccc1NN)Cl.Cl,NNc1cccc(Cl)c1,CO-ADD:0293653,ATCC 25922,15.14,32 ug/mL,0.0
108385,C[C@H]1O[C@H](O[C@@H]2[C@@H](CO)O[C@H](O[C@@H]3[C@@H](CO)OC(O)[C@H](O)[C@H]3O)[C@H](O)[C@H]2O)[C@H](O)[C@@H](O)[C@@H]1N[C@H]1C=C(CO)[C@@H](O)[C@H](O)[C@H]1O,C[C@H]1O[C@H](O[C@H]2[C@H](O)[C@@H](O)[C@@H](O[C@H]3[C@H](O)[C@@H](O)C(O)O[C@@H]3CO)O[C@@H]2CO)[C@H](O)[C@@H](O)[C@@H]1N[C@H]1C=C(CO)[C@@H](O)[C@H](O)[C@H]1O,CO-ADD:0164420,ATCC 25922,-0.61,20 uM,0.0
108424,N1(c2ccc(c(C)c2)C)C(c3ccc(cc3)C)N(N=C1C(C)=O)c4ccc(cc4)OC,COc1ccc(N2N=C(C(C)=O)N(c3ccc(C)c(C)c3)C2c2ccc(C)cc2)cc1,CO-ADD:0304272,ATCC 25922,10.6,32 ug/mL,0.0
108435,N=C(C(C1C2=C(C=CC=C2)[N+]([O-])=O)(Br)C#N)OC3=C1C(C=CC=C4)=C4C=C3,N#CC1(Br)C(=N)Oc2ccc3ccccc3c2C1c1ccccc1[N+](=O)[O-],CO-ADD:0149860,ATCC 25922,-27.57,32 ug/mL,0.0
108571,c1(C(C)(C)C)cc(SCC2SC(N)=NC2)cc(C(C)(C)C)c1O.Cl,CC(C)(C)c1cc(SCC2CN=C(N)S2)cc(C(C)(C)C)c1O,CO-ADD:0148743,ATCC 25922,15.97,32 ug/mL,0.0
108578,CN1C=C(NC(C2=CC(NC(C3=NC=C(C=CC=C4)C4=C3)=N)=CN2C)=O)C=C1C(NC5=CN(C)C(C(NCCCN(C)C)=O)=C5)=O.OC(C(F)(F)F)=O.OC(C(F)(F)F)=O,CN(C)CCCNC(=O)c1cc(NC(=O)c2cc(NC(=O)c3cc(N=C(N)c4cc5ccccc5cn4)cn3C)cn2C)cn1C,CO-ADD:0153089,ATCC 25922,12.27,32 ug/mL,0.0
108592,Clc1ccc(SCNc2ccccc2Cl)cc1,Clc1ccc(SCNc2ccccc2Cl)cc1,CO-ADD:0136313,ATCC 25922,-7.38,25 uM,0.0
108594,O=C1/C(N=C(C2=CC=CC(Cl)=C2)O1)=C/C3=CC=C(C)O3,Cc1ccc(/C=C2\N=C(c3cccc(Cl)c3)OC2=O)o1,CO-ADD:0157832,ATCC 25922,15.24,32 ug/mL,0.0
108599,C1(C2NC(=S)N1)N(C(c(c3)cccc3)C)C(=O)N2,CC(c1ccccc1)N1C(=O)NC2NC(=S)NC21,CO-ADD:0244898,ATCC 25922,2.71,32 ug/mL,0.0
108624,C(F)(F)(F)C(=O)CC(=O)\C=C\c1cccs1,O=C(/C=C/c1cccs1)CC(=O)C(F)(F)F,CO-ADD:0241314,ATCC 25922,48.74,32 ug/mL,0.0
108633,[N+](=O)([O-])c1cc(ccc1OC(=O)c2cccc(cccc3)c23)\C=N\c4ccccc4,O=C(Oc1ccc(/C=N/c2ccccc2)cc1[N+](=O)[O-])c1cccc2ccccc12,CO-ADD:0216927,ATCC 25922,-0.86,32 ug/mL,0.0
108640,[N+](=O)([O-])c1cc(ccc1OC(=O)c2cccc(cccc3)c23)\C=N\c(cc4)ccc4Cl,O=C(Oc1ccc(/C=N/c2ccc(Cl)cc2)cc1[N+](=O)[O-])c1cccc2ccccc12,CO-ADD:0216943,ATCC 25922,-7.75,32 ug/mL,0.0
108657,C(=O)(Oc(cc1)ccc1Br)Nc2cccc3c2cccc3NC(=O)Oc(cc4)ccc4Br,O=C(Nc1cccc2c(NC(=O)Oc3ccc(Br)cc3)cccc12)Oc1ccc(Br)cc1,CO-ADD:0215000,ATCC 25922,-12.88,32 ug/mL,0.0
108664,[N+](=O)([O-])c1cccc(\C=N\c(c2)c(ccc2C(F)(F)F)Oc3ccccc3)c1O,O=[N+]([O-])c1cccc(C=Nc2cc(C(F)(F)F)ccc2Oc2ccccc2)c1O,CO-ADD:0240892,ATCC 25922,10.86,32 ug/mL,0.0
108707,S(=O)(=O)(N1CCC(CC1)C)c2c(C)ccc(c2)C(=O)Oc3cccc(cccn4)c34,Cc1ccc(C(=O)Oc2cccc3cccnc23)cc1S(=O)(=O)N1CCC(C)CC1,CO-ADD:0284019,ATCC 25922,9.49,32 ug/mL,0.0
108721,N1(c2ccc(cc2)O)C(=O)c(cc3)c(c(ccc4[N+](=O)[O-])C1=O)c4c3[N+](=O)[O-],O=C1c2ccc([N+](=O)[O-])c3c([N+](=O)[O-])ccc(c23)C(=O)N1c1ccc(O)cc1,CO-ADD:0221907,ATCC 25922,6.08,32 ug/mL,0.0
108725,n1c(N(C)C)nc(nc1N(CC2)CCO2)N\N=C(/C)\c(cc3)ccc3[N+](=O)[O-],C/C(=N\Nc1nc(N(C)C)nc(N2CCOCC2)n1)c1ccc([N+](=O)[O-])cc1,CO-ADD:0220879,ATCC 25922,3.55,32 ug/mL,0.0
108728,S(=O)(=O)(c1ccc(cc1)C)\C=C(/Cl)\Cl,Cc1ccc(S(=O)(=O)C=C(Cl)Cl)cc1,CO-ADD:0284778,ATCC 25922,17.07,32 ug/mL,0.0
108863,C(O)(C(OC)=O)(C(F)(F)F)NC(OCc1ccccc1)=O,COC(=O)C(O)(NC(=O)OCc1ccccc1)C(F)(F)F,CO-ADD:0329548,ATCC 25922,-3.67,32 ug/mL,0.0
108891,n1(c2c(cccc2)CNC3c4cc(OC)ccc4F)c3ccc1.Cl,COc1ccc(F)c(C2NCc3ccccc3-n3cccc32)c1,CO-ADD:0331250,ATCC 25922,7.2,32 ug/mL,0.0
108958,N1(c2ccc(cc2)C)C(=O)\C(\C(C)=N1)=C/NNc3cccc(Cl)c3,Cc1ccc(-n2[nH]c(C)c(C=NNc3cccc(Cl)c3)c2=O)cc1,CO-ADD:0229514,ATCC 25922,32.25,32 ug/mL,0.0
108971,n1c[nH]nc1\N=C\c2ccccc2O,Oc1ccccc1C=Nc1nc[nH]n1,CO-ADD:0233616,ATCC 25922,1.21,32 ug/mL,0.0
108982,CC(/C=C/C=C/C(NCCC(NC(C(NC(C(NC(C(NC(Cc1ccc(OC2OCC(C(C2O)O)O)cc1)C(NC(C)C(C(NC(CC(c3c(O)cc(O)cc3)=O)C(N(C(C(N4CCCC4C(O)=O)=O)C)[H])=O)=O)NC(CNC(C(NC(CNC(C(NC(C(NC(CCN)=O)CC(C)C)=O)CC(C)=O)=O)=O)CO)=O)=O)=O)=O)CC(C(O)=O)O)=O)CC(c5ccccc5)O)=O)CCCN)=O)=O)C,CC(=O)CC(NC(=O)C(CC(C)C)NC(=O)CCN)C(=O)NCC(=O)NC(CO)C(=O)NCC(=O)NC(C(=O)NC(CC(=O)c1ccc(O)cc1O)C(=O)NC(C)C(=O)N1CCCC1C(=O)O)C(C)NC(=O)C(Cc1ccc(OC2OCC(O)C(O)C2O)cc1)NC(=O)C(CC(O)C(=O)O)NC(=O)C(CC(O)c1ccccc1)NC(=O)C(CCCN)NC(=O)CCNC(=O)C=CC=CC(C)C,CO-ADD:0245104,ATCC 25922,10.99,32 ug/mL,0.0
108999,C(C1CCCCC1)(=O)NCC(=O)[O-],O=C(O)CNC(=O)C1CCCCC1,CO-ADD:0240951,ATCC 25922,8.45,32 ug/mL,0.0
109015,C(C1CCCCC1)(=O)NCC(=O)[O-],O=C(O)CNC(=O)C1CCCCC1,CO-ADD:0240951,ATCC 25922,4.96,32 ug/mL,0.0
109065,c1(N\N=C(/C)\c2ccc(cc2)Nc(nc3N(CC4)CCO4)nc(n3)N(CC5)CCO5)nnc(C)n1N.Cl,CC(=NNc1nnc(C)n1N)c1ccc(Nc2nc(N3CCOCC3)nc(N3CCOCC3)n2)cc1,CO-ADD:0244751,ATCC 25922,9.69,32 ug/mL,0.0
109077,[O-][N+](C1=C(O)C(/C=N/C2=CC=CC3=CC=CN=C23)=CC(C)=C1)=O,Cc1cc(C=Nc2cccc3cccnc23)c(O)c([N+](=O)[O-])c1,CO-ADD:0157806,ATCC 25922,21.72,32 ug/mL,0.0
109162,O=C(N(N=C1C)C(C=C2C)=CC=C2C)C31C4(C(N(N=C4C)C(C=C5C)=CC=C5C)=O)C3C6=CC=CC=C6Cl,CC1=NN(c2ccc(C)c(C)c2)C(=O)C12C(c1ccccc1Cl)C21C(=O)N(c2ccc(C)c(C)c2)N=C1C,CO-ADD:0155540,ATCC 25922,17.29,32 ug/mL,0.0
109202,N(c1cccc(Cl)c1C)(C2=O)C(=O)C(C2C3(Br)c4c5cccc4)C5(Br)c(c36)cccc6,Cc1c(Cl)cccc1-n1c(O)c2c(c1O)C1(Br)c3ccccc3C2(Br)c2ccccc21,CO-ADD:0162561,ATCC 25922,13.37,32 ug/mL,0.0
109207,C1(c2cccc(I)c2)=N\C(\C(=O)O1)=C/C=C/c3ccco3,O=C1OC(c2cccc(I)c2)=N/C1=C\C=C\c1ccco1,CO-ADD:0162268,ATCC 25922,13.37,32 ug/mL,0.0
109372,C1CCCC2(N=C(S)N(c3ccccc3)N2[H])CC1,S=C1NC2(CCCCCC2)NN1c1ccccc1,CO-ADD:0136488,ATCC 25922,0.34,25 uM,0.0
109398,[N+](=O)([O-])c(ccc(c1\C=N\NC(COc2cccc(cccc3)c23)=O)N(CCCC)CC)c1,CCCCN(CC)c1ccc([N+](=O)[O-])cc1/C=N/NC(=O)COc1cccc2ccccc12,CO-ADD:0161911,ATCC 25922,3.47,32 ug/mL,0.0
109482,c12c(ccc(OC)c1OC)C(OC2=O)OC(C)=O,COc1ccc2c(c1OC)C(=O)OC2OC(C)=O,CO-ADD:0232858,ATCC 25922,5.38,32 ug/mL,0.0
109509,C(=O)(\C=C\c1ccccc1)Oc2ccccc2\C=N\Nc3ccccc3,O=C(/C=C/c1ccccc1)Oc1ccccc1/C=N/Nc1ccccc1,CO-ADD:0231353,ATCC 25922,1.28,32 ug/mL,0.0
109550,N1(Cc2ccccc2)C(=O)C(C3C1=O)C(c4ccccc4)(C(C35c6ccccc6)=O)C(=C5c7ccccc7)c8ccccc8,O=C1C2(c3ccccc3)C(c3ccccc3)=C(c3ccccc3)C1(c1ccccc1)c1c2c(O)n(Cc2ccccc2)c1O,CO-ADD:0231973,ATCC 25922,-1.25,32 ug/mL,0.0
109556,N1(c2ccc(cc2)OCCC)C(=O)CC(N3CCCCC3)C1=O,CCCOc1ccc(-n2c(O)cc(N3CCCCC3)c2O)cc1,CO-ADD:0235736,ATCC 25922,12.75,32 ug/mL,0.0
109571,n(C)(c1c(c2\C=C\[N+](=O)[O-])cccc1)c2,Cn1cc(/C=C/[N+](=O)[O-])c2ccccc21,CO-ADD:0232155,ATCC 25922,1.44,32 ug/mL,0.0
109574,C(=N\c(cccn1)c1)(/c2c(N3)ccc(Br)c2)\C3=O,O=C1Nc2ccc(Br)cc2C1=Nc1cccnc1,CO-ADD:0217967,ATCC 25922,1.59,32 ug/mL,0.0
109588,C(C(OCC)=O)(=C(C)OC(=C1C#N)N)C1c2ccc(cc2)OCc3ccccc3,CCOC(=O)C1=C(C)OC(=N)C(C#N)C1c1ccc(OCc2ccccc2)cc1,CO-ADD:0166660,ATCC 25922,5.72,80 ug/mL,0.0
109590,C(N(CCC)CCC)(=S)Oc(cccc1C(=O)Nc(cc2)ccc2C)c1,CCCN(CCC)C(=S)Oc1cccc(C(=O)Nc2ccc(C)cc2)c1,CO-ADD:0166024,ATCC 25922,9.42,80 ug/mL,0.0
109591,C(Oc(cccc1C(=O)Nc(cc2)ccc2OCC)c1)(=S)Nc(cc3)ccc3OCC,CCOc1ccc(NC(=O)c2cccc(OC(=S)Nc3ccc(OCC)cc3)c2)cc1,CO-ADD:0166366,ATCC 25922,-0.61,80 ug/mL,0.0
109600,c1(O)c(OC)cc(cc1OC)\C=N\NC(=O)Cc2ccc(c(cccc3)c23)Br,COc1cc(C=NNC(=O)Cc2ccc(Br)c3ccccc23)cc(OC)c1O,CO-ADD:0222181,ATCC 25922,-6.23,32 ug/mL,0.0
109609,c1(c(ccn2)NCCCc3ccccc3)c2cc(cccc4)c4c1,c1ccc(CCCNc2ccnc3cc4ccccc4cc23)cc1,CO-ADD:0221364,ATCC 25922,53.36,32 ug/mL,0.0
109819,N1(c2ccc(cc2)Cl)C(c3ccccc3OCc(cc4)ccc4Cl)N(N=C1C(C)=O)c5ccccc5,CC(=O)C1=NN(c2ccccc2)C(c2ccccc2OCc2ccc(Cl)cc2)N1c1ccc(Cl)cc1,CO-ADD:0286171,ATCC 25922,7.6,32 ug/mL,0.0
109874,C12(CCC(=O)O1)c3c(C(=O)O2)cccc3,O=C1CCC2(O1)OC(=O)c1ccccc12,CO-ADD:0292603,ATCC 25922,0.77,32 ug/mL,0.0
110622,S=C(NC1=O)NC(C1=CC(C=C2)=CC=C2Br)=O,O=C1NC(=S)NC(=O)C1=Cc1ccc(Br)cc1,CO-ADD:0157666,ATCC 25922,11.9,32 ug/mL,0.0
110630,c12c(non1)NC(=O)C(Nc(ccc(c3C)C)c3)=N2,Cc1ccc(Nc2nc3nonc3[nH]c2=O)cc1C,CO-ADD:0161488,ATCC 25922,18.24,32 ug/mL,0.0
110631,C(=C\c1ccc(C)o1)(/C(=O)OC(O2)(C)C)\C2=O,Cc1ccc(C=C2C(=O)OC(C)(C)OC2=O)o1,CO-ADD:0229947,ATCC 25922,-1.38,32 ug/mL,0.0
110632,S=C(S/1)N(CNC2=CC=CC(F)=C2)C(C1=C/C3=CC=C(C=C3)C(OC)=O)=O,COC(=O)c1ccc(/C=C2/SC(=S)N(CNc3cccc(F)c3)C2=O)cc1,CO-ADD:0155688,ATCC 25922,11.19,32 ug/mL,0.0
110647,c1(\C=N\NC(CSCc(cc2)ccc2Cl)=O)c(cccc1Cl)Cl,O=C(CSCc1ccc(Cl)cc1)N/N=C/c1c(Cl)cccc1Cl,CO-ADD:0219776,ATCC 25922,0.02,32 ug/mL,0.0
110751,[N+](=O)([O-])c(cc1)ccc1C(=O)N\N=C(/CCC2)\C2,O=C(NN=C1CCCC1)c1ccc([N+](=O)[O-])cc1,CO-ADD:0218571,ATCC 25922,5.38,32 ug/mL,0.0
110787,CCP(=[Au]S[C@H]1O[C@@H](COC(=O)C)[C@H](OC(=O)C)[C@@H](OC(=O)C)[C@@H]1OC(=O)C)(CC)CC,CC(=O)OC[C@@H]1O[C@H](S)[C@@H](OC(C)=O)[C@H](OC(C)=O)[C@H]1OC(C)=O,CO-ADD:0237430,ATCC 25922,32.12,20 uM,0.0
110839,C1(N2C(S3)=NCCC2)=C3C(c(cccc4)c4C1=O)=O.Cl,O=C1C2=C(C(=O)c3ccccc31)N1CCCN=C1S2,CO-ADD:0292720,ATCC 25922,66.02,32 ug/mL,0.0
110858,c1(ccc(C=O)o1)c2cccc(Cl)c2C,Cc1c(Cl)cccc1-c1ccc(C=O)o1,CO-ADD:0285804,ATCC 25922,4.76,32 ug/mL,0.0
110866,[n+]1([O-])c(cc([N+](=O)[O-])cc2[N+](=O)[O-])c2c(Nc3ccccc3)n1c4ccccc4,O=[N+]([O-])c1cc([N+](=O)[O-])c2c(Nc3ccccc3)n(-c3ccccc3)[n+]([O-])c2c1,CO-ADD:0285654,ATCC 25922,13.37,32 ug/mL,0.0
110882,s1cccc1CNCc2cccs2.Cl,c1csc(CNCc2cccs2)c1,CO-ADD:0295273,ATCC 25922,-2.77,32 ug/mL,0.0
110894,N(=C\c1cccc(F)c1O)/c2cc(C)c(cc2O)C,Cc1cc(O)c(N=Cc2cccc(F)c2O)cc1C,CO-ADD:0227615,ATCC 25922,16.13,32 ug/mL,0.0
110896,C(=O)(Oc(cc1)ccc1\C=N\c(cc2)ccc2Br)\C=C\C(=O)Oc(cc3)ccc3\C=N\c(cc4)ccc4Br,O=C(/C=C/C(=O)Oc1ccc(/C=N/c2ccc(Br)cc2)cc1)Oc1ccc(/C=N/c2ccc(Br)cc2)cc1,CO-ADD:0231316,ATCC 25922,6.84,32 ug/mL,0.0
110909,C(CCc1ccccc1)(=O)Nc(cc2)ccc2I,O=C(CCc1ccccc1)Nc1ccc(I)cc1,CO-ADD:0166253,ATCC 25922,4.33,80 ug/mL,0.0
110926,C12(\C=N\c(cc3)ccc3OCC)c4c(cccc4)C(C(C1C5=O)C(N5c6ccc(cc6)OCC)=O)c(cccc7)c27,CCOc1ccc(/N=C/C23c4ccccc4C(c4ccccc42)c2c3c(O)n(-c3ccc(OCC)cc3)c2O)cc1,CO-ADD:0166305,ATCC 25922,9.92,80 ug/mL,0.0
110928,[N+](=O)([O-])c1cc(ccc1OC(=O)c2ccco2)\C=N\NC(=O)c(c3)cc(cn3)Br,O=C(N/N=C/c1ccc(OC(=O)c2ccco2)c([N+](=O)[O-])c1)c1cncc(Br)c1,CO-ADD:0166201,ATCC 25922,-1.5,80 ug/mL,0.0
110931,N1(c2cccc(c2)[N+](=O)[O-])C(=O)c(c3C1=O)ccc(c3)C(=O)Nc(cc4)ccc4C,Cc1ccc(NC(=O)c2ccc3c(c2)C(=O)N(c2cccc([N+](=O)[O-])c2)C3=O)cc1,CO-ADD:0215274,ATCC 25922,-15.67,32 ug/mL,0.0
110932,n(\N=C\c1ccc(cc1O)O)(cnn2)c2,Oc1ccc(C=Nn2cnnc2)c(O)c1,CO-ADD:0215290,ATCC 25922,-0.5,32 ug/mL,0.0
110938,c1(N2)c(cc(c(Br)c1Br)Br)OC2=O,O=c1[nH]c2c(Br)c(Br)c(Br)cc2o1,CO-ADD:0221784,ATCC 25922,7.2,32 ug/mL,0.0
110954,c1(N2)c(cc(c(Br)c1Br)Br)OC2=O,O=c1[nH]c2c(Br)c(Br)c(Br)cc2o1,CO-ADD:0221784,ATCC 25922,11.62,32 ug/mL,0.0
110970,c1(N2)c(cc(c(Br)c1Br)Br)OC2=O,O=c1[nH]c2c(Br)c(Br)c(Br)cc2o1,CO-ADD:0220005,ATCC 25922,7.2,32 ug/mL,0.0
110986,c1(N2)c(cc(c(Br)c1Br)Br)OC2=O,O=c1[nH]c2c(Br)c(Br)c(Br)cc2o1,CO-ADD:0220005,ATCC 25922,11.62,32 ug/mL,0.0
111014,N1(c2ccc(cc2)OC)C(=O)NC(\C(=C\c3cccc(OCCOc(cc4)ccc4[N+](=O)[O-])c3)\C1=O)=O,COc1ccc(N2C(=O)NC(=O)/C(=C/c3cccc(OCCOc4ccc([N+](=O)[O-])cc4)c3)C2=O)cc1,CO-ADD:0302044,ATCC 25922,4.56,32 ug/mL,0.0
111034,c1(C(=O)Nc2ccccc2O)c(cc(cc1[N+](=O)[O-])[N+](=O)[O-])[N+](=O)[O-],O=C(Nc1ccccc1O)c1c([N+](=O)[O-])cc([N+](=O)[O-])cc1[N+](=O)[O-],CO-ADD:0302653,ATCC 25922,7.77,32 ug/mL,0.0
111073,C1(=C(Nc(cc2)ccc2OC)C(c(cccc3)c3C1=O)=O)n4c5c(nn4)cccc5,COc1ccc(N=C2C(=O)c3ccccc3C(=O)C2n2nnc3ccccc32)cc1,CO-ADD:0328870,ATCC 25922,-7.23,32 ug/mL,0.0
111112,C1(C(F)(F)F)(NC(=O)c2ccccc2OC)C(=O)N(C(=O)N1)c3ccc(cc3)F,COc1ccccc1C(=O)NC1(C(F)(F)F)NC(=O)N(c2ccc(F)cc2)C1=O,CO-ADD:0331327,ATCC 25922,-2.76,32 ug/mL,0.0
111123,C1(C(F)(F)F)(C(F)(F)F)N=C(c2ccc(cc2)F)NC3=C1C(=O)NC(N3CCc(c4c([nH]5)cccc4)c5C)=O,Cc1[nH]c2ccccc2c1CCn1c2c(c(=O)[nH]c1=O)C(C(F)(F)F)(C(F)(F)F)N=C(c1ccc(F)cc1)N2,CO-ADD:0326572,ATCC 25922,-0.4,32 ug/mL,0.0
111197,C(C(F)(F)F)(C(F)(F)F)(N=C1c2ccc(cc2)Cl)N=C3N1C=C(C=C3Cl)Cl,FC(F)(F)C1(C(F)(F)F)N=C2C(Cl)=CC(Cl)=CN2C(c2ccc(Cl)cc2)=N1,CO-ADD:0326181,ATCC 25922,1.27,32 ug/mL,0.0
111207,N1(C(CCl)=O)c2c(cccc2)Sc(ccc(Cl)c3)c13,O=C(CCl)N1c2ccccc2Sc2ccc(Cl)cc21,CO-ADD:0320571,ATCC 25922,-0.82,32 ug/mL,0.0
111217,N1(c2ccc(cc2)F)C(=O)CC(N3CCCCC3)C1=O,Oc1cc(N2CCCCC2)c(O)n1-c1ccc(F)cc1,CO-ADD:0241636,ATCC 25922,4.92,32 ug/mL,0.0
111266,[N+](=O)([O-])c(cc(Oc(cc1)ccc1CCC(=O)N2CCCCC2C)cc3[N+](=O)[O-])c3,CC1CCCCN1C(=O)CCc1ccc(Oc2cc([N+](=O)[O-])cc([N+](=O)[O-])c2)cc1,CO-ADD:0246079,ATCC 25922,3.32,32 ug/mL,0.0
111270,c1(C2=O)c(n(c(C)n1)c3ccccc3)C(c4c2non4)=O,Cc1nc2c(n1-c1ccccc1)C(=O)c1nonc1C2=O,CO-ADD:0244684,ATCC 25922,32.62,32 ug/mL,0.0
111343,[N+](=O)([O-])c1ccc(cc1O)\C=N\NC(CNC(=O)c2ccco2)=O,O=C(CNC(=O)c1ccco1)NN=Cc1ccc([N+](=O)[O-])c(O)c1,CO-ADD:0234635,ATCC 25922,-3.2,32 ug/mL,0.0
111344,c1(cc(Cl)cc(\C=N\c2cccc(Cl)c2Cl)c1O)[N+](=O)[O-],O=[N+]([O-])c1cc(Cl)cc(C=Nc2cccc(Cl)c2Cl)c1O,CO-ADD:0233580,ATCC 25922,-0.71,32 ug/mL,0.0
111375,C(F)(F)(C(F)(F)C(F)(F)F)C(F)(F)C(=O)N\N=C(/C1)\c(cccc2)c2\C(=N/O)\C1,O=C(N/N=C1\CCC(=NO)c2ccccc21)C(F)(F)C(F)(F)C(F)(F)C(F)(F)F,CO-ADD:0245898,ATCC 25922,2.95,32 ug/mL,0.0
111379,c1(ccccc1OCCCC)C(NCCCCCC(NN)=O)=O,CCCCOc1ccccc1C(=O)NCCCCCC(=O)NN,CO-ADD:0241155,ATCC 25922,0.39,32 ug/mL,0.0
111393,C1(=O)Oc(c(cc(c2OC(=O)Oc3ccccc3)Cl)S1)c2,O=C(Oc1ccccc1)Oc1cc2oc(=O)sc2cc1Cl,CO-ADD:0240277,ATCC 25922,12.57,32 ug/mL,0.0
111394,C12(c3c(NC1=O)cccc3)C(C#N)=C(COC)OC(N)=C2C(OC)=O.[Na+],COCC1=C(C#N)C2(C(=O)Nc3ccccc32)C(C(=O)OC)C(=N)O1,CO-ADD:0241754,ATCC 25922,5.63,32 ug/mL,0.0
111400,C(/NCc1ccccc1F)(\C(OCC)=O)=N\Nc2ccccc2,CCOC(=O)C(=NCc1ccccc1F)NNc1ccccc1,CO-ADD:0240862,ATCC 25922,7.73,32 ug/mL,0.0
111417,c1cc(nccc2Nc3ccc(C(Nc4ccc(Nc5ccncc5)cc4)=O)cc3)c2cc1[N+](=O)[O-],O=C(Nc1ccc(Nc2ccncc2)cc1)c1ccc(Nc2ccnc3ccc([N+](=O)[O-])cc23)cc1,CO-ADD:0137092,ATCC 25922,12.59,25 uM,0.0
111861,c1(\C=N/Nc2nc(C)cc(C)n2)c3c(cccc3)cc(cccc4)c14,Cc1cc(C)nc(N/N=C\c2c3ccccc3cc3ccccc23)n1,CO-ADD:0253334,ATCC 25922,-19.72,32 ug/mL,0.0
111873,C(F)(F)(C(F)(F)C(F)(F)C(F)(F)F)C(F)(F)C(F)(F)C(=O)N\N=C\c(c(O)ccc1[N+](=O)[O-])c1,O=C(NN=Cc1cc([N+](=O)[O-])ccc1O)C(F)(F)C(F)(F)C(F)(F)C(F)(F)C(F)(F)C(F)(F)F,CO-ADD:0221735,ATCC 25922,24.32,32 ug/mL,0.0
111876,S(=O)(=O)(c(cc1)ccc1[N+](=O)[O-])NCC(OCCCC)=O,CCCCOC(=O)CNS(=O)(=O)c1ccc([N+](=O)[O-])cc1,CO-ADD:0221230,ATCC 25922,8.85,32 ug/mL,0.0
111882,c1(cc(Br)ccc1O)\C=N\c2cccc(cccc3)c23,Oc1ccc(Br)cc1C=Nc1cccc2ccccc12,CO-ADD:0221301,ATCC 25922,1.01,32 ug/mL,0.0
111891,[N+](=O)([O-])c(c1)cc(cc1C(=O)N(C)CCOc2ccccc2)[N+](=O)[O-],CN(CCOc1ccccc1)C(=O)c1cc([N+](=O)[O-])cc([N+](=O)[O-])c1,CO-ADD:0221770,ATCC 25922,17.77,32 ug/mL,0.0
111970,C(=S)(Oc(cc1)ccc1C(=O)Nc2cccc(cccc3)c23)N(C(C)C)C(C)C,CC(C)N(C(=S)Oc1ccc(C(=O)Nc2cccc3ccccc23)cc1)C(C)C,CO-ADD:0215439,ATCC 25922,13.86,32 ug/mL,0.0
111973,N1(CNc2ccccc2OC)C(=O)\C(\SC1=O)=C/c(cc3)ccc3C(OC)=O,COC(=O)c1ccc(/C=C2/SC(=O)N(CNc3ccccc3OC)C2=O)cc1,CO-ADD:0166519,ATCC 25922,1.83,80 ug/mL,0.0
111982,c12c(cccc1)c(OC)cc(C(c3c(N)non3)=NC(C)(C)C4)c24,COc1cc2c(c3ccccc13)CC(C)(C)N=C2c1nonc1N,CO-ADD:0165836,ATCC 25922,11.57,80 ug/mL,0.0
111983,[N+](=O)([O-])c1cc(ccc1OC(=O)c2cccc(cccc3)c23)\C=N\NC(=O)c4cccc(O)c4,O=C(N/N=C/c1ccc(OC(=O)c2cccc3ccccc23)c([N+](=O)[O-])c1)c1cccc(O)c1,CO-ADD:0215571,ATCC 25922,13.32,32 ug/mL,0.0
111993,C(F)(F)(F)c(ccc(n1)N\N=C(/C)\c2ccc(cc2)OCC)c1,CCOc1ccc(/C(C)=N/Nc2ccc(C(F)(F)F)cn2)cc1,CO-ADD:0248869,ATCC 25922,4.72,32 ug/mL,0.0
112005,c1(c(Cl)ccc(c1)[N+](=O)[O-])C(=O)Nc2n[nH]cn2,O=C(Nc1nc[nH]n1)c1cc([N+](=O)[O-])ccc1Cl,CO-ADD:0248031,ATCC 25922,15.64,32 ug/mL,0.0
112052,[N+](=O)([O-])c(cccc1c2ccc(\C=N\c(ccc(c3C)C)c3)o2)c1,Cc1ccc(/N=C/c2ccc(-c3cccc([N+](=O)[O-])c3)o2)cc1C,CO-ADD:0241066,ATCC 25922,4.13,32 ug/mL,0.0
112063,C(F)(F)(F)c1ccccc1N\N=C(/C#N)\C#N,N#CC(C#N)=NNc1ccccc1C(F)(F)F,CO-ADD:0240901,ATCC 25922,20.94,32 ug/mL,0.0
112071,c1(SCC(=O)N\N=C\c2ccccn2)sc(c3n1)cccc3,O=C(CSc1nc2ccccc2s1)NN=Cc1ccccn1,CO-ADD:0245585,ATCC 25922,6.29,32 ug/mL,0.0
112094,[O-][N+](=O)c1ccc(\C=N\N2CC(=O)NC2=O)o1,O=c1[nH]c(O)cn1/N=C/c1ccc([N+](=O)[O-])o1,CO-ADD:0164819,ATCC 25922,24.69,20 uM,0.0
112107,C(c1ccc(cc1)F)(Nc2cccc(C)c2)C3CCCC3=O,Cc1cccc(NC(c2ccc(F)cc2)C2CCCC2=O)c1,CO-ADD:0220874,ATCC 25922,8.71,32 ug/mL,0.0
112116,C(=O)(Oc(cc1)ccc1\C=N\NC(c(cc2)ccn2)=O)c3ccccc3I,O=C(N/N=C/c1ccc(OC(=O)c2ccccc2I)cc1)c1ccncc1,CO-ADD:0222403,ATCC 25922,-2.26,32 ug/mL,0.0
112120,N1(CNc(cccc2C(F)(F)F)c2)N=C(OC1=S)c3ccccc3,FC(F)(F)c1cccc(NCn2nc(-c3ccccc3)oc2=S)c1,CO-ADD:0229795,ATCC 25922,7.38,32 ug/mL,0.0
112134,N1(c2cccc(Cl)c2)C(=O)CC(N(CC3)CCC3C(OCC)=O)C1=O,CCOC(=O)C1CCN(c2cc(O)n(-c3cccc(Cl)c3)c2O)CC1,CO-ADD:0255506,ATCC 25922,-1.61,32 ug/mL,0.0
112176,N1(c2ccc(c(Cl)c2)N3CCCCC3)C(N(N=C1C(C)=O)c4ccc(cc4)C)c5c6c([nH]c5)cccc6,CC(=O)C1=NN(c2ccc(C)cc2)C(c2c[nH]c3ccccc23)N1c1ccc(N2CCCCC2)c(Cl)c1,CO-ADD:0301116,ATCC 25922,-4.79,32 ug/mL,0.0
112349,c1(sc(c2n1)cccc2)\C(\C#N)=C\c(ccc(c3[N+](=O)[O-])O)c3,N#CC(=Cc1ccc(O)c([N+](=O)[O-])c1)c1nc2ccccc2s1,CO-ADD:0303708,ATCC 25922,4.76,32 ug/mL,0.0
112379,c1(c(ccc(c1)[N+](=O)[O-])Oc2cccc(c2)\C=N\NC(=O)c(cccn3)c3)[N+](=O)[O-],O=C(N/N=C/c1cccc(Oc2ccc([N+](=O)[O-])cc2[N+](=O)[O-])c1)c1cccnc1,CO-ADD:0222440,ATCC 25922,-7.86,32 ug/mL,0.0
112384,c(\C=N\c1ccccc1O)(c(C)c2Cl)c(O)c(c2C)Br,Cc1c(Cl)c(C)c(C=Nc2ccccc2O)c(O)c1Br,CO-ADD:0233463,ATCC 25922,7.08,32 ug/mL,0.0
112388,c(cc(Cl)cc1Cl)(\C=N\c2ccc(cc2O)C)c1O,Cc1ccc(N=Cc2cc(Cl)cc(Cl)c2O)c(O)c1,CO-ADD:0222290,ATCC 25922,12.95,32 ug/mL,0.0
112405,C1(=N2)N(C=CN=C1Sc3ccc(cc3C)C)C(N2CC(=O)Nc4cccc(C)c4)=O,Cc1cccc(NC(=O)Cn2nc3c(Sc4ccc(C)cc4C)nccn3c2=O)c1,CO-ADD:0225804,ATCC 25922,-0.56,32 ug/mL; 64 ug/mL,0.0
112409,[N+](=O)([O-])c(cc(cc1[N+](=O)[O-])C(=O)Oc(cc2)ccc2C(=O)Nc3ccccc3)c1,O=C(Nc1ccccc1)c1ccc(OC(=O)c2cc([N+](=O)[O-])cc([N+](=O)[O-])c2)cc1,CO-ADD:0219233,ATCC 25922,3.13,32 ug/mL,0.0
112432,c(cc(cc1C(N)=O)[N+](=O)[O-])(c1N)[N+](=O)[O-],NC(=O)c1cc([N+](=O)[O-])cc([N+](=O)[O-])c1N,CO-ADD:0229033,ATCC 25922,5.58,32 ug/mL,0.0
112446,c1(c(cccc1)c(c23)cccc2)C3C(=O)N\N=C\c4ccc(cc4OC)O,COc1cc(O)ccc1C=NNC(=O)C1c2ccccc2-c2ccccc21,CO-ADD:0220904,ATCC 25922,6.24,32 ug/mL,0.0
112539,[N+](=O)([O-])c1ccc(cc1O)\C=N\NC(CNC(=O)c2ccc(cc2)Cl)=O,O=C(CNC(=O)c1ccc(Cl)cc1)NN=Cc1ccc([N+](=O)[O-])c(O)c1,CO-ADD:0234644,ATCC 25922,1.81,32 ug/mL,0.0
112541,c1(cc(cc(C(N2)=O)c1NC2=O)[N+](=O)[O-])[N+](=O)[O-],O=c1[nH]c(=O)c2cc([N+](=O)[O-])cc([N+](=O)[O-])c2[nH]1,CO-ADD:0233103,ATCC 25922,12.69,32 ug/mL,0.0
112543,N(C(CCC(=O)N\N=C\c1ccccc1OC)=O)c2ccc(cc2C)I,COc1ccccc1/C=N/NC(=O)CCC(=O)Nc1ccc(I)cc1C,CO-ADD:0219610,ATCC 25922,-6.44,32 ug/mL,0.0
112570,C(/C=C1C)(=N/c2ccccc2O)\c3c(N1)ccc(OC)c3.Cl,COc1ccc2nc(C)cc(Nc3ccccc3O)c2c1,CO-ADD:0311406,ATCC 25922,33.43,32 ug/mL,0.0
112615,C12(CC3CC(CC(C3)C1)C2)c(cc4)ccc4C(=O)NC(Cc(c5c([nH]6)cccc5)c6)C(O)=O,O=C(NC(Cc1c[nH]c2ccccc12)C(=O)O)c1ccc(C23CC4CC(CC(C4)C2)C3)cc1,CO-ADD:0311083,ATCC 25922,12.04,32 ug/mL,0.0
113479,c1(C#N)c(c2ccc(cc2)C)c3c(nc1SCC(=O)Nc(cccc4[N+](=O)[O-])c4)CCCC3,Cc1ccc(-c2c(C#N)c(SCC(=O)Nc3cccc([N+](=O)[O-])c3)nc3c2CCCC3)cc1,CO-ADD:0215329,ATCC 25922,-0.96,32 ug/mL,0.0
113480,[N+](=O)([O-])c1cc(ccc1OC(=O)c2ccc(cc2Cl)Cl)\C=N\c(cc3)ccc3C,Cc1ccc(/N=C/c2ccc(OC(=O)c3ccc(Cl)cc3Cl)c([N+](=O)[O-])c2)cc1,CO-ADD:0215607,ATCC 25922,12.06,32 ug/mL,0.0
113485,c1(c(C)nc(c(C#N)c1COC)Cl)[N+](=O)[O-],COCc1c(C#N)c(Cl)nc(C)c1[N+](=O)[O-],CO-ADD:0217853,ATCC 25922,1.06,32 ug/mL,0.0
113502,N#CC1=C(N)OC(CCl)=C(C(OCC)=O)C1C2=CC=CS2,CCOC(=O)C1=C(CCl)OC(=N)C(C#N)C1c1cccs1,CO-ADD:0158189,ATCC 25922,19.5,32 ug/mL,0.0
113504,CC1(C)SC2C(NC(=O)COc3ccccc3)C(=O)N2C1C(O)=O,CC1(C)SC2C(NC(=O)COc3ccccc3)C(=O)N2C1C(=O)O,CO-ADD:0164988,ATCC 25922,2.98,20 uM,0.0
113519,c1(Br)c(O)c(\C=N\NC(CNC(=O)c2cccc(F)c2)=O)cc(Br)c1O,O=C(CNC(=O)c1cccc(F)c1)NN=Cc1cc(Br)c(O)c(Br)c1O,CO-ADD:0166100,ATCC 25922,10.69,80 ug/mL,0.0
113523,N1(CNc(cc2)ccc2C(OCCCC)=O)C(=O)\C(\SC1=O)=C/c(cc3)ccc3C(OC)=O,CCCCOC(=O)c1ccc(NCN2C(=O)S/C(=C/c3ccc(C(=O)OC)cc3)C2=O)cc1,CO-ADD:0166500,ATCC 25922,4.7,80 ug/mL,0.0
113524,N1(c2cccc(c2)[N+](=O)[O-])C(=O)c3c(c(c4)C1=O)c(ccc3)c(c4[N+](=O)[O-])Br,O=C1c2cccc3c(Br)c([N+](=O)[O-])cc(c23)C(=O)N1c1cccc([N+](=O)[O-])c1,CO-ADD:0166782,ATCC 25922,8.3,80 ug/mL,0.0
113529,[O-][N+](C1=CC(/N=C/C2=CC([N+]([O-])=O)=CC=C2O)=C(C)C=C1)=O,Cc1ccc([N+](=O)[O-])cc1N=Cc1cc([N+](=O)[O-])ccc1O,CO-ADD:0157393,ATCC 25922,24.5,32 ug/mL,0.0
113552,O=C(C(C=C1)=CC=C1C)NC2=NN=C(C(F)(F)F)S2,Cc1ccc(C(=O)Nc2nnc(C(F)(F)F)s2)cc1,CO-ADD:0155710,ATCC 25922,21.88,32 ug/mL,0.0
113557,C(NCCCCCCCCCCCC)(=O)c1ccc(cc1)NC(CCCCCCC)=O,CCCCCCCCCCCCNC(=O)c1ccc(NC(=O)CCCCCCC)cc1,CO-ADD:0162414,ATCC 25922,95.01,32 ug/mL,1.0
113591,O=C(O)C1=CC(Br)=CC=C1NC(COC2=CC(C=CC=C3)=C3C=C2)=O,O=C(COc1ccc2ccccc2c1)Nc1ccc(Br)cc1C(=O)O,CO-ADD:0158640,ATCC 25922,23.85,32 ug/mL,0.0
113610,C#CCN(CC1=CC2=CC(OCCCC3CCN(CC4=CC=CC=C4)CC3)=CC=C2N1)C.OC(=O)C(=O)O,C#CCN(C)Cc1cc2cc(OCCCC3CCN(Cc4ccccc4)CC3)ccc2[nH]1,CO-ADD:0149638,ATCC 25922,-13.66,32 ug/mL,0.0
114343,NC(N=C(N(CC#C)C)C(C#N)=C1C2=CC=CC=C2)=C1C#N,C#CCN(C)c1nc(N)c(C#N)c(-c2ccccc2)c1C#N,CO-ADD:0149721,ATCC 25922,-5.4,32 ug/mL,0.0
114429,N1(c2ccccc2)C(=O)\C(=C/c(cc3)ccc3OC)\NC(c4ccccc4)=N1,COc1ccc(Cc2nc(-c3ccccc3)nn(-c3ccccc3)c2=O)cc1,CO-ADD:0241407,ATCC 25922,8.42,32 ug/mL,0.0
114435,N1(c2ccc(cc2)Br)C(=O)CC(N(CC3)CCN3c4ccccc4Cl)C1=O,Oc1cc(N2CCN(c3ccccc3Cl)CC2)c(O)n1-c1ccc(Br)cc1,CO-ADD:0244396,ATCC 25922,5.72,32 ug/mL,0.0
114479,c1(C(OCC)=O)c(cc(OC)c(c2)Br)c2n(CCN3Cc4ccccc4)c1C3,CCOC(=O)c1c2n(c3cc(Br)c(OC)cc13)CCN(Cc1ccccc1)C2,CO-ADD:0235373,ATCC 25922,10.25,32 ug/mL,0.0
114531,C12(C(C)NCc(cc3)ccc3OCc4c(cccc4Cl)Cl)CC(CC5C1)CC(C5)C2,CC(NCc1ccc(OCc2c(Cl)cccc2Cl)cc1)C12CC3CC(CC(C3)C1)C2,CO-ADD:0283523,ATCC 25922,10.55,32 ug/mL,0.0
114610,N1(C(=O)C=CC1=O)c2ccc(cc2C)C,Cc1ccc(N2C(=O)C=CC2=O)c(C)c1,CO-ADD:0283706,ATCC 25922,21.22,32 ug/mL,0.0
114625,c1(c2ccc(cc2)Cl)nc(sc1c(cc3)ccc3[N+](=O)[O-])\N=C\c4c(O)ccc(cccc5)c45,O=[N+]([O-])c1ccc(-c2sc(N=Cc3c(O)ccc4ccccc34)nc2-c2ccc(Cl)cc2)cc1,CO-ADD:0222572,ATCC 25922,5.97,32 ug/mL,0.0
114634,c1(\C=N\NC(CNc2ccccc2C)=O)cc(Br)ccc1O,Cc1ccccc1NCC(=O)NN=Cc1cc(Br)ccc1O,CO-ADD:0220362,ATCC 25922,20.77,32 ug/mL,0.0
114635,c(c(Br)c1Br)c(NCC(=O)N\N=C\c(cc2)ccc2OC)c(c1)Br,COc1ccc(/C=N/NC(=O)CNc2cc(Br)c(Br)cc2Br)cc1,CO-ADD:0221039,ATCC 25922,0.85,32 ug/mL,0.0
114671,C(=C\Nc1ccc(cc1[N+](=O)[O-])Cl)(/C(=O)NC(N2)=O)\C2=O,O=c1[nH]c(O)c(C=Nc2ccc(Cl)cc2[N+](=O)[O-])c(=O)[nH]1,CO-ADD:0223526,ATCC 25922,5.71,32 ug/mL,0.0
114712,c1(C#N)c(C)c(C)c(nc1SCC(=O)CC(OCC)=O)C,CCOC(=O)CC(=O)CSc1nc(C)c(C)c(C)c1C#N,CO-ADD:0166670,ATCC 25922,3.76,80 ug/mL,0.0
114713,c1(\C=N\NC(CCC(=O)Nc2cccc(Cl)c2)=O)cc(Br)ccc1O,O=C(CCC(=O)Nc1cccc(Cl)c1)NN=Cc1cc(Br)ccc1O,CO-ADD:0219392,ATCC 25922,21.43,32 ug/mL,0.0
114718,c1(I)ccc(\C=N\NC(COc(cc2)c(C)cc2C(C)(C)C)=O)o1,Cc1cc(C(C)(C)C)ccc1OCC(=O)N/N=C/c1ccc(I)o1,CO-ADD:0221141,ATCC 25922,10.45,32 ug/mL,0.0
114730,c([N+](=O)[O-])(c(C)c(cc1[N+](=O)[O-])[N+](=O)[O-])c1NCC=C,C=CCNc1c([N+](=O)[O-])cc([N+](=O)[O-])c(C)c1[N+](=O)[O-],CO-ADD:0218387,ATCC 25922,-3.9,32 ug/mL,0.0
114732,[C@@H]1(C[C@@H]2S(=O)\N=C\c(ccc([N+](=O)[O-])c3)c3)[C@@H](C1(C)C)C[C@H]2C,C[C@@H]1C[C@H]2[C@@H](C[C@@H]1[S+]([O-])/N=C/c1ccc([N+](=O)[O-])cc1)C2(C)C,CO-ADD:0165856,ATCC 25922,9.68,80 ug/mL,0.0
114748,[C@@H]1(C[C@@H]2S(=O)\N=C\c(ccc([N+](=O)[O-])c3)c3)[C@@H](C1(C)C)C[C@H]2C,C[C@@H]1C[C@H]2[C@@H](C[C@@H]1[S+]([O-])/N=C/c1ccc([N+](=O)[O-])cc1)C2(C)C,CO-ADD:0165856,ATCC 25922,9.38,80 ug/mL,0.0
114764,[C@@H]1(C[C@@H]2S(=O)\N=C\c(ccc([N+](=O)[O-])c3)c3)[C@@H](C1(C)C)C[C@H]2C,C[C@@H]1C[C@H]2[C@@H](C[C@@H]1[S+]([O-])/N=C/c1ccc([N+](=O)[O-])cc1)C2(C)C,CO-ADD:0165846,ATCC 25922,9.68,80 ug/mL,0.0
114780,[C@@H]1(C[C@@H]2S(=O)\N=C\c(ccc([N+](=O)[O-])c3)c3)[C@@H](C1(C)C)C[C@H]2C,C[C@@H]1C[C@H]2[C@@H](C[C@@H]1[S+]([O-])/N=C/c1ccc([N+](=O)[O-])cc1)C2(C)C,CO-ADD:0165846,ATCC 25922,9.38,80 ug/mL,0.0
114798,[N+](=O)([O-])c(ccc(c1\C=N\NC(CCC(=O)Nc2ccc(cc2C)I)=O)O)c1,Cc1cc(I)ccc1NC(=O)CCC(=O)NN=Cc1cc([N+](=O)[O-])ccc1O,CO-ADD:0219613,ATCC 25922,3.12,32 ug/mL,0.0
114800,C(=O)(c1ccc(cc1)OC)Oc2cc(ccc2\C=N\c3ccc(cc3C)C)OC(=O)c4ccc(cc4)OC,COc1ccc(C(=O)Oc2ccc(/C=N/c3ccc(C)cc3C)c(OC(=O)c3ccc(OC)cc3)c2)cc1,CO-ADD:0215580,ATCC 25922,7.09,32 ug/mL,0.0
114803,c12c(c(nn1c3ccccc3)C)C(C(C#N)=C(N)O2)c4cccc(c4)OCc5ccccc5,Cc1nn(-c2ccccc2)c2c1C(c1cccc(OCc3ccccc3)c1)C(C#N)C(=N)O2,CO-ADD:0166648,ATCC 25922,2.65,80 ug/mL,0.0
114809,C(c1ccccc1)(=O)Oc(cc2)ccc2\C=N\NC(CNc3cccc(C)c3)=O,Cc1cccc(NCC(=O)N/N=C/c2ccc(OC(=O)c3ccccc3)cc2)c1,CO-ADD:0220327,ATCC 25922,4.21,32 ug/mL,0.0
114811,N(c1ccccc1Br)C(CCC(=O)N\N=C\c2cccc(Cl)c2)=O,O=C(CCC(=O)Nc1ccccc1Br)N/N=C/c1cccc(Cl)c1,CO-ADD:0219650,ATCC 25922,-4.41,32 ug/mL,0.0
114837,N(c1ccc(cc1[N+](=O)[O-])OC)(C(=O)C(C23)C(C)(C=C4)OC24C)C3=O,COc1ccc(-n2c(O)c3c(c2O)C2(C)C=CC3(C)O2)c([N+](=O)[O-])c1,CO-ADD:0258048,ATCC 25922,9.73,32 ug/mL,0.0
114886,CN1C=C(NC(C2=CC(NC(C3=CN=C(/C=C/C4=CC=C(OC)C=C4)C=C3)=O)=CN2C)=O)C=C1C(NCCN5CCC(O)CC5)=O.OC(C(F)(F)F)=O.OC(C(F)(F)F)=O,COc1ccc(/C=C/c2ccc(C(=O)Nc3cc(C(=O)Nc4cc(C(=O)NCCN5CCC(O)CC5)n(C)c4)n(C)c3)cn2)cc1,CO-ADD:0137617,ATCC 25922,82.91,32 ug/mL,1.0
114918,C(Oc(cc1)ccc1C(=O)Nc2ccccc2Cl)(=S)Nc(cc3)ccc3I,O=C(Nc1ccccc1Cl)c1ccc(OC(=S)Nc2ccc(I)cc2)cc1,CO-ADD:0217050,ATCC 25922,-3.33,32 ug/mL,0.0
114920,OC(Cn1cncn1)(Cn1cncn1)c1ccc(F)cc1F,OC(Cn1cncn1)(Cn1cncn1)c1ccc(F)cc1F,CO-ADD:0164804,ATCC 25922,-0.32,20 uM,0.0
114921,[N+](=O)([O-])c1cc(ccc1OC(c2ccccc2)=O)\C=N\NC(=O)c3cccc(C)c3,Cc1cccc(C(=O)N/N=C/c2ccc(OC(=O)c3ccccc3)c([N+](=O)[O-])c2)c1,CO-ADD:0216835,ATCC 25922,-2.14,32 ug/mL,0.0
114945,N1(SCCCCC)C(=O)c2c(cccc2)C1=O,CCCCCSN1C(=O)c2ccccc2C1=O,CO-ADD:0217656,ATCC 25922,-4.08,32 ug/mL,0.0
114959,c1(NC(=O)C(F)(F)F)sc(c2c1C(N)=O)CCCC2,NC(=O)c1c(NC(=O)C(F)(F)F)sc2c1CCCC2,CO-ADD:0161451,ATCC 25922,2.52,32 ug/mL,0.0
114966,C(C)(C)(c1ccccc1)c2ccc(cc2)OCC(=O)Nc(cc3)ccc3CC,CCc1ccc(NC(=O)COc2ccc(C(C)(C)c3ccccc3)cc2)cc1,CO-ADD:0162759,ATCC 25922,13.92,32 ug/mL,0.0
115194,O=[N+](C1=CC=CC=C1C2=CC=CC=C2N(CC3=CC=CC=C3)C4=CC=CC=C4)[O-],O=[N+]([O-])c1ccccc1-c1ccccc1N(Cc1ccccc1)c1ccccc1,CO-ADD:0140034,ATCC 25922,-1.57,32 ug/mL,0.0
115279,N1(CN2CCCC2)N=C(OC1=S)c3ccc(cc3)OCC,CCOc1ccc(-c2nn(CN3CCCC3)c(=S)o2)cc1,CO-ADD:0301310,ATCC 25922,6.56,32 ug/mL,0.0
115333,C(=C\c(c1c([nH]2)cccc1)c2)(/C(=O)c3c(O4)cccc3)\C4=O,O=C1Oc2ccccc2C(=O)C1=Cc1c[nH]c2ccccc12,CO-ADD:0306285,ATCC 25922,3.09,32 ug/mL,0.0
115339,C(NC(C)=O)(C(=O)c(cccc1)c1C2=O)=C2N(CC3)CCN3C(OCC)=O,CCOC(=O)N1CCN(C2C(=O)c3ccccc3C(=O)C2=NC(C)=O)CC1,CO-ADD:0311938,ATCC 25922,7.84,32 ug/mL,0.0
115386,c1(snc(OC)c1C#N)S(C)(=O)=O,COc1nsc(S(C)(=O)=O)c1C#N,CO-ADD:0320014,ATCC 25922,92.65,32 ug/mL,1.0
115444,n1(c(C)c(nn1)C(OCC)=O)c2nc(OC)nc(N(CC)CC)n2,CCOC(=O)c1nnn(-c2nc(OC)nc(N(CC)CC)n2)c1C,CO-ADD:0330799,ATCC 25922,-4.36,32 ug/mL,0.0
115511,n1c(N(C)C)nc(nc1N(CC2)CCO2)N\N=C\C(\Br)=C\c3ccccc3,CN(C)c1nc(NN=CC(Br)=Cc2ccccc2)nc(N2CCOCC2)n1,CO-ADD:0217312,ATCC 25922,96.66,32 ug/mL,1.0
115522,[C@@H]1(C(C)(C)[C@H](C1)[C@H]2CO)C[C@H]2S\N=C\c(ccc([N+](=O)[O-])c3)c3,CC1(C)[C@H]2C[C@@H]1[C@@H](CO)[C@H](S/N=C/c1ccc([N+](=O)[O-])cc1)C2,CO-ADD:0165850,ATCC 25922,7.5,80 ug/mL,0.0
115531,S(OC)(=O)(=O)c(ccc(c12)OC(OCC)C1(C)C)c2,CCOC1Oc2ccc(S(=O)(=O)OC)cc2C1(C)C,CO-ADD:0214992,ATCC 25922,6.75,32 ug/mL,0.0
115533,CC1=C(C=C(C)N1C2=CC=C(OC)C=C2)CN(CC3)CCC43C5=C(SC=C5)CCO4,COc1ccc(-n2c(C)cc(CN3CCC4(CC3)OCCc3sccc34)c2C)cc1,CO-ADD:0159667,ATCC 25922,22.33,32 ug/mL,0.0
115542,Nc1nc2ccc(cc2[nH]1)c3cncc(Oc4ccc(F)cc4)c3,Nc1nc2cc(-c3cncc(Oc4ccc(F)cc4)c3)ccc2[nH]1,CO-ADD:0237230,ATCC 25922,13.58,20 uM,0.0
115563,c1(OC(N)=C(C2c3cccc(Cl)c3Cl)C#N)c2c(nn1c4ccccc4)C,Cc1nn(-c2ccccc2)c2c1C(c1cccc(Cl)c1Cl)C(C#N)C(=N)O2,CO-ADD:0236564,ATCC 25922,11.02,32 ug/mL,0.0
115583,O1C(C(O)C(O)C(O)C1CO)OCC2C(O)C(O)C(O)C(O[C@@](C#N)(c3ccccc3)[H])O2,N#C[C@H](OC1OC(COC2OC(CO)C(O)C(O)C2O)C(O)C(O)C1O)c1ccccc1,CO-ADD:0137179,ATCC 25922,0.39,25 uM,0.0
115585,C(=C\C=C\c1ccco1)(/C2=O)\C(=O)OC(C)(C)O2,CC1(C)OC(=O)C(=C/C=C/c2ccco2)C(=O)O1,CO-ADD:0233078,ATCC 25922,2.56,32 ug/mL,0.0
115588,O=C(Nc1ccccc1)c2ccc(s2)c3cc4ccncc4cc3OC5CCNCC5.Cl.Cl,O=C(Nc1ccccc1)c1ccc(-c2cc3ccncc3cc2OC2CCNCC2)s1,CO-ADD:0237295,ATCC 25922,-2.72,20 uM,0.0
115590,N1(c2ccc(cc2)Br)C(=O)CC(N(CC3)CCN3c4cccc(Cl)c4)C1=O,Oc1cc(N2CCN(c3cccc(Cl)c3)CC2)c(O)n1-c1ccc(Br)cc1,CO-ADD:0236187,ATCC 25922,10.2,32 ug/mL,0.0
115594,c1(N\N=C\c2cccc(OC)c2O)nncn1N,COc1cccc(C=NNc2nncn2N)c1O,CO-ADD:0215146,ATCC 25922,6.84,32 ug/mL,0.0
115613,c1(cc(Cl)cc(Cl)c1O)C(=O)Nc2ccccc2Oc3cc(C)ccc3C(C)C,Cc1ccc(C(C)C)c(Oc2ccccc2NC(=O)c2cc(Cl)cc(Cl)c2O)c1,CO-ADD:0227696,ATCC 25922,7.46,32 ug/mL,0.0
115643,c1(cc(C)c(cc1O)C)\C=N\c2ccc(cc2O)C,Cc1ccc(N=Cc2cc(C)c(C)cc2O)c(O)c1,CO-ADD:0220316,ATCC 25922,9.05,32 ug/mL,0.0
115645,s1c(\N=C\c2cccc(OC)c2O)nnc1c3cccc(C)c3,COc1cccc(C=Nc2nnc(-c3cccc(C)c3)s2)c1O,CO-ADD:0215147,ATCC 25922,12.47,32 ug/mL,0.0
115652,CC1=C(C2=CC=C(C=C2)C3=CC=CC=C3)C(C)=C(C)C1C.NC4=NC(NCCC5=CC=CC=C5)=N[Ir@](C)(N4)Cl,CC1=C(C)C(C)C(C)=C1c1ccc(-c2ccccc2)cc1,CO-ADD:0238637,ATCC 25922,98.57,32 ug/mL,1.0
115660,N1(c2ccc(cc2)O)C(=O)c3c(c(c4)C1=O)c(ccc3)c(c4[N+](=O)[O-])Br,O=C1c2cccc3c(Br)c([N+](=O)[O-])cc(c23)C(=O)N1c1ccc(O)cc1,CO-ADD:0166746,ATCC 25922,-2.34,80 ug/mL,0.0
115664,N1(c2ccc(cc2)C)C(=O)\C(\C(C)=N1)=C\Nc(c(Cl)c3)c(Cl)cc3[N+](=O)[O-],Cc1ccc(-n2[nH]c(C)c(C=Nc3c(Cl)cc([N+](=O)[O-])cc3Cl)c2=O)cc1,CO-ADD:0229497,ATCC 25922,-1.03,32 ug/mL,0.0
115671,c(\C=N\NC(=O)c(cccn1)c1)(cc(I)cc2I)c2O,O=C(NN=Cc1cc(I)cc(I)c1O)c1cccnc1,CO-ADD:0166197,ATCC 25922,23.55,80 ug/mL,0.0
115680,C(=N/N=C\c1c(O)ccc(cccc2)c12)(/Sc(c34)cccc3)\N4CCCS(=O)(=O)[O-].[Na+],O=S(=O)(O)CCCn1c(=NN=Cc2c(O)ccc3ccccc23)sc2ccccc21,CO-ADD:0221803,ATCC 25922,-8.05,32 ug/mL,0.0
115681,[N+](=O)([O-])c1cccc(c1)\C=N\NC(CSc2ccc(c3n2)cccc3)=O,O=C(CSc1ccc2ccccc2n1)N/N=C/c1cccc([N+](=O)[O-])c1,CO-ADD:0221204,ATCC 25922,-2.32,32 ug/mL,0.0
115684,C(=O)(Nc1cccc(I)c1)\C=C\C(O)=O,O=C(O)/C=C/C(=O)Nc1cccc(I)c1,CO-ADD:0233680,ATCC 25922,4.14,32 ug/mL,0.0
115690,[N+](=O)([O-])c1ccccc1OCC(=O)N\N=C\c(ccc(c23)cccc2)c3,O=C(COc1ccccc1[N+](=O)[O-])N/N=C/c1ccc2ccccc2c1,CO-ADD:0219315,ATCC 25922,0.34,32 ug/mL,0.0
115716,C1(c2ccc(cc2)C)(c3ccc(cc3)C)CC1C(=O)N\N=C\c4ccccc4O,Cc1ccc(C2(c3ccc(C)cc3)CC2C(=O)NN=Cc2ccccc2O)cc1,CO-ADD:0222672,ATCC 25922,13.61,32 ug/mL,0.0
116525,O=C1SC(C=C2OC(OCCCl)=O)=C(C=C2Cl)O1,O=C(OCCCl)Oc1cc2sc(=O)oc2cc1Cl,CO-ADD:0160006,ATCC 25922,15.64,32 ug/mL,0.0
116531,[O-][N+](C1=CC=C(C(NCCN(C)C)=O)O1)=O.Cl,CN(C)CCNC(=O)c1ccc([N+](=O)[O-])o1,CO-ADD:0155965,ATCC 25922,42.77,32 ug/mL,0.0
116546,c(C(=O)c1ccc(cc1)F)(sc(c23)nc4c(CCC(C(C)(C)C)C4)c2c5cccs5)c3N,CC(C)(C)C1CCc2c(nc3sc(C(=O)c4ccc(F)cc4)c(N)c3c2-c2cccs2)C1,CO-ADD:0217156,ATCC 25922,-18.01,32 ug/mL,0.0
116631,IC1=CC(I)=CC(/C=N/C2=CC(N=C(C3=CC=CC=C3)N4)=C4C=C2)=C1O,Oc1c(I)cc(I)cc1C=Nc1ccc2[nH]c(-c3ccccc3)nc2c1,CO-ADD:0155825,ATCC 25922,28.33,32 ug/mL,0.0
116632,c1(Br)c(OCC(O)=O)c(\C=N\NC(COc2c(Br)cc(cc2Br)C)=O)cc(Br)c1OCC(O)=O,Cc1cc(Br)c(OCC(=O)N/N=C/c2cc(Br)c(OCC(=O)O)c(Br)c2OCC(=O)O)c(Br)c1,CO-ADD:0163621,ATCC 25922,36.19,32 ug/mL,0.0
116639,n(c1F)c(N)c(c(F)n1)Br,Nc1nc(F)nc(F)c1Br,CO-ADD:0217748,ATCC 25922,15.28,32 ug/mL,0.0
116935,C1(C#N)=C(N)Oc2c(ccc(c2)O)C1c3ccccc3F,N#CC1C(=N)Oc2cc(O)ccc2C1c1ccccc1F,CO-ADD:0148882,ATCC 25922,-7.14,32 ug/mL,0.0
117010,NC(=N)Nc1ccc(c(Cl)c1)c2oc(cc2)c3ccc(NC(=N)N)cc3Cl.Cl.Cl,N=C(N)Nc1ccc(-c2ccc(-c3ccc(N=C(N)N)cc3Cl)o2)c(Cl)c1,CO-ADD:0237248,ATCC 25922,99.38,20 uM,1.0
117015,N(/Nc1ccccc1)=C(/C)\c2ccccc2O,CC(=NNc1ccccc1)c1ccccc1O,CO-ADD:0242938,ATCC 25922,1.94,32 ug/mL,0.0
117024,c(C#N)(c(\C(\C#N)=C\c(ccc1c2ccc(cc2)F)o1)nn3c4ccccc4)c3N,N#C/C(=C\c1ccc(-c2ccc(F)cc2)o1)c1nn(-c2ccccc2)c(N)c1C#N,CO-ADD:0285152,ATCC 25922,11.38,32 ug/mL,0.0
117027,NC(CC(=O)c1ccc(Cl)cc1Cl)C(Cl)(Cl)Cl,NC(CC(=O)c1ccc(Cl)cc1Cl)C(Cl)(Cl)Cl,CO-ADD:0237358,ATCC 25922,9.46,20 uM,0.0
117037,N1(CNc2ccccc2Cl)C(=O)\C(\SC1=O)=C/c3ccccc3,O=C1S/C(=C/c2ccccc2)C(=O)N1CNc1ccccc1Cl,CO-ADD:0240671,ATCC 25922,3.43,32 ug/mL,0.0
117038,[N+](=O)([O-])c1ccc(cc1NC(C)C23CC(CC4C2)CC(C4)C3)N(CC5)CCN5C,CC(Nc1cc(N2CCN(C)CC2)ccc1[N+](=O)[O-])C12CC3CC(CC(C3)C1)C2,CO-ADD:0240462,ATCC 25922,10.68,32 ug/mL,0.0
117069,N1(c2ccc(cc2)OCC(O)=O)C(=O)c3c(c4C1=O)c(ccc3)ccc4,O=C(O)COc1ccc(N2C(=O)c3cccc4cccc(c34)C2=O)cc1,CO-ADD:0287834,ATCC 25922,13.63,32 ug/mL,0.0
117070,N1(c2ccc(c(Cl)c2)Cl)C(=O)\C(=C\c(ccc3c(ccc(c4Cl)Cl)c4)o3)\C(N(c5ccccc5)C1=S)=O,O=C1/C(=C\c2ccc(-c3ccc(Cl)c(Cl)c3)o2)C(=O)N(c2ccc(Cl)c(Cl)c2)C(=S)N1c1ccccc1,CO-ADD:0285230,ATCC 25922,10.56,32 ug/mL,0.0
117075,c1(cc(ccc1N2CC(C)CC(C)C2)n3cnnn3)[N+](=O)[O-],CC1CC(C)CN(c2ccc(-n3cnnn3)cc2[N+](=O)[O-])C1,CO-ADD:0296005,ATCC 25922,3.53,32 ug/mL,0.0
117086,C(O)(=O)CCS(CCCCCCCC)=O,CCCCCCCC[S+]([O-])CCC(=O)O,CO-ADD:0292920,ATCC 25922,6.94,32 ug/mL,0.0
117089,c1(C2C(CC=C2)C(N3)c4ccccc4)c3c(O)cc(Cl)c1[N+](=O)[O-],O=[N+]([O-])c1c(Cl)cc(O)c2c1C1=CCCC1C(c1ccccc1)N2,CO-ADD:0293235,ATCC 25922,8.53,32 ug/mL,0.0
117112,c1(c2c3ccccc3)c([nH]n2)OC(=C(C#N)C14c5c(NC4=O)cccc5)N,N#CC1C(=N)Oc2[nH]nc(-c3ccccc3)c2C12C(=O)Nc1ccccc12,CO-ADD:0295628,ATCC 25922,7.62,32 ug/mL,0.0
117133,N1C(=O)\C(\SC1=S)=C\c(cc2)cc(c2N(C)C)Br,CN(C)c1ccc(/C=C2\SC(=S)NC2=O)cc1Br,CO-ADD:0235499,ATCC 25922,2.95,32 ug/mL,0.0
117144,N1(c2ccc(cc2)OC(=O)c(cc(cc3[N+](=O)[O-])[N+](=O)[O-])c3)C(=O)C=CC1=O,O=C(Oc1ccc(N2C(=O)C=CC2=O)cc1)c1cc([N+](=O)[O-])cc([N+](=O)[O-])c1,CO-ADD:0235635,ATCC 25922,5.11,32 ug/mL,0.0
117158,c1(ccc(\C=N\NC(COc2ccc(cc2Br)Cl)=O)o1)[N+](=O)[O-],O=C(COc1ccc(Cl)cc1Br)N/N=C/c1ccc([N+](=O)[O-])o1,CO-ADD:0230731,ATCC 25922,13.29,32 ug/mL,0.0
117166,n12c(nnc1CC(CC)=O)c(nc(non3)c23)Nc(cc4)ccc4Cl,CCC(=O)Cc1nnc2c(Nc3ccc(Cl)cc3)nc3nonc3n12,CO-ADD:0235340,ATCC 25922,0.15,32 ug/mL,0.0
117206,c12c(nnc(SC(C)C)n1)c3c(cccc3)n2CCC,CCCn1c2ccccc2c2nnc(SC(C)C)nc21,CO-ADD:0255353,ATCC 25922,-10.3,32 ug/mL,0.0
117265,[N+](=O)([O-])c(ccc(c1\C=N\NC(COc2c(C)cccc2C)=O)O)c1,Cc1cccc(C)c1OCC(=O)NN=Cc1cc([N+](=O)[O-])ccc1O,CO-ADD:0163655,ATCC 25922,34.05,32 ug/mL,0.0
117289,N1(c2ccc(cc2)OC)C(c3cccc(c3)OCc(cc4)ccc4Cl)N(N=C1C(C)=O)c5ccccc5,COc1ccc(N2C(C(C)=O)=NN(c3ccccc3)C2c2cccc(OCc3ccc(Cl)cc3)c2)cc1,CO-ADD:0286168,ATCC 25922,-9.02,32 ug/mL,0.0
117294,N1(CN2CCC(CC2)C)C(=O)\C(\SC1=S)=C/c3ccccc3Cl,CC1CCN(CN2C(=O)/C(=C\c3ccccc3Cl)SC2=S)CC1,CO-ADD:0287445,ATCC 25922,15.62,32 ug/mL,0.0
117374,C1(C)(C(=O)NNc2ccccc2)CC1(Br)Br,CC1(C(=O)NNc2ccccc2)CC1(Br)Br,CO-ADD:0286582,ATCC 25922,13.33,32 ug/mL,0.0
117378,C(/SC(N1N)=S)(\C1=O)=C(/SC(=C2C)C)\N2CC,CCN1C(C)=C(C)S/C1=C1\SC(=S)N(N)C1=O,CO-ADD:0292065,ATCC 25922,4.91,32 ug/mL,0.0
117466,C1(c2ccc3c(ccc(C)c3)n2)=CN(CC)c4c(cc(cc4)C)C1c5c6c(n([H])c5)cccc6,CCN1C=C(c2ccc3cc(C)ccc3n2)C(c2c[nH]c3ccccc23)c2cc(C)ccc21,CO-ADD:0320181,ATCC 25922,26.35,32 ug/mL,0.0
117490,C(Nc(cc1)ccc1F)(OC(C)=CC2=O)=C2C(C)=O,CC(=O)c1c(Nc2ccc(F)cc2)oc(C)cc1=O,CO-ADD:0332045,ATCC 25922,-5.7,32 ug/mL,0.0
117573,n1(c2ccc(cc2)OC)c(ccc(c3)NCc4ccccc4O)c3nc1,COc1ccc(-n2cnc3cc(NCc4ccccc4O)ccc32)cc1,CO-ADD:0319867,ATCC 25922,-4.99,32 ug/mL,0.0
117578,C1(c2ccc(c3n2)cccc3)=Cc(cc(Br)cc4)c4N(C)C1=O,Cn1c(=O)c(-c2ccc3ccccc3n2)cc2cc(Br)ccc21,CO-ADD:0326556,ATCC 25922,6.17,32 ug/mL,0.0
117598,c1(cccc2c1oc(n2)C)C(=O)Oc3c(C)ccc(C(C)C)c3,Cc1nc2cccc(C(=O)Oc3cc(C(C)C)ccc3C)c2o1,CO-ADD:0327726,ATCC 25922,-5.62,32 ug/mL,0.0
117638,C(N(CC)CC)(=S)Nc(cc1)ccc1C(O)=O,CCN(CC)C(=S)Nc1ccc(C(=O)O)cc1,CO-ADD:0294725,ATCC 25922,-1.78,32 ug/mL,0.0
117648,c1([N+](=O)[O-])cc(cc(nsn2)c12)[N+](=O)[O-],O=[N+]([O-])c1cc([N+](=O)[O-])c2nsnc2c1,CO-ADD:0301515,ATCC 25922,94.21,32 ug/mL,1.0
117661,c1(NC(COc(cc2)ccc2Cl)=O)sc(c(C)c1C#N)C(OC)=O,COC(=O)c1sc(NC(=O)COc2ccc(Cl)cc2)c(C#N)c1C,CO-ADD:0303136,ATCC 25922,3.92,32 ug/mL,0.0
117894,O=C1C(C(O)C)C2N1C(C(NC3=CC=C(C(O4)=NNC4=S)C=C3)=O)=C(SC5CC(C(N(C)C)=O)NC5)C2C.Cl,CC(O)C1C(=O)N2C(C(=O)Nc3ccc(-c4n[nH]c(=S)o4)cc3)=C(SC3CNC(C(=O)N(C)C)C3)C(C)C12,CO-ADD:0149880,ATCC 25922,53.89,32 ug/mL,0.0
118143,c1(c2c(cccc2)ccc1OC(=O)c3cccc(cccc4)c34)\C=N\c(cc5)ccc5C,Cc1ccc(/N=C/c2c(OC(=O)c3cccc4ccccc34)ccc3ccccc23)cc1,CO-ADD:0165924,ATCC 25922,7.73,80 ug/mL,0.0
118148,C(=O)(c1ccc(cc1)F)C(CCCCCCC(CN(CC2)CCO2)C(=O)c3ccc(cc3)F)CN(CC4)CCO4.Cl.Cl,O=C(c1ccc(F)cc1)C(CCCCCCC(CN1CCOCC1)C(=O)c1ccc(F)cc1)CN1CCOCC1,CO-ADD:0221268,ATCC 25922,17.36,32 ug/mL,0.0
118153,[N+](=O)([O-])c(ccc(c1\C=N/NC(=O)C(=O)NC(C)c2ccccc2)O)c1,CC(NC(=O)C(=O)NN=Cc1cc([N+](=O)[O-])ccc1O)c1ccccc1,CO-ADD:0166451,ATCC 25922,20.59,80 ug/mL,0.0
118166,C1(=C(O)CC(C)(C)CC1=O)C(c2sccc2C)C3C(=O)CC(CC3=O)(C)C,Cc1ccsc1C(C1C(=O)CC(C)(C)CC1=O)C1C(=O)CC(C)(C)CC1=O,CO-ADD:0236808,ATCC 25922,4.51,32 ug/mL,0.0
118167,c1(ccc(\C=N/NC(=O)c2ccccc2[N+](=O)[O-])o1)[N+](=O)[O-],O=C(N/N=C\c1ccc([N+](=O)[O-])o1)c1ccccc1[N+](=O)[O-],CO-ADD:0221408,ATCC 25922,73.18,32 ug/mL,0.0
118196,C(=C/c(cccc1[N+](=O)[O-])c1)(/C(=O)NN2c3ccc(c(C)c3)C)\C2=O,Cc1ccc(N2NC(=O)/C(=C\c3cccc([N+](=O)[O-])c3)C2=O)cc1C,CO-ADD:0231565,ATCC 25922,7.26,32 ug/mL,0.0
118201,[N+](=O)([O-])c(cc(cc1[N+](=O)[O-])C(=O)NC(C)c2ccc(cc2)OC)c1,COc1ccc(C(C)NC(=O)c2cc([N+](=O)[O-])cc([N+](=O)[O-])c2)cc1,CO-ADD:0218981,ATCC 25922,1.92,32 ug/mL,0.0
118223,c1(ccc(\C=N\NC(N)=O)o1)[N+](=O)[O-],NC(=O)N/N=C/c1ccc([N+](=O)[O-])o1,CO-ADD:0220077,ATCC 25922,100.19,32 ug/mL,1.0
118225,c1(\C=N\NC(CCC(=O)Nc2cccc(Cl)c2)=O)c(O)ccc(cccc3)c13,O=C(CCC(=O)Nc1cccc(Cl)c1)NN=Cc1c(O)ccc2ccccc12,CO-ADD:0219348,ATCC 25922,11.5,32 ug/mL,0.0
118227,[N+](=O)([O-])c(cc1)ccc1C(=O)N\N=C(/C)\CC(=O)Nc(cc2)ccc2F,CC(CC(=O)Nc1ccc(F)cc1)=NNC(=O)c1ccc([N+](=O)[O-])cc1,CO-ADD:0218674,ATCC 25922,3.91,32 ug/mL,0.0
118235,C(COc1ccc(cc1OC)Br)(=O)N\N=C\c(cc2)ccc2OC(COc3ccc(cc3Cl)Cl)=O,COc1cc(Br)ccc1OCC(=O)N/N=C/c1ccc(OC(=O)COc2ccc(Cl)cc2Cl)cc1,CO-ADD:0220997,ATCC 25922,3.53,32 ug/mL,0.0
118236,N1(c2ccc(cc2)O)C(=O)c(c3)c(c(c4)C1=O)c(cc3[N+](=O)[O-])cc4[N+](=O)[O-],O=C1c2cc([N+](=O)[O-])cc3cc([N+](=O)[O-])cc(c23)C(=O)N1c1ccc(O)cc1,CO-ADD:0221902,ATCC 25922,7.48,32 ug/mL,0.0
118244,N1(CNc(cc2)ccc2c3ccccc3)C(=O)\C(\SC1=S)=C/c4ccc(cc4Cl)Cl,O=C1/C(=C\c2ccc(Cl)cc2Cl)SC(=S)N1CNc1ccc(-c2ccccc2)cc1,CO-ADD:0221696,ATCC 25922,32.89,32 ug/mL,0.0
118255,C(COc1cccc(C)c1)(=O)N\N=C\c(ccc(c2Br)OC)c2,COc1ccc(/C=N/NC(=O)COc2cccc(C)c2)cc1Br,CO-ADD:0219584,ATCC 25922,0.68,32 ug/mL,0.0
118267,c1(O)c(Br)cc(cc1Br)\C=N\NC(COc2ccc(cc2Cl)Cl)=O,O=C(COc1ccc(Cl)cc1Cl)NN=Cc1cc(Br)c(O)c(Br)c1,CO-ADD:0219452,ATCC 25922,1.11,32 ug/mL,0.0
118276,[N+](=O)([O-])c1cc(ccc1OC(=O)c2ccc(cc2Cl)Cl)\C=N\c3cccc(C)c3,Cc1cccc(/N=C/c2ccc(OC(=O)c3ccc(Cl)cc3Cl)c([N+](=O)[O-])c2)c1,CO-ADD:0215581,ATCC 25922,9.41,32 ug/mL,0.0
118279,N1(CNc2cccc(C)c2C)C(=O)\C(\SC1=S)=C\c3cccc(Br)c3,Cc1cccc(NCN2C(=O)/C(=C/c3cccc(Br)c3)SC2=S)c1C,CO-ADD:0221704,ATCC 25922,20.4,32 ug/mL,0.0
118280,[N+](=O)([O-])c(cc(cc1[N+](=O)[O-])C(=O)NC(CSCc2ccccc2)C(=O)N\N=C(/C)\CCCC)c1,CCCC/C(C)=N/NC(=O)C(CSCc1ccccc1)NC(=O)c1cc([N+](=O)[O-])cc([N+](=O)[O-])c1,CO-ADD:0218632,ATCC 25922,1.19,32 ug/mL,0.0
118297,BrC1=C2C(NC(CC2C)=O)=C3C(N=C(CCCC4)C4=C3N)=N1,CC1CC(=O)Nc2c1c(Br)nc1nc3c(c(N)c21)CCCC3,CO-ADD:0149617,ATCC 25922,-6.57,32 ug/mL,0.0
118298,CC1=C(C(C2=CC=CC=C2OC)C3=C(N=C(CCCC4)C4=C3N)N1)C(OCC)=O,CCOC(=O)C1C(C)=Nc2nc3c(c(N)c2C1c1ccccc1OC)CCCC3,CO-ADD:0149648,ATCC 25922,-16.32,32 ug/mL,0.0
118560,[O-][N+](C1=CC2=C(C=C1)N=C3C(C4=CC=C3Cl)=C2C(C=CC=C5)=C5C4=O)=O,O=C1c2ccccc2-c2c3cc([N+](=O)[O-])ccc3nc3c(Cl)ccc1c23,CO-ADD:0157169,ATCC 25922,20.44,32 ug/mL,0.0
118571,C(=O)(Oc1cccc(c1)\C=N\NC(=O)C(O)c2ccccc2)c3cccc(Br)c3,O=C(Oc1cccc(/C=N/NC(=O)C(O)c2ccccc2)c1)c1cccc(Br)c1,CO-ADD:0231908,ATCC 25922,-11.07,32 ug/mL,0.0
118597,O=C(N1OC(O)C(C)C1)OCC2=CC=CC=C2,CC1CN(C(=O)OCc2ccccc2)OC1O,CO-ADD:0164009,ATCC 25922,-2.59,32 ug/mL,0.0
118613,O=C(N1OC(O)C(C)C1)OCC2=CC=CC=C2,CC1CN(C(=O)OCc2ccccc2)OC1O,CO-ADD:0164009,ATCC 25922,-4.78,32 ug/mL,0.0
118795,c1(C(c2ccc(cc2)CC)C(C#N)C#N)c(C)n[nH]c1O,CCc1ccc(C(c2c(C)[nH][nH]c2=O)C(C#N)C#N)cc1,CO-ADD:0291164,ATCC 25922,11.19,32 ug/mL,0.0
118979,c1(c(Cl)cc(c(cccn2)c12)Cl)OC(=O)N3CCCCC3,O=C(Oc1c(Cl)cc(Cl)c2cccnc12)N1CCCCC1,CO-ADD:0311292,ATCC 25922,93.33,32 ug/mL,1.0
119060,N1C(CCSC1=S)=S,S=C1CCSC(=S)N1,CO-ADD:0331042,ATCC 25922,8.54,32 ug/mL,0.0
119180,C(C(=O)OCC(C)C)(=C(C)NC(=C12)CC(CC1=O)c3cccs3)C2c4cccc(O)c4,CC1=C(C(=O)OCC(C)C)C(c2cccc(O)c2)C2C(=O)CC(c3cccs3)CC2=N1,CO-ADD:0331763,ATCC 25922,1.39,32 ug/mL,0.0
119200,C1(C(c2ccccc2)=O)C(C)=NN(CCCCCCC)C1=O,CCCCCCCn1[nH]c(C)c(C(=O)c2ccccc2)c1=O,CO-ADD:0327903,ATCC 25922,9.61,32 ug/mL,0.0
119222,C1(C(F)(F)F)(C(F)(F)F)N=C(c2cccs2)NC3=C1C(=O)NC(N3c4ccc(cc4)Cl)=O,O=c1[nH]c(=O)n(-c2ccc(Cl)cc2)c2c1C(C(F)(F)F)(C(F)(F)F)N=C(c1cccs1)N2,CO-ADD:0329752,ATCC 25922,4.81,32 ug/mL,0.0
119232,c1(sc(c2n1)cccc2)Sc3ccc(\C=N\c(cc4)ccc4N(CC)CC)o3,CCN(CC)c1ccc(/N=C/c2ccc(Sc3nc4ccccc4s3)o2)cc1,CO-ADD:0162119,ATCC 25922,5.51,32 ug/mL,0.0
119242,N(C(C)(CCC)NN1c2ccccc2)=C1S,CCCC1(C)NC(=S)N(c2ccccc2)N1,CO-ADD:0162505,ATCC 25922,22.86,32 ug/mL,0.0
119287,O=C(/C1=C\C2=CC=CC=C2Cl)N3C(S1)=NC4=C3C=CC=C4,O=c1/c(=C\c2ccccc2Cl)sc2nc3ccccc3n12,CO-ADD:0155810,ATCC 25922,12.21,32 ug/mL,0.0
119398,C(F)(F)(C(F)(F)C(F)(F)F)C(F)(F)c1cc(n(c2ccccc2)n1)O,O=c1cc(C(F)(F)C(F)(F)C(F)(F)C(F)(F)F)[nH]n1-c1ccccc1,CO-ADD:0244337,ATCC 25922,9.43,32 ug/mL,0.0
119413,C1(=O)Oc(c(cc(c2OC(OCC)=O)Cl)S1)c2,CCOC(=O)Oc1cc2oc(=O)sc2cc1Cl,CO-ADD:0255681,ATCC 25922,-0.65,32 ug/mL,0.0
119437,C(SSC1=O)(S2)=C1N(C3=C2SSC3=O)CC(CCl)Cl,O=c1ssc2c1N(CC(Cl)CCl)c1c(ssc1=O)S2,CO-ADD:0256576,ATCC 25922,9.28,32 ug/mL,0.0
119455,[N+](=O)([O-])\C=C\c(ccc(c1OC)OC)c1,COc1ccc(/C=C/[N+](=O)[O-])cc1OC,CO-ADD:0222805,ATCC 25922,5.32,32 ug/mL,0.0
119464,[N+](=O)([O-])c(cc1)ccc1C(=O)Oc2cccc(c2)\C=N\NC(=O)c(cccn3)c3,O=C(N/N=C/c1cccc(OC(=O)c2ccc([N+](=O)[O-])cc2)c1)c1cccnc1,CO-ADD:0222425,ATCC 25922,-15.09,32 ug/mL,0.0
119468,C(c(cc1)ccc1\C=N\c2ccccn2)#Cc3ccccc3,C(#Cc1ccc(/C=N/c2ccccn2)cc1)c1ccccc1,CO-ADD:0227460,ATCC 25922,10.13,32 ug/mL,0.0
119501,Fc1cc(cc(F)c1C2=CCN(Cc3ccccc3)CC2)N4C[C@H](COc5ccon5)OC4=O,O=C1O[C@@H](COc2ccon2)CN1c1cc(F)c(C2=CCN(Cc3ccccc3)CC2)c(F)c1,CO-ADD:0237405,ATCC 25922,7.86,20 uM,0.0
119502,c1(N(CC2)CCO2)nc(N\N=C\c3cc(Br)ccc3OC)nc(Nc(cc4)ccc4C)n1,COc1ccc(Br)cc1/C=N/Nc1nc(Nc2ccc(C)cc2)nc(N2CCOCC2)n1,CO-ADD:0220687,ATCC 25922,9.35,32 ug/mL,0.0
119623,c(cc(Br)cc1Cl)(\C=N\c2ccc(cc2C)Cl)c1O,Cc1cc(Cl)ccc1N=Cc1cc(Br)cc(Cl)c1O,CO-ADD:0233443,ATCC 25922,12.71,32 ug/mL,0.0
119627,S(=O)(=O)(c1ccc(cc1)C)Nc2ccc(cc2C(=O)Nc(ccc(c3C(=O)c4ccc(cc4)Cl)Cl)c3)Cl,Cc1ccc(S(=O)(=O)Nc2ccc(Cl)cc2C(=O)Nc2ccc(Cl)c(C(=O)c3ccc(Cl)cc3)c2)cc1,CO-ADD:0233207,ATCC 25922,-0.2,32 ug/mL,0.0
119691,[n+]1([O-])n(C)nc(NCCC#N)c1[N+](=O)[O-],Cn1nc(NCCC#N)c([N+](=O)[O-])[n+]1[O-],CO-ADD:0254435,ATCC 25922,100.36,32 ug/mL,1.0
119812,N(/NC(SC)=S)=C(/c1ccccc1)\c2ccccn2,CSC(=S)NN=C(c1ccccc1)c1ccccn1,CO-ADD:0247722,ATCC 25922,77.13,32 ug/mL,0.0
119856,[n+]1([O-])onc(cc2C(N)=O)c1cc2,NC(=O)c1ccc2c(c1)no[n+]2[O-],CO-ADD:0302872,ATCC 25922,99.56,32 ug/mL,1.0
119879,S1C(=C(C#N)/C(=O)OCC)SC(=C(C(OCC)=O)/C#N)S1,CCOC(=O)C(C#N)=C1SSC(=C(C#N)C(=O)OCC)S1,CO-ADD:0136818,ATCC 25922,-8.71,25 uM,0.0
119890,O=C(C(C)=CC=C/C(C)C(O)C(C)C(O)C(C(=O)OC)C(O)C(C)C(O)C(C)(O)C=C(/C)C1=C(c(c(OC(C)=O)c(C)c2c3O)c3C4=O)C(=C4C)OCO1)N2[H],C=c1c2c(O)c3c(O)c(C)c4c(c3c1OC(C)=O)=C(OCO4)C(C)=CC(C)(O)C(O)C(C)C(O)C(C(=O)OC)C(O)C(C)C(O)C(C)=CC=CC(C)C(=O)N2,CO-ADD:0137126,ATCC 25922,17.36,25 uM,0.0
119892,ClC1=C(C(=Cc(ccc(C)c2)c2)C(=C1Cl)Cl)Cl,Cc1ccc(C=C2C(Cl)=C(Cl)C(Cl)=C2Cl)cc1,CO-ADD:0136673,ATCC 25922,1.95,25 uM,0.0
120097,[n+]1(c2ccccc2Br)noc([O-])n1,O=C1NN(c2ccccc2Br)NO1,CO-ADD:0236713,ATCC 25922,0.57,32 ug/mL,0.0
120163,C(/C1=O)(=C/c2c(cccc2Cl)Cl)\C(c3ccc(cc3)Cl)=NO1,O=C1ON=C(c2ccc(Cl)cc2)/C1=C/c1c(Cl)cccc1Cl,CO-ADD:0222660,ATCC 25922,3.66,32 ug/mL,0.0
120171,c1(c(ccc(c2Cl)F)c2)ccc(C([H])=O)o1,O=Cc1ccc(-c2ccc(F)c(Cl)c2)o1,CO-ADD:0227611,ATCC 25922,10.33,32 ug/mL,0.0
120179,N1(c2ccc(cc2)OCC)C(=O)CC(N(CC3)CCC3C(N)=O)C1=O,CCOc1ccc(-n2c(O)cc(N3CCC(C(N)=O)CC3)c2O)cc1,CO-ADD:0236311,ATCC 25922,11.11,32 ug/mL,0.0
120182,N1(c2ccc(cc2Cl)Cl)C(=O)CC(N(CC3)CCN3c4cccc(Cl)c4)C1=O,Oc1cc(N2CCN(c3cccc(Cl)c3)CC2)c(O)n1-c1ccc(Cl)cc1Cl,CO-ADD:0221323,ATCC 25922,4.45,32 ug/mL,0.0
120192,C(F)(F)(C(F)(F)C(F)(F)C(=O)Nc(c1)cc(cc1[N+](=O)[O-])[N+](=O)[O-])C(F)(F)C(F)(F)C(F)(F)C(F)(F)F,O=C(Nc1cc([N+](=O)[O-])cc([N+](=O)[O-])c1)C(F)(F)C(F)(F)C(F)(F)C(F)(F)C(F)(F)C(F)(F)C(F)(F)F,CO-ADD:0220240,ATCC 25922,3.16,32 ug/mL,0.0
120205,S(c1ccccc1)(=O)(=O)c(cc2)ccc2[N+](=O)[O-],O=[N+]([O-])c1ccc(S(=O)(=O)c2ccccc2)cc1,CO-ADD:0233379,ATCC 25922,-8.34,32 ug/mL,0.0
120238,c1(N(CC2)CCO2)nc(N\N=C/c3cccc(OC)c3)nc(Nc(cc4)ccc4[N+](=O)[O-])n1,COc1cccc(/C=N\Nc2nc(Nc3ccc([N+](=O)[O-])cc3)nc(N3CCOCC3)n2)c1,CO-ADD:0222363,ATCC 25922,-3.53,32 ug/mL,0.0
120259,c(Nc1cccc(C)c1)(c2c3cccc2)c4c(n3)cccc4,Cc1cccc(Nc2c3ccccc3nc3ccccc23)c1,CO-ADD:0220095,ATCC 25922,28.63,32 ug/mL,0.0
120273,[N+](=O)([O-])c1cccc(c1)\C=N/CCSCCCCCCCCCCCCCCCC,CCCCCCCCCCCCCCCCSCC/N=C\c1cccc([N+](=O)[O-])c1,CO-ADD:0221820,ATCC 25922,5.69,32 ug/mL,0.0
120276,c(cc(I)cc1I)(\C=N\c(ccc(c2Cl)OC)c2)c1O,COc1ccc(N=Cc2cc(I)cc(I)c2O)cc1Cl,CO-ADD:0222520,ATCC 25922,15.08,32 ug/mL,0.0
120290,[O-][N+](C(N=N1)=NN1C/C(C)=N/NC(C2=CC=CC([N+]([O-])=O)=C2)=O)=O,C/C(Cn1nnc([N+](=O)[O-])n1)=N\NC(=O)c1cccc([N+](=O)[O-])c1,CO-ADD:0155548,ATCC 25922,16.03,32 ug/mL,0.0
120314,c1(c(cc(cc1[N+](=O)[O-])[N+](=O)[O-])SN2Cc3ccccc3)C2=O,O=c1c2c([N+](=O)[O-])cc([N+](=O)[O-])cc2sn1Cc1ccccc1,CO-ADD:0252558,ATCC 25922,22.45,32 ug/mL,0.0
120317,[O-][N+](C1=CC=C(C(/C=N/CCCCCCCCCC)=C1)OC(C2=CC=CC=C2C(O)=O)=O)=O,CCCCCCCCCC/N=C/c1cc([N+](=O)[O-])ccc1OC(=O)c1ccccc1C(=O)O,CO-ADD:0158644,ATCC 25922,24.34,32 ug/mL,0.0
120324,S(=O)(=O)(c1ccc(cc1)C)NC(=O)Nc(cc2)c(Cl)cc2[N+](=O)[O-],Cc1ccc(S(=O)(=O)NC(=O)Nc2ccc([N+](=O)[O-])cc2Cl)cc1,CO-ADD:0162738,ATCC 25922,16.68,32 ug/mL,0.0
120360,N1(CN(c2ccccc2)c3ccccc3)N=C(OC1=S)c4ccc(cc4)C,Cc1ccc(-c2nn(CN(c3ccccc3)c3ccccc3)c(=S)o2)cc1,CO-ADD:0250519,ATCC 25922,-5.11,32 ug/mL,0.0
120394,C(C(=O)Nc1ccccc1)(=C(C)NC(=C2C#N)SCC(=O)Nc(cc3)ccc3OCCCC)C2c4ccccc4,CCCCOc1ccc(NC(=O)CSC2=C(C#N)C(c3ccccc3)C(C(=O)Nc3ccccc3)C(C)=N2)cc1,CO-ADD:0305658,ATCC 25922,-3.32,32 ug/mL,0.0
120404,c1(CCl)cc(Cl)ccc1OCC(O)=O,O=C(O)COc1ccc(Cl)cc1CCl,CO-ADD:0305472,ATCC 25922,4.56,32 ug/mL,0.0
120558,C(O)(C(F)(F)F)(C(F)(F)F)c1c(C)cc(c(Cl)c1)O,Cc1cc(O)c(Cl)cc1C(O)(C(F)(F)F)C(F)(F)F,CO-ADD:0327956,ATCC 25922,21.05,32 ug/mL,0.0
120594,N1(c(cc2)ccc2C(C)=O)C(=O)CC(N(CC3)CCN3c4ccccc4OC)C1=O,COc1ccccc1N1CCN(c2cc(O)n(-c3ccc(C(C)=O)cc3)c2O)CC1,CO-ADD:0254029,ATCC 25922,-2.86,32 ug/mL,0.0
120955,[N+](=O)([O-])c(c(C)c(\N=C\c1ccccc1)cc2[N+](=O)[O-])c2,Cc1c(/N=C/c2ccccc2)cc([N+](=O)[O-])cc1[N+](=O)[O-],CO-ADD:0255586,ATCC 25922,-3.71,32 ug/mL,0.0
121021,n1nc(Cl)c(c2c1N\N=C\c3ccc(cc3O)O)cccc2,Oc1ccc(C=NNc2nnc(Cl)c3ccccc23)c(O)c1,CO-ADD:0254797,ATCC 25922,41.81,32 ug/mL,0.0
121031,CC(C)C1=C(C(NCCCN(C)C)=O)N=C(NC(C2=CC(NC(C3=CN=C(/C=C/C4=CC=C(OC)C=C4)C=C3)=O)=CN2C)=O)S1.OC(C(F)(F)F)=O.OC(C(F)(F)F)=O,COc1ccc(/C=C/c2ccc(C(=O)Nc3cc(C(=O)Nc4nc(C(=O)NCCCN(C)C)c(C(C)C)s4)n(C)c3)cn2)cc1,CO-ADD:0137566,ATCC 25922,6.57,32 ug/mL,0.0
121038,C(/O)(\c1ccc(cc1)Cl)=C/C=N/c(cc2)ccc2O,O=C(CC=Nc1ccc(O)cc1)c1ccc(Cl)cc1,CO-ADD:0217181,ATCC 25922,-6.04,32 ug/mL,0.0
121042,c1(ccc(cc1Cl)Cl)C(=O)Oc2cc(ccc2\C=N\NC(=O)c3ccc(cc3)NC(CC)=O)OC(=O)c4ccc(cc4Cl)Cl,CCC(=O)Nc1ccc(C(=O)N/N=C/c2ccc(OC(=O)c3ccc(Cl)cc3Cl)cc2OC(=O)c2ccc(Cl)cc2Cl)cc1,CO-ADD:0216962,ATCC 25922,-1.92,32 ug/mL,0.0
121103,S(C1=S)C2=C(S1)SCCCS2,S=c1sc2c(s1)SCCCS2,CO-ADD:0258823,ATCC 25922,7.94,32 ug/mL,0.0
121111,c1(Cl)c(Cl)ccc(NN)c1.Cl,NNc1ccc(Cl)c(Cl)c1,CO-ADD:0293651,ATCC 25922,38.04,32 ug/mL,0.0
121173,c1(c2c(sc1NC(=O)C(F)(F)F)CCCCC2)C(=O)Nc3ccccc3,O=C(Nc1ccccc1)c1c(NC(=O)C(F)(F)F)sc2c1CCCCC2,CO-ADD:0293487,ATCC 25922,7.1,32 ug/mL,0.0
121250,c1(C(CSC#N)=O)ccc(C)o1,Cc1ccc(C(=O)CSC#N)o1,CO-ADD:0303643,ATCC 25922,6.13,32 ug/mL,0.0
121277,O=C(/C=C/C1=CC=CC=C1)NC2=NC(C3=CC=CC=C3)=NC(NC(/C=C/C4=CC=CC=C4)=O)=N2,O=C(/C=C/c1ccccc1)Nc1nc(NC(=O)/C=C/c2ccccc2)nc(-c2ccccc2)n1,CO-ADD:0160107,ATCC 25922,23.7,32 ug/mL,0.0
121278,OCC1=CC=C(O1)C#CC2=CC=CC=C2,OCc1ccc(C#Cc2ccccc2)o1,CO-ADD:0157188,ATCC 25922,13.94,32 ug/mL,0.0
121345,[N+](=O)([O-])c1cccc(\C=N\NC(COc2c(C)cccc2C)=O)c1O,Cc1cccc(C)c1OCC(=O)NN=Cc1cccc([N+](=O)[O-])c1O,CO-ADD:0163654,ATCC 25922,38.15,32 ug/mL,0.0
121365,[N+](=O)([O-])c1ccc(cc1)Oc(cccc2C(=O)Nc3ccccc3C(O)=O)c2,O=C(Nc1ccccc1C(=O)O)c1cccc(Oc2ccc([N+](=O)[O-])cc2)c1,CO-ADD:0232970,ATCC 25922,8.21,32 ug/mL,0.0
121366,C1(C2=O)C(C(C=C3)OC13CNC(COc4ccc(cc4Cl)Cl)=O)C(N2c(cc5)ccc5[N+](=O)[O-])=O,O=C(COc1ccc(Cl)cc1Cl)NCC12C=CC(O1)c1c2c(O)n(-c2ccc([N+](=O)[O-])cc2)c1O,CO-ADD:0227649,ATCC 25922,8.79,32 ug/mL,0.0
121367,c1(cc(Br)cc(Br)c1O)C(=O)Nc(cc(Cl)cc2C(=O)c3ccc(cc3)C)c2Cl,Cc1ccc(C(=O)c2cc(Cl)cc(NC(=O)c3cc(Br)cc(Br)c3O)c2Cl)cc1,CO-ADD:0227687,ATCC 25922,6.03,32 ug/mL,0.0
121368,C1(OCC(COS(C)(=O)=O)O1)(Cn(c2)ncn2)c3ccc(cc3Cl)Cl,CS(=O)(=O)OCC1COC(Cn2cncn2)(c2ccc(Cl)cc2Cl)O1,CO-ADD:0234416,ATCC 25922,-1.74,32 ug/mL,0.0
121385,S1(=O)(=O)c2c(C(Nc3c(Cl)ccc(Cl)c3)=N1)ccc(c2)[N+](=O)[O-],O=[N+]([O-])c1ccc2c(c1)S(=O)(=O)N=C2Nc1cc(Cl)ccc1Cl,CO-ADD:0236657,ATCC 25922,5.13,32 ug/mL,0.0
121403,[N+](=O)([O-])c(ccc(c1\C=N\c2cccc(OC)c2)O)c1,COc1cccc(N=Cc2cc([N+](=O)[O-])ccc2O)c1,CO-ADD:0229442,ATCC 25922,5.39,32 ug/mL,0.0
121415,C(=N/OC(=O)c1ccc(cc1)OC)(/c2c(N3C)cccc2)\C3=O,COc1ccc(C(=O)O/N=C2/C(=O)N(C)c3ccccc32)cc1,CO-ADD:0229331,ATCC 25922,8.55,32 ug/mL,0.0
121419,S(c1ccccc1)(=O)(=O)N(c2ccc(c(C)c2)C)CC(=O)N\N=C\c3cccc(O)c3O,Cc1ccc(N(CC(=O)NN=Cc2cccc(O)c2O)S(=O)(=O)c2ccccc2)cc1C,CO-ADD:0231352,ATCC 25922,26.13,32 ug/mL,0.0
121553,C1C[C@](C)(C([C@H](O)CC(\C(=C(\C(OCc2ccccc2)=O)/CC\C=C(/C)\C)\[C@@H](OC(C)=O)C3)[C@]34C)[C@]4(C)CC5)C5[C@H](C)[C@@H]1OC(=O)CN,CC(=O)O[C@H]1C[C@@]2(C)C(C[C@@H](O)C3[C@@]4(C)CC[C@@H](OC(=O)CN)[C@@H](C)C4CC[C@@]32C)/C1=C(\CCC=C(C)C)C(=O)OCc1ccccc1,CO-ADD:0244000,ATCC 25922,-16.43,32 ug/mL,0.0
122364,[nH]1c(c2nc1c3ccc(OC)cc3)cc(cc2)OCC,CCOc1ccc2[nH]c(-c3ccc(OC)cc3)nc2c1,CO-ADD:0149149,ATCC 25922,-11.54,32 ug/mL,0.0
122536,C12(c3c(NC1=O)ccc(C)c3)C(C#N)=C(N)OC(CCC)=C2C(OCC)=O,CCCC1=C(C(=O)OCC)C2(C(=O)Nc3ccc(C)cc32)C(C#N)C(=N)O1,CO-ADD:0254836,ATCC 25922,16.46,32 ug/mL,0.0
122537,N(C(=S)NNC(COc1cccc(Cl)c1)=O)C(c2ccccc2)=O,O=C(COc1cccc(Cl)c1)NNC(=S)NC(=O)c1ccccc1,CO-ADD:0248860,ATCC 25922,22.07,32 ug/mL,0.0
122561,c12c(nnc(SCCC)n1)c3c(cccc3)n2CCC,CCCSc1nnc2c3ccccc3n(CCC)c2n1,CO-ADD:0255354,ATCC 25922,-6.53,32 ug/mL,0.0
122568,C12(c3c(NC1=O)ccc(C)c3)C(C#N)=C(N)OC(C)=C2C(OC)=O,COC(=O)C1=C(C)OC(=N)C(C#N)C12C(=O)Nc1ccc(C)cc12,CO-ADD:0254838,ATCC 25922,2.25,32 ug/mL,0.0
122582,C1(C2)(CC(CN2CCO)(CC=C1)[N+](=O)[O-])[N+](=O)[O-],O=[N+]([O-])C12C=CCC([N+](=O)[O-])(CN(CCO)C1)C2,CO-ADD:0278881,ATCC 25922,43.67,32 ug/mL,0.0
122656,[N+](=O)([O-])\C=C\c(ccc(c1O)OC)c1,COc1ccc(/C=C/[N+](=O)[O-])cc1O,CO-ADD:0296148,ATCC 25922,15.43,32 ug/mL,0.0
122684,N1(c2ccccc2)CC(C(=O)N1)C,CC1CN(c2ccccc2)NC1=O,CO-ADD:0283724,ATCC 25922,10.54,32 ug/mL,0.0
122700,C(C1CCN2CC1)(C2)(OC(C)=O)C#N.Cl,CC(=O)OC1(C#N)CN2CCC1CC2,CO-ADD:0259579,ATCC 25922,61.62,32 ug/mL,0.0
122715,S(=O)(=O)(Nc(cc1)ccc1S(=O)(=O)Nc2sccn2)c3ccccc3[N+](=O)[O-],O=[N+]([O-])c1ccccc1S(=O)(=O)Nc1ccc(S(=O)(=O)Nc2nccs2)cc1,CO-ADD:0291927,ATCC 25922,37.55,32 ug/mL,0.0
122797,C(=C\c(cc1)ccc1SC)(/C2=O)\C(c3ccccc3)=NO2,CSc1ccc(/C=C2/C(=O)ON=C2c2ccccc2)cc1,CO-ADD:0311700,ATCC 25922,-1.59,32 ug/mL,0.0
122820,s1cccc1[C@@]2([H])OC(C(O)C(O)C(O[C@H](c(cc3c(c4)OCO3)c45)[C@@](CO6)([C@](C6=O)([C@@H]5c(cc(OC)c7O)cc7OC)[H])[H])O8)C8CO2,COc1cc([C@@H]2c3cc4c(cc3[C@@H](OC3OC5CO[C@@H](c6cccs6)OC5C(O)C3O)[C@H]3COC(=O)C23)OCO4)cc(OC)c1O,CO-ADD:0137127,ATCC 25922,14.28,25 uM,0.0
122836,s1cccc1[C@@]2([H])OC(C(O)C(O)C(O[C@H](c(cc3c(c4)OCO3)c45)[C@@](CO6)([C@](C6=O)([C@@H]5c(cc(OC)c7O)cc7OC)[H])[H])O8)C8CO2,COc1cc([C@@H]2c3cc4c(cc3[C@@H](OC3OC5CO[C@@H](c6cccs6)OC5C(O)C3O)[C@H]3COC(=O)C23)OCO4)cc(OC)c1O,CO-ADD:0137127,ATCC 25922,1.68,25 uM,0.0
122989,c(cc(Cl)cc1Cl)(\C=N\c(cc2)ccc2NC(C)=O)c1O,CC(=O)Nc1ccc(N=Cc2cc(Cl)cc(Cl)c2O)cc1,CO-ADD:0222292,ATCC 25922,24.37,32 ug/mL,0.0
122993,c(cc(Cl)cc1Br)(\C=N\c2cccc(Cl)c2Cl)c1O,Oc1c(Br)cc(Cl)cc1C=Nc1cccc(Cl)c1Cl,CO-ADD:0222493,ATCC 25922,17.91,32 ug/mL,0.0
122994,S(=O)(=O)(c(cc1)ccc1[N+](=O)[O-])Nc2c(C)cccc2C,Cc1cccc(C)c1NS(=O)(=O)c1ccc([N+](=O)[O-])cc1,CO-ADD:0219825,ATCC 25922,8.84,32 ug/mL,0.0
122998,C1(=CC(=O)C(=C2CBr)CBr)[C@]2(C)CCCC1(C)C,CC1(C)CCC[C@@]2(C)C1=CC(=O)C(CBr)=C2CBr,CO-ADD:0234434,ATCC 25922,5.46,32 ug/mL,0.0
123022,C(=S)(c1ccc(cc1)N)N2CCCCC2,Nc1ccc(C(=S)N2CCCCC2)cc1,CO-ADD:0221095,ATCC 25922,19.93,32 ug/mL,0.0
123028,C(=O)(N\N=C\c1cc(Br)ccc1OC(=O)c2ccc(cc2)Br)C(O)(c3ccccc3)c4ccccc4,O=C(Oc1ccc(Br)cc1/C=N/NC(=O)C(O)(c1ccccc1)c1ccccc1)c1ccc(Br)cc1,CO-ADD:0222419,ATCC 25922,20.84,32 ug/mL,0.0
123029,C(=O)(Nc1cccc(c1)NC(=O)Nc2ccccc2F)Nc3ccccc3F,O=C(Nc1cccc(NC(=O)Nc2ccccc2F)c1)Nc1ccccc1F,CO-ADD:0219127,ATCC 25922,2.49,32 ug/mL,0.0
123074,c1(cccc(cccc2C=O)c12)C(O)=O,O=Cc1cccc2cccc(C(=O)O)c12,CO-ADD:0220043,ATCC 25922,-0.1,32 ug/mL,0.0
123078,C(=O)(C(c1ccccc1)c2ccccc2)NCC(=O)N\N=C\c3cc(OC)ccc3O,COc1ccc(O)c(C=NNC(=O)CNC(=O)C(c2ccccc2)c2ccccc2)c1,CO-ADD:0220626,ATCC 25922,11.84,32 ug/mL,0.0
123106,[O-][N+](C1=CC=C(/C=N/NC(CNC(C(C=CC=C2)=C2Br)=O)=O)S1)=O,O=C(CNC(=O)c1ccccc1Br)N/N=C/c1ccc([N+](=O)[O-])s1,CO-ADD:0157777,ATCC 25922,21.8,32 ug/mL,0.0
123119,O=C(/C(C#N)=C/C1=CC=C(C=C1)[N+]([O-])=O)C2=CC=CC=C2,N#C/C(=C\c1ccc([N+](=O)[O-])cc1)C(=O)c1ccccc1,CO-ADD:0154544,ATCC 25922,21.71,32 ug/mL,0.0
123121,C1(C#N)(C#N)C(c(cc2)ccc2C(C)C)C(C3)C(C(C#N)=C1N)=CCN3C(C)C.[Na+],CC(C)c1ccc(C2C3CN(C(C)C)CC=C3C(C#N)C(=N)C2(C#N)C#N)cc1,CO-ADD:0166707,ATCC 25922,-5.67,80 ug/mL,0.0
123194,C(=N/Nc1ccccc1[N+](=O)[O-])(/C(=O)NC(N2)=O)\C2=O,O=c1[nH]c(O)c(N=Nc2ccccc2[N+](=O)[O-])c(=O)[nH]1,CO-ADD:0165893,ATCC 25922,8.21,80 ug/mL,0.0
123199,Cc1noc(NS(=O)(=O)c2ccc(N)cc2)c1C,Cc1noc(NS(=O)(=O)c2ccc(N)cc2)c1C,CO-ADD:0164586,ATCC 25922,22.88,20 uM,0.0
123205,N1(c2ccc(cc2)Sc(cc3)ccc3Oc(cc4)ccc4Sc(cc5)ccc5N6C(=O)C=CC6=O)C(=O)C=CC1=O,O=C1C=CC(=O)N1c1ccc(Sc2ccc(Oc3ccc(Sc4ccc(N5C(=O)C=CC5=O)cc4)cc3)cc2)cc1,CO-ADD:0217690,ATCC 25922,1.36,32 ug/mL,0.0
123219,N1(CNc2cccc(Cl)c2C)C(=O)\C(\SC1=S)=C/c(cc3)ccc3OC,COc1ccc(/C=C2/SC(=S)N(CNc3cccc(Cl)c3C)C2=O)cc1,CO-ADD:0217743,ATCC 25922,10.95,32 ug/mL,0.0
123437,c1(C(=O)NN=Cc2ccccc2O)nonc1N,Nc1nonc1C(=O)NN=Cc1ccccc1O,CO-ADD:0137633,ATCC 25922,75.06,32 ug/mL,0.0
124246,C1(Cl)(C(Cl)C(OC)=O)OC(=C(Cl)C1=O)c2ccccc2,COC(=O)C(Cl)C1(Cl)OC(c2ccccc2)=C(Cl)C1=O,CO-ADD:0244450,ATCC 25922,0.84,32 ug/mL,0.0
124262,C(O)(C(OC)=O)(NC(CF)=O)C(F)(F)F,COC(=O)C(O)(NC(=O)CF)C(F)(F)F,CO-ADD:0242605,ATCC 25922,1.37,32 ug/mL,0.0
124268,C(/C#N)(\C(N)=S)=N/Nc(cccc1C(F)(F)F)c1,N#CC(=NNc1cccc(C(F)(F)F)c1)C(N)=S,CO-ADD:0240816,ATCC 25922,18.36,32 ug/mL,0.0
124349,[N+](=O)([O-])c(cc1)cc(c12)SNC2=O,O=c1[nH]sc2cc([N+](=O)[O-])ccc12,CO-ADD:0302655,ATCC 25922,21.01,32 ug/mL,0.0
124379,N1(c(cc2)ccc2N(CC)CC)C(c3ccccc3OCc4c(cccc4Cl)Cl)N(N=C1C(C)=O)c5ccccc5,CCN(CC)c1ccc(N2C(C(C)=O)=NN(c3ccccc3)C2c2ccccc2OCc2c(Cl)cccc2Cl)cc1,CO-ADD:0302935,ATCC 25922,8.66,32 ug/mL,0.0
124386,N1(CNc2ccccc2C)c3c(OC1=S)ccc(Cl)c3,Cc1ccccc1NCn1c(=S)oc2ccc(Cl)cc21,CO-ADD:0228420,ATCC 25922,8.81,32 ug/mL,0.0
124394,N1(c2ccc(cc2Br)Br)C(=O)CC(N3CCC(CC3)C)C1=O,CC1CCN(c2cc(O)n(-c3ccc(Br)cc3Br)c2O)CC1,CO-ADD:0285887,ATCC 25922,7.99,32 ug/mL,0.0
124450,c1(S(CCC)(=O)=O)c(C(OC)=O)n(c2c1S(CCC)(=O)=O)cccc2C,CCCS(=O)(=O)c1c(S(=O)(=O)CCC)c2c(C)cccn2c1C(=O)OC,CO-ADD:0290484,ATCC 25922,10.84,32 ug/mL,0.0
124461,N(N)c(cc1)ccc1F.Cl,NNc1ccc(F)cc1,CO-ADD:0293654,ATCC 25922,18.58,32 ug/mL,0.0
124469,c1(NC(CSc2ccccn2)=O)sc(c3n1)ccc(cccc4)c34,O=C(CSc1ccccn1)Nc1nc2c(ccc3ccccc32)s1,CO-ADD:0293602,ATCC 25922,4.15,32 ug/mL,0.0
124509,S(=O)(=O)(c(ccc(c1[N+](=O)[O-])Cl)c1)Nc2ccc(cc2C(=O)Nc(ccc(c3Cl)Cl)c3)Cl,O=C(Nc1ccc(Cl)c(Cl)c1)c1cc(Cl)ccc1NS(=O)(=O)c1ccc(Cl)c([N+](=O)[O-])c1,CO-ADD:0295451,ATCC 25922,-1.76,32 ug/mL,0.0
124542,C(/c1c(N2)cccc1)(=N\c3ccccc3O)\C2=O,O=C1Nc2ccccc2C1=Nc1ccccc1O,CO-ADD:0233128,ATCC 25922,11.1,32 ug/mL,0.0
124564,C(Nc1cccnc1)c2ccc(s2)c3cc4ccncc4cc3OC5CCNCC5.Cl,c1cncc(NCc2ccc(-c3cc4ccncc4cc3OC3CCNCC3)s2)c1,CO-ADD:0237249,ATCC 25922,4.48,20 uM,0.0
124717,C(OCc(cc1)ccc1OC)(=O)N\N=C(/C)\CC(=O)NC(C)CC,CCC(C)NC(=O)CC(C)=NNC(=O)OCc1ccc(OC)cc1,CO-ADD:0166376,ATCC 25922,49.94,80 ug/mL,0.0
124726,N1(CNc(cc2)ccc2Cl)C(=O)\C(\SC1=S)=C\c(cc3)ccc3C(OC)=O,COC(=O)c1ccc(/C=C2\SC(=S)N(CNc3ccc(Cl)cc3)C2=O)cc1,CO-ADD:0166418,ATCC 25922,-2.39,80 ug/mL,0.0
124731,c1(\C=N\NC(CNc(cc2)ccc2C)=O)cc(I)ccc1O,Cc1ccc(NCC(=O)NN=Cc2cc(I)ccc2O)cc1,CO-ADD:0220551,ATCC 25922,15.66,32 ug/mL,0.0
124738,N1(CN2CCCCC2)c3c(SC1=S)cccc3,S=c1sc2ccccc2n1CN1CCCCC1,CO-ADD:0219123,ATCC 25922,5.5,32 ug/mL,0.0
124743,N1(OC(N(c2cccc(Cl)c2)C1=O)=O)C3C(C)(C)SC(=S)N3CC(C)C,CC(C)CN1C(=S)SC(C)(C)C1n1oc(=O)n(-c2cccc(Cl)c2)c1=O,CO-ADD:0221274,ATCC 25922,11.85,32 ug/mL,0.0
124744,c1(C#N)c(c2ccccc2)cc(nc1O)c3ccccc3,N#Cc1c(-c2ccccc2)cc(-c2ccccc2)[nH]c1=O,CO-ADD:0219370,ATCC 25922,23.69,32 ug/mL,0.0
124747,N1(CNc2cccc(C)c2C)C(=O)\C(\SC1=S)=C/c3cccc(F)c3,Cc1cccc(NCN2C(=O)/C(=C\c3cccc(F)c3)SC2=S)c1C,CO-ADD:0221716,ATCC 25922,21.96,32 ug/mL,0.0
124754,C1(CC(C)CCC1C(C)C)OC(=O)c(cc2)ccc2c3ccccc3,CC1CCC(C(C)C)C(OC(=O)c2ccc(-c3ccccc3)cc2)C1,CO-ADD:0219010,ATCC 25922,10.6,32 ug/mL,0.0
124765,c1(NC(=O)c2ccccc2Cl)sc(c3c1C#N)CCC3,N#Cc1c(NC(=O)c2ccccc2Cl)sc2c1CCC2,CO-ADD:0222064,ATCC 25922,3.79,32 ug/mL,0.0
124770,N1(CNc(cc2)ccc2CC)C(=O)\C(\SC1=S)=C/c3ccc(cc3Cl)Cl,CCc1ccc(NCN2C(=O)/C(=C\c3ccc(Cl)cc3Cl)SC2=S)cc1,CO-ADD:0221690,ATCC 25922,31.73,32 ug/mL,0.0
124788,c(\C=N\NC(CNc(cc1)ccc1C)=O)(cc(OCO2)c2c3)c3Cl,Cc1ccc(NCC(=O)N/N=C/c2cc3c(cc2Cl)OCO3)cc1,CO-ADD:0220763,ATCC 25922,11.74,32 ug/mL,0.0
124800,[N+](=O)([O-])c1cc(ccc1Cl)\C=N\c2cc(C)ccc2O,Cc1ccc(O)c(/N=C/c2ccc(Cl)c([N+](=O)[O-])c2)c1,CO-ADD:0222357,ATCC 25922,-2.82,32 ug/mL,0.0
124801,C12=C(CC(C)(C)CC1=O)c3c(ccc(cccc4)c34)NC2c5ccc(cc5Cl)Cl,CC1(C)C=C2c3c(ccc4ccccc34)NC(c3ccc(Cl)cc3Cl)C2C(=O)C1,CO-ADD:0222782,ATCC 25922,5.27,32 ug/mL,0.0
124803,[N+](=O)([O-])c(cccc1C(=O)Nc(cc2)ccc2I)c1,O=C(Nc1ccc(I)cc1)c1cccc([N+](=O)[O-])c1,CO-ADD:0166256,ATCC 25922,-0.83,80 ug/mL,0.0
124819,C(=O)(N\N=C\C=C\c1ccccc1)N\N=C\C=C\c2ccccc2,O=C(NN=CC=Cc1ccccc1)NN=CC=Cc1ccccc1,CO-ADD:0220017,ATCC 25922,-2.04,32 ug/mL,0.0
124824,[O-][N+](C1=CC([N+]([O-])=O)=CC(C(OC2=CC=CC(/C=N/C(C=C3)=CC=C3I)=C2)=O)=C1)=O,O=C(Oc1cccc(/C=N/c2ccc(I)cc2)c1)c1cc([N+](=O)[O-])cc([N+](=O)[O-])c1,CO-ADD:0158051,ATCC 25922,-0.08,32 ug/mL,0.0
124828,c1(N(CC2)CCO2)nc(N\N=C\c(c(Cl)cc(c3[N+](=O)[O-])Cl)c3)nc(Nc4cc(C)ccc4C)n1,Cc1ccc(C)c(Nc2nc(N/N=C/c3cc([N+](=O)[O-])c(Cl)cc3Cl)nc(N3CCOCC3)n2)c1,CO-ADD:0215205,ATCC 25922,5.64,32 ug/mL,0.0
124850,Cl[Pt](P(C1=CC=CC=C1)(C2=CC=CC=C2)C3=CC=CC=C3)(C4=C5C6=CC=CC=C6C=C4)N[C@H]5C,c1ccc([PH2](c2ccccc2)c2ccccc2)cc1,CO-ADD:0156554,ATCC 25922,9.9,32 ug/mL,0.0
124877,N(C(CCl)=O)c1ccc(cc1Cl)NC(CCl)=O,O=C(CCl)Nc1ccc(NC(=O)CCl)c(Cl)c1,CO-ADD:0235064,ATCC 25922,12.23,32 ug/mL,0.0
124885,c1(c(cccc1Cl)Cl)\C=N\c(cc2)ccc2\N=C\c3c(cccc3Cl)Cl,Clc1cccc(Cl)c1/C=N/c1ccc(/N=C/c2c(Cl)cccc2Cl)cc1,CO-ADD:0230098,ATCC 25922,5.98,32 ug/mL,0.0
124898,c1(cc(c(cc1[N+](=O)[O-])nc(c2Nc(cccc3C(F)(F)F)c3)Nc(cccc4C(F)(F)F)c4)n2)[N+](=O)[O-],O=[N+]([O-])c1cc2nc(Nc3cccc(C(F)(F)F)c3)c(Nc3cccc(C(F)(F)F)c3)nc2cc1[N+](=O)[O-],CO-ADD:0162709,ATCC 25922,6.06,32 ug/mL,0.0
124899,N1(c2c(Cl)ccc(C(=O)c(cc3)ccc3N4C(=O)c(c5C4=O)ccc(C(=O)c(cc6)ccc6C(O)=O)c5)c2)C(=O)c(c7C1=O)ccc(C(=O)c(cc8)ccc8C(O)=O)c7,O=C(O)c1ccc(C(=O)c2ccc3c(c2)C(=O)N(c2ccc(C(=O)c4ccc(Cl)c(N5C(=O)c6ccc(C(=O)c7ccc(C(=O)O)cc7)cc6C5=O)c4)cc2)C3=O)cc1,CO-ADD:0162578,ATCC 25922,17.27,32 ug/mL,0.0
124900,c1(ccccc1C(NCCCCCCCCCCCCCCCCCC)=O)C(c2ccccc2)=O,CCCCCCCCCCCCCCCCCCNC(=O)c1ccccc1C(=O)c1ccccc1,CO-ADD:0161938,ATCC 25922,-10.06,32 ug/mL,0.0
124904,CC1(C)SC2C(NC(=O)C(N)c3ccccc3)C(=O)N2C1C([O-])=O.[Na+],CC1(C)SC2C(NC(=O)C(N)c3ccccc3)C(=O)N2C1C(=O)O,CO-ADD:0164429,ATCC 25922,83.21,20 uM,1.0
124905,[O-][N+](C1=CC(/C=N/C2=CC=C(C=C2)C3=NC(C=CC=C4)=C4N3)=C(O)C=C1)=O,O=[N+]([O-])c1ccc(O)c(C=Nc2ccc(-c3nc4ccccc4[nH]3)cc2)c1,CO-ADD:0156073,ATCC 25922,17.28,32 ug/mL,0.0
124906,S(NCCC(=O)N\N=C\c1ccccc1)(=O)(=O)c(cc2)ccc2[N+](=O)[O-],O=C(CCNS(=O)(=O)c1ccc([N+](=O)[O-])cc1)N/N=C/c1ccccc1,CO-ADD:0230786,ATCC 25922,5.54,32 ug/mL,0.0
125068,c1(c2cc(c(c3)cc(OC)cc3)[nH]1)cc([N+](=O)[O-])cc2O,COc1cccc(-c2cc3c(O)cc([N+](=O)[O-])cc3[nH]2)c1,CO-ADD:0149346,ATCC 25922,-11.26,32 ug/mL,0.0
125069,O=C(c1n(C)c([N+](=O)[O-])cn1)NC2CCCCC2,Cn1c([N+](=O)[O-])cnc1C(=O)NC1CCCCC1,CO-ADD:0137733,ATCC 25922,8.62,32 ug/mL,0.0
125144,CN1C=C(NC(C2=CC(NC(C3=CN=C(C=CC=C4)C4=C3)=N)=CN2C)=O)C=C1C(NC5=CN(C)C(C(NCCCN(C)C)=O)=C5)=O.OC(C(F)(F)F)=O.OC(C(F)(F)F)=O,CN(C)CCCNC(=O)c1cc(NC(=O)c2cc(NC(=O)c3cc(N=C(N)c4cnc5ccccc5c4)cn3C)cn2C)cn1C,CO-ADD:0153113,ATCC 25922,-10.91,32 ug/mL,0.0
125165,[n+]1([O-])onc(cc(Br)cn2)c12,[O-][n+]1onc2cc(Br)cnc21,CO-ADD:0310811,ATCC 25922,17.31,32 ug/mL,0.0
125176,C(Nc(cc1)ccc1OC(F)(F)F)(C(OC)=O)(C(F)(F)F)NC(=O)c2ccco2,COC(=O)C(NC(=O)c1ccco1)(Nc1ccc(OC(F)(F)F)cc1)C(F)(F)F,CO-ADD:0310962,ATCC 25922,4.18,32 ug/mL,0.0
125190,C1(NC(C)=O)=C(N)C(c(cccc2)c2C1=O)=O,CC(=O)N=C1C(=O)c2ccccc2C(=O)C1N,CO-ADD:0311719,ATCC 25922,25.25,32 ug/mL,0.0
125297,n1(c2ccc(cc2)Cl)nnnc1SCC(=O)N3c4c(cccc4)Sc(ccc(c5)C(F)(F)F)c35,O=C(CSc1nnnn1-c1ccc(Cl)cc1)N1c2ccccc2Sc2ccc(C(F)(F)F)cc21,CO-ADD:0331411,ATCC 25922,-8.34,32 ug/mL,0.0
125349,c1(C2c3ccco3)c([nH]nc1c4cccs4)OC(N)=C2C#N,N#CC1C(=N)Oc2[nH]nc(-c3cccs3)c2C1c1ccco1,CO-ADD:0319869,ATCC 25922,1.3,32 ug/mL,0.0
125384,c1(ccc(cc1Cl)Cl)C(=O)NNC(=S)Nc2ccccc2OC,COc1ccccc1NC(=S)NNC(=O)c1ccc(Cl)cc1Cl,CO-ADD:0326732,ATCC 25922,0.22,32 ug/mL,0.0
125400,N1(CCN)C(=O)\C(\SC1=O)=C/c(ccc(c2Oc3ccccc3)F)c2.Cl,NCCN1C(=O)S/C(=C/c2ccc(F)c(Oc3ccccc3)c2)C1=O,CO-ADD:0327355,ATCC 25922,25.89,32 ug/mL,0.0
125416,S(=O)(=O)(N(CC1)CCO1)c(c(Cl)cc(c2C(=O)Nc3sccn3)Cl)c2,O=C(Nc1nccs1)c1cc(S(=O)(=O)N2CCOCC2)c(Cl)cc1Cl,CO-ADD:0241048,ATCC 25922,8.71,32 ug/mL,0.0
125511,[n+]1(c2ccccc2C(F)(F)F)noc([O-])n1,O=C1NN(c2ccccc2C(F)(F)F)NO1,CO-ADD:0242171,ATCC 25922,5.6,32 ug/mL,0.0
125543,c1(c(O)c(\C=N\c(ccc(c23)oc(c4cccc(OC)c4)n2)c3)c(c(Cl)c1C)C)[N+](=O)[O-],COc1cccc(-c2nc3cc(N=Cc4c(C)c(Cl)c(C)c([N+](=O)[O-])c4O)ccc3o2)c1,CO-ADD:0235156,ATCC 25922,1.41,32 ug/mL,0.0
125571,C(=O)(Nc1cccc(Cl)c1)CC(=O)N\N=C/c(cc2)ccc2O,O=C(CC(=O)Nc1cccc(Cl)c1)NN=Cc1ccc(O)cc1,CO-ADD:0165867,ATCC 25922,6.78,80 ug/mL,0.0
125576,C1(=S)NC2(NN1c3ccc(cc3)C)CCC(CC2)C,Cc1ccc(N2NC3(CCC(C)CC3)NC2=S)cc1,CO-ADD:0286880,ATCC 25922,4.37,32 ug/mL,0.0
125581,C[C@@H](c1ncncc1F)[C@](O)(Cn1cncn1)c1ccc(F)cc1F,CC(c1ncncc1F)[C@](O)(Cn1cncn1)c1ccc(F)cc1F,CO-ADD:0164887,ATCC 25922,1.71,20 uM,0.0
125591,c(c(Cl)ccc1NC(=O)C(N\N=C\c2ccc([N+](=O)[O-])o2)=S)c1,O=C(Nc1ccc(Cl)cc1)C(=S)N/N=C/c1ccc([N+](=O)[O-])o1,CO-ADD:0288725,ATCC 25922,26.23,32 ug/mL,0.0
125594,c1(C(=O)NNC(c2ccccc2)=O)nn(cc1Br)C,Cn1cc(Br)c(C(=O)NNC(=O)c2ccccc2)n1,CO-ADD:0278314,ATCC 25922,9.08,32 ug/mL,0.0
125595,O=C(N/N=C/C1=C(OCC)C=CC(Br)=C1)C(C)OC2=CC=C(Br)C=C2,CCOc1ccc(Br)cc1/C=N/NC(=O)C(C)Oc1ccc(Br)cc1,CO-ADD:0157946,ATCC 25922,10.77,32 ug/mL,0.0
125608,C(=N\c(cc1)ccc1F)(/SC(C(=O)N(CC2)CCN2c(cc3)ccc3[N+](=O)[O-])CC4=O)\N4CCc5ccccc5,O=C(C1CC(=O)N(CCc2ccccc2)/C(=N\c2ccc(F)cc2)S1)N1CCN(c2ccc([N+](=O)[O-])cc2)CC1,CO-ADD:0287884,ATCC 25922,-8.22,32 ug/mL,0.0
125612,C(=C/c1ccc(C)o1)(/C2=O)\C(c3ccccc3)=NO2,Cc1ccc(/C=C2\C(=O)ON=C2c2ccccc2)o1,CO-ADD:0284385,ATCC 25922,5.51,32 ug/mL,0.0
125615,S(=O)(=O)(c1ccc(cc1)\N=C\c2ccccc2O)Nc3nnc(CC)s3,CCc1nnc(NS(=O)(=O)c2ccc(N=Cc3ccccc3O)cc2)s1,CO-ADD:0215284,ATCC 25922,63.97,32 ug/mL,0.0
125617,c1(C#N)c(c2ccc(cc2)Cl)c3c(nc1SCC(=O)Nc4c(Br)cc(cc4Br)Br)CCC3,N#Cc1c(SCC(=O)Nc2c(Br)cc(Br)cc2Br)nc2c(c1-c1ccc(Cl)cc1)CCC2,CO-ADD:0217122,ATCC 25922,-15.4,32 ug/mL,0.0
125641,N1(c2ccccc2OC)C(=O)C=CC1=O,COc1ccccc1N1C(=O)C=CC1=O,CO-ADD:0290445,ATCC 25922,17.32,32 ug/mL,0.0
125654,c1(c(N)ccc(non2)c12)[N+](=O)[O-],Nc1ccc2nonc2c1[N+](=O)[O-],CO-ADD:0285651,ATCC 25922,20.87,32 ug/mL,0.0
125678,c12c(nnc(SCC(=O)Nc3sc(c(CCN4C)c3C(OCC)=O)C4)n1)c5c(cccc5)n2CC,CCOC(=O)c1c(NC(=O)CSc2nnc3c4ccccc4n(CC)c3n2)sc2c1CCN(C)C2,CO-ADD:0299331,ATCC 25922,13.93,32 ug/mL,0.0
125786,C1(=O)Oc(c(cc(c2OC(OCCCl)=O)Br)S1)c2,O=C(OCCCl)Oc1cc2oc(=O)sc2cc1Br,CO-ADD:0301421,ATCC 25922,0.72,32 ug/mL,0.0
125790,C1(=S)NC(NN1c2ccc(cc2)Cl)(C)CCCCC,CCCCCC1(C)NC(=S)N(c2ccc(Cl)cc2)N1,CO-ADD:0302984,ATCC 25922,5.78,32 ug/mL,0.0
125818,O=C1C(C(SN1)=N2)=C(CCCC3)C3=C2C,Cc1nc2s[nH]c(=O)c2c2c1CCCC2,CO-ADD:0157061,ATCC 25922,14.18,32 ug/mL,0.0
125835,[O-][N+](C(C=C1[N+]([O-])=O)=C(C=C1)NC(COC2=CC=C(OC)C=C2)=O)=O,COc1ccc(OCC(=O)Nc2ccc([N+](=O)[O-])cc2[N+](=O)[O-])cc1,CO-ADD:0160173,ATCC 25922,-2.47,32 ug/mL,0.0
125837,n1c(c2ccc(cc2)Cl)csc1N\N=C(\Cc3ccccc3[N+](=O)[O-])/C(O)=O.Br,O=C(O)C(Cc1ccccc1[N+](=O)[O-])=NNc1nc(-c2ccc(Cl)cc2)cs1,CO-ADD:0163327,ATCC 25922,20.79,32 ug/mL,0.0
126131,C(C)(=O)NNc(cc1)ccc1Br,CC(=O)NNc1ccc(Br)cc1,CO-ADD:0299506,ATCC 25922,13.12,32 ug/mL,0.0
126162,N1(c(cc2)ccc2C(OCC)=O)C(=O)C(CC1=O)SC[C@]([H])(N)C(OCC)=O.Cl,CCOC(=O)c1ccc(-n2c(O)cc(SCC(N)C(=O)OCC)c2O)cc1,CO-ADD:0286489,ATCC 25922,6.45,32 ug/mL,0.0
126427,[N+](=O)([O-])c1cc(ccc1OC(=O)c2ccc(cc2)OC)\C=N\NC(=O)c3cccc(C)c3,COc1ccc(C(=O)Oc2ccc(/C=N/NC(=O)c3cccc(C)c3)cc2[N+](=O)[O-])cc1,CO-ADD:0215551,ATCC 25922,-2.91,32 ug/mL,0.0
126433,S(=O)(=O)(Nc(cc1)ccc1I)c2c(C)ccc(c2)C(=O)Nc(cc3)ccc3I,Cc1ccc(C(=O)Nc2ccc(I)cc2)cc1S(=O)(=O)Nc1ccc(I)cc1,CO-ADD:0221998,ATCC 25922,10.94,32 ug/mL,0.0
126452,S(=O)(=O)(c(cccc1[N+](=O)[O-])c1)Oc2ccc(c3c2\C=N\NC(=O)c4ccc(cc4)C)cccc3,Cc1ccc(C(=O)N/N=C/c2c(OS(=O)(=O)c3cccc([N+](=O)[O-])c3)ccc3ccccc23)cc1,CO-ADD:0215622,ATCC 25922,3.83,32 ug/mL,0.0
126462,C(c1ccccc1)(=O)Oc2cc(ccc2OC(c3ccccc3)=O)\C=N\NC(CNc4ccccc4C)=O,Cc1ccccc1NCC(=O)N/N=C/c1ccc(OC(=O)c2ccccc2)c(OC(=O)c2ccccc2)c1,CO-ADD:0220570,ATCC 25922,8.91,32 ug/mL,0.0
126470,[N+]1(CC(C)C)=C(C)C=C(N[B-]1(c2ccccc2)c3ccccc3)C(Cl)(Cl)Cl,CC1=CC(C(Cl)(Cl)Cl)=[NH+][B-](c2ccccc2)(c2ccccc2)N1CC(C)C,CO-ADD:0234334,ATCC 25922,-1.57,32 ug/mL,0.0
126485,c1(c(ccc(c1)[N+](=O)[O-])Oc2cccc(c2)\C=N\c3cc(C)c(cc3O)C)[N+](=O)[O-],Cc1cc(O)c(/N=C/c2cccc(Oc3ccc([N+](=O)[O-])cc3[N+](=O)[O-])c2)cc1C,CO-ADD:0220186,ATCC 25922,1.18,32 ug/mL,0.0
126510,c1(O)c(Br)c(\C=N\NC(COc(ccc(c23)cccc2)c3)=O)cc(Br)c1O,O=C(COc1ccc2ccccc2c1)NN=Cc1cc(Br)c(O)c(O)c1Br,CO-ADD:0219472,ATCC 25922,32.73,32 ug/mL,0.0
126519,N1(c(cc2)ccc2[N+](=O)[O-])C(=O)c(c3)c(c(c4)C1=O)c(cc3[N+](=O)[O-])cc4[N+](=O)[O-],O=C1c2cc([N+](=O)[O-])cc3cc([N+](=O)[O-])cc(c23)C(=O)N1c1ccc([N+](=O)[O-])cc1,CO-ADD:0221559,ATCC 25922,-2.87,32 ug/mL,0.0
126520,C(=O)(c1cccc(Br)c1)Oc2ccc(cc2OC)\C=N\NC(COc3ccccc3C#N)=O,COc1cc(/C=N/NC(=O)COc2ccccc2C#N)ccc1OC(=O)c1cccc(Br)c1,CO-ADD:0234601,ATCC 25922,4.26,32 ug/mL,0.0
126523,C(Br)(C(OC)=O)(C(OC)=O)C(c1ccccc1)C[N+](=O)[O-],COC(=O)C(Br)(C(=O)OC)C(C[N+](=O)[O-])c1ccccc1,CO-ADD:0233665,ATCC 25922,7.96,32 ug/mL,0.0
126539,c1(ccccc1O)\C=N\OCO\N=C\c2ccccc2O,Oc1ccccc1C=NOCON=Cc1ccccc1O,CO-ADD:0229051,ATCC 25922,8.08,32 ug/mL,0.0
126546,c(Nc1ccccc1)(nc(N\N=C\c2c(cccc2Cl)Cl)nc3Nc4ccccc4)n3,Clc1cccc(Cl)c1/C=N/Nc1nc(Nc2ccccc2)nc(Nc2ccccc2)n1,CO-ADD:0222432,ATCC 25922,6.28,32 ug/mL,0.0
126553,c1(cc(cc(OC)c1OCC(=O)N\N=C\c2cccc(OC)c2)[N+](=O)[O-])[N+](=O)[O-],COc1cccc(/C=N/NC(=O)COc2c(OC)cc([N+](=O)[O-])cc2[N+](=O)[O-])c1,CO-ADD:0234951,ATCC 25922,40.96,32 ug/mL,0.0
126559,c1(C#N)c(SCC(=O)Nc(cc2)ccc2Br)nc(cc1c3ccccc3OC)c4ccccc4,COc1ccccc1-c1cc(-c2ccccc2)nc(SCC(=O)Nc2ccc(Br)cc2)c1C#N,CO-ADD:0221844,ATCC 25922,12.64,32 ug/mL,0.0
126564,N1(c2ccccc2[N+](=O)[O-])C(=O)C(C(C1=O)C34C=O)C(c(c35)cccc5)c(c46)cccc6,O=CC12c3ccccc3C(c3ccccc31)c1c2c(O)n(-c2ccccc2[N+](=O)[O-])c1O,CO-ADD:0221890,ATCC 25922,7.51,32 ug/mL,0.0
126619,N1(c2ccc(c3c2)cccc3)C(=O)C(CC1=O)Sc4nccc(C)n4,Cc1ccnc(Sc2cc(O)n(-c3ccc4ccccc4c3)c2O)n1,CO-ADD:0324142,ATCC 25922,-0.77,32 ug/mL,0.0
126637,[N+](=O)([O-])c(ccc(c1\C=N\c(c2)c(ccc2C(F)(F)F)Oc3ccccc3)O)c1,O=[N+]([O-])c1ccc(O)c(C=Nc2cc(C(F)(F)F)ccc2Oc2ccccc2)c1,CO-ADD:0242091,ATCC 25922,5.61,32 ug/mL,0.0
126707,[N+](=O)([O-])c(cc(Oc(cc1)ccc1CCC(=O)NCc(cc2)ccc2OC)cc3[N+](=O)[O-])c3,COc1ccc(CNC(=O)CCc2ccc(Oc3cc([N+](=O)[O-])cc([N+](=O)[O-])c3)cc2)cc1,CO-ADD:0244230,ATCC 25922,4.12,32 ug/mL,0.0
126795,c(OC)(cc1)ccc1C\C(=N\OC(c(c2)cc(OC)c3c2OCO3)=O)\N,COc1ccc(CC(=N)NOC(=O)c2cc(OC)c3c(c2)OCO3)cc1,CO-ADD:0243655,ATCC 25922,-12.28,32 ug/mL,0.0
126877,c1(C(OCC)=O)c(cc(cc2)OC(C)=O)c2n(c3ccccc3)c1C,CCOC(=O)c1c(C)n(-c2ccccc2)c2ccc(OC(C)=O)cc12,CO-ADD:0221377,ATCC 25922,0.0,32 ug/mL,0.0
126921,OC(C1=CC=CC=C1)(C2=CC=CC=C2)C#CC(O)C3=CC=C(C)O3,Cc1ccc(C(O)C#CC(O)(c2ccccc2)c2ccccc2)o1,CO-ADD:0155252,ATCC 25922,19.79,32 ug/mL,0.0
126938,O=C(C1=CC(OC)=C(OC)C=C1)NCC(N/N=C/C2=CC=C(O2)C3=C(Cl)C=CC(Cl)=C3)=O,COc1ccc(C(=O)NCC(=O)N/N=C/c2ccc(-c3cc(Cl)ccc3Cl)o2)cc1OC,CO-ADD:0155681,ATCC 25922,11.8,32 ug/mL,0.0
126940,S=C(N)N/N=C1C2=NC3=NON=C3N=C2C4=CC=CC=C\14,NC(=S)N=Nc1c2ccccc2c2nc3[nH]onc3nc12,CO-ADD:0158708,ATCC 25922,9.27,32 ug/mL,0.0
126971,N1(CCCC1C(=O)NC(CCCNC(N)=N)C(O)=O)C(=O)OCc2ccccc2,N=C(N)NCCCC(NC(=O)C1CCCN1C(=O)OCc1ccccc1)C(=O)O,CO-ADD:0162137,ATCC 25922,14.05,32 ug/mL,0.0
126975,c1(c2ccc(cc2)\N=C/c3ccccc3O)[nH]c(c(ccc4c(ccc(c5[nH]6)nc6c7ccc(cc7)\N=C/c8ccccc8O)c5)n1)c4,Oc1ccccc1C=Nc1ccc(-c2nc3cc(-c4ccc5[nH]c(-c6ccc(N=Cc7ccccc7O)cc6)nc5c4)ccc3[nH]2)cc1,CO-ADD:0162389,ATCC 25922,-19.82,32 ug/mL,0.0
126983,c1(N)nonc1OCCn2c(C)cc(C)n2,Cc1cc(C)n(CCOc2nonc2N)n1,CO-ADD:0162543,ATCC 25922,20.61,32 ug/mL,0.0
126993,[N+](=O)([O-])c(ccc(c1\C=N\NC(CNC(=O)c2ccco2)=O)OC)c1,COc1ccc([N+](=O)[O-])cc1/C=N/NC(=O)CNC(=O)c1ccco1,CO-ADD:0166108,ATCC 25922,7.59,80 ug/mL,0.0
127005,[N+](=O)([O-])c(ccc(c1\C=N\NC(=O)C(=O)Nc2ccccc2OC(F)(F)C([H])(F)F)O)c1,O=C(NN=Cc1cc([N+](=O)[O-])ccc1O)C(=O)Nc1ccccc1OC(F)(F)C(F)F,CO-ADD:0230819,ATCC 25922,4.44,32 ug/mL,0.0
127013,N(/c1ccccc1O)=C(\c2ccccc2)/C(c3ccccc3)=O,O=C(/C(=N\c1ccccc1O)c1ccccc1)c1ccccc1,CO-ADD:0232667,ATCC 25922,10.22,32 ug/mL,0.0
127034,[N+](=O)([O-])c1cc(ccc1Br)\C=N\c(cccc2[N+](=O)[O-])c2,O=[N+]([O-])c1cccc(/N=C/c2ccc(Br)c([N+](=O)[O-])c2)c1,CO-ADD:0235046,ATCC 25922,1.4,32 ug/mL,0.0
127038,[N+](=O)([O-])c(ccc(c1\C=N\NC(=O)c(cccn2)c2)OC(c3ccccc3)=O)c1,O=C(N/N=C/c1cc([N+](=O)[O-])ccc1OC(=O)c1ccccc1)c1cccnc1,CO-ADD:0232172,ATCC 25922,36.36,32 ug/mL,0.0
127047,N1(c2ccc(cc2)OCCC)C(=O)CC(N(CC3)CCO3)C1=O,CCCOc1ccc(-n2c(O)cc(N3CCOCC3)c2O)cc1,CO-ADD:0228587,ATCC 25922,8.12,32 ug/mL,0.0
127056,N1(Cc(cc2)ccc2Cl)C(=O)CC(N(CC3)CCC3C(N)=O)C1=O,NC(=O)C1CCN(c2cc(O)n(Cc3ccc(Cl)cc3)c2O)CC1,CO-ADD:0299179,ATCC 25922,13.72,32 ug/mL,0.0
127064,n1(cnnn1)c2c(OC)ccc(c2)[N+](=O)[O-],COc1ccc([N+](=O)[O-])cc1-n1cnnn1,CO-ADD:0291894,ATCC 25922,-8.97,32 ug/mL,0.0
127085,n1c2c([nH]c1c3ccc(cc3)\N=C\c(cc4)ccc4Cl)ccc(c2)\N=C\c(cc5)ccc5Cl,Clc1ccc(/C=N/c2ccc(-c3nc4cc(/N=C/c5ccc(Cl)cc5)ccc4[nH]3)cc2)cc1,CO-ADD:0161896,ATCC 25922,14.33,32 ug/mL,0.0
127089,C(C(OCC)=O)(C(F)(F)F)(Nc1sc(c2c1C#N)CCCC2)NS(c3ccccc3)(=O)=O,CCOC(=O)C(Nc1sc2c(c1C#N)CCCC2)(NS(=O)(=O)c1ccccc1)C(F)(F)F,CO-ADD:0291303,ATCC 25922,23.86,32 ug/mL,0.0
127114,c1(cc(cc(SCC(OC)=O)c1NC(OC)=O)[N+](=O)[O-])[N+](=O)[O-],COC(=O)CSc1cc([N+](=O)[O-])cc([N+](=O)[O-])c1NC(=O)OC,CO-ADD:0288022,ATCC 25922,14.58,32 ug/mL,0.0
127129,c1(no[n+]([O-])c1S(=O)(=O)c2ccc(cc2)C)S(=O)(=O)c3ccc(cc3)C,Cc1ccc(S(=O)(=O)c2no[n+]([O-])c2S(=O)(=O)c2ccc(C)cc2)cc1,CO-ADD:0293919,ATCC 25922,-1.05,32 ug/mL,0.0
127140,N1(NC(NC1=S)(CC)CC)c2scc(c3ccccc3)n2,CCC1(CC)NC(=S)N(c2nc(-c3ccccc3)cs2)N1,CO-ADD:0292302,ATCC 25922,0.69,32 ug/mL,0.0
127184,c12c(cccc1)cccc2NCCN.Cl.Cl,NCCNc1cccc2ccccc12,CO-ADD:0301369,ATCC 25922,5.32,32 ug/mL,0.0
127201,N1(C(=O)\C(\SC1=N)=C\c2ccc(cc2Cl)Cl)c3nonc3N,N=C1S/C(=C\c2ccc(Cl)cc2Cl)C(=O)N1c1nonc1N,CO-ADD:0301266,ATCC 25922,5.81,32 ug/mL,0.0
127223,O1C(C(CC)C(=O)C(C)C(O)C(C)CCc(c(C(O)=O)c(O)c(C)c2)c2)C(C)CC1(CC)C3CCC(CC)(O)C(C)O3,CCC(C(=O)C(C)C(O)C(C)CCc1ccc(C)c(O)c1C(=O)O)C1OC(CC)(C2CCC(O)(CC)C(C)O2)CC1C,CO-ADD:0137233,ATCC 25922,3.4,25 uM,0.0
127229,O=C(N(C)c(c1C2=S)nc(SCCN3CCCC3)n1[H])N2C,Cn1c(=S)c2[nH]c(SCCN3CCCC3)nc2n(C)c1=O,CO-ADD:0136835,ATCC 25922,13.73,25 uM,0.0
127237,n1c(c(ccc1)c([N+](=O)[O-])cc2[N+](=O)[O-])c2O,O=[N+]([O-])c1cc([N+](=O)[O-])c2cccnc2c1O,CO-ADD:0135935,ATCC 25922,3.44,25 uM,0.0
127447,[N+](=O)([O-])c1cc(ccc1Cl)\C=N\NC(=O)C(O)(c2ccccc2)c3ccccc3,O=C(N/N=C/c1ccc(Cl)c([N+](=O)[O-])c1)C(O)(c1ccccc1)c1ccccc1,CO-ADD:0222441,ATCC 25922,-2.81,32 ug/mL,0.0
127454,c1(cc(ccc1OCC(O)=O)CC(C)(C)C)CC(C)(C)C,CC(C)(C)Cc1ccc(OCC(=O)O)c(CC(C)(C)C)c1,CO-ADD:0220046,ATCC 25922,2.02,32 ug/mL,0.0
127456,[N+](=O)([O-])c1cc(ccc1Cl)\C=N\c(cc2)ccc2NC(C)=O,CC(=O)Nc1ccc(/N=C/c2ccc(Cl)c([N+](=O)[O-])c2)cc1,CO-ADD:0222359,ATCC 25922,-4.13,32 ug/mL,0.0
127465,c(cc(Br)cc1Br)(\C=N\c2cccc(Cl)c2Cl)c1O,Oc1c(Br)cc(Br)cc1C=Nc1cccc(Cl)c1Cl,CO-ADD:0222491,ATCC 25922,29.45,32 ug/mL,0.0
127481,[P+](c1ccccc1)(c2ccccc2)(c3ccccc3)Cc(cc4)ccc4N.[I-],Nc1ccc(C[P+](c2ccccc2)(c2ccccc2)c2ccccc2)cc1,CO-ADD:0233688,ATCC 25922,-1.83,32 ug/mL,0.0
127484,n1(nnc(C)c1C(=O)N\N=C\c(ccc2[N+](=O)[O-])o2)c3nonc3N,Cc1nnn(-c2nonc2N)c1C(=O)N/N=C/c1ccc([N+](=O)[O-])o1,CO-ADD:0231578,ATCC 25922,52.27,32 ug/mL,0.0
127486,[N+](=O)([O-])c1ccc(cc1O)\C=N\NC(CNC(=O)c2cccc(F)c2)=O,O=C(CNC(=O)c1cccc(F)c1)NN=Cc1ccc([N+](=O)[O-])c(O)c1,CO-ADD:0234654,ATCC 25922,1.46,32 ug/mL,0.0
127583,[N+](=O)([O-])c1ccc(cc1)\C=C\c(c2)nc(c3c2NC(C)CCCN(CC)CC)ccc(OC)c3,CCN(CC)CCCC(C)Nc1cc(/C=C/c2ccc([N+](=O)[O-])cc2)nc2ccc(OC)cc12,CO-ADD:0227684,ATCC 25922,9.56,32 ug/mL,0.0
127585,S(=O)(=O)(c1ccc(cc1)Cl)Nc2ccc(cc2C(=O)Nc3cccc(ns4)c3n4)Br,O=C(Nc1cccc2nsnc12)c1cc(Br)ccc1NS(=O)(=O)c1ccc(Cl)cc1,CO-ADD:0229305,ATCC 25922,20.36,32 ug/mL,0.0
127599,N1(Nc(ccc(c2C)C)c2)C(=O)c(cc3)c(c(ccc4[N+](=O)[O-])C1=O)c4c3[N+](=O)[O-],Cc1ccc(NN2C(=O)c3ccc([N+](=O)[O-])c4c([N+](=O)[O-])ccc(c34)C2=O)cc1C,CO-ADD:0221943,ATCC 25922,1.24,32 ug/mL,0.0
127608,[N+](=O)([O-])c(ccc(c1\C=N\c(cn2)cnc2N)O)c1,Nc1ncc(N=Cc2cc([N+](=O)[O-])ccc2O)cn1,CO-ADD:0215687,ATCC 25922,16.38,32 ug/mL,0.0
127609,C(=O)(N(C)c1ccccc1)C\C(\C)=N\NC(COc2ccc(cc2Br)C)=O,CC(CC(=O)N(C)c1ccccc1)=NNC(=O)COc1ccc(C)cc1Br,CO-ADD:0166029,ATCC 25922,10.88,80 ug/mL,0.0
127621,N1(c2ccc(c(C)c2)C)C(=O)c(c3)c(c(c4)C1=O)c(cc3[N+](=O)[O-])cc4[N+](=O)[O-],Cc1ccc(N2C(=O)c3cc([N+](=O)[O-])cc4cc([N+](=O)[O-])cc(c34)C2=O)cc1C,CO-ADD:0214905,ATCC 25922,9.53,32 ug/mL,0.0
127635,C(Oc(cccc1C(=O)Nc(cc2)ccc2Br)c1)(=S)Nc3cccc(C)c3C,Cc1cccc(NC(=S)Oc2cccc(C(=O)Nc3ccc(Br)cc3)c2)c1C,CO-ADD:0165905,ATCC 25922,8.25,80 ug/mL,0.0
127636,C1(C#N)=C(N)OC(=C(C(C)=O)C1c2cccc(c2)OCc3ccccc3)C,CC(=O)C1=C(C)OC(=N)C(C#N)C1c1cccc(OCc2ccccc2)c1,CO-ADD:0166656,ATCC 25922,-0.06,80 ug/mL,0.0
127645,c1(ccc(\C=N\NC(COc2c(C)cccc2C)=O)o1)[N+](=O)[O-],Cc1cccc(C)c1OCC(=O)N/N=C/c1ccc([N+](=O)[O-])o1,CO-ADD:0166187,ATCC 25922,62.55,80 ug/mL,0.0
127648,C1(N(CC2)CCO2)=N\C(=N/N=C/c(cc3)ccc3Br)\NC(Nc4ccccc4)=N1,Brc1ccc(C=NNc2nc(Nc3ccccc3)nc(N3CCOCC3)n2)cc1,CO-ADD:0219309,ATCC 25922,3.66,32 ug/mL,0.0
127658,c1(cccc(cccc2)c12)CC(=O)N\N=C\c(ccc(c3OC)OCc(cc4)ccc4Br)c3,COc1cc(/C=N/NC(=O)Cc2cccc3ccccc23)ccc1OCc1ccc(Br)cc1,CO-ADD:0218626,ATCC 25922,8.44,32 ug/mL,0.0
127672,N1(CNc(cc2)ccc2Cl)C(=O)\C(\SC1=S)=C\c3ccc(C)o3,Cc1ccc(/C=C2\SC(=S)N(CNc3ccc(Cl)cc3)C2=O)o1,CO-ADD:0216934,ATCC 25922,2.45,32 ug/mL,0.0
128475,NC1=C(C(C=C2OC)=CC=C2OC)C(C3=CC=CC=C3)=NN1C4=CC=CC=C4,COc1ccc(-c2c(-c3ccccc3)nn(-c3ccccc3)c2N)cc1OC,CO-ADD:0157908,ATCC 25922,17.8,32 ug/mL,0.0
128523,C(=O)(OC(C)(C)C)Nc1ccccc1Cl,CC(C)(C)OC(=O)Nc1ccccc1Cl,CO-ADD:0162006,ATCC 25922,3.51,32 ug/mL,0.0
128526,[O-][N+](C1=CC=CC(/C=N/C2=CC=C(C=C2)N3CCOCC3)=C1O)=O,O=[N+]([O-])c1cccc(C=Nc2ccc(N3CCOCC3)cc2)c1O,CO-ADD:0160193,ATCC 25922,2.49,32 ug/mL,0.0
128531,O=C(NCCCCCCCCCCCCCCCCCC)C(C=C1)=CC=C1NC(CCCCC)=O,CCCCCCCCCCCCCCCCCCNC(=O)c1ccc(NC(=O)CCCCC)cc1,CO-ADD:0160437,ATCC 25922,-1.8,32 ug/mL,0.0
128566,c(c(O)ccc1Cl)(S2)c1OC2=O,O=c1oc2c(Cl)ccc(O)c2s1,CO-ADD:0162371,ATCC 25922,33.29,32 ug/mL,0.0
128612,[N+](=O)([O-])c1cc(ccc1Br)\C=N\c(ccc(c23)cccc2)c3,O=[N+]([O-])c1cc(/C=N/c2ccc3ccccc3c2)ccc1Br,CO-ADD:0235031,ATCC 25922,5.74,32 ug/mL,0.0
128680,C(=O)(\C=C\c1ccccc1)Oc2ccccc2\C=N\Nc3cccc(C)c3,Cc1cccc(N/N=C/c2ccccc2OC(=O)/C=C/c2ccccc2)c1,CO-ADD:0230486,ATCC 25922,1.36,32 ug/mL,0.0
128693,c1(cc(cc([nH]n2)c1c2)[N+](=O)[O-])[N+](=O)[O-],O=[N+]([O-])c1cc([N+](=O)[O-])c2c[nH]nc2c1,CO-ADD:0255578,ATCC 25922,9.67,32 ug/mL,0.0
128907,C(C(OCCOC)=O)(C1c2ccc(cc2)F)=C(C)NC(CC(c3cccs3)CC4=O)=C14,COCCOC(=O)C1=C(C)N=C2CC(c3cccs3)CC(=O)C2C1c1ccc(F)cc1,CO-ADD:0332627,ATCC 25922,1.13,32 ug/mL,0.0
128933,N1(CN2CCC(CC2)C)N=C(OC1=S)c3ccc(cc3)C,Cc1ccc(-c2nn(CN3CCC(C)CC3)c(=S)o2)cc1,CO-ADD:0283413,ATCC 25922,-0.92,32 ug/mL,0.0
128945,N1(c(cccc2C(=O)OCC(=O)c(cc3)ccc3c4ccccc4)c2)Cc5c(cccc5)C1,O=C(COC(=O)c1cccc(N2Cc3ccccc3C2)c1)c1ccc(-c2ccccc2)cc1,CO-ADD:0233041,ATCC 25922,7.35,32 ug/mL,0.0
128947,CC(=O)NC[C@@H]1CN(C(=O)O1)c2ccc(N3CCOCC3)c(F)c2,CC(=O)NC[C@@H]1CN(c2ccc(N3CCOCC3)c(F)c2)C(=O)O1,CO-ADD:0237189,ATCC 25922,5.35,20 uM,0.0
128952,c1(C#N)c2c(sc1\N=C\c3ccc(I)s3)CC(C)CC2,CC1CCc2c(sc(/N=C/c3ccc(I)s3)c2C#N)C1,CO-ADD:0234442,ATCC 25922,3.15,32 ug/mL,0.0
128970,S(=O)(=O)(c(cc1)ccc1[N+](=O)[O-])Nc(cccc2c3csc(C)n3)c2,Cc1nc(-c2cccc(NS(=O)(=O)c3ccc([N+](=O)[O-])cc3)c2)cs1,CO-ADD:0236667,ATCC 25922,3.15,32 ug/mL,0.0
128972,CC(=O)N1CCN(CC1)c1ccc(Oc2ccc(Cl)cc2O)cc1,CC(=O)N1CCN(c2ccc(Oc3ccc(Cl)cc3O)cc2)CC1,CO-ADD:0237427,ATCC 25922,5.34,20 uM,0.0
128978,C(=N\c1ccccc1CC)(/c2c(N3)ccc(Br)c2)\C3=O,CCc1ccccc1N=C1C(=O)Nc2ccc(Br)cc21,CO-ADD:0229928,ATCC 25922,11.94,32 ug/mL,0.0
128984,C(=C/c(ccc(c1OC)OC)c1)(/c(cc(cc2[N+](=O)[O-])[N+](=O)[O-])c23)\c(cc(cc4[N+](=O)[O-])[N+](=O)[O-])c34,COc1ccc(C=C2c3cc([N+](=O)[O-])cc([N+](=O)[O-])c3-c3c2cc([N+](=O)[O-])cc3[N+](=O)[O-])cc1OC,CO-ADD:0230875,ATCC 25922,-2.01,32 ug/mL,0.0
129059,C(/NC1CCCCC1)(\C(OCC)=O)=N/Nc2ccccc2,CCOC(=O)C(=NC1CCCCC1)NNc1ccccc1,CO-ADD:0228756,ATCC 25922,3.72,32 ug/mL,0.0
129075,N1(CNc(cc2)ccc2I)C(=O)\C(\SC1=S)=C\c3cccc(Cl)c3Cl,O=C1/C(=C/c2cccc(Cl)c2Cl)SC(=S)N1CNc1ccc(I)cc1,CO-ADD:0222977,ATCC 25922,18.68,32 ug/mL,0.0
129089,[nH]1c(ccc(c2)Br)c2c3c1CCCC3,Brc1ccc2[nH]c3c(c2c1)CCCC3,CO-ADD:0232382,ATCC 25922,11.86,32 ug/mL,0.0
129096,O=C(NCCC(N)=N)C1=CC(NC(C2=CC(NC(C)=O)=CN2C)=O)=CN1C.OC(C(F)(F)F)=O,CC(=O)Nc1cc(C(=O)Nc2cc(C(=O)NCCC(=N)N)n(C)c2)n(C)c1,CO-ADD:0137596,ATCC 25922,4.63,32 ug/mL,0.0
129099,N1(C(C)(C)C)\C(=N\c2ccccc2)\SC(CC(=O)Nc3ccccc3C)C1=O,Cc1ccccc1NC(=O)Cc1s/c(=N\c2ccccc2)n(C(C)(C)C)c1O,CO-ADD:0254295,ATCC 25922,9.95,32 ug/mL,0.0
129105,C1(C2=O)C(C(C=C3)OC13C)C(N2c4ccc(cc4)OC)=O,COc1ccc(-n2c(O)c3c(c2O)C2(C)C=CC3O2)cc1,CO-ADD:0249553,ATCC 25922,0.9,32 ug/mL,0.0
129133,c1(ncnc(N\N=C(/C)\c2ccc(cc2)CCCC)c1)N(CC3)CCO3,CCCCc1ccc(C(C)=NNc2cc(N3CCOCC3)ncn2)cc1,CO-ADD:0247762,ATCC 25922,4.94,32 ug/mL,0.0
129142,CN1C=C(NC(C(C=C2)=CC=C2/C=C/C3=CC(C=CC=C4)=C4N=C3)=O)C=C1C(NC5=CN(C(C)C)C(C(NCCN6CCOCC6)=O)=C5)=O.OC(C(F)(F)F)=O.OC(C(F)(F)F)=O,CC(C)n1cc(NC(=O)c2cc(NC(=O)c3ccc(/C=C/c4cnc5ccccc5c4)cc3)cn2C)cc1C(=O)NCCN1CCOCC1,CO-ADD:0137613,ATCC 25922,11.36,32 ug/mL,0.0
129158,c1(c(ccc(c1)[N+](=O)[O-])Sc(cc2)c3c([n+]2[O-])cccc3)[N+](=O)[O-],O=[N+]([O-])c1ccc(Sc2cc[n+]([O-])c3ccccc23)c([N+](=O)[O-])c1,CO-ADD:0303044,ATCC 25922,12.57,32 ug/mL,0.0
129180,c1(NC(CCl)=O)nonc1N=[N+]=[N-],[N-]=[N+]=Nc1nonc1NC(=O)CCl,CO-ADD:0301842,ATCC 25922,25.27,32 ug/mL,0.0
129216,CN1C=C(NC(C(C=C2)=CC=C2/C=C/C3=CC(C=CC=C4)=C4N=C3)=O)C=C1C(NC5=CN(C)C(C(NCCN(CCC6)C6=O)=O)=C5)=O.OC(C(F)(F)F)=O,Cn1cc(NC(=O)c2cc(NC(=O)c3ccc(/C=C/c4cnc5ccccc5c4)cc3)cn2C)cc1C(=O)NCCN1CCCC1=O,CO-ADD:0137565,ATCC 25922,8.57,32 ug/mL,0.0
129249,N(c1ccc(cc1[N+](=O)[O-])OC)(C(=O)C(C23)C(C=C4)OC24C(OC(C)=O)OC(C)=O)C3=O,COc1ccc(-n2c(O)c3c(c2O)C2(C(OC(C)=O)OC(C)=O)C=CC3O2)c([N+](=O)[O-])c1,CO-ADD:0249515,ATCC 25922,12.19,32 ug/mL,0.0
129346,C1(=O)Oc(c(cc(c2OC(=O)Nc3ccccc3)Cl)S1)c2,O=C(Nc1ccccc1)Oc1cc2oc(=O)sc2cc1Cl,CO-ADD:0287579,ATCC 25922,18.89,32 ug/mL,0.0
129360,N1(NC(=O)c(cccc2[N+](=O)[O-])c2)C(=O)c(cc3)c(c(ccc4[N+](=O)[O-])C1=O)c4c3[N+](=O)[O-],O=C(NN1C(=O)c2ccc([N+](=O)[O-])c3c([N+](=O)[O-])ccc(c23)C1=O)c1cccc([N+](=O)[O-])c1,CO-ADD:0221916,ATCC 25922,0.14,32 ug/mL,0.0
129392,C(=O)([O-])\C=C\c(cc1)ccc1OC,COc1ccc(/C=C/C(=O)O)cc1,CO-ADD:0222595,ATCC 25922,1.51,32 ug/mL,0.0
129401,c1(cc(I)ccc1O)\C=N\c(ccc(c2Cl)Cl)c2,Oc1ccc(I)cc1C=Nc1ccc(Cl)c(Cl)c1,CO-ADD:0227371,ATCC 25922,22.6,32 ug/mL,0.0
129430,N1(c2cccc(C)c2)C(=O)c(c3)c(c(c4)C1=O)c(cc3[N+](=O)[O-])cc4[N+](=O)[O-],Cc1cccc(N2C(=O)c3cc([N+](=O)[O-])cc4cc([N+](=O)[O-])cc(c34)C2=O)c1,CO-ADD:0221523,ATCC 25922,5.87,32 ug/mL,0.0
129437,N1(c2ccc(cc2)OC)C(=O)CC(N3CCC(CC3)O)C1=O,COc1ccc(-n2c(O)cc(N3CCC(O)CC3)c2O)cc1,CO-ADD:0287382,ATCC 25922,17.68,32 ug/mL,0.0
129454,c1(O)c(OC)cc(cc1I)\C=N\NC(COc2ccccc2C)=O,COc1cc(C=NNC(=O)COc2ccccc2C)cc(I)c1O,CO-ADD:0222757,ATCC 25922,7.03,32 ug/mL,0.0
129455,[N+](=O)([O-])c1cc(ccc1Cl)\C=N\c(cc2)c(OC)cc2c3ccc(c(OC)c3)\N=C\c(ccc(c4[N+](=O)[O-])Cl)c4,COc1cc(-c2ccc(/N=C/c3ccc(Cl)c([N+](=O)[O-])c3)c(OC)c2)ccc1/N=C/c1ccc(Cl)c([N+](=O)[O-])c1,CO-ADD:0222377,ATCC 25922,2.36,32 ug/mL,0.0
129456,N1(CNc2ccccc2C(OCC)=O)C(=O)\C(\SC1=S)=C/c(cc3)ccc3C(C)C,CCOC(=O)c1ccccc1NCN1C(=O)/C(=C\c2ccc(C(C)C)cc2)SC1=S,CO-ADD:0222096,ATCC 25922,-2.11,32 ug/mL,0.0
129457,C(Cl)(Cl)(Cl)C(c1ccc(cc1)OC)c2ccc(cc2)OC,COc1ccc(C(c2ccc(OC)cc2)C(Cl)(Cl)Cl)cc1,CO-ADD:0220109,ATCC 25922,5.12,32 ug/mL,0.0
129490,c12c(non1)nc(Nc(cc3)ccc3Cl)c(Nc4cccc(C)c4C)n2,Cc1cccc(Nc2nc3nonc3nc2Nc2ccc(Cl)cc2)c1C,CO-ADD:0292269,ATCC 25922,-0.14,32 ug/mL,0.0
129493,c1(c(ccc(c1)[N+](=O)[O-])Oc2cccc(c2)\C=N\c3cc(C)ccc3O)[N+](=O)[O-],Cc1ccc(O)c(/N=C/c2cccc(Oc3ccc([N+](=O)[O-])cc3[N+](=O)[O-])c2)c1,CO-ADD:0220197,ATCC 25922,-2.01,32 ug/mL,0.0
129511,S(c1ccccc1)(=O)(=O)N(c2ccc(cc2)OCC)CC(=O)N\N=C\c(ccc(c3OCC)OCCC)c3,CCCOc1ccc(/C=N/NC(=O)CN(c2ccc(OCC)cc2)S(=O)(=O)c2ccccc2)cc1OCC,CO-ADD:0219779,ATCC 25922,-1.03,32 ug/mL,0.0
129522,c1(c(cccc1N)c2)cc(c23)cccc3N,Nc1cccc2cc3c(N)cccc3cc12,CO-ADD:0220839,ATCC 25922,-5.72,32 ug/mL,0.0
129525,S(=O)(=O)(c1ccc(cc1)\N=C\c2cc(Br)ccc2O)Nc3nnc(CC)s3,CCc1nnc(NS(=O)(=O)c2ccc(N=Cc3cc(Br)ccc3O)cc2)s1,CO-ADD:0215282,ATCC 25922,27.94,32 ug/mL,0.0
129530,C(=O)(N\N=C\c1c2c(cccc2)cc(cccc3)c13)C(=O)NC(C)c4ccccc4,CC(NC(=O)C(=O)N/N=C/c1c2ccccc2cc2ccccc12)c1ccccc1,CO-ADD:0166468,ATCC 25922,3.28,80 ug/mL,0.0
129533,c1(c2ccco2)[nH]c(c3n1)cccc3,c1coc(-c2nc3ccccc3[nH]2)c1,CO-ADD:0218263,ATCC 25922,7.77,32 ug/mL,0.0
129535,c1(cccc(cccc2)c12)CC(=O)N\N=C\c(ccc(c3O)O)c3,O=C(Cc1cccc2ccccc12)NN=Cc1ccc(O)c(O)c1,CO-ADD:0166193,ATCC 25922,-0.71,80 ug/mL,0.0
129539,N#CC1=C(N)SC(C2)=C1CCN2C(C)C,CC(C)N1CCc2c(sc(N)c2C#N)C1,CO-ADD:0158195,ATCC 25922,13.81,32 ug/mL,0.0
129554,[N+](=O)([O-])c1cc(ccc1OC(c2ccccc2)=O)\C=N\c(cc3)ccc3C,Cc1ccc(/N=C/c2ccc(OC(=O)c3ccccc3)c([N+](=O)[O-])c2)cc1,CO-ADD:0215560,ATCC 25922,6.58,32 ug/mL,0.0
129571,Cl[Pt](N[C@H]1C)(S(C)(C)=O)C2=C1C3=CC=CC=C3C=C2,C[C@H](N)c1[c]([Pt+2])ccc2ccccc12,CO-ADD:0156553,ATCC 25922,7.45,32 ug/mL,0.0
129573,CO[C@]1(NC(=O)Cc2cccs2)[C@H]2SCC(COC(N)=O)=C(N2C1=O)C([O-])=O.[Na+],CO[C@@]1(NC(=O)Cc2cccs2)C(=O)N2C(C(=O)O)=C(COC(N)=O)CS[C@@H]21,CO-ADD:0164809,ATCC 25922,100.79,20 uM,1.0
129578,c1(cc(Br)ccc1O)C(=O)N\N=C\c2ccccc2O,O=C(NN=Cc1ccccc1O)c1cc(Br)ccc1O,CO-ADD:0218211,ATCC 25922,28.28,32 ug/mL,0.0
129758,N1(c(cc2)ccc2N(C)C)C(c3ccccc3OCc4ccccc4)N(N=C1C(C)=O)c5ccc(cc5)C,CC(=O)C1=NN(c2ccc(C)cc2)C(c2ccccc2OCc2ccccc2)N1c1ccc(N(C)C)cc1,CO-ADD:0301098,ATCC 25922,-10.56,32 ug/mL,0.0
129770,O=C(O1)/C(C(C=C1C)=O)=C(C)\NC2=CC=CC=C2,CC(=Nc1ccccc1)c1c(O)cc(C)oc1=O,CO-ADD:0155589,ATCC 25922,22.95,32 ug/mL,0.0
129776,N#CC1=C(N)NC(C(C(N)=O)C1C2=CC=CC=C2)=S,N#CC1C(=N)NC(=S)C(C(N)=O)C1c1ccccc1,CO-ADD:0155114,ATCC 25922,18.42,32 ug/mL,0.0
129797,O=C(S/1)N(CNC2=CC=CC(C(F)(F)F)=C2)C(C1=C\C3=CC=CC=C3)=O,O=C1S/C(=C\c2ccccc2)C(=O)N1CNc1cccc(C(F)(F)F)c1,CO-ADD:0159994,ATCC 25922,32.5,32 ug/mL,0.0
129815,N(\C(=C/c(ccc(c12)cccc1)c2)\C(O3)=O)=C3c(cc4)ccc4[N+](=O)[O-],O=C1OC(c2ccc([N+](=O)[O-])cc2)=N/C1=C\c1ccc2ccccc2c1,CO-ADD:0162280,ATCC 25922,6.05,32 ug/mL,0.0
129956,NC1=C2C(CCCC2)=[NH+]C3=C1C4=CC=CC=C4N3.[Cl-],Nc1c2c(nc3[nH]c4ccccc4c13)CCCC2,CO-ADD:0149620,ATCC 25922,59.1,32 ug/mL,0.0
129960,c1(Br)c(Cl)c(Br)cc(Br)c1OCC(=O)N\N=C\c(cc2)cc(c2OC(=O)c(cc3)ccc3[N+](=O)[O-])Br,O=C(COc1c(Br)cc(Br)c(Cl)c1Br)N/N=C/c1ccc(OC(=O)c2ccc([N+](=O)[O-])cc2)c(Br)c1,CO-ADD:0162319,ATCC 25922,13.42,32 ug/mL,0.0
130090,n(nnc1C(=O)N\N=C\c(c(O)ccc2[N+](=O)[O-])c2)(c1COC)c3nonc3N,COCc1c(C(=O)NN=Cc2cc([N+](=O)[O-])ccc2O)nnn1-c1nonc1N,CO-ADD:0246050,ATCC 25922,15.0,32 ug/mL,0.0
130091,[N+](=O)([O-])c(ccc(c1\C=N\c(cc2)ccc2c3ccccc3)O)c1,O=[N+]([O-])c1ccc(O)c(C=Nc2ccc(-c3ccccc3)cc2)c1,CO-ADD:0244543,ATCC 25922,5.14,32 ug/mL,0.0
130102,NC1=NNC2=C1C(C3=CC=CC=C3)=C4C(NN=C4N)=N2,Nc1[nH]nc2nc3[nH]nc(N)c3c(-c3ccccc3)c12,CO-ADD:0149718,ATCC 25922,65.39,32 ug/mL,0.0
130115,c1(c2ccccc2F)nnn(CC(=O)N3CCCCC3)n1,O=C(Cn1nnc(-c2ccccc2F)n1)N1CCCCC1,CO-ADD:0311688,ATCC 25922,5.14,32 ug/mL,0.0
130163,c1(conc1C(=O)c(cc2)ccc2[N+](=O)[O-])C(c3ccccc3)=O,O=C(c1ccccc1)c1conc1C(=O)c1ccc([N+](=O)[O-])cc1,CO-ADD:0306188,ATCC 25922,6.49,32 ug/mL,0.0
130176,C1(C2NC(=[Se])N1)N(C)C(=O)N2C,CN1C(=O)N(C)C2NC(=[Se])NC21,CO-ADD:0244908,ATCC 25922,5.56,32 ug/mL,0.0
130238,[N+](=O)([O-])c1cc(ccc1Br)\C=N\c2ccccc2I,O=[N+]([O-])c1cc(/C=N/c2ccccc2I)ccc1Br,CO-ADD:0235111,ATCC 25922,16.79,32 ug/mL,0.0
130273,C(/C(=O)c1ccc(cc1)C)=C\C(O)=O,Cc1ccc(C(=O)/C=C/C(=O)O)cc1,CO-ADD:0232316,ATCC 25922,7.17,32 ug/mL,0.0
130295,N(c1ccccc1C#N)(C(=O)C(C23)C(C=C4)OC24C)C3=O,CC12C=CC(O1)c1c2c(O)n(-c2ccccc2C#N)c1O,CO-ADD:0260048,ATCC 25922,8.01,32 ug/mL,0.0
130392,N1(C)C(=O)\C(\OC1=S)=C/C=C/C=C/N(c2ccccc2)C(C)=O,CC(=O)N(/C=C/C=C/C=C1/OC(=S)N(C)C1=O)c1ccccc1,CO-ADD:0285200,ATCC 25922,6.1,32 ug/mL,0.0
130455,C(Sc(cc1)ccc1NC)#N.Cl,CNc1ccc(SC#N)cc1,CO-ADD:0302641,ATCC 25922,16.2,32 ug/mL,0.0
130474,C(=O)(c1cccc(c1)NC(=O)c2ccc(cc2)Cl)N3CCCCC3,O=C(Nc1cccc(C(=O)N2CCCCC2)c1)c1ccc(Cl)cc1,CO-ADD:0302503,ATCC 25922,8.23,32 ug/mL,0.0
130494,n(c(ccc(c12)cccc1)c23)c(c(cc4)ccc4N(C)C)c(c35)CCC5.Cl.Cl,CN(C)c1ccc(-c2nc3ccc4ccccc4c3c3c2CCC3)cc1,CO-ADD:0304283,ATCC 25922,1.23,32 ug/mL,0.0
130742,N1(CNc2ccc(cc2C)I)C(=O)\C(\SC1=S)=C/c3cccc(F)c3,Cc1cc(I)ccc1NCN1C(=O)/C(=C\c2cccc(F)c2)SC1=S,CO-ADD:0221712,ATCC 25922,19.23,32 ug/mL,0.0
130748,S(=O)(=O)(c(cccn1)c1)Nc2ccc(cc2C(=O)Nc(cc3)ccc3Cl)Cl,O=C(Nc1ccc(Cl)cc1)c1cc(Cl)ccc1NS(=O)(=O)c1cccnc1,CO-ADD:0227686,ATCC 25922,13.55,32 ug/mL,0.0
130750,[N+](=O)([O-])c(cc(cc1[N+](=O)[O-])C(=O)NC(CSCc2ccccc2)C(=O)N\N=C\c(cc3)ccc3Br)c1,O=C(NC(CSCc1ccccc1)C(=O)N/N=C/c1ccc(Br)cc1)c1cc([N+](=O)[O-])cc([N+](=O)[O-])c1,CO-ADD:0219063,ATCC 25922,14.65,32 ug/mL,0.0
130753,[N+](=O)([O-])c(ccc(c1\C=N\NC(CNc(ccc(c23)cccc2)c3)=O)O)c1,O=C(CNc1ccc2ccccc2c1)NN=Cc1cc([N+](=O)[O-])ccc1O,CO-ADD:0227284,ATCC 25922,28.57,32 ug/mL,0.0
130768,c1(Nc2ccccc2\N=C\c(cc3)ccc3OC)c(cc(cc1[N+](=O)[O-])C(F)(F)F)[N+](=O)[O-],COc1ccc(/C=N/c2ccccc2Nc2c([N+](=O)[O-])cc(C(F)(F)F)cc2[N+](=O)[O-])cc1,CO-ADD:0236080,ATCC 25922,2.59,32 ug/mL,0.0
130773,C(/C(=O)c(cccn1)c1)=C\N(CC2)CCO2,O=C(/C=C/N1CCOCC1)c1cccnc1,CO-ADD:0229258,ATCC 25922,3.1,32 ug/mL,0.0
130790,[N+](=O)([O-])c(ccc(c1\C=N\NC(=O)c(ccc(c23)OCCO2)c3)OC(c4ccccc4)=O)c1,O=C(N/N=C/c1cc([N+](=O)[O-])ccc1OC(=O)c1ccccc1)c1ccc2c(c1)OCCO2,CO-ADD:0231497,ATCC 25922,34.52,32 ug/mL,0.0
130868,CCCn1c(NC(=O)c2ccc3ccccc3n2)nc4ccccc14,CCCn1c(NC(=O)c2ccc3ccccc3n2)nc2ccccc21,CO-ADD:0237236,ATCC 25922,5.23,20 uM,0.0
130869,CC(C)(C)C(O)C(Oc1ccc(cc1)c2ccccc2)n3cncn3,CC(C)(C)C(O)C(Oc1ccc(-c2ccccc2)cc1)n1cncn1,CO-ADD:0237071,ATCC 25922,9.58,20 uM,0.0
130882,C[C@H]1COc2c(N3CCN(C)CC3)c(F)cc4C(=O)C(=CN1c24)C(=O)O,C[C@H]1COc2c(N3CCN(C)CC3)c(F)cc3c(=O)c(C(=O)O)cn1c23,CO-ADD:0237360,ATCC 25922,100.58,20 uM,1.0
130968,N1(C(=O)c2ccc(cc2)Cl)C(O)(c3ccc(cc3)Br)CC(C(OC)=O)=N1,COC(=O)C1=NN(C(=O)c2ccc(Cl)cc2)C(O)(c2ccc(Br)cc2)C1,CO-ADD:0162428,ATCC 25922,4.41,32 ug/mL,0.0
130980,O=C([H])C1=CC=C(C2=CC=C(C(Cl)=C2)Cl)O1,O=Cc1ccc(-c2ccc(Cl)c(Cl)c2)o1,CO-ADD:0160204,ATCC 25922,16.74,32 ug/mL,0.0
131104,NC(OC1=C2C=CC3=C1C=CC=C3)=C(C2C4=CC=C(C=C4)[N+]([O-])=O)C#N,N#CC1C(=N)Oc2c(ccc3ccccc23)C1c1ccc([N+](=O)[O-])cc1,CO-ADD:0149767,ATCC 25922,-16.9,32 ug/mL,0.0
131112,C(C(OCC)=O)(C1c2ccc(cc2)SC)=C(N)N(C(CCCC3=O)=C13)c(cc4)ccc4[N+](=O)[O-],CCOC(=O)C1C(=N)N(c2ccc([N+](=O)[O-])cc2)C2=C(C(=O)CCC2)C1c1ccc(SC)cc1,CO-ADD:0246127,ATCC 25922,8.56,32 ug/mL,0.0
131121,c1([N+](=O)[O-])nnn(CC(=O)N(c2ccccc2)c3ccccc3)n1,O=C(Cn1nnc([N+](=O)[O-])n1)N(c1ccccc1)c1ccccc1,CO-ADD:0241378,ATCC 25922,7.93,32 ug/mL,0.0
131192,[N+](=O)([O-])c(cc(cc1[N+](=O)[O-])C(=O)Oc(cc2)ccc2\C=N\c(cc3)ccc3Cl)c1,O=C(Oc1ccc(/C=N/c2ccc(Cl)cc2)cc1)c1cc([N+](=O)[O-])cc([N+](=O)[O-])c1,CO-ADD:0244265,ATCC 25922,7.28,32 ug/mL,0.0
131197,C(c1ccccc1)(=O)Oc(cc2)ccc2\C=N\c3ccc(cc3O)C,Cc1ccc(/N=C/c2ccc(OC(=O)c3ccccc3)cc2)c(O)c1,CO-ADD:0244629,ATCC 25922,7.3,32 ug/mL,0.0
131203,c12c(cc(cc1[N+](=O)[O-])[N+](=O)[O-])\C(\c3c2ccc(c3)[N+](=O)[O-])=C\OCC,CCO/C=C1\c2cc([N+](=O)[O-])ccc2-c2c1cc([N+](=O)[O-])cc2[N+](=O)[O-],CO-ADD:0230866,ATCC 25922,5.04,32 ug/mL,0.0
131208,c1(c(O)c(\C=N\c(cc2)ccc2c3oc(c4n3)cccn4)c(c(Cl)c1C)C)[N+](=O)[O-],Cc1c(Cl)c(C)c([N+](=O)[O-])c(O)c1C=Nc1ccc(-c2nc3ncccc3o2)cc1,CO-ADD:0232513,ATCC 25922,23.0,32 ug/mL,0.0
132693,C1(C#N)(C#N)[C@H](c2ccc(cc2)Cl)[C@H](N(c3c(cccc3)C=C4)[C@@]14[H])C(C)=O,CC(=O)C1[C@@H](c2ccc(Cl)cc2)C(C#N)(C#N)[C@H]2C=Cc3ccccc3N12,CO-ADD:0228519,ATCC 25922,-0.52,32 ug/mL,0.0
132827,[C-]([S+](c1ccccc1)c2ccccc2)([N+](=O)[O-])[N+](=O)[O-],O=[N+]([O-])[C-]([N+](=O)[O-])[S+](c1ccccc1)c1ccccc1,CO-ADD:0295554,ATCC 25922,40.28,32 ug/mL,0.0
132842,N(c1ccccc1)(C(c2ccccc2)=NN3c4ccccc4)C3c5ccccc5OCc(cc6)ccc6Cl,Clc1ccc(COc2ccccc2C2N(c3ccccc3)N=C(c3ccccc3)N2c2ccccc2)cc1,CO-ADD:0286164,ATCC 25922,1.73,32 ug/mL,0.0
132849,N1(c2ccccc2)C(=O)CC(N(C)CCCC)C1=O,CCCCN(C)c1cc(O)n(-c2ccccc2)c1O,CO-ADD:0277873,ATCC 25922,4.02,32 ug/mL,0.0
132890,N1(c2ccccc2)C(=O)CC(N(CC3)CCN3c4ccccc4OCC)C1=O,CCOc1ccccc1N1CCN(c2cc(O)n(-c3ccccc3)c2O)CC1,CO-ADD:0278622,ATCC 25922,7.39,32 ug/mL,0.0
132902,N1(c(cc2)ccc2C(O)=O)C(=O)C(C(C1=O)C3(C)c4c5cccc4)C5(C)c(c36)cccc6,CC12c3ccccc3C(C)(c3ccccc31)c1c2c(O)n(-c2ccc(C(=O)O)cc2)c1O,CO-ADD:0250466,ATCC 25922,2.71,32 ug/mL,0.0
132912,CN1C=C(NC(C2=CC(NC(C3=CN=C(/C=C/C4=CC=C(OC)C=C4)C=C3)=O)=CN2C)=O)C=C1C(N5CCC(OCCOC)CC5)=O.S(O)(O)(=O)=O,COCCOC1CCN(C(=O)c2cc(NC(=O)c3cc(NC(=O)c4ccc(/C=C/c5ccc(OC)cc5)nc4)cn3C)cn2C)CC1,CO-ADD:0137587,ATCC 25922,99.97,32 ug/mL,1.0
132950,c1(noc(c2ccc(cc2Cl)[N+](=O)[O-])n1)c3nonc3N,Nc1nonc1-c1noc(-c2ccc([N+](=O)[O-])cc2Cl)n1,CO-ADD:0306176,ATCC 25922,-0.3,32 ug/mL,0.0
132997,N1(c2ccc(cc2)C)C(c(cc3)ccc3N(C)C)N(N=C1C(C)=O)c4ccccc4,CC(=O)C1=NN(c2ccccc2)C(c2ccc(N(C)C)cc2)N1c1ccc(C)cc1,CO-ADD:0277526,ATCC 25922,5.47,32 ug/mL,0.0
133005,C(/CBr)(\c1ccccc1)=N/O,ON=C(CBr)c1ccccc1,CO-ADD:0320106,ATCC 25922,-12.38,32 ug/mL,0.0
133065,c1(\N=C\c(cc(I)cc2I)c2O)nonc1N,Nc1nonc1N=Cc1cc(I)cc(I)c1O,CO-ADD:0295249,ATCC 25922,21.8,32 ug/mL,0.0
133099,N1(c2ccc(cc2)Cl)C(=O)CC(N(CC3)CCC3C(O)(c4ccccc4)c5ccccc5)C1=O,Oc1cc(N2CCC(C(O)(c3ccccc3)c3ccccc3)CC2)c(O)n1-c1ccc(Cl)cc1,CO-ADD:0295814,ATCC 25922,-3.6,32 ug/mL,0.0
133106,c1(cc(ccc1N2CCCC(C)C2)[N+](=O)[O-])c([nH]nn3)n3,CC1CCCN(c2ccc([N+](=O)[O-])cc2-c2nn[nH]n2)C1,CO-ADD:0293407,ATCC 25922,0.8,32 ug/mL,0.0
133144,c1(c(Br)cc(c(cccn2)c12)Br)OC(=O)c3c(Cl)ccc(c3)[N+](=O)[O-],O=C(Oc1c(Br)cc(Br)c2cccnc12)c1cc([N+](=O)[O-])ccc1Cl,CO-ADD:0290730,ATCC 25922,82.74,32 ug/mL,1.0
133181,N1(c(ccc(c2s3)nc3SCC(=O)c4ccc(cc4)F)c2)C(=O)c5c(c6C1=O)c(ccc5)ccc6,O=C(CSc1nc2ccc(N3C(=O)c4cccc5cccc(c45)C3=O)cc2s1)c1ccc(F)cc1,CO-ADD:0285509,ATCC 25922,8.26,32 ug/mL,0.0
133220,C1(C)(c2ccco2)NN(C(=S)N1)c3ccccc3,CC1(c2ccco2)NC(=S)N(c2ccccc2)N1,CO-ADD:0303657,ATCC 25922,-1.8,32 ug/mL,0.0
133245,c12c([C@H](C)N[C@@H](C)C1)c(O)cc(O)c2c(c(cc(C)cc3OC)c34)cc(c(c(O)c(c(OC)cc(C)c5)c56)cc6c(c(O)cc7O)c(C[C@@H](N[C@H]8C)C)c78)c4O.CC(O)=O.CC(O)=O,COc1cc(C)cc2c(-c3c(O)cc(O)c4c3C[C@H](C)N[C@H]4C)cc(-c3cc(-c4c(O)cc(O)c5c4C[C@H](C)N[C@H]5C)c4cc(C)cc(OC)c4c3O)c(O)c12,CO-ADD:0137279,ATCC 25922,19.72,25 uM,0.0
133251,N1(O)C(C)(C)CC(CC1(C)C)=O,CC1(C)CC(=O)CC(C)(C)N1O,CO-ADD:0135763,ATCC 25922,8.81,25 uM,0.0
133336,n1c(c(c(Nc(cc([N+](=O)[O-])c(C(Nc(ccc(Nc(ccn2)cc2)c3)c3)=O)c4)c4)cc1)cc([N+](=O)[O-])c5)c5,O=C(Nc1ccc(Nc2ccncc2)cc1)c1ccc(Nc2ccnc3ccc([N+](=O)[O-])cc23)cc1[N+](=O)[O-],CO-ADD:0137115,ATCC 25922,12.64,25 uM,0.0
133337,c1ccc(C(Nc2c3c(C(C)(C)CC3(C)C)cc(N(CCC4)C4)c2C)=O)c(Cl)c1,Cc1c(N2CCCC2)cc2c(c1NC(=O)c1ccccc1Cl)C(C)(C)CC2(C)C,CO-ADD:0137067,ATCC 25922,16.64,25 uM,0.0
133348,N1(SCc2ccccc2)C(=O)c(c3C1=O)cccc3,O=C1c2ccccc2C(=O)N1SCc1ccccc1,CO-ADD:0217672,ATCC 25922,11.66,32 ug/mL,0.0
133369,O=C(C(C)(C)C)CC1(C)SC(C2=CC=CC=C2O)=NN1,CC1(CC(=O)C(C)(C)C)NN=C(c2ccccc2O)S1,CO-ADD:0158295,ATCC 25922,30.02,32 ug/mL,0.0
133376,N[C@@H](C(=O)N[C@H]1[C@H]2SCC(Cl)=C(N2C1=O)C(O)=O)c1ccccc1,NC(C(=O)NC1C(=O)N2C(C(=O)O)=C(Cl)CS[C@H]12)c1ccccc1,CO-ADD:0164873,ATCC 25922,47.3,20 uM,0.0
133446,NC1=NON=C1[N+]2=NC3=NON=C3[N-]2,Nc1nonc1-[n+]1nc2nonc2[n-]1,CO-ADD:0155065,ATCC 25922,94.04,32 ug/mL,1.0
133463,S(c1ccccc1)(=O)(=O)N(c(cc2)ccc2C(C)C)CC(=O)N\N=C\c(cc3)ccc3OCc(cc4)ccc4Cl,CC(C)c1ccc(N(CC(=O)N/N=C/c2ccc(OCc3ccc(Cl)cc3)cc2)S(=O)(=O)c2ccccc2)cc1,CO-ADD:0217717,ATCC 25922,-12.92,32 ug/mL,0.0
133489,N#CC1=C(SCC(C=CC=C2)=C2F)N=C(C3=CC=CS3)C=C1C(C=C4)=CC=C4Cl,N#Cc1c(-c2ccc(Cl)cc2)cc(-c2cccs2)nc1SCc1ccccc1F,CO-ADD:0158193,ATCC 25922,18.54,32 ug/mL,0.0
133537,N1(c2ccc(cc2)Br)C(=O)CC(N(CC3)CCC3C(N)=O)C1=O.[Na+],NC(=O)C1CCN(c2cc(O)n(-c3ccc(Br)cc3)c2O)CC1,CO-ADD:0259290,ATCC 25922,1.63,32 ug/mL,0.0
133550,CN1C=C(NC(C2=CC=C(/C=C/C3CC3)C=C2)=O)C=C1C(NC4=CN(C)C(C(NCCN5CCOCC5)=O)=C4)=O.OC(C(F)(F)F)=O,Cn1cc(NC(=O)c2cc(NC(=O)c3ccc(/C=C/C4CC4)cc3)cn2C)cc1C(=O)NCCN1CCOCC1,CO-ADD:0137554,ATCC 25922,5.13,32 ug/mL,0.0
133566,CN1C=C(NC(C2=CC=C(/C=C/C3CC3)C=C2)=O)C=C1C(NC4=CN(C)C(C(NCCN5CCOCC5)=O)=C4)=O.OC(C(F)(F)F)=O,Cn1cc(NC(=O)c2cc(NC(=O)c3ccc(/C=C/C4CC4)cc3)cn2C)cc1C(=O)NCCN1CCOCC1,CO-ADD:0137554,ATCC 25922,77.63,32 ug/mL,0.0
133582,CN1C=C(NC(C2=CC=C(/C=C/C3CC3)C=C2)=O)C=C1C(NC4=CN(C)C(C(NCCN5CCOCC5)=O)=C4)=O.OC(C(F)(F)F)=O,Cn1cc(NC(=O)c2cc(NC(=O)c3ccc(/C=C/C4CC4)cc3)cn2C)cc1C(=O)NCCN1CCOCC1,CO-ADD:0137602,ATCC 25922,5.13,32 ug/mL,0.0
133598,CN1C=C(NC(C2=CC=C(/C=C/C3CC3)C=C2)=O)C=C1C(NC4=CN(C)C(C(NCCN5CCOCC5)=O)=C4)=O.OC(C(F)(F)F)=O,Cn1cc(NC(=O)c2cc(NC(=O)c3ccc(/C=C/C4CC4)cc3)cn2C)cc1C(=O)NCCN1CCOCC1,CO-ADD:0137602,ATCC 25922,77.63,32 ug/mL,0.0
133738,C([P+](c1ccccc1)(c2ccccc2)c3ccccc3)(C(=O)N4)=C(SC)N=C4c5ccc(cc5Cl)Cl.[I-],CSc1[nH]c(-c2ccc(Cl)cc2Cl)nc(=O)c1[P+](c1ccccc1)(c1ccccc1)c1ccccc1,CO-ADD:0247698,ATCC 25922,6.1,32 ug/mL,0.0
133746,S(=O)(=O)(c1ccc(c2c1)cccc2)Nc3ccccc3OC,COc1ccccc1NS(=O)(=O)c1ccc2ccccc2c1,CO-ADD:0254426,ATCC 25922,5.9,32 ug/mL,0.0
133747,c1(\C=N\NC(=O)C2COc(c3O2)cccc3)c(cc(cc1[N+](=O)[O-])[N+](=O)[O-])[N+](=O)[O-],O=C(N/N=C/c1c([N+](=O)[O-])cc([N+](=O)[O-])cc1[N+](=O)[O-])C1COc2ccccc2O1,CO-ADD:0247476,ATCC 25922,10.73,32 ug/mL,0.0
133877,c1(Nc(cc2)ccc2N(CC3)CCN3CC)nc(\C=C/c(cc4)ccc4Cl)nc(cc(cccc5)c5c6)c16,CCN1CCN(c2ccc(Nc3nc(/C=C\c4ccc(Cl)cc4)nc4cc5ccccc5cc34)cc2)CC1,CO-ADD:0230381,ATCC 25922,-1.17,32 ug/mL,0.0
133885,c1(ccc(cc1[N+](=O)[O-])[N+](=O)[O-])C(=O)N(CC2)CCO2,O=C(c1ccc([N+](=O)[O-])cc1[N+](=O)[O-])N1CCOCC1,CO-ADD:0295527,ATCC 25922,4.65,32 ug/mL,0.0
133906,N1(c2cccc(c2)C(O)=O)C(\C=C\c(ccc(c34)OCO3)c4)=Nc(c5C1=O)cccc5,O=C(O)c1cccc(-n2c(/C=C/c3ccc4c(c3)OCO4)nc3ccccc3c2=O)c1,CO-ADD:0294750,ATCC 25922,-0.34,32 ug/mL,0.0
134135,c(c(SCC(=CC1=O)OC(C(c2cc(OCO3)c3c(OC)c2)CC(=O)OC)=C1O)cc4OC)cc4,COC(=O)CC(c1cc(OC)c2c(c1)OCO2)c1oc(CSc2cccc(OC)c2)cc(=O)c1O,CO-ADD:0243785,ATCC 25922,11.89,32 ug/mL,0.0
134136,C(CS)(=O)Nc(cc1)ccc1OCCCC,CCCCOc1ccc(NC(=O)CS)cc1,CO-ADD:0254496,ATCC 25922,2.4,32 ug/mL,0.0
134184,[N+](=O)([O-])c(cc1)ccc1\C(\C)=N\NCCO,C/C(=N\NCCO)c1ccc([N+](=O)[O-])cc1,CO-ADD:0247625,ATCC 25922,9.09,32 ug/mL,0.0
134285,C12(c3c(N(CC)C1=O)cccc3)C(C#N)=C(N)Oc([nH]n4)c2c4c(cc5)ccn5,CCN1C(=O)C2(c3ccccc31)c1c(-c3ccncc3)n[nH]c1OC(=N)C2C#N,CO-ADD:0312428,ATCC 25922,-2.3,32 ug/mL,0.0
134287,C1(=Cc(c2OC1c3ccccc3)cccc2OC)[N+](=O)[O-],COc1cccc2c1OC(c1ccccc1)C([N+](=O)[O-])=C2,CO-ADD:0305749,ATCC 25922,9.7,32 ug/mL,0.0
134310,N1(C2CCCCC2)C(=O)NC(\C(=C/c3cccc(O)c3)\C1=O)=O,O=C1NC(=O)N(C2CCCCC2)C(=O)/C1=C/c1cccc(O)c1,CO-ADD:0306348,ATCC 25922,4.67,32 ug/mL,0.0
134348,N1(c(cc2)ccc2C(OC)=O)C(=O)CC(N3CCCCC3)C1=O,COC(=O)c1ccc(-n2c(O)cc(N3CCCCC3)c2O)cc1,CO-ADD:0255215,ATCC 25922,12.38,32 ug/mL,0.0
134351,[N+](=O)([O-])c1cccc(\C=N\NC(=O)c2cccc(F)c2)c1O,O=C(NN=Cc1cccc([N+](=O)[O-])c1O)c1cccc(F)c1,CO-ADD:0252214,ATCC 25922,49.33,32 ug/mL,0.0
134359,c12c(cnn1C)c(c3N(CC)C2=O)cc(cc3[N+](=O)[O-])[N+](=O)[O-],CCn1c(=O)c2c(cnn2C)c2cc([N+](=O)[O-])cc([N+](=O)[O-])c21,CO-ADD:0254399,ATCC 25922,7.95,32 ug/mL,0.0
134381,N1(c2cccc(Br)c2)C(=O)CC(N(CC3)CCN3c4ccccc4OC)C1=O,COc1ccccc1N1CCN(c2cc(O)n(-c3cccc(Br)c3)c2O)CC1,CO-ADD:0248083,ATCC 25922,15.18,32 ug/mL,0.0
134382,C(C#N)([C@@H](c1ccc(cc1)Br)[C@@H]2C(N)=O)=C(N)NC2=S,N#CC1C(=N)NC(=S)C(C(N)=O)[C@@H]1c1ccc(Br)cc1,CO-ADD:0248118,ATCC 25922,24.58,32 ug/mL,0.0
134914,N(=C(/SCC(=O)Nc1ccccc1OC)\SCC(=O)Nc2ccccc2OC)/C#N,COc1ccccc1NC(=O)CSC(=NC#N)SCC(=O)Nc1ccccc1OC,CO-ADD:0252586,ATCC 25922,9.71,32 ug/mL,0.0
134943,c1(S2)c(cc(c(O)c1Br)Cl)OC2=O,O=c1oc2cc(Cl)c(O)c(Br)c2s1,CO-ADD:0252713,ATCC 25922,4.81,32 ug/mL,0.0
134954,P(c1ccccc1)(c2ccccc2)(c3ccccc3)=Cc4cc(cc(c5ccc[se]5)n4)c6cccs6,C(c1cc(-c2cccs2)cc(-c2ccc[se]2)n1)=P(c1ccccc1)(c1ccccc1)c1ccccc1,CO-ADD:0254485,ATCC 25922,9.27,32 ug/mL,0.0
134965,[B-]1(c2ccccc2)(c3ccccc3)OC(C)=C(C(C)=[O+]1)c4scc(c5ccccc5)n4,CC1=[O+][B-](c2ccccc2)(c2ccccc2)OC(C)=C1c1nc(-c2ccccc2)cs1,CO-ADD:0247985,ATCC 25922,12.37,32 ug/mL,0.0
134968,N1(C(=O)CSc2nnc(SCC(=O)N3N=C(CC3(O)c4ccccc4)C)s2)N=C(CC1(O)c5ccccc5)C,CC1=NN(C(=O)CSc2nnc(SCC(=O)N3N=C(C)CC3(O)c3ccccc3)s2)C(O)(c2ccccc2)C1,CO-ADD:0252974,ATCC 25922,26.8,32 ug/mL,0.0
135946,N1(c(cc2)ccc2C(OC)=O)C(=O)CC(N(CC3)CCC3C(N)=O)C1=O,COC(=O)c1ccc(-n2c(O)cc(N3CCC(C(N)=O)CC3)c2O)cc1,CO-ADD:0255211,ATCC 25922,19.04,32 ug/mL,0.0
135964,Cc1nc(OCCO)c2n(cc([N+](=O)[O-])n2)c1,Cc1cn2cc([N+](=O)[O-])nc2c(OCCO)n1,CO-ADD:0135146,ATCC 25922,,32 ug/mL,
135968,O=C1N(Cc2ccc(OC(F)(F)F)cc2)C(C)=Cn(c13)cc([N+](=O)[O-])n3,Cc1cn2cc([N+](=O)[O-])nc2c(=O)n1Cc1ccc(OC(F)(F)F)cc1,CO-ADD:0135138,ATCC 25922,,32 ug/mL,
135969,c1(cc(sc1CC)C=O)[N+](=O)[O-],CCc1sc(C=O)cc1[N+](=O)[O-],CO-ADD:0252987,ATCC 25922,10.76,32 ug/mL,0.0
135985,O=C1N(CCO)C(C)=Cn(c12)cc([N+](=O)[O-])n2,Cc1cn2cc([N+](=O)[O-])nc2c(=O)n1CCO,CO-ADD:0135145,ATCC 25922,,32 ug/mL,
135988,[S+]([O-])(NN1c2ccccc2)N(c3ccccc3)N[S+]1[O-],[O-][S+]1NN(c2ccccc2)[S+]([O-])NN1c1ccccc1,CO-ADD:0252372,ATCC 25922,4.65,32 ug/mL,0.0
135997,c(C(=O)N\N=C\c(c(O)ccc1[N+](=O)[O-])c1)(c(C)on2)c2c3ccccc3,Cc1onc(-c2ccccc2)c1C(=O)NN=Cc1cc([N+](=O)[O-])ccc1O,CO-ADD:0252417,ATCC 25922,40.06,32 ug/mL,0.0
136001,C(Br)(C(Br)c(cccc1C(F)(F)F)c1)C(=O)C(C)(C)C,CC(C)(C)C(=O)C(Br)C(Br)c1cccc(C(F)(F)F)c1,CO-ADD:0252285,ATCC 25922,15.54,32 ug/mL,0.0
137680,N1(c2c(OC)ccc(OC)c2)C(=O)NC(\C(=C/c(ccc3[N+](=O)[O-])s3)\C1=O)=O,COc1ccc(OC)c(N2C(=O)NC(=O)/C(=C\c3ccc([N+](=O)[O-])s3)C2=O)c1,CO-ADD:0329979,ATCC 25922,98.06,32 ug/mL,1.0
137716,[n+]1(nc(c2[N+](=O)[O-])C)n2[n-]c(C)c1C(O)=O,Cc1n[n+]2c(C(=O)O)c(C)[n-]n2c1[N+](=O)[O-],CO-ADD:0327730,ATCC 25922,2.01,32 ug/mL,0.0
137730,n1(CC(C)C)c2c(nc1COc3ccc(cc3Cl)Cl)cccc2,CC(C)Cn1c(COc2ccc(Cl)cc2Cl)nc2ccccc21,CO-ADD:0331389,ATCC 25922,0.37,32 ug/mL,0.0
137768,NC(S1)=C(C(OCC)=O)C2=C1CC(C)CC2,CCOC(=O)c1c(N)sc2c1CCC(C)C2,CO-ADD:0158194,ATCC 25922,15.09,32 ug/mL,0.0
137769,[N+](=O)([O-])c1cc(ccc1OC(=O)c2ccc(cc2)OC)\C=N\c(cc3)ccc3I,COc1ccc(C(=O)Oc2ccc(/C=N/c3ccc(I)cc3)cc2[N+](=O)[O-])cc1,CO-ADD:0217013,ATCC 25922,-6.53,32 ug/mL,0.0
137773,O=C(C(C1C2=O)C3(C(OC(C)=O)OC(C)=O)OC1C=C3)N2C4=CC=C(Br)C=C4,CC(=O)OC(OC(C)=O)C12C=CC(O1)c1c2c(O)n(-c2ccc(Br)cc2)c1O,CO-ADD:0157963,ATCC 25922,21.35,32 ug/mL,0.0
137783,Nc1nc(cs1)C(=N/OCC(O)=O)\C(=O)N[C@H]1[C@H]2SCC(C=C)=C(N2C1=O)C(O)=O.O.O.O,C=CC1=C(C(=O)O)N2C(=O)C(=NC(=O)C(NOCC(=O)O)c3csc(N)n3)[C@H]2SC1,CO-ADD:0164577,ATCC 25922,99.71,20 uM,1.0
137854,N#CC1=C(SCC2=CC=CC=C2F)N=C(C3=CC=CS3)C=C1C4=CC=C(F)C=C4,N#Cc1c(-c2ccc(F)cc2)cc(-c2cccs2)nc1SCc1ccccc1F,CO-ADD:0158175,ATCC 25922,15.68,32 ug/mL,0.0
137855,c1(ccc(c2c1O)cccn2)C(c3ccccc3)Nc4ccccn4,Oc1c(C(Nc2ccccn2)c2ccccc2)ccc2cccnc12,CO-ADD:0163035,ATCC 25922,20.67,32 ug/mL,0.0
137869,[O-][N+](C(C=C1)=CC=C1C2=CSC(NN=C(C)C)=N2)=O,CC(C)=NNc1nc(-c2ccc([N+](=O)[O-])cc2)cs1,CO-ADD:0160131,ATCC 25922,21.43,32 ug/mL,0.0
137896,O=C(OCCN(C)C)C1=CC2=C(C=C1)N(CC3=CC=CC=C3)C(C)=C2C.Cl,Cc1c(C)n(Cc2ccccc2)c2ccc(C(=O)OCCN(C)C)cc12,CO-ADD:0155393,ATCC 25922,20.42,32 ug/mL,0.0
137911,OC1=C(CN2CCOCC2)C=C(COC)C3=CC=CN=C13,COCc1cc(CN2CCOCC2)c(O)c2ncccc12,CO-ADD:0157720,ATCC 25922,33.05,32 ug/mL,0.0
137915,[N+](=O)([O-])c(ccc(c1\C=N\NC(=O)c(ccc(c23)OCCO2)c3)O)c1,O=C(NN=Cc1cc([N+](=O)[O-])ccc1O)c1ccc2c(c1)OCCO2,CO-ADD:0163519,ATCC 25922,18.21,32 ug/mL,0.0
138395,[n+]1([O-])onc2c1ccc(c2)Br,[O-][n+]1onc2cc(Br)ccc21,CO-ADD:0303195,ATCC 25922,8.25,32 ug/mL,0.0
138406,[N+](=O)([O-])c1cc(ccc1OC(=O)c2ccc(cc2Cl)Cl)\C=N\c(cc3)ccc3Cl,O=C(Oc1ccc(/C=N/c2ccc(Cl)cc2)cc1[N+](=O)[O-])c1ccc(Cl)cc1Cl,CO-ADD:0216902,ATCC 25922,-13.59,32 ug/mL,0.0
138407,c(Nc(cc1)ccc1[N+](=O)[O-])(nc(N\N=C/c(ccc2c3ccc(cc3Cl)Cl)o2)nc4Nc(cc5)ccc5OC)n4,COc1ccc(Nc2nc(N/N=C\c3ccc(-c4ccc(Cl)cc4Cl)o3)nc(Nc3ccc([N+](=O)[O-])cc3)n2)cc1,CO-ADD:0217369,ATCC 25922,-23.31,32 ug/mL,0.0
138412,COc1c(N2CCNC(C)C2)c(F)cc2c1n(cc(C(O)=O)c2=O)C1CC1,COc1c(N2CCNC(C)C2)c(F)cc2c(=O)c(C(=O)O)cn(C3CC3)c12,CO-ADD:0164995,ATCC 25922,99.27,20 uM,1.0
138425,S(=O)(=O)(c1ccc(cc1)C)Oc2cc(ccc2\C=N\NC(c3ccccc3)=O)OS(=O)(=O)c4ccc(cc4)C,Cc1ccc(S(=O)(=O)Oc2ccc(/C=N/NC(=O)c3ccccc3)c(OS(=O)(=O)c3ccc(C)cc3)c2)cc1,CO-ADD:0215533,ATCC 25922,7.15,32 ug/mL,0.0
138426,c1(C(=O)NCc2ccco2)c(Cl)c3c(cccc3)s1,O=C(NCc1ccco1)c1sc2ccccc2c1Cl,CO-ADD:0166299,ATCC 25922,1.29,80 ug/mL,0.0
138432,CN(C)[C@H]1[C@@H]2C[C@H]3C(=C(O)[C@]2(O)C(=O)C(C(N)=O)=C1O)C(=O)c1c(O)cccc1[C@@]3(C)O,CN(C)C1C(=O)C(C(N)=O)C(=O)[C@@]2(O)C(=O)C3C(=O)c4c(O)cccc4[C@@](C)(O)[C@H]3C[C@@H]12,CO-ADD:0164578,ATCC 25922,8.55,20 uM,0.0
138439,N1(C(NN=C(C)/c2nccnc2)=S)CC(CCC3C1)CC3,CC(=NNC(=S)N1CC2CCC(CC2)C1)c1cnccn1,CO-ADD:0136844,ATCC 25922,7.25,25 uM,0.0
138473,[N+](=O)([O-])c1ccccc1OCC(=O)N\N=C\c(c2)c(ccc2[N+](=O)[O-])OC(c3ccccc3)=O,O=C(COc1ccccc1[N+](=O)[O-])N/N=C/c1cc([N+](=O)[O-])ccc1OC(=O)c1ccccc1,CO-ADD:0234833,ATCC 25922,10.92,32 ug/mL,0.0
138574,C1(C2c3ccc(cc3)CC)=C(c4c(cccc4)OC1=O)OC(N)=C2C#N,CCc1ccc(C2c3c(c4ccccc4oc3=O)OC(=N)C2C#N)cc1,CO-ADD:0166674,ATCC 25922,2.46,80 ug/mL,0.0
138575,C(=O)(c1cccc(c1)OC(NCC(C)C)=S)Nc2cccc(Br)c2,CC(C)CNC(=S)Oc1cccc(C(=O)Nc2cccc(Br)c2)c1,CO-ADD:0166368,ATCC 25922,16.36,80 ug/mL,0.0
138577,C(=S)(Oc(cccc1C(=O)Nc(cc2)ccc2Br)c1)N3CCCCC3,O=C(Nc1ccc(Br)cc1)c1cccc(OC(=S)N2CCCCC2)c1,CO-ADD:0165891,ATCC 25922,1.76,80 ug/mL,0.0
138584,c1(\C=N\NC(=O)c2ccccc2N)c3c(cccc3)cc(cccc4)c14,Nc1ccccc1C(=O)N/N=C/c1c2ccccc2cc2ccccc12,CO-ADD:0219064,ATCC 25922,13.42,32 ug/mL,0.0
138586,C(=O)(c1ccc(c2c1)cccc2)Nc(ccc(c34)OCCO3)c4,O=C(Nc1ccc2c(c1)OCCO2)c1ccc2ccccc2c1,CO-ADD:0222855,ATCC 25922,9.26,32 ug/mL,0.0
138594,c1(Cl)c(OC)ccc(c1)\N=C\c(cc2)ccc2Cl,COc1ccc(/N=C/c2ccc(Cl)cc2)cc1Cl,CO-ADD:0222536,ATCC 25922,-0.35,32 ug/mL,0.0
138615,N1(c2cccc(O)c2)C(=O)c(c3)c(c(c4)C1=O)c(cc3[N+](=O)[O-])cc4[N+](=O)[O-],O=C1c2cc([N+](=O)[O-])cc3cc([N+](=O)[O-])cc(c23)C(=O)N1c1cccc(O)c1,CO-ADD:0214907,ATCC 25922,10.4,32 ug/mL,0.0
138621,[N+](=O)([O-])c1ccc(cc1O)\C=N\NC(CNc(cc2)ccc2C)=O,Cc1ccc(NCC(=O)NN=Cc2ccc([N+](=O)[O-])c(O)c2)cc1,CO-ADD:0220338,ATCC 25922,3.86,32 ug/mL,0.0
138642,C1(C#N)(C#N)[C@@H](c2ccc(cc2)Cl)[C@]([H])(C3)C(C(C#N)=C1N)=CCN3C(C)C,CC(C)N1CC=C2C(C#N)C(=N)C(C#N)(C#N)[C@@H](c3ccc(Cl)cc3)[C@@H]2C1,CO-ADD:0166716,ATCC 25922,8.13,80 ug/mL,0.0
138650,n1c2c([nH]c1c3ccccc3)ccc(c2)\N=C\c(cc(Cl)cc4Br)c4O,Oc1c(Br)cc(Cl)cc1C=Nc1ccc2[nH]c(-c3ccccc3)nc2c1,CO-ADD:0231629,ATCC 25922,6.22,32 ug/mL,0.0
138747,c(C1CCC2)(c23)n(CCN1[N+](=O)[O-])c(c34)ccc(C5CCCCC5)c4,O=[N+]([O-])N1CCn2c3c(c4cc(C5CCCCC5)ccc42)CCCC31,CO-ADD:0222066,ATCC 25922,21.45,32 ug/mL,0.0
138758,c(cc(I)cc1I)(\C=N\c2ccccc2OC)c1O,COc1ccccc1N=Cc1cc(I)cc(I)c1O,CO-ADD:0219241,ATCC 25922,27.15,32 ug/mL,0.0
138766,N1(CN2CCCCC2)C(=O)\C(\SC1=O)=C/c3ccccc3Cl,O=C1S/C(=C/c2ccccc2Cl)C(=O)N1CN1CCCCC1,CO-ADD:0221684,ATCC 25922,16.95,32 ug/mL,0.0
138768,[O-][N+](C1=CC(Cl)=C(C(Cl)=C1)N/C=C2C(N(C3=CC=CC(Cl)=C3)N=C/2C)=O)=O,Cc1[nH]n(-c2cccc(Cl)c2)c(=O)c1C=Nc1c(Cl)cc([N+](=O)[O-])cc1Cl,CO-ADD:0155539,ATCC 25922,2.71,32 ug/mL,0.0
138799,c1(ccc(\C=N\c(ccc(c2N3)NC3=O)c2)o1)[N+](=O)[O-],O=c1[nH]c2ccc(/N=C/c3ccc([N+](=O)[O-])o3)cc2[nH]1,CO-ADD:0217322,ATCC 25922,88.11,32 ug/mL,1.0
138800,CCOC(=O)C1=C(C)NC(C)=C(C1c1ccccc1\C=C\C(=O)OC(C)(C)C)C(=O)OCC,CCOC(=O)C1=C(C)N=C(C)C(C(=O)OCC)C1c1ccccc1/C=C/C(=O)OC(C)(C)C,CO-ADD:0164851,ATCC 25922,7.99,20 uM,0.0
138831,CON=C(C(=O)N[C@H]1[C@H]2SCC(COC(N)=O)=C(N2C1=O)C(O)=O)c1ccco1,CON=C(C(=O)NC1C(=O)N2C(C(=O)O)=C(COC(N)=O)CS[C@H]12)c1ccco1,CO-ADD:0164472,ATCC 25922,100.92,20 uM,1.0
138832,[O-][N+](C1=CC(C(OC2=CC(/C=N/C3=CC=CC=C3)=CC=C2)=O)=CC([N+]([O-])=O)=C1)=O,O=C(Oc1cccc(/C=N/c2ccccc2)c1)c1cc([N+](=O)[O-])cc([N+](=O)[O-])c1,CO-ADD:0157951,ATCC 25922,10.71,32 ug/mL,0.0
138835,C(=O)(Oc(ccc(c1C)C)c1)Nc2ccc(cc2Br)Br,Cc1ccc(OC(=O)Nc2ccc(Br)cc2Br)cc1C,CO-ADD:0215171,ATCC 25922,6.5,32 ug/mL,0.0
138839,O=C(NC1=CN(C)C(C(NC2=CN(C)C(C(NCCN3CCOCC3)=O)=C2)=O)=C1)C4=NC=C(C=CC=C5)C5=C4.OC(C(F)(F)F)=O,Cn1cc(NC(=O)c2cc(NC(=O)c3cc4ccccc4cn3)cn2C)cc1C(=O)NCCN1CCOCC1,CO-ADD:0153092,ATCC 25922,-6.12,32 ug/mL,0.0
138854,F[B-](F)(F)F.[Re]1(C#[O+])(C#[O+])([N+]2=CC=CC=C2)([N+](C=CC=3)=c4c3c(nc(cccc5)c5n6)c6c7c4[N+]1=CC=C7)C#[O+],c1ccc2nc3c4cccnc4c4ncccc4c3nc2c1,CO-ADD:0147076,ATCC 25922,-23.18,32 ug/mL,0.0
139124,[N+](=O)([O-])c(cc(Oc(cc1)ccc1CCC(NCCOC)=O)cc2[N+](=O)[O-])c2,COCCNC(=O)CCc1ccc(Oc2cc([N+](=O)[O-])cc([N+](=O)[O-])c2)cc1,CO-ADD:0246074,ATCC 25922,2.51,32 ug/mL,0.0
139144,NC(=N)Nc1ccc(cc1Cl)c2oc(cc2)c3ccc(N=C(N)N)c(Cl)c3.Cl.Cl,N=C(N)Nc1ccc(-c2ccc(-c3ccc(N=C(N)N)c(Cl)c3)o2)cc1Cl,CO-ADD:0237325,ATCC 25922,68.88,20 uM,0.0
139159,C(=O)(N\N=C(/C)\CC(=O)NCc1ccccc1OC)C(=O)NCC(C)C,COc1ccccc1CNC(=O)CC(C)=NNC(=O)C(=O)NCC(C)C,CO-ADD:0242426,ATCC 25922,7.92,32 ug/mL,0.0
139162,[N+](=O)([O-])c1ccc(cc1NCCOc(cc2)ccc2CC)N(CC3)CCN3CCO,CCc1ccc(OCCNc2cc(N3CCN(CCO)CC3)ccc2[N+](=O)[O-])cc1,CO-ADD:0240519,ATCC 25922,24.14,32 ug/mL,0.0
139199,n1(CC(O)CN2CCCCC2)c3c(c(cc(Br)cc4)c14)cc(Br)cc3,OC(CN1CCCCC1)Cn1c2ccc(Br)cc2c2cc(Br)ccc21,CO-ADD:0220081,ATCC 25922,9.75,32 ug/mL,0.0
139208,c1(C(OCC)=O)[nH]c(c(\C(\Br)=C\Br)c1C)C,CCOC(=O)c1[nH]c(C)c(/C(Br)=C/Br)c1C,CO-ADD:0278533,ATCC 25922,10.52,32 ug/mL,0.0
139210,C(C(OCC)=O)(Nc1cc(on1)C)(C(F)(F)F)NS(c2ccccc2)(=O)=O,CCOC(=O)C(Nc1cc(C)on1)(NS(=O)(=O)c1ccccc1)C(F)(F)F,CO-ADD:0278599,ATCC 25922,5.43,32 ug/mL,0.0
139249,[N+](=O)([O-])c1ccc(cc1NCCc2ccccc2)N(CC3)CCN3C(=O)c4ccccc4Cl,O=C(c1ccccc1Cl)N1CCN(c2ccc([N+](=O)[O-])c(NCCc3ccccc3)c2)CC1,CO-ADD:0305544,ATCC 25922,-0.51,32 ug/mL,0.0
139307,c1(C(=O)n(ccn2)c2)c(Cl)c(Cl)c(nc1Cl)Cl,O=C(c1c(Cl)nc(Cl)c(Cl)c1Cl)n1ccnc1,CO-ADD:0323133,ATCC 25922,-5.03,32 ug/mL,0.0
139397,C(=O)(NCC(=O)N\N=C\c(cc1)ccc1C)c2ccco2,Cc1ccc(C=NNC(=O)CNC(=O)c2ccco2)cc1,CO-ADD:0234266,ATCC 25922,2.61,32 ug/mL,0.0
139408,c1(N(CC)CC)nc(N\N=C(/C)\c2ccc(cc2)NC(C)=O)nc(Nc(ccc(c3Cl)C)c3)n1,CCN(CC)c1nc(NN=C(C)c2ccc(NC(C)=O)cc2)nc(Nc2ccc(C)c(Cl)c2)n1,CO-ADD:0236291,ATCC 25922,4.5,32 ug/mL,0.0
139414,n(c1c([nH]2)ccc(N)c1)c2C,Cc1nc2cc(N)ccc2[nH]1,CO-ADD:0242696,ATCC 25922,-1.49,32 ug/mL,0.0
139418,C(Nc(cc1)ccc1C(F)(F)F)(C(OCC)=O)(C(F)(F)F)NC(=O)c(cccc2C(F)(F)F)c2,CCOC(=O)C(NC(=O)c1cccc(C(F)(F)F)c1)(Nc1ccc(C(F)(F)F)cc1)C(F)(F)F,CO-ADD:0244743,ATCC 25922,5.46,32 ug/mL,0.0
139423,N(=C(N\N=C\c(c(O)ccc1[N+](=O)[O-])c1)NN=C2Cc(ccc(c3OC)OC)c3)C2=O,COc1ccc(Cc2n[nH]c(NN=Cc3cc([N+](=O)[O-])ccc3O)nc2=O)cc1OC,CO-ADD:0245520,ATCC 25922,11.66,32 ug/mL,0.0
139427,[N+](=O)([O-])c1cccc(c1)\C=N\n(cnn2)c2,O=[N+]([O-])c1cccc(/C=N/n2cnnc2)c1,CO-ADD:0240695,ATCC 25922,8.43,32 ug/mL,0.0
139453,O=C(C1=CC=CC=C1)NC2=CC(N)=CC(N)=C2C,Cc1c(N)cc(N)cc1NC(=O)c1ccccc1,CO-ADD:0157457,ATCC 25922,8.61,32 ug/mL,0.0
139482,[N+](=O)([O-])c(ccc(c1\C=N\NC(=O)Cc2cccc(cccc3)c23)O)c1,O=C(Cc1cccc2ccccc12)NN=Cc1cc([N+](=O)[O-])ccc1O,CO-ADD:0163651,ATCC 25922,12.6,32 ug/mL,0.0
139505,[N+](=O)([O-])c(cc1)ccc1C(=O)Nc(c2)cc(cc2C(=O)Nc(cc3)ccc3Oc(ccc(c4C(O)=O)C(O)=O)c4)C(=O)Nc(cc5)ccc5Oc(ccc(c6C(O)=O)C(O)=O)c6,O=C(Nc1cc(C(=O)Nc2ccc(Oc3ccc(C(=O)O)c(C(=O)O)c3)cc2)cc(C(=O)Nc2ccc(Oc3ccc(C(=O)O)c(C(=O)O)c3)cc2)c1)c1ccc([N+](=O)[O-])cc1,CO-ADD:0162573,ATCC 25922,18.12,32 ug/mL,0.0
139583,O=C(N1C)/C(C2=C1C=CC(C)=C2)=N/NC(C(C=C3)=CC=C3Cl)=O,Cc1ccc2c(c1)c(N=NC(=O)c1ccc(Cl)cc1)c(O)n2C,CO-ADD:0156345,ATCC 25922,15.15,32 ug/mL,0.0
139589,c1c2c(ccc1)n([H])c(N=C(/NC3=O)c4c3cccc4)n2,O=C1N=C(Nc2nc3ccccc3[nH]2)c2ccccc21,CO-ADD:0136475,ATCC 25922,4.2,25 uM,0.0
139601,c1c(O)c(c2c3c(c(O)c(C(=O)C(C)C(C)O4)c4c3)c(O)cc2O)c5c(c(O)c6c(OC(C)C(C)C6=O)c5)c1O,CC1Oc2cc3c(-c4c(O)cc(O)c5c(O)c6c(cc45)OC(C)C(C)C6=O)c(O)cc(O)c3c(O)c2C(=O)C1C,CO-ADD:0137264,ATCC 25922,20.27,25 uM,0.0
139617,c1c(O)c(c2c3c(c(O)c(C(=O)C(C)C(C)O4)c4c3)c(O)cc2O)c5c(c(O)c6c(OC(C)C(C)C6=O)c5)c1O,CC1Oc2cc3c(-c4c(O)cc(O)c5c(O)c6c(cc45)OC(C)C(C)C6=O)c(O)cc(O)c3c(O)c2C(=O)C1C,CO-ADD:0137264,ATCC 25922,2.38,25 uM,0.0
139633,c1c(O)c(c2c3c(c(O)c(C(=O)C(C)C(C)O4)c4c3)c(O)cc2O)c5c(c(O)c6c(OC(C)C(C)C6=O)c5)c1O,CC1Oc2cc3c(-c4c(O)cc(O)c5c(O)c6c(cc45)OC(C)C(C)C6=O)c(O)cc(O)c3c(O)c2C(=O)C1C,CO-ADD:0137117,ATCC 25922,20.27,25 uM,0.0
139649,c1c(O)c(c2c3c(c(O)c(C(=O)C(C)C(C)O4)c4c3)c(O)cc2O)c5c(c(O)c6c(OC(C)C(C)C6=O)c5)c1O,CC1Oc2cc3c(-c4c(O)cc(O)c5c(O)c6c(cc45)OC(C)C(C)C6=O)c(O)cc(O)c3c(O)c2C(=O)C1C,CO-ADD:0137117,ATCC 25922,2.38,25 uM,0.0
139676,n1(C)cnc([N+](=O)[O-])c1S(=O)(=O)Oc2c3c(cccc3)ccc2,Cn1cnc([N+](=O)[O-])c1S(=O)(=O)Oc1cccc2ccccc12,CO-ADD:0136599,ATCC 25922,10.75,25 uM,0.0
139681,c1(c(ccc(c1)[N+](=O)[O-])N\N=C\c(ccc2c3cc(C)c(cc3[N+](=O)[O-])C)o2)[N+](=O)[O-],Cc1cc(-c2ccc(/C=N/Nc3ccc([N+](=O)[O-])cc3[N+](=O)[O-])o2)c([N+](=O)[O-])cc1C,CO-ADD:0215286,ATCC 25922,-16.48,32 ug/mL,0.0
139751,N1(CC1)C(C(O)=O)CC(=O)c2ccc(c3c2)CCCC3,O=C(CC(C(=O)O)N1CC1)c1ccc2c(c1)CCCC2,CO-ADD:0222067,ATCC 25922,11.41,32 ug/mL,0.0
139752,N1(OC(N(c2ccc(c(Cl)c2)Cl)C1=O)=O)C3C(C)(C)N(C(=O)N3c4ccc(c(Cl)c4)Cl)C(C)CC,CCC(C)N1C(=O)N(c2ccc(Cl)c(Cl)c2)C(n2oc(=O)n(-c3ccc(Cl)c(Cl)c3)c2=O)C1(C)C,CO-ADD:0221581,ATCC 25922,19.91,32 ug/mL,0.0
139758,FC(F)(F)c1cccc(c1)C(=O)Nc2oc(nn2)c3ccc(Cl)cc3,O=C(Nc1nnc(-c2ccc(Cl)cc2)o1)c1cccc(C(F)(F)F)c1,CO-ADD:0237055,ATCC 25922,6.46,20 uM,0.0
139770,C(CCC(=O)N\N=C\c1cccc(Cl)c1)(=O)Nc2cccc(Br)c2,O=C(CCC(=O)Nc1cccc(Br)c1)N/N=C/c1cccc(Cl)c1,CO-ADD:0231089,ATCC 25922,5.25,32 ug/mL,0.0
139783,c1(c(O)ccc(cccc2)c12)\C=N\C(C)C\N=C\c3c(O)ccc(cccc4)c34,CC(CN=Cc1c(O)ccc2ccccc12)N=Cc1c(O)ccc2ccccc12,CO-ADD:0233283,ATCC 25922,6.3,32 ug/mL,0.0
139815,O[C@@H](C(N/C=C/C(NCCCCCCC)=O)=O)C(C)(C)CO,CCCCCCCNC(=O)CC=NC(=O)C(O)C(C)(C)CO,CO-ADD:0237013,ATCC 25922,-2.39,32 ug/mL,0.0
139844,S(=O)(=O)(Nc1ccc(cc1C(=O)Nc(cc2)ccc2Cl)Cl)c3cccc(nsn4)c34,O=C(Nc1ccc(Cl)cc1)c1cc(Cl)ccc1NS(=O)(=O)c1cccc2nsnc12,CO-ADD:0228663,ATCC 25922,9.71,32 ug/mL,0.0
139850,c1(C(=O)\C=C\c2ccccc2)cc(c3o1)cccc3,O=C(/C=C/c1ccccc1)c1cc2ccccc2o1,CO-ADD:0232289,ATCC 25922,9.1,32 ug/mL,0.0
139867,N(=C\c(cc1)ccc1OCc2ccccc2)/c3cc(C)ccc3O,Cc1ccc(O)c(/N=C/c2ccc(OCc3ccccc3)cc2)c1,CO-ADD:0235210,ATCC 25922,8.4,32 ug/mL,0.0
139871,S(NCCCCCCCCCCCCCCCCCC)(=O)(=O)c1ccc(cc1)CCCl,CCCCCCCCCCCCCCCCCCNS(=O)(=O)c1ccc(CCCl)cc1,CO-ADD:0228901,ATCC 25922,7.04,32 ug/mL,0.0
139884,c1(O)c(I)cc(cc1I)\C=N\NC(CNC(=O)c2cccc(F)c2)=O,O=C(CNC(=O)c1cccc(F)c1)NN=Cc1cc(I)c(O)c(I)c1,CO-ADD:0166113,ATCC 25922,11.03,80 ug/mL,0.0
139892,C(F)(F)(F)c1ccccc1\C=N\NC(=O)CCSc(cc2)ccc2Cl,O=C(CCSc1ccc(Cl)cc1)N/N=C/c1ccccc1C(F)(F)F,CO-ADD:0215639,ATCC 25922,16.17,32 ug/mL,0.0
139894,N(/CCc1ccccc1)=C\c(cc2)ccc2O,Oc1ccc(C=NCCc2ccccc2)cc1,CO-ADD:0166630,ATCC 25922,5.38,80 ug/mL,0.0
139896,c1(NNC(C)=O)c(Cl)c(Cl)c(c(Cl)n1)C#N,CC(=O)NNc1nc(Cl)c(C#N)c(Cl)c1Cl,CO-ADD:0166346,ATCC 25922,10.25,80 ug/mL,0.0
139899,c1(ncnc2N\N=C\c3ccc(cc3O)OCC)c2c4c(CCCC4)s1,CCOc1ccc(C=NNc2ncnc3sc4c(c23)CCCC4)c(O)c1,CO-ADD:0166788,ATCC 25922,31.35,80 ug/mL,0.0
139901,c1(c(C)cccc1C)OCC(=O)N\N=C\c2ccc(cc2O)O,Cc1cccc(C)c1OCC(=O)NN=Cc1ccc(O)cc1O,CO-ADD:0166209,ATCC 25922,23.37,80 ug/mL,0.0
139923,c1(\C=N\NC(COc2ccc(cc2OC)Br)=O)c(C)cc(cc1O)O,COc1cc(Br)ccc1OCC(=O)NN=Cc1c(C)cc(O)cc1O,CO-ADD:0221058,ATCC 25922,29.31,32 ug/mL,0.0
139925,[N+](=O)([O-])c(cc1)ccc1C(=O)N\N=C(/C)\CC(=O)Nc2ccc(cc2F)F,CC(CC(=O)Nc1ccc(F)cc1F)=NNC(=O)c1ccc([N+](=O)[O-])cc1,CO-ADD:0221608,ATCC 25922,11.91,32 ug/mL,0.0
139929,[N+]1(C2=NON=C2N3CCCCCC3)=NC4=NON=C4[N-]1,C1CCCN(c2nonc2-[n+]2nc3nonc3[n-]2)CC1,CO-ADD:0157635,ATCC 25922,-17.44,32 ug/mL,0.0
140064,c1(c(ccc(c1)[N+](=O)[O-])NC(=O)c2ccco2)[N+](=O)[O-],O=C(Nc1ccc([N+](=O)[O-])cc1[N+](=O)[O-])c1ccco1,CO-ADD:0217940,ATCC 25922,-3.09,32 ug/mL,0.0
140096,n12c(cc(C)n1)c3c(Oc(cccn4)c24)ccc(C)c3,Cc1ccc2c(c1)-c1cc(C)nn1-c1ncccc1O2,CO-ADD:0288931,ATCC 25922,12.34,32 ug/mL,0.0
140157,c1(C(O)=O)c(cc(cc1[N+](=O)[O-])[N+](=O)[O-])[N+](=O)[O-],O=C(O)c1c([N+](=O)[O-])cc([N+](=O)[O-])cc1[N+](=O)[O-],CO-ADD:0290452,ATCC 25922,94.0,32 ug/mL,1.0
140201,N1(C(C)=O)c2c(cccc2)NC(=O)CC1C,CC(=O)N1c2ccccc2NC(=O)CC1C,CO-ADD:0292732,ATCC 25922,11.89,32 ug/mL,0.0
140248,[N+]1(C2=NON=C2N3CCOCC3)=NC4=NON=C4[N-]1,C1CN(c2nonc2-[n+]2nc3nonc3[n-]2)CCO1,CO-ADD:0155064,ATCC 25922,10.93,32 ug/mL,0.0
140260,[nH]1c(cccc2)c2c(CCNCCC(c3ccccc3)c4ccc(cc4)O)c1.Cl,Oc1ccc(C(CCNCCc2c[nH]c3ccccc23)c2ccccc2)cc1,CO-ADD:0163034,ATCC 25922,18.85,32 ug/mL,0.0
140278,C(=O)(c1ccc(cc1)Br)NC(C)c2ccccc2,CC(NC(=O)c1ccc(Br)cc1)c1ccccc1,CO-ADD:0220101,ATCC 25922,-0.47,32 ug/mL,0.0
140280,[N+](=O)([O-])c1cccc(\C=N\c2cccc(Cl)c2Cl)c1O,O=[N+]([O-])c1cccc(C=Nc2cccc(Cl)c2Cl)c1O,CO-ADD:0222460,ATCC 25922,9.93,32 ug/mL,0.0
140281,c1(c2ccccc2)[nH]c3c(ccc(c3)\N=C\c(c(O)ccc4[N+](=O)[O-])c4)n1,O=[N+]([O-])c1ccc(O)c(C=Nc2ccc3[nH]c(-c4ccccc4)nc3c2)c1,CO-ADD:0220415,ATCC 25922,7.38,32 ug/mL,0.0
140284,C(Cl)(Cl)(Cl)C(c1ccc(cc1)OCC)c2ccc(cc2)OCC,CCOc1ccc(C(c2ccc(OCC)cc2)C(Cl)(Cl)Cl)cc1,CO-ADD:0220007,ATCC 25922,7.53,32 ug/mL,0.0
140300,c1(cc(C)cc(I)c1O)\C=N\c(cc2)ccc2OC,COc1ccc(N=Cc2cc(C)cc(I)c2O)cc1,CO-ADD:0220360,ATCC 25922,4.98,32 ug/mL,0.0
140302,c1(ccc(C(=O)Oc2cccc(c2)\C=N\NC(COc3ccccc3C#N)=O)o1)[N+](=O)[O-],N#Cc1ccccc1OCC(=O)N/N=C/c1cccc(OC(=O)c2ccc([N+](=O)[O-])o2)c1,CO-ADD:0222736,ATCC 25922,-1.97,32 ug/mL,0.0
140326,c12c(non1)ncc(c3ccccc3)n2,c1ccc(-c2cnc3nonc3n2)cc1,CO-ADD:0218395,ATCC 25922,2.58,32 ug/mL,0.0
140434,s1c(C(C)C)nnc1NC(CCl)=O,CC(C)c1nnc(NC(=O)CCl)s1,CO-ADD:0215143,ATCC 25922,32.3,32 ug/mL,0.0
140485,c1(C2C(CC=C2)C(N3)c4ccc(cc4Cl)Cl)c3c(O)cc(Cl)c1[N+](=O)[O-],O=[N+]([O-])c1c(Cl)cc(O)c2c1C1=CCCC1C(c1ccc(Cl)cc1Cl)N2,CO-ADD:0293232,ATCC 25922,1.97,32 ug/mL,0.0
140486,c1(ccc(\C=C\C(=O)Nc2c(C)ccc(F)c2)o1)[N+](=O)[O-],Cc1ccc(F)cc1NC(=O)/C=C/c1ccc([N+](=O)[O-])o1,CO-ADD:0295429,ATCC 25922,7.81,32 ug/mL,0.0
140532,N1(\N=C\C=C\c(ccc2[N+](=O)[O-])o2)C(=S)SC(C)(C)C1N(O)C(NCCCC)=O,CCCCNC(=O)N(O)C1N(/N=C/C=C/c2ccc([N+](=O)[O-])o2)C(=S)SC1(C)C,CO-ADD:0228576,ATCC 25922,13.02,32 ug/mL,0.0
140629,c1(c(cccc2C(F)(F)F)c2)ccc(\C=N\NC(COc3ccccc3C)=O)o1,Cc1ccccc1OCC(=O)N/N=C/c1ccc(-c2cccc(C(F)(F)F)c2)o1,CO-ADD:0217460,ATCC 25922,2.38,32 ug/mL,0.0
140637,CCc1nc(N)nc(N)c1-c1ccc(Cl)cc1,CCc1nc(N)nc(N)c1-c1ccc(Cl)cc1,CO-ADD:0164521,ATCC 25922,5.94,20 uM,0.0
140647,C(=O)(Oc1ccccc1\C=N\NC(c(cc2)ccn2)=O)c3ccco3,O=C(N/N=C/c1ccccc1OC(=O)c1ccco1)c1ccncc1,CO-ADD:0166214,ATCC 25922,4.87,80 ug/mL,0.0
140668,N(/c1cccc(O)c1)=C\c2cccc(O)c2,Oc1cccc(/C=N/c2cccc(O)c2)c1,CO-ADD:0256962,ATCC 25922,0.88,32 ug/mL,0.0
140678,N1(CNc(cc2)ccc2C)N=C(OC1=S)c3ccc(cc3)C,Cc1ccc(NCn2nc(-c3ccc(C)cc3)oc2=S)cc1,CO-ADD:0250521,ATCC 25922,-1.81,32 ug/mL,0.0
140692,CC1=C(C(C(C)=C1C)C)C.NC2=N[Ir@@](C)(N=C(N(C)C)N2)Cl.[Cl-],CC1=C(C)C(C)C(C)=C1C,CO-ADD:0238631,ATCC 25922,-2.49,32 ug/mL,0.0
140832,n1(c2c(cccc2)CNC3c4ccccc4F)c3ccc1.Cl,Fc1ccccc1C1NCc2ccccc2-n2cccc21,CO-ADD:0331515,ATCC 25922,6.11,32 ug/mL,0.0
140833,C(O)(C(OC)=O)(C(F)(F)F)NC(=O)OC(C)(C)C,COC(=O)C(O)(NC(=O)OC(C)(C)C)C(F)(F)F,CO-ADD:0329702,ATCC 25922,1.42,32 ug/mL,0.0
140882,C1(c2ccc(cc2)Br)(OCC(CCC)O1)Cn(c3)ncn3,CCCC1COC(Cn2cncn2)(c2ccc(Br)cc2)O1,CO-ADD:0234408,ATCC 25922,2.49,32 ug/mL,0.0
141036,c1(ccc(\C=N\c2ccc(cc2C(c3ccccc3)=O)Cl)s1)[N+](=O)[O-],O=C(c1ccccc1)c1cc(Cl)ccc1/N=C/c1ccc([N+](=O)[O-])s1,CO-ADD:0236505,ATCC 25922,100.0,32 ug/mL,1.0
141038,c1(\C=N/CC2CCCO2)c(O)ccc(cccc3)c13,Oc1ccc2ccccc2c1C=NCC1CCCO1,CO-ADD:0236099,ATCC 25922,2.3,32 ug/mL,0.0
141082,N1(c2ccc(cc2)OCCC)C(=O)CC(N(CC3)CCN3C(c4ccccc4)=O)C1=O,CCCOc1ccc(-n2c(O)cc(N3CCN(C(=O)c4ccccc4)CC3)c2O)cc1,CO-ADD:0257223,ATCC 25922,4.54,32 ug/mL,0.0
141102,N1(c2cccc(Br)c2)C(=O)CC(N(CC3)CCN3c4ccccc4Cl)C1=O,Oc1cc(N2CCN(c3ccccc3Cl)CC2)c(O)n1-c1cccc(Br)c1,CO-ADD:0249061,ATCC 25922,-1.15,32 ug/mL,0.0
141124,N1(c2ccc(cc2Br)Br)C(=O)CC(N(CC3C)CC(O3)C)C1=O,CC1CN(c2cc(O)n(-c3ccc(Br)cc3Br)c2O)CC(C)O1,CO-ADD:0284448,ATCC 25922,3.98,32 ug/mL,0.0
141142,N1(c2ccccc2)C(=O)CC(N(CCCC3C(OCC)=O)C3)C1=O,CCOC(=O)C1CCCN(c2cc(O)n(-c3ccccc3)c2O)C1,CO-ADD:0277879,ATCC 25922,4.97,32 ug/mL,0.0
141172,N(C(CCC(=O)OCC(=O)c1ccc(cc1)Br)=O)c2ccc(cc2C)C,Cc1ccc(NC(=O)CCC(=O)OCC(=O)c2ccc(Br)cc2)c(C)c1,CO-ADD:0218232,ATCC 25922,11.04,32 ug/mL,0.0
141173,C(=O)(N\N=C\c(cc1)ccc1OCc(cc2)ccc2C)C(=O)NC3CCCCC3,Cc1ccc(COc2ccc(/C=N/NC(=O)C(=O)NC3CCCCC3)cc2)cc1,CO-ADD:0214925,ATCC 25922,15.09,32 ug/mL,0.0
141174,[N+](=O)([O-])c1ccccc1OCC(=O)N\N=C\c2ccc(cc2OC)OC,COc1ccc(/C=N/NC(=O)COc2ccccc2[N+](=O)[O-])c(OC)c1,CO-ADD:0220118,ATCC 25922,0.9,32 ug/mL,0.0
141178,[C@H](C(C)C)([C@@H](S(=O)\N=C\c1[nH]ccc1)C2)CC[C@H]2C,CC(C)[C@@H]1CC[C@@H](C)C[C@@H]1[S+]([O-])N=Cc1ccc[nH]1,CO-ADD:0165862,ATCC 25922,3.85,80 ug/mL,0.0
141183,CN(C)C1C2CC3C(O)c4c(Cl)ccc(O)c4C(O)=C3C(=O)C2(O)C(O)=C(C(N)=O)C1=O,CN(C)C1C(=O)C(C(N)=O)C(=O)C2(O)C(=O)C3C(=O)c4c(O)ccc(Cl)c4C(O)C3CC12,CO-ADD:0164562,ATCC 25922,100.12,20 uM,1.0
141200,O=C(/C=C/N1CCCCC1)C2=CC=CS2,O=C(/C=C/N1CCCCC1)c1cccs1,CO-ADD:0157953,ATCC 25922,23.74,32 ug/mL,0.0
141203,N1(c2ccc(cc2)OC)C(=O)CC(N(CC3)CCN3c4cccc(Cl)c4)C1=O,COc1ccc(-n2c(O)cc(N3CCN(c4cccc(Cl)c4)CC3)c2O)cc1,CO-ADD:0221320,ATCC 25922,6.02,32 ug/mL,0.0
141205,c1(N(CC2)CCO2)nc(N\N=C\c(c3c([nH]4)cccc3)c4)nc(Nc(cc5)ccc5C)n1,Cc1ccc(Nc2nc(NN=Cc3c[nH]c4ccccc34)nc(N3CCOCC3)n2)cc1,CO-ADD:0220702,ATCC 25922,4.69,32 ug/mL,0.0
141210,[N+](=O)([O-])c1ccc(cc1)\C=N\NC(CSCc(cc2)ccc2Cl)=O,O=C(CSCc1ccc(Cl)cc1)N/N=C/c1ccc([N+](=O)[O-])cc1,CO-ADD:0219710,ATCC 25922,10.73,32 ug/mL,0.0
141214,c1(O)c(Br)c(\C=N/NC(=O)c2ccccc2O)cc(Br)c1O,O=C(NN=Cc1cc(Br)c(O)c(O)c1Br)c1ccccc1O,CO-ADD:0219493,ATCC 25922,23.89,32 ug/mL,0.0
141222,C(/S(CCC)(=O)=O)(\S(CCC)(=O)=O)=C(\Nc(cc1)ccc1CC)/Nc(cc2)ccc2CC,CCCS(=O)(=O)C(C(=Nc1ccc(CC)cc1)Nc1ccc(CC)cc1)S(=O)(=O)CCC,CO-ADD:0221292,ATCC 25922,10.19,32 ug/mL,0.0
141227,C(=O)(Nc(cc1)ccc1Oc(cc2)ccc2Oc(cc3)ccc3NC(=O)\C=C\C(O)=O)\C=C\C(O)=O,O=C(O)/C=C/C(=O)Nc1ccc(Oc2ccc(Oc3ccc(NC(=O)/C=C/C(=O)O)cc3)cc2)cc1,CO-ADD:0217696,ATCC 25922,4.41,32 ug/mL,0.0
141229,N1(NC(=O)c2ccc(cc2)O)C(=O)c(c3)c(c(c4)C1=O)c(cc3[N+](=O)[O-])cc4[N+](=O)[O-],O=C(NN1C(=O)c2cc([N+](=O)[O-])cc3cc([N+](=O)[O-])cc(c23)C1=O)c1ccc(O)cc1,CO-ADD:0221923,ATCC 25922,5.89,32 ug/mL,0.0
141271,N1(c2ccc(cc2)OCCC)C(=O)C(CC1=O)Nc(cc3)ccc3CCO,CCCOc1ccc(-n2c(O)cc(Nc3ccc(CCO)cc3)c2O)cc1,CO-ADD:0295033,ATCC 25922,-1.22,32 ug/mL,0.0
141303,C(=O)(c1ccco1)Oc2c(cccc2C=O)OC,COc1cccc(C=O)c1OC(=O)c1ccco1,CO-ADD:0295336,ATCC 25922,8.38,32 ug/mL,0.0
141310,C(F)(C[N+](C)(C)C)([N+](=O)[O-])[N+](=O)[O-],C[N+](C)(C)CC(F)([N+](=O)[O-])[N+](=O)[O-],CO-ADD:0295555,ATCC 25922,12.25,32 ug/mL,0.0
141312,c1(c(O)ccc2\C=N\NC(Cc3ccccc3)=O)c2cccn1,O=C(Cc1ccccc1)NN=Cc1ccc(O)c2ncccc12,CO-ADD:0286690,ATCC 25922,28.65,32 ug/mL,0.0
141337,C1(C(OC(O2)(C)C)C2OC3C(=O)NC(CCC(OCc4ccccc4)=O)C(=O)OCc5ccccc5)C3OC(C)(C)O1,CC1(C)OC2OC(C(=O)NC(CCC(=O)OCc3ccccc3)C(=O)OCc3ccccc3)C3OC(C)(C)OC3C2O1,CO-ADD:0292810,ATCC 25922,7.46,32 ug/mL,0.0
141372,N1(C(c2ccccc2)CC(=N1)C3=C(c4ccccc4)c5c(ccc(Br)c5)NC3=O)C(=O)c6ccc(cc6)C,Cc1ccc(C(=O)N2N=C(c3c(-c4ccccc4)c4cc(Br)ccc4[nH]c3=O)CC2c2ccccc2)cc1,CO-ADD:0294557,ATCC 25922,8.2,32 ug/mL,0.0
141393,c(C(OC)=O)(s1)c(O)c(c1C(OC)=O)O,COC(=O)c1sc(C(=O)OC)c(O)c1O,CO-ADD:0305190,ATCC 25922,4.33,32 ug/mL,0.0
141396,[N+](=O)([O-])c1cccc(C(CCNc2ccccc2Br)=O)c1,O=C(CCNc1ccccc1Br)c1cccc([N+](=O)[O-])c1,CO-ADD:0218457,ATCC 25922,-1.48,32 ug/mL,0.0
141422,C1(=S)NC(NN1c2ccccc2)(CCCC)CC,CCCCC1(CC)NC(=S)N(c2ccccc2)N1,CO-ADD:0304216,ATCC 25922,-7.04,32 ug/mL,0.0
141570,NC1=C(C(N=C2OC)=NN1)C(C3=CC=CC=C3)=C2C#N,COc1nc2[nH]nc(N)c2c(-c2ccccc2)c1C#N,CO-ADD:0149722,ATCC 25922,-5.05,32 ug/mL,0.0
141648,O=C1[C@@](O)(C)C2(CC2)C(C)=C([C@@](O)(C3(C)C)[H])C1=C3,CC1=C2C(=CC(C)(C)[C@@H]2O)C(=O)[C@](C)(O)C12CC2,CO-ADD:0137272,ATCC 25922,7.66,25 uM,0.0
141657,[As](O)(O)(=O)c(cc([N+](=O)[O-])c1)c(c2ccccc2)c1,O=[N+]([O-])c1ccc(-c2ccccc2)c([As](=O)(O)O)c1,CO-ADD:0136821,ATCC 25922,10.08,25 uM,0.0
141659,n1c2c(C(NC(N2)=O)=O)cc(cc(C)c3C)c1c3,Cc1cc2cc3c(=O)[nH]c(=O)[nH]c3nc2cc1C,CO-ADD:0136047,ATCC 25922,9.86,25 uM,0.0
141670,c12c(ccc(NC(=O)c3ccccc3C(O)=O)c1Oc(cc4)ccc4C(C)(C)C)C(=O)c(c5C2=O)cccc5,CC(C)(C)c1ccc(Oc2c(NC(=O)c3ccccc3C(=O)O)ccc3c2C(=O)c2ccccc2C3=O)cc1,CO-ADD:0245851,ATCC 25922,5.63,32 ug/mL,0.0
141679,[O-][N+](C1=C(O)C(/C=N/C2=CC=C3N=CC=CC3=C2)=CC(C)=C1)=O,Cc1cc(C=Nc2ccc3ncccc3c2)c(O)c([N+](=O)[O-])c1,CO-ADD:0157803,ATCC 25922,15.52,32 ug/mL,0.0
141681,c12n(c3c(cc(cc3)C)s1)cc(c4ccc(cc4)OC)n2,COc1ccc(-c2cn3c(n2)sc2cc(C)ccc23)cc1,CO-ADD:0244761,ATCC 25922,8.2,32 ug/mL,0.0
141710,C1(C(C=C2)=CC=C2/N=C/C3=CC=CC=C3)=NC(C=C4)=C(C=C4/N=C/C5=CC=CC=C5)N1,C(=N/c1ccc(-c2nc3cc(/N=C/c4ccccc4)ccc3[nH]2)cc1)\c1ccccc1,CO-ADD:0157353,ATCC 25922,10.32,32 ug/mL,0.0
141719,N1(CNc(cc2)ccc2Cl)C(=O)\C(\SC1=O)=C\c3cccc(OC)c3,COc1cccc(/C=C2\SC(=O)N(CNc3ccc(Cl)cc3)C2=O)c1,CO-ADD:0217753,ATCC 25922,7.47,32 ug/mL,0.0
141758,c12c(non1)nc(Nc(cc3)ccc3I)c(N\N=C\c(cc(cc4[N+](=O)[O-])[N+](=O)[O-])c4O)n2,O=[N+]([O-])c1cc(C=NNc2nc3nonc3nc2Nc2ccc(I)cc2)c(O)c([N+](=O)[O-])c1,CO-ADD:0256353,ATCC 25922,12.0,32 ug/mL,0.0
141765,c1(Sc2c(cc(cc2[N+](=O)[O-])C(F)(F)F)[N+](=O)[O-])nnnn1c3ccccc3,O=[N+]([O-])c1cc(C(F)(F)F)cc([N+](=O)[O-])c1Sc1nnnn1-c1ccccc1,CO-ADD:0255736,ATCC 25922,-2.52,32 ug/mL,0.0
141769,c1(O)c(cccc1\C=N\c(ccc(c2Cl)Cl)c2)O,Oc1cccc(C=Nc2ccc(Cl)c(Cl)c2)c1O,CO-ADD:0255968,ATCC 25922,4.67,32 ug/mL,0.0
141772,c1(NC(=O)CCOc2ccccc2)sc(c(C)c1C(OCC)=O)C,CCOC(=O)c1c(NC(=O)CCOc2ccccc2)sc(C)c1C,CO-ADD:0253672,ATCC 25922,-7.1,32 ug/mL,0.0
141802,n1(c(\C=C\c2ccco2)nn3)c3ccc(cccc4)c14,C(=C/c1nnc2ccc3ccccc3n12)\c1ccco1,CO-ADD:0304469,ATCC 25922,-16.61,32 ug/mL,0.0
141979,C(=O)(Oc(cc1)ccc1\C=N\NC(=O)c(ccc(n2)C)c2)c3ccccc3I,Cc1ccc(C(=O)N/N=C/c2ccc(OC(=O)c3ccccc3I)cc2)cn1,CO-ADD:0222408,ATCC 25922,-5.5,32 ug/mL,0.0
141986,c1(coc(ccc(OC(CCl)=O)c2)c12)C(=O)c3cccs3,O=C(CCl)Oc1ccc2occ(C(=O)c3cccs3)c2c1,CO-ADD:0219812,ATCC 25922,11.27,32 ug/mL,0.0
141996,[N+](=O)([O-])c1ccc(cc1)CN(CC2)CCN2CCNC(=O)C(=O)Nc(cc3)ccc3CCCC,CCCCc1ccc(NC(=O)C(=O)NCCN2CCN(Cc3ccc([N+](=O)[O-])cc3)CC2)cc1,CO-ADD:0221265,ATCC 25922,3.13,32 ug/mL,0.0
142007,N(=C\c(c(O)ccc1C(O)=O)c1)/c2c(C)cccc2O,Cc1cccc(O)c1N=Cc1cc(C(=O)O)ccc1O,CO-ADD:0231448,ATCC 25922,37.16,32 ug/mL,0.0
142011,C12C(ON=C(c3ccccc3Cl)N1)Nc(cccc4)c4N2C,CN1c2ccccc2NC2ON=C(c3ccccc3Cl)NC21,CO-ADD:0221217,ATCC 25922,22.92,32 ug/mL,0.0
142013,C(=O)(Oc1cccc(c1)\C=N\NC(=O)c(cccn2)c2)c3cccc(F)c3,O=C(N/N=C/c1cccc(OC(=O)c2cccc(F)c2)c1)c1cccnc1,CO-ADD:0222023,ATCC 25922,7.18,32 ug/mL,0.0
142021,c1(SCC(=O)c2ccc(cc2)Br)sc3c(ccc(c3)\N=C\c4c(cccc4F)Cl)n1,O=C(CSc1nc2ccc(/N=C/c3c(F)cccc3Cl)cc2s1)c1ccc(Br)cc1,CO-ADD:0227731,ATCC 25922,12.36,32 ug/mL,0.0
142022,C1(=Cc(cccc2)c2OC1c3c(cccc3Cl)Cl)[N+](=O)[O-],O=[N+]([O-])C1=Cc2ccccc2OC1c1c(Cl)cccc1Cl,CO-ADD:0229553,ATCC 25922,5.4,32 ug/mL,0.0
142026,c1(\C=N\NC(CNC(=O)c2ccc(c(OC)c2)OC)=O)c(cc(cc1[N+](=O)[O-])[N+](=O)[O-])[N+](=O)[O-],COc1ccc(C(=O)NCC(=O)N/N=C/c2c([N+](=O)[O-])cc([N+](=O)[O-])cc2[N+](=O)[O-])cc1OC,CO-ADD:0222523,ATCC 25922,-7.27,32 ug/mL,0.0
142031,N1(c2ccccn2)C(=O)c(c3)c(c(c4)C1=O)c(cc3[N+](=O)[O-])cc4[N+](=O)[O-],O=C1c2cc([N+](=O)[O-])cc3cc([N+](=O)[O-])cc(c23)C(=O)N1c1ccccn1,CO-ADD:0221552,ATCC 25922,-6.54,32 ug/mL,0.0
142034,N1(C)c2c(C(=O)C1=O)cc(Br)cc2C,Cc1cc(Br)cc2c1N(C)C(=O)C2=O,CO-ADD:0229415,ATCC 25922,5.75,32 ug/mL,0.0
142085,n1(c2ccc(cc2)OC(F)(F)Cl)nc(cc1N)C,Cc1cc(N)n(-c2ccc(OC(F)(F)Cl)cc2)n1,CO-ADD:0324916,ATCC 25922,-0.19,32 ug/mL,0.0
142089,c1(C(OC)=O)cc(cccc2)c2c(N)c1O,COC(=O)c1cc2ccccc2c(N)c1O,CO-ADD:0306029,ATCC 25922,7.51,32 ug/mL,0.0
142379,c1(ccccc1NC(c2ccccc2)=O)C(OC\C=C\c3ccccc3)=O,O=C(Nc1ccccc1C(=O)OC/C=C/c1ccccc1)c1ccccc1,CO-ADD:0220869,ATCC 25922,4.65,32 ug/mL,0.0
142384,C1(C2=O)C(C(C=C3)OC13CNC(OCC(C)C)=O)C(N2c4ccc(cc4)Cl)=O,CC(C)COC(=O)NCC12C=CC(O1)c1c2c(O)n(-c2ccc(Cl)cc2)c1O,CO-ADD:0221394,ATCC 25922,4.22,32 ug/mL,0.0
142397,c1(C(=O)N\N=C\c(ccc(c2OC)C)c2)c(O)cc(c3c1)cccc3,COc1cc(C=NNC(=O)c2cc3ccccc3cc2O)ccc1C,CO-ADD:0218946,ATCC 25922,-0.92,32 ug/mL,0.0
142469,S(=O)(=O)(N\N=C\c(cc1)ccc1OCc2ccccc2Cl)c(ccc(c3[N+](=O)[O-])C)c3,Cc1ccc(S(=O)(=O)N/N=C/c2ccc(OCc3ccccc3Cl)cc2)cc1[N+](=O)[O-],CO-ADD:0219053,ATCC 25922,12.1,32 ug/mL,0.0
142470,N1(CNc(ccc(c2C)C)c2)C(=O)\C(\SC1=S)=C/c3ccc(cc3Cl)Cl,Cc1ccc(NCN2C(=O)/C(=C\c3ccc(Cl)cc3Cl)SC2=S)cc1C,CO-ADD:0221685,ATCC 25922,30.29,32 ug/mL,0.0
142472,C(=O)(c1ccc(cc1)Br)Oc2ccc(cc2OCC)\C=N\NC(=O)C(O)c3ccccc3,CCOc1cc(/C=N/NC(=O)C(O)c2ccccc2)ccc1OC(=O)c1ccc(Br)cc1,CO-ADD:0222439,ATCC 25922,4.71,32 ug/mL,0.0
142474,C(COc1ccc(cc1OC)Br)(=O)N\N=C\c(cc2)ccc2OCC=C,C=CCOc1ccc(/C=N/NC(=O)COc2ccc(Br)cc2OC)cc1,CO-ADD:0221008,ATCC 25922,-2.96,32 ug/mL,0.0
142475,[N+](=O)([O-])c1c(ccc(c1)[N+](=O)[O-])CC(=O)N\N=C\c2ccccc2OCc(cc3)ccc3Cl,O=C(Cc1ccc([N+](=O)[O-])cc1[N+](=O)[O-])N/N=C/c1ccccc1OCc1ccc(Cl)cc1,CO-ADD:0219428,ATCC 25922,2.96,32 ug/mL,0.0
142483,[N+](=O)([O-])c1cc(ccc1OC(=O)c2cccc(cccc3)c23)\C=N\NC(=O)c4ccccc4[N+](=O)[O-],O=C(N/N=C/c1ccc(OC(=O)c2cccc3ccccc23)c([N+](=O)[O-])c1)c1ccccc1[N+](=O)[O-],CO-ADD:0216920,ATCC 25922,-15.48,32 ug/mL,0.0
142484,[N+](=O)([O-])c1cc(ccc1OC(=O)c2cccc(cccc3)c23)\C=N\c4ccc(cc4C)C,Cc1ccc(/N=C/c2ccc(OC(=O)c3cccc4ccccc34)c([N+](=O)[O-])c2)c(C)c1,CO-ADD:0216936,ATCC 25922,-27.44,32 ug/mL,0.0
142520,COc1cccc2C(=O)c3c(O)c4C[C@](O)(C[C@H](O[C@H]5C[C@H](N)[C@@H](O)[C@H](C)O5)c4c(O)c3C(=O)c12)C(=O)CO.Cl,COc1cccc2c(O)c3c(c(O)c12)C(=O)C1=C(C[C@@](O)(C(=O)CO)C[C@@H]1O[C@H]1C[C@H](N)[C@@H](O)[C@H](C)O1)C3=O,CO-ADD:0164662,ATCC 25922,12.13,20 uM,0.0
142524,C(COc(cc1)ccc1C(C)(C)CC(C)(C)C)(=O)N\N=C\c(ccc(c2OC)O)c2,COc1cc(C=NNC(=O)COc2ccc(C(C)(C)CC(C)(C)C)cc2)ccc1O,CO-ADD:0166567,ATCC 25922,11.35,80 ug/mL,0.0
142542,S=C(S/1)NC(C1=C/C2=CC=CO2)=O,O=C1NC(=S)S/C1=C/c1ccco1,CO-ADD:0154882,ATCC 25922,19.87,32 ug/mL,0.0
142579,O=C(C1=CC=C(Cl)C=C1)N(C(C2=CC=CC=C2)(O)C3)N=C3C(F)(F)F,O=C(c1ccc(Cl)cc1)N1N=C(C(F)(F)F)CC1(O)c1ccccc1,CO-ADD:0155175,ATCC 25922,19.07,32 ug/mL,0.0
142584,O=C(CI)NCC1=CC=CC=C1,O=C(CI)NCc1ccccc1,CO-ADD:0154382,ATCC 25922,26.68,32 ug/mL,0.0
142586,O=C(S/1)N(CNC2=C(C=CC=C2)C(F)(F)F)C(C1=C\C3=CC=CC(F)=C3)=O,O=C1S/C(=C\c2cccc(F)c2)C(=O)N1CNc1ccccc1C(F)(F)F,CO-ADD:0159790,ATCC 25922,25.8,32 ug/mL,0.0
142609,[O-][N+](C1=NN2C=CC=NC2=C1[N+]([O-])=O)=O,O=[N+]([O-])c1nn2cccnc2c1[N+](=O)[O-],CO-ADD:0157070,ATCC 25922,32.57,32 ug/mL,0.0
142627,O=C(C1=CC(NC(C2=CC(C=CC=C3)=C3OC2=O)=O)=CN1C)NC4=CN(C(C)C)C(C(NC5=CN(C)C(C(NCCCN(C)C)=O)=C5)=O)=C4.OC(C(F)(F)F)=O,CC(C)n1cc(NC(=O)c2cc(NC(=O)c3cc4ccccc4oc3=O)cn2C)cc1C(=O)Nc1cc(C(=O)NCCCN(C)C)n(C)c1,CO-ADD:0153098,ATCC 25922,-12.05,32 ug/mL,0.0
142660,c1(c(O)ccc(cccc2)c12)\C=N\c3ccc(c(cccn4)c34)OC,COc1ccc(N=Cc2c(O)ccc3ccccc23)c2ncccc12,CO-ADD:0245014,ATCC 25922,2.8,32 ug/mL,0.0
142711,C(=O)(c1ccc(cc1)Cl)Oc(cc2)ccc2OC,COc1ccc(OC(=O)c2ccc(Cl)cc2)cc1,CO-ADD:0222865,ATCC 25922,1.23,32 ug/mL,0.0
142716,N1(c2ccc(c(C)c2)C)C(=O)\C(\C(C)=N1)=C/NNc3cccc(Cl)c3,Cc1ccc(-n2[nH]c(C)c(C=NNc3cccc(Cl)c3)c2=O)cc1C,CO-ADD:0223523,ATCC 25922,17.5,32 ug/mL,0.0
142747,N(C(=O)\C(\S1)=C\c(cc2)ccc2C(C)C)=C1N3CCCCC3,CC(C)c1ccc(/C=C2\SC(N3CCCCC3)=NC2=O)cc1,CO-ADD:0252802,ATCC 25922,7.83,32 ug/mL,0.0
142815,c12c(c(nn1c3ccccc3)C)cc(C(=O)NCc4ccccc4)s2,Cc1nn(-c2ccccc2)c2sc(C(=O)NCc3ccccc3)cc12,CO-ADD:0221258,ATCC 25922,11.03,32 ug/mL,0.0
142819,N1C(=O)\C(\SC1=S)=C/c2ccccc2Cl,O=C1NC(=S)S/C1=C/c1ccccc1Cl,CO-ADD:0221120,ATCC 25922,26.54,32 ug/mL,0.0
142837,N1(CNc(cc2)ccc2C(OCC)=O)C(=O)c(c3C1=O)ccc(c3)[N+](=O)[O-],CCOC(=O)c1ccc(NCN2C(=O)c3ccc([N+](=O)[O-])cc3C2=O)cc1,CO-ADD:0220089,ATCC 25922,1.39,32 ug/mL,0.0
142838,c1(\C=N\NC(COc2ccccc2OC)=O)c(Br)cc(c(O)c1Br)Br,COc1ccccc1OCC(=O)NN=Cc1c(Br)cc(Br)c(O)c1Br,CO-ADD:0220659,ATCC 25922,10.5,32 ug/mL,0.0
142840,c(\C=N\NC(COc1ccc(cc1OC)Br)=O)(cc(Cl)cc2Br)c2O,COc1cc(Br)ccc1OCC(=O)NN=Cc1cc(Cl)cc(Br)c1O,CO-ADD:0221079,ATCC 25922,37.67,32 ug/mL,0.0
142843,C(/C(c1ccccc1)=O)=C/c2cccc(c23)OCO3,O=C(/C=C\c1cccc2c1OCO2)c1ccccc1,CO-ADD:0221663,ATCC 25922,11.52,32 ug/mL,0.0
142845,c1(ccc(o1)C#Cc2ccccc2)C(OC)=O,COC(=O)c1ccc(C#Cc2ccccc2)o1,CO-ADD:0219185,ATCC 25922,3.81,32 ug/mL,0.0
142859,c1(c(O)c(\C=N\c2cccc(O)c2)c(c(Cl)c1C)C)[N+](=O)[O-],Cc1c(Cl)c(C)c([N+](=O)[O-])c(O)c1C=Nc1cccc(O)c1,CO-ADD:0232440,ATCC 25922,15.45,32 ug/mL,0.0
142903,C(NCCOc1cc(C)ccc1C(C)C)(=S)Nc2cccc(cccc3)c23,Cc1ccc(C(C)C)c(OCCNC(=S)Nc2cccc3ccccc23)c1,CO-ADD:0166549,ATCC 25922,4.02,80 ug/mL,0.0
142935,N(c(cccc1)c1C(O2)=O)=C2c3ccccc3,O=c1oc(-c2ccccc2)nc2ccccc12,CO-ADD:0219839,ATCC 25922,4.46,32 ug/mL,0.0
142940,N1(c2ccc(c(Cl)c2)Cl)C(=O)CC(N(CC3)CCC3C(OCC)=O)C1=O,CCOC(=O)C1CCN(c2cc(O)n(-c3ccc(Cl)c(Cl)c3)c2O)CC1,CO-ADD:0258016,ATCC 25922,8.89,32 ug/mL,0.0
142958,O=C(NCCN1CCOCC1)C2=C(CCC3=CC=CC=C3)SC(NC(C4=CC(NC(C5=CC=C(OC)C=C5)=N)=CN4C)=O)=N2,COc1ccc(C(=N)Nc2cc(C(=O)Nc3nc(C(=O)NCCN4CCOCC4)c(CCc4ccccc4)s3)n(C)c2)cc1,CO-ADD:0137578,ATCC 25922,9.11,32 ug/mL,0.0
143107,[N+](=O)([O-])c1ccccc1C(=O)N\N=C\c(cc2)ccc2OC(=O)c3ccccc3OC(C)=O,CC(=O)Oc1ccccc1C(=O)Oc1ccc(/C=N/NC(=O)c2ccccc2[N+](=O)[O-])cc1,CO-ADD:0166394,ATCC 25922,3.33,80 ug/mL,0.0
143130,C(=O)(Oc(cc1)ccc1\C=N\NC(=O)c(ccc(n2)C)c2)c3ccccc3Br,Cc1ccc(C(=O)N/N=C/c2ccc(OC(=O)c3ccccc3Br)cc2)cn1,CO-ADD:0222420,ATCC 25922,2.14,32 ug/mL,0.0
143133,c1(Br)c(Br)c(\C=N\NC(COc2ccccc2OC)=O)cc(O)c1O,COc1ccccc1OCC(=O)NN=Cc1cc(O)c(O)c(Br)c1Br,CO-ADD:0219459,ATCC 25922,16.64,32 ug/mL,0.0
143167,C1(C#N)(C#N)C(N1c2ccccc2)c3ccccc3,N#CC1(C#N)C(c2ccccc2)N1c1ccccc1,CO-ADD:0302487,ATCC 25922,15.17,32 ug/mL,0.0
143173,C1(=O)c2c(cccc2)N=C(C)N1.[Cu](OC(C)=O)OC(C)=O,Cc1nc(=O)c2ccccc2[nH]1,CO-ADD:0244662,ATCC 25922,6.34,32 ug/mL,0.0
143205,C(C#N)(C1c2ccc(Br)s2)=C(N)N(C(CCCC3=O)=C13)c4ccc(cc4)C,Cc1ccc(N2C(=N)C(C#N)C(c3ccc(Br)s3)C3=C2CCCC3=O)cc1,CO-ADD:0240410,ATCC 25922,100.0,32 ug/mL,1.0
143207,C(=S)(Nc(cc1)ccc1C(OCCN(CC)CC)=O)NC(=O)\C=C\c(ccc(c2OC)OC)c2,CCN(CC)CCOC(=O)c1ccc(NC(=S)NC(=O)/C=C/c2ccc(OC)c(OC)c2)cc1,CO-ADD:0245910,ATCC 25922,3.23,32 ug/mL,0.0
143210,C1(C)(c2c(c(cccc3)c13)cccc2)C(=O)Nc(cc4)ccc4OC,COc1ccc(NC(=O)C2(C)c3ccccc3-c3ccccc32)cc1,CO-ADD:0245971,ATCC 25922,0.72,32 ug/mL,0.0
143297,N1(CNc2ccc(cc2Cl)Cl)N=C(OC1=S)c3ccccc3,S=c1oc(-c2ccccc2)nn1CNc1ccc(Cl)cc1Cl,CO-ADD:0240463,ATCC 25922,8.16,32 ug/mL,0.0
143309,C1(=O)Nc(c2N1)ccc(c2)\N=C\c(cc(Br)cc3Br)c3O,O=c1[nH]c2ccc(N=Cc3cc(Br)cc(Br)c3O)cc2[nH]1,CO-ADD:0231417,ATCC 25922,4.85,32 ug/mL,0.0
143320,C(=N\NC(COc1c(OC)cc(cc1[N+](=O)[O-])[N+](=O)[O-])=O)(/c2c(N3)ccc(C)c2)\C3=O,COc1cc([N+](=O)[O-])cc([N+](=O)[O-])c1OCC(=O)N=Nc1c(O)[nH]c2ccc(C)cc12,CO-ADD:0234521,ATCC 25922,0.4,32 ug/mL,0.0
143336,C(C(=O)Nc1ccccc1)(=C(C)NC(=C2C#N)SCC)C2c3ccccc3Cl,CCSC1=C(C#N)C(c2ccccc2Cl)C(C(=O)Nc2ccccc2)C(C)=N1,CO-ADD:0221852,ATCC 25922,1.6,32 ug/mL,0.0
143378,S(=O)(=O)(c(ccc(c1[N+](=O)[O-])Cl)c1)Nc2ccc(cc2C(=O)Nc3c(Cl)ccc(Cl)c3)Cl,O=C(Nc1cc(Cl)ccc1Cl)c1cc(Cl)ccc1NS(=O)(=O)c1ccc(Cl)c([N+](=O)[O-])c1,CO-ADD:0227697,ATCC 25922,4.48,32 ug/mL,0.0
143465,c1ccc(c(NC(c2ncccc2)=N)nc(c3ncccc3)c4)c4c1,N=C(Nc1nc(-c2ccccn2)cc2ccccc12)c1ccccn1,CO-ADD:0136987,ATCC 25922,-1.52,25 uM,0.0
143497,C(c1c(cccc1)NC2(C)C)(\C(=N\c(cc3)ccc3S(=O)(=O)NC(c4ccccc4)=O)\SS5)=C25,CC1(C)Nc2ccccc2-c2c1ss/c2=N\c1ccc(S(=O)(=O)NC(=O)c2ccccc2)cc1,CO-ADD:0323540,ATCC 25922,6.32,32 ug/mL,0.0
143516,c1cc(C(=O)NC(c2sccc2)N3)c3cc1,O=C1NC(c2cccs2)Nc2ccccc21,CO-ADD:0312550,ATCC 25922,15.75,32 ug/mL,0.0
143609,n1c(c(c(cc2CN3CCN(CC3)c(cccc4)c4)Br)ccc1)c2O,Oc1c(CN2CCN(c3ccccc3)CC2)cc(Br)c2cccnc12,CO-ADD:0136927,ATCC 25922,3.85,25 uM,0.0
143660,c(C(F)(F)F)(cc(n1CC(=O)N(C)c2ccc(cc2)OC(F)(F)F)C)n1,Cc1cc(C(F)(F)F)nn1CC(=O)N(C)c1ccc(OC(F)(F)F)cc1,CO-ADD:0332334,ATCC 25922,-5.63,32 ug/mL,0.0
143718,C(C(OC)=O)(Nc1ccc(cc1F)F)(C(F)(F)F)NC(=O)Nc(cc2)ccc2OC(F)(F)F,COC(=O)C(NC(=O)Nc1ccc(OC(F)(F)F)cc1)(Nc1ccc(F)cc1F)C(F)(F)F,CO-ADD:0326567,ATCC 25922,5.69,32 ug/mL,0.0
143864,n1ccc2c(c1)c(C)c(c3c(cccc3)n4[H])c4c2C,Cc1c2cc[nH]cc2c(C)c2c1nc1ccccc12,CO-ADD:0136038,ATCC 25922,8.47,25 uM,0.0
143880,n1ccc2c(c1)c(C)c(c3c(cccc3)n4[H])c4c2C,Cc1c2cc[nH]cc2c(C)c2c1nc1ccccc12,CO-ADD:0136038,ATCC 25922,7.61,25 uM,0.0
143896,n1ccc2c(c1)c(C)c(c3c(cccc3)n4[H])c4c2C,Cc1c2cc[nH]cc2c(C)c2c1nc1ccccc12,CO-ADD:0137206,ATCC 25922,8.47,25 uM,0.0
143912,n1ccc2c(c1)c(C)c(c3c(cccc3)n4[H])c4c2C,Cc1c2cc[nH]cc2c(C)c2c1nc1ccccc12,CO-ADD:0137206,ATCC 25922,7.61,25 uM,0.0
143960,N1(c2ccccc2)C(=O)\C(=C/c(cc3)ccc3Cl)\NC(c4ccccc4)=N1,O=c1c(Cc2ccc(Cl)cc2)nc(-c2ccccc2)nn1-c1ccccc1,CO-ADD:0242166,ATCC 25922,9.01,32 ug/mL,0.0
144044,N1(c2ccc(cc2)F)C(=O)CC(N(CC3)CCC3C(N)=O)C1=O,NC(=O)C1CCN(c2cc(O)n(-c3ccc(F)cc3)c2O)CC1,CO-ADD:0240289,ATCC 25922,9.59,32 ug/mL,0.0
144119,c1cc(c(c(CCO)c([N+](=O)[O-])o2)c2cc3)c3cc1,O=[N+]([O-])c1oc2ccc3ccccc3c2c1CCO,CO-ADD:0137133,ATCC 25922,101.02,25 uM,1.0
144123,O(C)C(C(O)=C1C2C=C(C)/C=C/C=C/C(N(C(c3ccccc3)CC=CCCC(O)CC1=O)[H])=O)C2,COC1CC2C=C(C)/C=C/C=C/C(=O)NC(c3ccccc3)CC=CCCC(O)CC(=O)C2C1=O,CO-ADD:0137104,ATCC 25922,13.1,25 uM,0.0
144128,O=C1C=CC(=CC=C1OC(=O)C(C)=C)N=Nc(ccc(C)c2)c2,C=C(C)C(=O)Oc1ccc(N=Nc2ccc(C)cc2)ccc1=O,CO-ADD:0136641,ATCC 25922,-1.37,25 uM,0.0
144136,N1(c2ccc(cc2Br)Br)C(=O)CC(N(CC3)CCO3)C1=O,Oc1cc(N2CCOCC2)c(O)n1-c1ccc(Br)cc1Br,CO-ADD:0283530,ATCC 25922,12.03,32 ug/mL,0.0
144233,c1(c2nc(C(F)(F)F)[nH]1)c(NC(c(c3)c(Cl)ccc3Cl)=O)ccc2,O=C(Nc1cccc2[nH]c(C(F)(F)F)nc12)c1cc(Cl)ccc1Cl,CO-ADD:0149023,ATCC 25922,-3.49,32 ug/mL,0.0
144234,C(=N/O)(/c1c(c23)c(ccc1)ccc2)\N3,ON=C1Nc2cccc3cccc1c23,CO-ADD:0233314,ATCC 25922,11.73,32 ug/mL,0.0
144326,N1(CNc2ccc(cc2C)I)C(=O)\C(\SC1=S)=C\c3cccc(Br)c3,Cc1cc(I)ccc1NCN1C(=O)/C(=C/c2cccc(Br)c2)SC1=S,CO-ADD:0221705,ATCC 25922,14.68,32 ug/mL,0.0
144338,N1\C(=N\N=C\c(cc(I)cc2I)c2O)\S\C(=C\c(ccc(c3[N+](=O)[O-])Br)c3)\C1=O,O=C1N=C(NN=Cc2cc(I)cc(I)c2O)SC1=Cc1ccc(Br)c([N+](=O)[O-])c1,CO-ADD:0220945,ATCC 25922,21.34,32 ug/mL,0.0
144439,C(=O)(NC(C)CC)C\C(\C)=N\NC(COc(cc1)ccc1OC)=O,CCC(C)NC(=O)CC(C)=NNC(=O)COc1ccc(OC)cc1,CO-ADD:0215809,ATCC 25922,-4.73,32 ug/mL,0.0
144447,[N+](=O)([O-])c1cccc(c1)\C=N\c(ccc(c23)nccn2)c3,O=[N+]([O-])c1cccc(/C=N/c2ccc3nccnc3c2)c1,CO-ADD:0247776,ATCC 25922,10.57,32 ug/mL,0.0
144593,Cc1onc(c1C(=O)NC1C2SC(C)(C)C(N2C1=O)C([O-])=O)-c1ccccc1.[Na+],Cc1onc(-c2ccccc2)c1C(=O)NC1C(=O)N2C1SC(C)(C)C2C(=O)O,CO-ADD:0165009,ATCC 25922,2.93,20 uM,0.0
144594,CCn1cc(C(O)=O)c(=O)c2cc(F)c(cc12)N1CCNCC1,CCn1cc(C(=O)O)c(=O)c2cc(F)c(N3CCNCC3)cc21,CO-ADD:0164501,ATCC 25922,98.83,20 uM,1.0
144601,CC[C@H]1OC(=O)[C@H](C)[C@@H](O[C@H]2C[C@@](C)(OC)[C@@H](O)[C@H](C)O2)[C@H](C)[C@@H](O[C@@H]2O[C@H](C)C[C@@H]([C@H]2O)N(C)C)[C@@](C)(C[C@@H](C)C(=O)[C@H](C)[C@@H](O)[C@]1(C)O)OC,CC[C@H]1OC(=O)C(C)[C@@H](O[C@H]2C[C@@](C)(OC)[C@@H](O)[C@H](C)O2)[C@H](C)[C@@H](O[C@@H]2O[C@H](C)C[C@H](N(C)C)[C@H]2O)[C@](C)(OC)CC(C)C(=O)C(C)[C@@H](O)[C@]1(C)O,CO-ADD:0164754,ATCC 25922,53.62,20 uM,0.0
144611,CC(C)CCC1=C(C(NCCCN(C)C)=O)N=C(NC(C2=CC(NC(C3=CC(NC(C4=CC=C(C(OC)=O)C=C4)=O)=CN3C)=O)=CN2C)=O)S1.OC(C(F)(F)F)=O,COC(=O)c1ccc(C(=O)Nc2cc(C(=O)Nc3cc(C(=O)Nc4nc(C(=O)NCCCN(C)C)c(CCC(C)C)s4)n(C)c3)n(C)c2)cc1,CO-ADD:0153065,ATCC 25922,-19.27,32 ug/mL,0.0
144668,c1(ccccc1NC(=O)c2ccco2)C(=O)N\N=C\c3c4c(cccc4)cc(cccc5)c35,O=C(Nc1ccccc1C(=O)N/N=C/c1c2ccccc2cc2ccccc12)c1ccco1,CO-ADD:0217294,ATCC 25922,-1.1,32 ug/mL,0.0
144675,C(F)(F)(C(F)(F)C(F)(F)C(F)(F)F)C(F)(F)C(F)(F)C(=O)N\N=C\c1ccc(cc1O)O,O=C(NN=Cc1ccc(O)cc1O)C(F)(F)C(F)(F)C(F)(F)C(F)(F)C(F)(F)C(F)(F)F,CO-ADD:0217734,ATCC 25922,39.53,32 ug/mL,0.0
144683,O=C(NCCN1CCOCC1)C2=C(CCC3=CC=CC=C3)SC(NC(C4=CC(NC(C5=CC=C(OC)C=C5)=N)=CN4C)=O)=N2.OC(C(F)(F)F)=O.OC(C(F)(F)F)=O,COc1ccc(C(=N)Nc2cc(C(=O)Nc3nc(C(=O)NCCN4CCOCC4)c(CCc4ccccc4)s3)n(C)c2)cc1,CO-ADD:0137610,ATCC 25922,99.14,32 ug/mL,1.0
144684,N1(c2ccc(cc2)Cl)C(=O)\C(\C(C)=N1)=C\NNC(=O)c3ccccc3O,Cc1[nH]n(-c2ccc(Cl)cc2)c(=O)c1C=NNC(=O)c1ccccc1O,CO-ADD:0215140,ATCC 25922,35.99,32 ug/mL,0.0
144685,C(=C/NNc1cccc(Cl)c1)(/C(=O)NC(N2)=S)\C2=O,O=c1[nH]c(=S)[nH]c(O)c1C=NNc1cccc(Cl)c1,CO-ADD:0215110,ATCC 25922,6.68,32 ug/mL,0.0
144693,Cc1onc(c1C(=O)N[C@H]1[C@H]2SC(C)(C)[C@@H](N2C1=O)C([O-])=O)-c1c(Cl)cccc1Cl.[Na+],Cc1onc(-c2c(Cl)cccc2Cl)c1C(=O)NC1C(=O)N2C(C(=O)O)C(C)(C)S[C@H]12,CO-ADD:0164517,ATCC 25922,4.51,20 uM,0.0
144696,CN1C=C(NC(C2=CC(NC(C3=CC=C(/C=C/C4=CC=C(OC)C=C4)C=C3)=O)=CN2C)=O)C=C1C(NCCN5CCC(OCCOC)CC5)=O.S(O)(O)(=O)=O,COCCOC1CCN(CCNC(=O)c2cc(NC(=O)c3cc(NC(=O)c4ccc(/C=C/c5ccc(OC)cc5)cc4)cn3C)cn2C)CC1,CO-ADD:0137588,ATCC 25922,4.91,32 ug/mL,0.0
144700,[N+](=O)([O-])c(cccc1C(=O)N\N=C\C=C(/O)\c2ccc(cc2)Br)c1,O=C(CC=NNC(=O)c1cccc([N+](=O)[O-])c1)c1ccc(Br)cc1,CO-ADD:0219615,ATCC 25922,21.11,32 ug/mL,0.0
144711,c1(c(Br)cc(cc1\C=N\NC(c(cc2)ccn2)=O)Br)OC(=O)c3cccc(C)c3,Cc1cccc(C(=O)Oc2c(Br)cc(Br)cc2/C=N/NC(=O)c2ccncc2)c1,CO-ADD:0222423,ATCC 25922,18.85,32 ug/mL,0.0
144713,C(=O)(c1ccc(cc1)Cl)Oc2ccccc2\C=N\c(cc3)ccc3\N=C\c4ccccc4OC(=O)c5ccc(cc5)Cl,O=C(Oc1ccccc1/C=N/c1ccc(/N=C/c2ccccc2OC(=O)c2ccc(Cl)cc2)cc1)c1ccc(Cl)cc1,CO-ADD:0219770,ATCC 25922,4.54,32 ug/mL,0.0
144715,O=C(NCCN1CCOCC1)C2=C(CCC3=CC=CC=C3)SC(NC(C4=CC(NC(C5=CC(OC)=CC=C5)=N)=CN4C)=O)=N2.OC(C(F)(F)F)=O.OC(C(F)(F)F)=O,COc1cccc(C(=N)Nc2cc(C(=O)Nc3nc(C(=O)NCCN4CCOCC4)c(CCc4ccccc4)s3)n(C)c2)c1,CO-ADD:0137583,ATCC 25922,100.58,32 ug/mL,1.0
144800,[n+]([O-])(c(cc(C)cc1)c12)c(C(C)=O)c([n+]2[O-])C,CC(=O)c1c(C)[n+]([O-])c2ccc(C)cc2[n+]1[O-],CO-ADD:0292556,ATCC 25922,81.69,32 ug/mL,1.0
144811,c1(nonc1N)[N+](=O)[O-],Nc1nonc1[N+](=O)[O-],CO-ADD:0290446,ATCC 25922,99.21,32 ug/mL,1.0
144826,c1(c2ccc(cc2)NC(=O)\C(=C\c3ccccc3)\NC(c4ccccc4)=O)sc5c(ccc(C)c5)n1,Cc1ccc2nc(-c3ccc(NC(=O)C(Cc4ccccc4)=NC(=O)c4ccccc4)cc3)sc2c1,CO-ADD:0286076,ATCC 25922,10.58,32 ug/mL,0.0
144841,c1(cc(Br)ccc1NC(COc2ccccc2Cl)=O)C(O)=O,O=C(COc1ccccc1Cl)Nc1ccc(Br)cc1C(=O)O,CO-ADD:0302071,ATCC 25922,7.71,32 ug/mL,0.0
144842,S1C(C)(CC(=O)Nc2ccccc2)NN=C1c3ccc(cc3)C,Cc1ccc(C2=NNC(C)(CC(=O)Nc3ccccc3)S2)cc1,CO-ADD:0301953,ATCC 25922,2.41,32 ug/mL,0.0
144889,c1(NN)nncn1N.Cl,NNc1nncn1N,CO-ADD:0304696,ATCC 25922,-1.96,32 ug/mL,0.0
144932,c1(NC(CCCCC)=O)sc(c2c1C(N)=O)CCCC2,CCCCCC(=O)Nc1sc2c(c1C(N)=O)CCCC2,CO-ADD:0217869,ATCC 25922,-14.4,32 ug/mL,0.0
144936,C1(Br)(C(C)(C)ON=C1c2ccccc2)[N+](=O)[O-],CC1(C)ON=C(c2ccccc2)C1(Br)[N+](=O)[O-],CO-ADD:0233666,ATCC 25922,5.61,32 ug/mL,0.0
144960,C(COC)(=O)N\N=C\c(cc1)ccc1OC\C=C\Cl,COCC(=O)N/N=C/c1ccc(OC/C=C/Cl)cc1,CO-ADD:0222726,ATCC 25922,6.02,32 ug/mL,0.0
144961,n(c(NCCC)nc(n1)Cl)c1NCc(cccn2)c2,CCCNc1nc(Cl)nc(NCc2cccnc2)n1,CO-ADD:0230981,ATCC 25922,9.42,32 ug/mL,0.0
145013,N(C(=O)\C(\S1)=C\c(cc2)ccc2OCc3ccccc3)=C1N(CC4)CCN4CC,CCN1CCN(C2=NC(=O)/C(=C/c3ccc(OCc4ccccc4)cc3)S2)CC1,CO-ADD:0311914,ATCC 25922,4.45,32 ug/mL,0.0
145159,c1(cc(C=O)cc(OCC)c1O)[N+](=O)[O-],CCOc1cc(C=O)cc([N+](=O)[O-])c1O,CO-ADD:0307388,ATCC 25922,3.52,32 ug/mL,0.0
145206,c1(N\N=C\c(cc2)ccc2N(C)C)[nH]nnn1,CN(C)c1ccc(/C=N/Nc2nn[nH]n2)cc1,CO-ADD:0219103,ATCC 25922,7.69,32 ug/mL,0.0
145211,[N+](=O)([O-])c(c1)cc(c(O)c1\C=N\NC(COc(cc2)ccc2Cl)=O)Br,O=C(COc1ccc(Cl)cc1)NN=Cc1cc([N+](=O)[O-])cc(Br)c1O,CO-ADD:0234602,ATCC 25922,19.38,32 ug/mL,0.0
145229,c(cc(Cl)cc1Cl)(\C=N\c2c(O)ccc(Cl)c2)c1O,Oc1ccc(Cl)cc1N=Cc1cc(Cl)cc(Cl)c1O,CO-ADD:0222220,ATCC 25922,21.46,32 ug/mL,0.0
145251,N1(c2ccc(cc2)C)C(=O)\C(\C(C)=N1)=C/NNc(cc3)ccc3C,Cc1ccc(NN=Cc2c(C)[nH]n(-c3ccc(C)cc3)c2=O)cc1,CO-ADD:0229504,ATCC 25922,23.24,32 ug/mL,0.0
145257,[N+](=O)([O-])c1ccc(cc1NCCOc2ccccc2C)N3CCNC(C)C3,Cc1ccccc1OCCNc1cc(N2CCNC(C)C2)ccc1[N+](=O)[O-],CO-ADD:0233001,ATCC 25922,36.53,32 ug/mL,0.0
145262,c1(\C=N\NC(CNc2ccccc2C)=O)cc(Cl)ccc1O,Cc1ccccc1NCC(=O)NN=Cc1cc(Cl)ccc1O,CO-ADD:0220791,ATCC 25922,22.56,32 ug/mL,0.0
145266,c1(ccccc1N(C)C)C(=O)\C=C/c2ccccc2,CN(C)c1ccccc1C(=O)/C=C\c1ccccc1,CO-ADD:0221664,ATCC 25922,14.5,32 ug/mL,0.0
145279,c1(\C=N\NC(CNC(=O)C(c2ccccc2)c3ccccc3)=O)c(cc(cc1[N+](=O)[O-])[N+](=O)[O-])[N+](=O)[O-],O=C(CNC(=O)C(c1ccccc1)c1ccccc1)N/N=C/c1c([N+](=O)[O-])cc([N+](=O)[O-])cc1[N+](=O)[O-],CO-ADD:0222527,ATCC 25922,11.03,32 ug/mL,0.0
145294,NNC1=NC2=NON=C2N=C1NN,NNc1nc2nonc2nc1NN,CO-ADD:0154890,ATCC 25922,25.2,32 ug/mL,0.0
145310,C(=O)(NCC(=O)N\N=C/c1ccccc1\C=N\NC(CNC(=O)c2ccc(c(OC)c2)OC)=O)c3ccc(c(OC)c3)OC,COc1ccc(C(=O)NCC(=O)N/N=C\c2ccccc2/C=N/NC(=O)CNC(=O)c2ccc(OC)c(OC)c2)cc1OC,CO-ADD:0162976,ATCC 25922,10.6,32 ug/mL,0.0
145327,c1(sc(c2n1)cccc2)Sc3ccc(\C=N\c(ccc(c45)cccc4)c5)o3,C(=N/c1ccc2ccccc2c1)\c1ccc(Sc2nc3ccccc3s2)o1,CO-ADD:0166302,ATCC 25922,2.68,80 ug/mL,0.0
145329,O=C1OC(C=C2OCC(NC3=NC(C4=CC=C(Br)C=C4)=CS3)=O)=C(C=C2)C(C)=C1,Cc1cc(=O)oc2cc(OCC(=O)Nc3nc(-c4ccc(Br)cc4)cs3)ccc12,CO-ADD:0157987,ATCC 25922,10.09,32 ug/mL,0.0
145399,C(=O)(Oc(cc1)ccc1\C=N\Nc2ccccc2)Cc3cccc(cccc4)c34,O=C(Cc1cccc2ccccc12)Oc1ccc(/C=N/Nc2ccccc2)cc1,CO-ADD:0165947,ATCC 25922,5.2,80 ug/mL,0.0
145417,N1(CNc(cc2)ccc2OC)C(=O)\C(\SC1=S)=C/c3ccc(C)o3,COc1ccc(NCN2C(=O)/C(=C\c3ccc(C)o3)SC2=S)cc1,CO-ADD:0217008,ATCC 25922,11.47,32 ug/mL,0.0
145419,C(=O)(N\N=C\c(ccc(c1C)C)c1)C(=O)Nc2ccc(cc2C)Cl,Cc1ccc(C=NNC(=O)C(=O)Nc2ccc(Cl)cc2C)cc1C,CO-ADD:0214968,ATCC 25922,4.26,32 ug/mL,0.0
145553,n1nnc(N=Nc2ccc3c(cccc3)c2O)n1[H],Oc1c(N=Nc2nn[nH]n2)ccc2ccccc12,CO-ADD:0136127,ATCC 25922,-3.48,25 uM,0.0
145563,C#CCNC(C(C#N)=C1C2=CC=CC=C2)=NC(NCCCCC3CCN(CC4=CC=CC=C4)CC3)=C1C#N,C#CCNc1nc(NCCCCC2CCN(Cc3ccccc3)CC2)c(C#N)c(-c2ccccc2)c1C#N,CO-ADD:0149661,ATCC 25922,-13.75,32 ug/mL,0.0
145564,c1c(nc2c(CN3C2=CC4=C(COC(=O)[C@@]4(CC)O)C3=O)c5)c5c(NC(CN)=O)cc1.Cl,CC[C@@]1(O)C(=O)OCc2c1cc1n(c2=O)Cc2cc3c(NC(=O)CN)cccc3nc2-1,CO-ADD:0137155,ATCC 25922,12.29,25 uM,0.0
145574,c1(O)c2c(ccc1C)ccc(C#N)c2,Cc1ccc2ccc(C#N)cc2c1O,CO-ADD:0135745,ATCC 25922,3.35,25 uM,0.0
145709,c1(c2[nH]c(NC(=O)OC)n1)ccc(SCCC)c2,CCCSc1ccc2[nH]c(NC(=O)OC)nc2c1,CO-ADD:0149523,ATCC 25922,-5.43,32 ug/mL,0.0
145714,CC1=C(C(C2=CC=C(Cl)C=C2)C(C#N)=C(N)O1)C(OCC)=O,CCOC(=O)C1=C(C)OC(=N)C(C#N)C1c1ccc(Cl)cc1,CO-ADD:0149814,ATCC 25922,-9.22,32 ug/mL,0.0
145859,c1c(C=[N+](CCO)/[O-])oc([N+](=O)[O-])c1,O=[N+]([O-])c1ccc(C=[N+]([O-])CCO)o1,CO-ADD:0135797,ATCC 25922,101.33,25 uM,1.0
145863,c1ccc(C(=O)C2=C(C(C)OC(CC(O)=O)C2)C3=O)c3c1O,CC1OC(CC(=O)O)C=C2C(=O)c3cccc(O)c3C(=O)C21,CO-ADD:0137244,ATCC 25922,-10.95,25 uM,0.0
145869,c1(N)nc2c(c3c(n(cc3)[H])cc2)c(N)n1,Nc1nc(N)c2c(ccc3[nH]ccc32)n1,CO-ADD:0135806,ATCC 25922,51.0,25 uM,0.0
145875,O=C(c1c(c(oc1)C(C2=C3[C@H](OC(C)=O)C[C@@](C(=O)CC4)(C)[C@]24[H])=O)[C@]3(C)[C@H]5COC)O5,COC[C@H]1OC(=O)c2coc3c2[C@@]1(C)C1=C(C3=O)[C@@H]2CCC(=O)[C@@]2(C)C[C@H]1OC(C)=O,CO-ADD:0137238,ATCC 25922,3.24,25 uM,0.0
145931,O=C(/C=C/C(C=C1)=CC=C1Br)OC2=CC=CC=C2/C=N\C(C=C3)=CC=C3C,Cc1ccc(/N=C\c2ccccc2OC(=O)/C=C/c2ccc(Br)cc2)cc1,CO-ADD:0158078,ATCC 25922,23.76,32 ug/mL,0.0
146079,C(=O)(Oc(cc1)ccc1\C=N\c(cc2)ccc2I)c3ccccc3Cl,O=C(Oc1ccc(/C=N/c2ccc(I)cc2)cc1)c1ccccc1Cl,CO-ADD:0244279,ATCC 25922,6.15,32 ug/mL,0.0
146217,N1(CNc(cccc2[N+](=O)[O-])c2)C(=O)\C(\SC1=O)=C/c3ccccc3F,O=C1S/C(=C/c2ccccc2F)C(=O)N1CNc1cccc([N+](=O)[O-])c1,CO-ADD:0245962,ATCC 25922,7.48,32 ug/mL,0.0
146251,C(=O)(Oc1cccc(c1)\C=N\NC(CNC(=O)c2cccc(OC)c2)=O)c3cccs3,COc1cccc(C(=O)NCC(=O)N/N=C/c2cccc(OC(=O)c3cccs3)c2)c1,CO-ADD:0241934,ATCC 25922,3.98,32 ug/mL,0.0
146265,c(ccc(c1Cl)Cl)(C(CCNc2ccccc2Br)=O)c1,O=C(CCNc1ccccc1Br)c1ccc(Cl)c(Cl)c1,CO-ADD:0240707,ATCC 25922,3.36,32 ug/mL,0.0
146280,n1c(c2ccc(cc2)OC)csc1N,COc1ccc(-c2csc(N)n2)cc1,CO-ADD:0222967,ATCC 25922,16.86,32 ug/mL,0.0
146282,C(F)(F)(C(=O)N\N=C\CCC\C=N/NC(=O)C(F)(F)C(F)(F)C(F)(F)F)C(F)(F)C(F)(F)F,O=C(N/N=C\CCC/C=N/NC(=O)C(F)(F)C(F)(F)C(F)(F)F)C(F)(F)C(F)(F)C(F)(F)F,CO-ADD:0230880,ATCC 25922,9.24,32 ug/mL,0.0
146360,[N+](=O)([O-])c(ccc(c1\C=N\NC(COc2cc(C)ccc2C(C)C)=O)OC(C)=O)c1,CC(=O)Oc1ccc([N+](=O)[O-])cc1/C=N/NC(=O)COc1cc(C)ccc1C(C)C,CO-ADD:0223706,ATCC 25922,15.91,32 ug/mL,0.0
146430,[N+](=O)([O-])c1cccc(\C=N\NC(COc2ccccc2C#N)=O)c1O,N#Cc1ccccc1OCC(=O)NN=Cc1cccc([N+](=O)[O-])c1O,CO-ADD:0235953,ATCC 25922,14.85,32 ug/mL,0.0
146435,C(c1ccccc1NC(=O)\C=C/C(O)=O)#Cc2ccccc2,O=C(O)/C=C\C(=O)Nc1ccccc1C#Cc1ccccc1,CO-ADD:0235507,ATCC 25922,-1.35,32 ug/mL,0.0
146452,S(=O)(=O)(c1ccc(cc1)\N=C\c(ccc(c2OC)OC)c2)Nc3cc(OC)nc(OC)n3,COc1cc(NS(=O)(=O)c2ccc(/N=C/c3ccc(OC)c(OC)c3)cc2)nc(OC)n1,CO-ADD:0223595,ATCC 25922,40.7,32 ug/mL,0.0
146456,C(=O)(c1ccc(cc1)F)Nc(cc2)ccc2OCCCC,CCCCOc1ccc(NC(=O)c2ccc(F)cc2)cc1,CO-ADD:0222863,ATCC 25922,5.04,32 ug/mL,0.0
146551,[n+]1([O-])onc(c(nnc2c3nonc3[N+](=O)[O-])o2)c1O,O=[N+]([O-])c1nonc1-c1nnc(-c2no[n+]([O-])c2O)o1,CO-ADD:0294881,ATCC 25922,43.51,32 ug/mL,0.0
146556,c(cc(C(C)CCCCCC)cc1[N+](=O)[O-])([N+](=O)[O-])c1OC(=O)\C=C\C,C/C=C/C(=O)Oc1c([N+](=O)[O-])cc(C(C)CCCCCC)cc1[N+](=O)[O-],CO-ADD:0290680,ATCC 25922,5.15,32 ug/mL,0.0
146560,c1(ccc(\C=C\C(=O)n2cccn2)o1)[N+](=O)[O-],O=C(/C=C/c1ccc([N+](=O)[O-])o1)n1cccn1,CO-ADD:0295436,ATCC 25922,17.78,32 ug/mL,0.0
146579,c1(c2ccc(cc2)C)ccc(\C=C(/C=CC3=O)\O3)o1,Cc1ccc(-c2ccc(/C=C3\C=CC(=O)O3)o2)cc1,CO-ADD:0229946,ATCC 25922,4.39,32 ug/mL,0.0
146585,c1(ccccc1NC(=O)c2ccco2)C(=O)N\N=C\c3ccccc3O,O=C(Nc1ccccc1C(=O)NN=Cc1ccccc1O)c1ccco1,CO-ADD:0223037,ATCC 25922,23.95,32 ug/mL,0.0
146608,c(\C=N\NC(=O)C(O)c1ccccc1)(cc(I)cc2I)c2O,O=C(NN=Cc1cc(I)cc(I)c1O)C(O)c1ccccc1,CO-ADD:0232064,ATCC 25922,30.76,32 ug/mL,0.0
146621,n1c(N)[nH]nc1c(c2)cc(cc2[N+](=O)[O-])[N+](=O)[O-],Nc1n[nH]c(-c2cc([N+](=O)[O-])cc([N+](=O)[O-])c2)n1,CO-ADD:0232607,ATCC 25922,10.06,32 ug/mL,0.0
146631,N(=C\c(cc1)ccc1OCc2ccccc2)/c3ccc(cc3O)C,Cc1ccc(/N=C/c2ccc(OCc3ccccc3)cc2)c(O)c1,CO-ADD:0235212,ATCC 25922,8.86,32 ug/mL,0.0
146632,[N+](=O)([O-])c(cc1\C=N\NC(c(cc2)ccn2)=O)cc(c1OC(=O)c3ccc(cc3)Br)Br,O=C(N/N=C/c1cc([N+](=O)[O-])cc(Br)c1OC(=O)c1ccc(Br)cc1)c1ccncc1,CO-ADD:0232006,ATCC 25922,10.35,32 ug/mL,0.0
146651,C1(=S)N(c2ccccc2)C(=O)\C(\C(=O)N1c3ccccc3)=C\c(cc4I)cc(c4O)I,O=C1C(=Cc2cc(I)c(O)c(I)c2)C(=O)N(c2ccccc2)C(=S)N1c1ccccc1,CO-ADD:0255994,ATCC 25922,-1.34,32 ug/mL,0.0
146716,N1(c2cccc(cccc3)c23)C(=O)CC(N(CC4)CCN4C(c5ccccc5)c6ccccc6)C1=O,Oc1cc(N2CCN(C(c3ccccc3)c3ccccc3)CC2)c(O)n1-c1cccc2ccccc12,CO-ADD:0258578,ATCC 25922,7.2,32 ug/mL,0.0
146737,[N+](=O)([O-])c1cccc(c1)\C=N\c(cc2)ccc2I,O=[N+]([O-])c1cccc(/C=N/c2ccc(I)cc2)c1,CO-ADD:0249475,ATCC 25922,0.95,32 ug/mL,0.0
146791,C(/S(CC)(=O)=O)(\S(CC)(=O)=O)=C(/Nc(cc1)ccc1CC)\Nc(cc2)ccc2CC,CCc1ccc(N=C(Nc2ccc(CC)cc2)C(S(=O)(=O)CC)S(=O)(=O)CC)cc1,CO-ADD:0290472,ATCC 25922,11.74,32 ug/mL,0.0
146822,c(cccc1NC(=O)C(=S)N\N=C\c2ccc([N+](=O)[O-])o2)c1C,Cc1ccccc1NC(=O)C(=S)N/N=C/c1ccc([N+](=O)[O-])o1,CO-ADD:0288718,ATCC 25922,21.28,32 ug/mL,0.0
146857,N12c(c(C3C(CC=C3)C1)c(C)cc4C)c4C5C(CC=C5)C2C(O)=O,Cc1cc(C)c2c3c1C1C=CCC1CN3C(C(=O)O)C1CC=CC21,CO-ADD:0285795,ATCC 25922,-39.01,32 ug/mL,0.0
146924,c1(conc1C(=O)c(cc2)ccc2[N+](=O)[O-])C(=O)c3cccs3,O=C(c1cccs1)c1conc1C(=O)c1ccc([N+](=O)[O-])cc1,CO-ADD:0306196,ATCC 25922,9.04,32 ug/mL,0.0
146933,c1(c(ccc(c1)n2c(C)ccc2C)N(CC3)CCN3)[N+](=O)[O-],Cc1ccc(C)n1-c1ccc(N2CCNCC2)c([N+](=O)[O-])c1,CO-ADD:0300727,ATCC 25922,1.77,32 ug/mL,0.0
147135,N1(c2c(cccc2)Sc(ccc(c3)C(F)(F)F)c13)C(=O)C(c4ccccc4)OC(C)=O,CC(=O)OC(C(=O)N1c2ccccc2Sc2ccc(C(F)(F)F)cc21)c1ccccc1,CO-ADD:0331496,ATCC 25922,-1.73,32 ug/mL,0.0
147178,N(N)c(cc1)ccc1Br.Cl,NNc1ccc(Br)cc1,CO-ADD:0304886,ATCC 25922,11.51,32 ug/mL,0.0
147271,COc1cccc(c1)n2nnnc2S(=O)(=O)Cc3ccccc3,COc1cccc(-n2nnnc2S(=O)(=O)Cc2ccccc2)c1,CO-ADD:0237089,ATCC 25922,10.35,20 uM,0.0
147366,c1(n[nH]cn1)NC(=O)c(cccc2[N+](=O)[O-])c2,O=C(Nc1nc[nH]n1)c1cccc([N+](=O)[O-])c1,CO-ADD:0222698,ATCC 25922,-2.27,32 ug/mL,0.0
147369,[N+](=O)([O-])c(cc1)ccc1C(=O)Oc2ccccc2\C=N\NC(COc3cccc(Br)c3)=O,O=C(COc1cccc(Br)c1)N/N=C/c1ccccc1OC(=O)c1ccc([N+](=O)[O-])cc1,CO-ADD:0220429,ATCC 25922,1.07,32 ug/mL,0.0
147377,c1(O)c(O)ccc(\C=N\NC(COc2ccc(cc2OC)Br)=O)c1O,COc1cc(Br)ccc1OCC(=O)NN=Cc1ccc(O)c(O)c1O,CO-ADD:0221002,ATCC 25922,22.28,32 ug/mL,0.0
147392,c1(cc(Cl)ccc1O)C(=O)Nc(cc2)cc(c2Oc(ccc(c3n4)ns4)c3)Cl,O=C(Nc1ccc(Oc2ccc3nsnc3c2)c(Cl)c1)c1cc(Cl)ccc1O,CO-ADD:0221348,ATCC 25922,8.14,32 ug/mL,0.0
147394,[N+](=O)([O-])c(cc1)cc(c1C(=O)Nc(cccn2)c2)Cl,O=C(Nc1cccnc1)c1ccc([N+](=O)[O-])cc1Cl,CO-ADD:0221090,ATCC 25922,9.32,32 ug/mL,0.0
147401,OCC(C)(C)[C@@H](O)C(NCC(C)C(NCCC1=CC=CC=C1)=O)=O,CC(CNC(=O)C(O)C(C)(C)CO)C(=O)NCCc1ccccc1,CO-ADD:0237021,ATCC 25922,-6.05,32 ug/mL,0.0
147410,[N+](=O)([O-])c1ccc(cc1NCCOc2ccccc2)N(CC3C)CC(N3)C,CC1CN(c2ccc([N+](=O)[O-])c(NCCOc3ccccc3)c2)CC(C)N1,CO-ADD:0233000,ATCC 25922,15.08,32 ug/mL,0.0
147432,[N+](=O)([O-])c1c(Cl)ccc(c1)C(=O)Nc(ccc(c2C(F)(F)F)Cl)c2,O=C(Nc1ccc(Cl)c(C(F)(F)F)c1)c1ccc(Cl)c([N+](=O)[O-])c1,CO-ADD:0166245,ATCC 25922,10.44,80 ug/mL,0.0
147438,C(COc1ccc(cc1OC)Br)(=O)N\N=C\c(cc2)ccc2Br,COc1cc(Br)ccc1OCC(=O)N/N=C/c1ccc(Br)cc1,CO-ADD:0221000,ATCC 25922,-0.39,32 ug/mL,0.0
147442,[N+](=O)([O-])c(cc1)ccc1C(=O)Oc(cccc2NC(=O)c3cccc(OC)c3)c2,COc1cccc(C(=O)Nc2cccc(OC(=O)c3ccc([N+](=O)[O-])cc3)c2)c1,CO-ADD:0222002,ATCC 25922,9.36,32 ug/mL,0.0
147443,[N+](=O)([O-])c1cc(ccc1Cl)\C=N\c(cc2)ccc2Cl,O=[N+]([O-])c1cc(/C=N/c2ccc(Cl)cc2)ccc1Cl,CO-ADD:0222392,ATCC 25922,5.33,32 ug/mL,0.0
147461,S(=O)(=O)(c1ccc(cc1)NC(CCl)=O)Nc2ncccn2,O=C(CCl)Nc1ccc(S(=O)(=O)Nc2ncccn2)cc1,CO-ADD:0233679,ATCC 25922,52.68,32 ug/mL,0.0
147466,c1(c(O)cc(c(Cl)c1C)C)\C=N\c(ccc(c2C(O)=O)O)c2,Cc1cc(O)c(C=Nc2ccc(O)c(C(=O)O)c2)c(C)c1Cl,CO-ADD:0222356,ATCC 25922,6.3,32 ug/mL,0.0
147474,c1(c(C)nn2c3ccccc3)c2OC(=C(C#N)C14c5c(NC4=O)ccc(F)c5)N.[Na+],Cc1nn(-c2ccccc2)c2c1C1(C(=O)Nc3ccc(F)cc31)C(C#N)C(=N)O2,CO-ADD:0227110,ATCC 25922,16.85,32 ug/mL,0.0
147475,[P+](c1ccccc1)(c2ccccc2)(c3ccccc3)Cc4cccc(N)c4.[I-],Nc1cccc(C[P+](c2ccccc2)(c2ccccc2)c2ccccc2)c1,CO-ADD:0233685,ATCC 25922,5.1,32 ug/mL,0.0
147482,c1(O)c(Br)c(\C=N\NC(Cc2ccccc2)=O)cc(Br)c1O,O=C(Cc1ccccc1)NN=Cc1cc(Br)c(O)c(O)c1Br,CO-ADD:0219638,ATCC 25922,8.83,32 ug/mL,0.0
147485,CCOC(C1=CC=[N+]([Pt]2(C)([N+]3=C(C4=CC=C3)C5=C(C6=C4N=C7C=CC=CC7=N6)C=CC=[N+]52)(C)C)C=C1)=O.F[P-](F)(F)(F)(F)F,c1ccc2nc3c4cccnc4c4ncccc4c3nc2c1,CO-ADD:0147070,ATCC 25922,14.24,32 ug/mL,0.0
147489,[se]1c2c(NC(=O)CC2c3c(OC)c(OC)c(OCO4)c4c3)nc1N,COc1c(C2CC(=O)Nc3nc(N)[se]c32)cc2c(c1OC)OCO2,CO-ADD:0148642,ATCC 25922,-8.35,32 ug/mL,0.0
147505,[se]1c2c(NC(=O)CC2c3c(OC)c(OC)c(OCO4)c4c3)nc1N,COc1c(C2CC(=O)Nc3nc(N)[se]c32)cc2c(c1OC)OCO2,CO-ADD:0148642,ATCC 25922,-4.75,32 ug/mL,0.0
147752,CN1C=C(NC(C2=CC(NC(C3=CC=C(Cl)C=C3Cl)=O)=CN2C)=O)C=C1C(NC4=CN(C)C(C(NCCCN5CCOCC5)=O)=C4)=O.OC(C(F)(F)F)=O,Cn1cc(NC(=O)c2cc(NC(=O)c3cc(NC(=O)c4ccc(Cl)cc4Cl)cn3C)cn2C)cc1C(=O)NCCCN1CCOCC1,CO-ADD:0153087,ATCC 25922,-11.45,32 ug/mL,0.0
147777,C1(C2=O)C(C(C=C3)OC13CNC(=O)c4cc(OC)cc(OC)c4)C(N2c(cc5)ccc5[N+](=O)[O-])=O,COc1cc(OC)cc(C(=O)NCC23C=CC(O2)c2c3c(O)n(-c3ccc([N+](=O)[O-])cc3)c2O)c1,CO-ADD:0241138,ATCC 25922,7.52,32 ug/mL,0.0
147781,c(non1)(nc(Nc2ccccc2F)c(n3)Nc4ccccc4F)c13,Fc1ccccc1Nc1nc2nonc2nc1Nc1ccccc1F,CO-ADD:0240524,ATCC 25922,6.75,32 ug/mL,0.0
147791,n1(nc(cc1O)NC(=O)c2cccc(N)c2)c3c(Cl)cc(cc3Cl)Cl,Nc1cccc(C(=O)Nc2cc(=O)n(-c3c(Cl)cc(Cl)cc3Cl)[nH]2)c1,CO-ADD:0241018,ATCC 25922,8.02,32 ug/mL,0.0
147810,c1(c2ccco2)c(C#N)c(oc1c3ccoc3)\N=C\c(cc(Br)cc4Br)c4O,N#Cc1c(N=Cc2cc(Br)cc(Br)c2O)oc(-c2ccoc2)c1-c1ccco1,CO-ADD:0240171,ATCC 25922,11.43,32 ug/mL,0.0
147812,C12(c3c(NC1=O)ccc(Cl)c3)C(C#N)=C(N)OC(C)=C2C(OC)=O,COC(=O)C1=C(C)OC(=N)C(C#N)C12C(=O)Nc1ccc(Cl)cc12,CO-ADD:0228503,ATCC 25922,4.72,32 ug/mL,0.0
147819,c(cc(C)c(c1Br)C)(\C=N\c2cc(CC)ccc2O)c1O,CCc1ccc(O)c(N=Cc2cc(C)c(C)c(Br)c2O)c1,CO-ADD:0228047,ATCC 25922,14.0,32 ug/mL,0.0
147827,N1(c2ccc(cc2)OCC)C(=O)CC(N(C)Cc3ccccc3)C1=O,CCOc1ccc(-n2c(O)cc(N(C)Cc3ccccc3)c2O)cc1,CO-ADD:0228561,ATCC 25922,3.06,32 ug/mL,0.0
147843,n1(cc2)c(c(n2)CCC3)c3c4c1ccc(c4)C5CCCCC5,c1cn2c3c(n1)CCCc3c1cc(C3CCCCC3)ccc12,CO-ADD:0232317,ATCC 25922,0.43,32 ug/mL,0.0
147876,O=C1/C(N=C(C2=CC=CC(Cl)=C2)O1)=C/C(C)=C/C3=CC=CC=C3,CC(/C=C1\N=C(c2cccc(Cl)c2)OC1=O)=C\c1ccccc1,CO-ADD:0157844,ATCC 25922,8.03,32 ug/mL,0.0
147881,N1(c2cccc(cccc3)c23)C(=O)CC(N(CC4)CCO4)C1=O,Oc1cc(N2CCOCC2)c(O)n1-c1cccc2ccccc12,CO-ADD:0230843,ATCC 25922,-0.83,32 ug/mL,0.0
147945,CN1C=C(NC(C2=CC(NC(C3=CC=C(/C=C/C4=CC(OC)=CC=C4)C=C3)=O)=CN2C)=O)C=C1C(NCCN5CCC(O)CC5)=O.OC(C(F)(F)F)=O,COc1cccc(/C=C/c2ccc(C(=O)Nc3cc(C(=O)Nc4cc(C(=O)NCCN5CCC(O)CC5)n(C)c4)n(C)c3)cc2)c1,CO-ADD:0137586,ATCC 25922,99.71,32 ug/mL,1.0
147959,N1(c(cc2)ccc2C(OCC)=O)C(=O)CC(N(CC3)CCC3C(OCC)=O)C1=O,CCOC(=O)c1ccc(-n2c(O)cc(N3CCC(C(=O)OCC)CC3)c2O)cc1,CO-ADD:0286486,ATCC 25922,11.52,32 ug/mL,0.0
148010,c1(cc(F)c(cc1N(CC2)CCN2C(=O)c3ccc(c(F)c3)F)N4CCCCC4)[N+](=O)[O-],O=C(c1ccc(F)c(F)c1)N1CCN(c2cc(N3CCCCC3)c(F)cc2[N+](=O)[O-])CC1,CO-ADD:0292818,ATCC 25922,5.84,32 ug/mL,0.0
148023,N1(c2ccccc2)C(=O)CC(N(CC3)CCN3CCN\C=C(\C(=O)C4)/C(=O)CC4(C)C)C1=O,CC1(C)CC(=O)C(C=NCCN2CCN(c3cc(O)n(-c4ccccc4)c3O)CC2)C(=O)C1,CO-ADD:0258951,ATCC 25922,8.95,32 ug/mL,0.0
148060,N1(c2ccccc2)C(=O)CC(N3CC(C)CC(C)C3)C1=O,CC1CC(C)CN(c2cc(O)n(-c3ccccc3)c2O)C1,CO-ADD:0278917,ATCC 25922,7.48,32 ug/mL,0.0
148090,N1(c2ccc(c(Cl)c2)Cl)C(=O)C(CC1=O)SCC(N)C(OCC)=O.Cl,CCOC(=O)C(N)CSc1cc(O)n(-c2ccc(Cl)c(Cl)c2)c1O,CO-ADD:0285218,ATCC 25922,10.84,32 ug/mL,0.0
148093,C(=N)(NNc1ccccc1)C(N)=O,N=C(NNc1ccccc1)C(N)=O,CO-ADD:0301120,ATCC 25922,-7.11,32 ug/mL,0.0
148127,c12c(nnc(SCC(=O)Nc3sc(c(CCN4C)c3C(OCC)=O)C4)n1)c5c(cccc5)n2CCc6ccccc6,CCOC(=O)c1c(NC(=O)CSc2nnc3c4ccccc4n(CCc4ccccc4)c3n2)sc2c1CCN(C)C2,CO-ADD:0293499,ATCC 25922,-2.53,32 ug/mL,0.0
148157,C(=C/c1c(O)ccc(cccc2)c12)(/C(=O)N(C)C(N3C)=O)\C3=O,CN1C(=O)C(=Cc2c(O)ccc3ccccc23)C(=O)N(C)C1=O,CO-ADD:0303653,ATCC 25922,6.63,32 ug/mL,0.0
148160,O=C(S/1)N(CNC2=CC=C(C(Cl)=C2)C)C(C1=C/C3=CC=CC=C3)=O,Cc1ccc(NCN2C(=O)S/C(=C/c3ccccc3)C2=O)cc1Cl,CO-ADD:0158657,ATCC 25922,29.75,32 ug/mL,0.0
148183,C(=O)(Oc(cc1)ccc1\C=N\c(cc2)ccc2Cl)\C=C\C(=O)Oc(cc3)ccc3\C=N\c(cc4)ccc4Cl,O=C(/C=C/C(=O)Oc1ccc(/C=N/c2ccc(Cl)cc2)cc1)Oc1ccc(/C=N/c2ccc(Cl)cc2)cc1,CO-ADD:0163987,ATCC 25922,12.65,32 ug/mL,0.0
148184,O=C(N/N=C/C1=CC(I)=CC(I)=C1O)C2=NNC(C3=CC=CC=C3)(C4=CC=CC=C4)C2,O=C(NN=Cc1cc(I)cc(I)c1O)C1=NNC(c2ccccc2)(c2ccccc2)C1,CO-ADD:0160451,ATCC 25922,33.15,32 ug/mL,0.0
148288,[O-][N+](C1=CC=C(C(/C=N/NC(C(C=C2)=CC=C2NC(C3=CC=C(OC)C=C3)=O)=O)=C1)O)=O,COc1ccc(C(=O)Nc2ccc(C(=O)NN=Cc3cc([N+](=O)[O-])ccc3O)cc2)cc1,CO-ADD:0158370,ATCC 25922,16.49,32 ug/mL,0.0
148430,N(=Nc1ccccn1)c(ccc(N(C)C)c2)c2,CN(C)c1ccc(N=Nc2ccccn2)cc1,CO-ADD:0135839,ATCC 25922,6.17,25 uM,0.0
148454,c1(ccc(\C=N\c(cccc2[N+](=O)[O-])c2)s1)[N+](=O)[O-],O=[N+]([O-])c1cccc(/N=C/c2ccc([N+](=O)[O-])s2)c1,CO-ADD:0244211,ATCC 25922,61.29,32 ug/mL,0.0
148479,[N+](=O)([O-])c(cc(cc1[N+](=O)[O-])C(=O)Oc(cc2)ccc2C=O)c1,O=Cc1ccc(OC(=O)c2cc([N+](=O)[O-])cc([N+](=O)[O-])c2)cc1,CO-ADD:0244288,ATCC 25922,8.43,32 ug/mL,0.0
148480,N1(C(=O)CSC1=S)c(c2)cc(cc2[N+](=O)[O-])[N+](=O)[O-],O=[N+]([O-])c1cc(-n2c(O)csc2=S)cc([N+](=O)[O-])c1,CO-ADD:0244719,ATCC 25922,100.98,32 ug/mL,1.0
148484,N1(c2ccccc2OC)C(=O)CC(N(C)Cc3ccccc3)C1=O.Cl,COc1ccccc1-n1c(O)cc(N(C)Cc2ccccc2)c1O,CO-ADD:0241339,ATCC 25922,5.87,32 ug/mL,0.0
148500,C(/C(=O)c(cc1)ccc1[N+](=O)[O-])=C(/N(CC)CC)\C(C)(C)OC,CCN(CC)/C(=C\C(=O)c1ccc([N+](=O)[O-])cc1)C(C)(C)OC,CO-ADD:0250060,ATCC 25922,-9.21,32 ug/mL,0.0
148528,c1(c2ccc(c3c2)cccc3)oc4c(ccc(c4)\N=C\c(c(O)ccc5[N+](=O)[O-])c5)n1,O=[N+]([O-])c1ccc(O)c(C=Nc2ccc3nc(-c4ccc5ccccc5c4)oc3c2)c1,CO-ADD:0222207,ATCC 25922,18.2,32 ug/mL,0.0
148529,c1(c(Br)cc(cc1\C=N\NC(c(cc2)ccn2)=O)Br)OC(c3ccccc3)=O,O=C(N/N=C/c1cc(Br)cc(Br)c1OC(=O)c1ccccc1)c1ccncc1,CO-ADD:0222413,ATCC 25922,19.82,32 ug/mL,0.0
148531,c1(S(CC)(=O)=O)c(C(OC)=O)n2c(cccc2)c1S(CC)(=O)=O,CCS(=O)(=O)c1c(S(=O)(=O)CC)c2ccccn2c1C(=O)OC,CO-ADD:0229210,ATCC 25922,9.49,32 ug/mL,0.0
148542,[N+](=O)([O-])c1ccccc1N\N=C(/C2)\CCCC2,O=[N+]([O-])c1ccccc1NN=C1CCCCC1,CO-ADD:0218301,ATCC 25922,-15.88,32 ug/mL,0.0
148562,n1c(c(cc2)ccc2c3[nH]c(c(c(cc4)ccc4[N+](=O)[O-])n3)c5ccccc5)[nH]c(c6ccccc6)c1c(cc7)ccc7[N+](=O)[O-],O=[N+]([O-])c1ccc(-c2[nH]c(-c3ccc(-c4nc(-c5ccccc5)c(-c5ccc([N+](=O)[O-])cc5)[nH]4)cc3)nc2-c2ccccc2)cc1,CO-ADD:0227199,ATCC 25922,4.66,32 ug/mL,0.0
148637,c1(N(CC2)CCO2)nc(N\N=C\c3cccc(O)c3)nc(Nc(cc4)ccc4C)n1,Cc1ccc(Nc2nc(NN=Cc3cccc(O)c3)nc(N3CCOCC3)n2)cc1,CO-ADD:0220693,ATCC 25922,11.76,32 ug/mL,0.0
148647,N1(CC(CCC(OC)=O)=O)C(=O)c2c(cccc2)C1=O,COC(=O)CCC(=O)CN1C(=O)c2ccccc2C1=O,CO-ADD:0218183,ATCC 25922,-2.85,32 ug/mL,0.0
148663,[N+](=O)([O-])c1cccc(c1)\C=N\NC(=O)c(cc2)ccc2NC(=O)c3ccccc3Br,O=C(N/N=C/c1cccc([N+](=O)[O-])c1)c1ccc(NC(=O)c2ccccc2Br)cc1,CO-ADD:0219196,ATCC 25922,4.85,32 ug/mL,0.0
148709,N1(Cc2cc(sc2SCC)CC)C(=O)c(c3C1=O)cccc3,CCSc1sc(CC)cc1CN1C(=O)c2ccccc2C1=O,CO-ADD:0221209,ATCC 25922,4.49,32 ug/mL,0.0
148725,N1(Cc2cc(sc2SCC)CC)C(=O)c(c3C1=O)cccc3,CCSc1sc(CC)cc1CN1C(=O)c2ccccc2C1=O,CO-ADD:0221209,ATCC 25922,4.96,32 ug/mL,0.0
148741,C(=O)(Oc(cc1)ccc1\C=N\NC(COc2ccccc2C)=O)c3ccccc3Br,Cc1ccccc1OCC(=O)N/N=C/c1ccc(OC(=O)c2ccccc2Br)cc1,CO-ADD:0222022,ATCC 25922,7.58,32 ug/mL,0.0
148742,c(\C=N\NC(CNc(cc1)ccc1C)=O)(cc(OCO2)c2c3)c3Br,Cc1ccc(NCC(=O)N/N=C/c2cc3c(cc2Br)OCO3)cc1,CO-ADD:0220548,ATCC 25922,10.66,32 ug/mL,0.0
148747,c1(Nc2ccccc2C)c(cc(cc1[N+](=O)[O-])C(F)(F)F)[N+](=O)[O-],Cc1ccccc1Nc1c([N+](=O)[O-])cc(C(F)(F)F)cc1[N+](=O)[O-],CO-ADD:0233600,ATCC 25922,4.86,32 ug/mL,0.0
148748,N1(c2ccccc2)C(=O)CC(N3CCC(CC3)C)C1=O,CC1CCN(c2cc(O)n(-c3ccccc3)c2O)CC1,CO-ADD:0236383,ATCC 25922,9.6,32 ug/mL,0.0
148753,c1(cc(ccc1O)Cc(ccc(c2\C=N\c3ccccc3C)O)c2)\C=N\c4ccccc4C,Cc1ccccc1N=Cc1cc(Cc2ccc(O)c(C=Nc3ccccc3C)c2)ccc1O,CO-ADD:0218799,ATCC 25922,-5.72,32 ug/mL,0.0
148762,c1(C(=O)N\N=C\c(cc2)ccc2OCC)c(O)cc(c3c1)cccc3,CCOc1ccc(/C=N/NC(=O)c2cc3ccccc3cc2O)cc1,CO-ADD:0218991,ATCC 25922,-16.24,32 ug/mL,0.0
148800,[N+](=O)([O-])c(cc(C(=O)c(cc1)ccc1[N+](=O)[O-])cc2[N+](=O)[O-])c2C,Cc1c([N+](=O)[O-])cc(C(=O)c2ccc([N+](=O)[O-])cc2)cc1[N+](=O)[O-],CO-ADD:0254954,ATCC 25922,21.4,32 ug/mL,0.0
148847,CN1C=C(NC(C(C=C2)=CC=C2/C=C/C3=CC=NC=C3)=O)C=C1C(NC4=CN(CCCCl)C(C(NCCN5CCOCC5)=O)=C4)=O.OC(C(F)(F)F)=O.OC(C(F)(F)F)=O,Cn1cc(NC(=O)c2ccc(/C=C/c3ccncc3)cc2)cc1C(=O)Nc1cc(C(=O)NCCN2CCOCC2)n(CCCCl)c1,CO-ADD:0137569,ATCC 25922,9.31,32 ug/mL,0.0
148879,C(F)(C(NCCC(F)([N+](=O)[O-])[N+](=O)[O-])=O)([N+](=O)[O-])[N+](=O)[O-],O=C(NCCC(F)([N+](=O)[O-])[N+](=O)[O-])C(F)([N+](=O)[O-])[N+](=O)[O-],CO-ADD:0249969,ATCC 25922,94.2,32 ug/mL,1.0
148893,c12c(CCCC1C(O)=O)c3c(ccc(Br)c3)[nH]2,O=C(O)C1CCCc2c1[nH]c1ccc(Br)cc21,CO-ADD:0301656,ATCC 25922,-7.1,32 ug/mL,0.0
148907,N1(c2ccc(c(Cl)c2)N(CC3)CCO3)C(c4ccccc4)N(N=C1C(C)=O)c5ccc(cc5)Cl,CC(=O)C1=NN(c2ccc(Cl)cc2)C(c2ccccc2)N1c1ccc(N2CCOCC2)c(Cl)c1,CO-ADD:0302930,ATCC 25922,4.69,32 ug/mL,0.0
148996,C1=CC(=O)C2=C(C3C(C(C(C(C)CO3)CC4)C4C5)C(C5C(=O)O6)C26)C1=O,CC1COC2C3=C(C(=O)C=CC3=O)C3OC(=O)C4CC5CCC1C5C2C43,CO-ADD:0137273,ATCC 25922,12.16,25 uM,0.0
149006,c1cc(S(c2c(non3)c3c([N+](=O)[O-])cc2)=O)ccc1C,Cc1ccc([S+]([O-])c2ccc([N+](=O)[O-])c3nonc23)cc1,CO-ADD:0136758,ATCC 25922,8.48,25 uM,0.0
149149,c(OC1)(c(OC)c(CC#N)c2)c(O1)c2OC,COc1cc(CC#N)c(OC)c2c1OCO2,CO-ADD:0148752,ATCC 25922,-25.95,32 ug/mL,0.0
149165,c(OC1)(c(OC)c(CC#N)c2)c(O1)c2OC,COc1cc(CC#N)c(OC)c2c1OCO2,CO-ADD:0148752,ATCC 25922,-14.87,32 ug/mL,0.0
149289,[N+](=O)([O-])c1cc(ccc1OC(=O)\C=C\c(cc2)ccc2Br)\C=N\CCc3ccccc3,O=C(/C=C/c1ccc(Br)cc1)Oc1ccc(/C=N/CCc2ccccc2)cc1[N+](=O)[O-],CO-ADD:0222640,ATCC 25922,0.49,32 ug/mL,0.0
149306,c1(\C=N\NC(CCCC(=O)Nc2cccc(Br)c2)=O)cc(OC)ccc1OC,COc1ccc(OC)c(/C=N/NC(=O)CCCC(=O)Nc2cccc(Br)c2)c1,CO-ADD:0221721,ATCC 25922,22.14,32 ug/mL,0.0
149307,n1(c2)c(c(cn2)CCC3)c3c4c1ccc(c4)C5CCCCC5,c1cc2c(cc1C1CCCCC1)c1c3c(cncn32)CCC1,CO-ADD:0221247,ATCC 25922,10.1,32 ug/mL,0.0
149327,Cc1nc(nc(N2CCC(Cc3ccccc3)C2)c1Cl)c4ccccn4,Cc1nc(-c2ccccn2)nc(N2CCC(Cc3ccccc3)C2)c1Cl,CO-ADD:0237320,ATCC 25922,8.66,20 uM,0.0
149337,c1(O)c(Br)c(\C=N\NC(CNc(cc2)ccc2C)=O)cc(Br)c1O,Cc1ccc(NCC(=O)NN=Cc2cc(Br)c(O)c(O)c2Br)cc1,CO-ADD:0220748,ATCC 25922,6.18,32 ug/mL,0.0
149338,COc1cc(cc2cc(oc12)c3ccc(cc3)C4=NCCN4)C5=NCCN5,COc1cc(C2=NCCN2)cc2cc(-c3ccc(C4=NCCN4)cc3)oc12,CO-ADD:0237284,ATCC 25922,20.11,20 uM,0.0
149343,c1(cc(C)cc(I)c1O)\C=N\c(cc2)ccc2C(OCCCC)=O,CCCCOC(=O)c1ccc(N=Cc2cc(C)cc(I)c2O)cc1,CO-ADD:0220367,ATCC 25922,9.56,32 ug/mL,0.0
149362,[N+](=O)([O-])c(cc(cc1[N+](=O)[O-])C(=O)Oc2c(Br)cc(cc2Br)\C=N\c(cc3)ccc3N=Nc4ccccc4)c1,O=C(Oc1c(Br)cc(/C=N/c2ccc(N=Nc3ccccc3)cc2)cc1Br)c1cc([N+](=O)[O-])cc([N+](=O)[O-])c1,CO-ADD:0222636,ATCC 25922,-6.1,32 ug/mL,0.0
149365,[n+]1(c2cccc(Cl)c2)noc([O-])n1,O=C1NN(c2cccc(Cl)c2)NO1,CO-ADD:0230928,ATCC 25922,8.49,32 ug/mL,0.0
149380,C1(c2ccco2)N(CCN1c3cccc(C)c3)c4cccc(C)c4,Cc1cccc(N2CCN(c3cccc(C)c3)C2c2ccco2)c1,CO-ADD:0220093,ATCC 25922,2.5,32 ug/mL,0.0
149440,[N+](=O)([O-])c1ccc(cc1C)C(=O)Nc2n[nH]cn2,Cc1cc(C(=O)Nc2nc[nH]n2)ccc1[N+](=O)[O-],CO-ADD:0248037,ATCC 25922,15.33,32 ug/mL,0.0
149444,n1c(ccc(C#N)c1SCC(=O)CC(OCC)=O)c(cccn2)c2,CCOC(=O)CC(=O)CSc1nc(-c2cccnc2)ccc1C#N,CO-ADD:0161354,ATCC 25922,9.98,32 ug/mL,0.0
149459,n1c2c(cccc2)ccc1N\N=C(/C)\c3ccc(cc3)Cl,C/C(=N\Nc1ccc2ccccc2n1)c1ccc(Cl)cc1,CO-ADD:0254349,ATCC 25922,4.06,32 ug/mL,0.0
149475,O=C1/C(N=C(C2=CC=CC(Br)=C2)O1)=C/C3=CC(I)=C(OC(C)=O)C(OCC)=C3,CCOc1cc(/C=C2\N=C(c3cccc(Br)c3)OC2=O)cc(I)c1OC(C)=O,CO-ADD:0160359,ATCC 25922,11.47,32 ug/mL,0.0
149477,[O-][N+](C1=CC=CC(/C=N/C2=CC=C(C=C2)C(O3)=NC4=C3C=CC(C)=C4)=C1O)=O,Cc1ccc2oc(-c3ccc(N=Cc4cccc([N+](=O)[O-])c4O)cc3)nc2c1,CO-ADD:0156207,ATCC 25922,-1.01,32 ug/mL,0.0
149485,O=C(N1)/C(C2=C1C=CC(Br)=C2)=N\C3=CC=CC=C3C(O)=O,O=C1Nc2ccc(Br)cc2C1=Nc1ccccc1C(=O)O,CO-ADD:0156009,ATCC 25922,11.7,32 ug/mL,0.0
149634,C=C=CCN(CC1=CC2=CC(OCC3=CC=CC=C3)=CC=C2N1C)C.O=C(O)C(O)=O,C=C=CCN(C)Cc1cc2cc(OCc3ccccc3)ccc2n1C,CO-ADD:0149682,ATCC 25922,-6.59,32 ug/mL,0.0
149664,c(C(=O)N\N=C\c1cc(Br)ccc1O)(c(C)on2)c2c3ccccc3,Cc1onc(-c2ccccc2)c1C(=O)NN=Cc1cc(Br)ccc1O,CO-ADD:0254330,ATCC 25922,41.54,32 ug/mL,0.0
149756,O=C(NC1=CC=CC=C1)C(C(C2=CC=CC=C2)C=C3)C(C(O)=O)C3C4=CC=CC=C4,O=C(O)C1C(c2ccccc2)C=CC(c2ccccc2)C1C(=O)Nc1ccccc1,CO-ADD:0158210,ATCC 25922,1.42,32 ug/mL,0.0
149783,C(=O)(NNC(=S)NC(=O)\C=C\C)C(Oc1ccccc1)Oc2ccccc2,CC=CC(=O)NC(=S)NNC(=O)C(Oc1ccccc1)Oc1ccccc1,CO-ADD:0254328,ATCC 25922,10.64,32 ug/mL,0.0
149806,S(=O)(=O)(c1c(C)cc(cc1C)C)Nc2cc(on2)C,Cc1cc(C)c(S(=O)(=O)Nc2cc(C)on2)c(C)c1,CO-ADD:0307535,ATCC 25922,6.68,32 ug/mL,0.0
149888,N1(c2ccccc2)C(=O)\C(=C\c(cc3)ccc3C(OC)=O)\C(NC1=S)=O,COC(=O)c1ccc(/C=C2\C(=O)NC(=S)N(c3ccccc3)C2=O)cc1,CO-ADD:0259928,ATCC 25922,3.33,32 ug/mL,0.0
149894,[N+](=O)([O-])c(cc1)cc(c1N(CC2)CCN2C(CCl)=O)F,O=C(CCl)N1CCN(c2ccc([N+](=O)[O-])cc2F)CC1,CO-ADD:0285686,ATCC 25922,20.01,32 ug/mL,0.0
149944,c1(O)c(CN(C)C)c(Oc(c(CN(C)C)c(O)c(C\C=C(/C)\C)c2O)c2C3=O)c3c(C\C=C(/C)\C)c1O,CC(C)=CCc1c(O)c(CN(C)C)c2oc3c(CN(C)C)c(O)c(O)c(CC=C(C)C)c3c(=O)c2c1O,CO-ADD:0327805,ATCC 25922,3.8,32 ug/mL,0.0
149971,C1(Nc(cccc2C(O)=O)c2)=C(OC)C(c(cccc3)c3C1=O)=O,COC1C(=O)c2ccccc2C(=O)C1=Nc1cccc(C(=O)O)c1,CO-ADD:0331283,ATCC 25922,-8.43,32 ug/mL,0.0
149989,c1(no[n+]2[O-])c2cccc1[N+](=O)[O-],O=[N+]([O-])c1cccc2c1no[n+]2[O-],CO-ADD:0294851,ATCC 25922,80.96,32 ug/mL,1.0
150020,c(cc1[N+](=O)[O-])(C(=O)NCC#C)cc([N+](=O)[O-])c1,C#CCNC(=O)c1cc([N+](=O)[O-])cc([N+](=O)[O-])c1,CO-ADD:0288819,ATCC 25922,14.72,32 ug/mL,0.0
150055,C(=O)(OC(C)(C)C)N(CC1c2n(c(cn2)C)Cc3ccccc3)C1,Cc1cnc(C2CN(C(=O)OC(C)(C)C)C2)n1Cc1ccccc1,CO-ADD:0288581,ATCC 25922,15.18,32 ug/mL,0.0
150060,[n+]1(CCCCI)ccc(c(cccc2)c12)\C=C\c3ccccc3O.[I-],Oc1ccccc1/C=C/c1cc[n+](CCCCI)c2ccccc12,CO-ADD:0295060,ATCC 25922,18.19,32 ug/mL,0.0
150080,N1(c(cc2)ccc2C(OC)=O)C(=O)CC(N(CC3)CCC3C(O)=O)C1=O,COC(=O)c1ccc(-n2c(O)cc(N3CCC(C(=O)O)CC3)c2O)cc1,CO-ADD:0258435,ATCC 25922,3.76,32 ug/mL,0.0
150087,C(=CC(\C=C\c1c(C)cc(c(C)c1)C)=NC2=O)(C(F)(F)F)N2,Cc1cc(C)c(/C=C/c2cc(C(F)(F)F)[nH]c(=O)n2)cc1C,CO-ADD:0290493,ATCC 25922,3.1,32 ug/mL,0.0
150173,n(c(ccc(C)c1)c1)(n2)cc3c2N=CN(CC(=O)O)C3=O,Cc1ccc(-n2cc3c(=O)n(CC(=O)O)cnc3n2)cc1,CO-ADD:0288475,ATCC 25922,20.25,32 ug/mL,0.0
150179,c1(ccc(cc1Cl)Cl)C(=O)N(CC2)CCN2c(cc3)c(F)cc3[N+](=O)[O-],O=C(c1ccc(Cl)cc1Cl)N1CCN(c2ccc([N+](=O)[O-])cc2F)CC1,CO-ADD:0292817,ATCC 25922,5.94,32 ug/mL,0.0
150278,N1C(CC)(c2ccccc2)NN(c3ccc(cc3)Cl)C1=S,CCC1(c2ccccc2)NC(=S)N(c2ccc(Cl)cc2)N1,CO-ADD:0303722,ATCC 25922,4.44,32 ug/mL,0.0
150282,C/C(C1=CC=CC=C1)=N\NC2=NC(NC3=CC=CC=C3)=NC(N4CCCC4)=N2,C/C(=N\Nc1nc(Nc2ccccc2)nc(N2CCCC2)n1)c1ccccc1,CO-ADD:0157841,ATCC 25922,19.04,32 ug/mL,0.0
150286,c1(c2ccc(cc2)I)ccc(\C=N\NC(CNC(=O)c3ccccc3Br)=O)o1,O=C(CNC(=O)c1ccccc1Br)N/N=C/c1ccc(-c2ccc(I)cc2)o1,CO-ADD:0163510,ATCC 25922,6.07,32 ug/mL,0.0
150305,[N+](=O)([O-])c(cc1)ccc1c2ccc(cc2)NC(=O)Nc(ccc(c3Cl)Cl)c3,O=C(Nc1ccc(-c2ccc([N+](=O)[O-])cc2)cc1)Nc1ccc(Cl)c(Cl)c1,CO-ADD:0163665,ATCC 25922,18.12,32 ug/mL,0.0
150306,[O-][N+](C(C=C1)=CC=C1CC(N/N=C/C=C(O)/C2=CC=C(Br)C=C2)=O)=O,O=C(Cc1ccc([N+](=O)[O-])cc1)NN=CCC(=O)c1ccc(Br)cc1,CO-ADD:0158038,ATCC 25922,21.81,32 ug/mL,0.0
150310,[O-][N+](C1=CC=C(/C=N/NC(C2=CC(Br)=C(OC)C=C2)=O)O1)=O,COc1ccc(C(=O)N/N=C/c2ccc([N+](=O)[O-])o2)cc1Br,CO-ADD:0158475,ATCC 25922,-2.24,32 ug/mL,0.0
150328,OCC(C)(C)[C@@H](O)C(NCC(C)C(NCCCCCCC)=O)=O,CCCCCCCNC(=O)C(C)CNC(=O)C(O)C(C)(C)CO,CO-ADD:0237010,ATCC 25922,-5.77,32 ug/mL,0.0
150348,C(F)(F)(F)C(=O)NC(c1ccccc1)CC(=O)NCc2ccccc2,O=C(CC(NC(=O)C(F)(F)F)c1ccccc1)NCc1ccccc1,CO-ADD:0228980,ATCC 25922,2.74,32 ug/mL,0.0
150355,C1(C#N)(C#N)[C@H](c2ccccc2)[C@H](N3[C@]1([H])C=Cc(c3ccc4[N+](=O)[O-])c4)C(c5ccccc5)=O,N#CC1(C#N)[C@H](c2ccccc2)C(C(=O)c2ccccc2)N2c3ccc([N+](=O)[O-])cc3C=C[C@@H]21,CO-ADD:0236248,ATCC 25922,3.07,32 ug/mL,0.0
150364,c12c(OCO1)c(OC)c(OC)c(\C=C(/C)\[N+](=O)[O-])c2,COc1c(/C=C(\C)[N+](=O)[O-])cc2c(c1OC)OCO2,CO-ADD:0149225,ATCC 25922,-2.15,32 ug/mL,0.0
150380,c12c(OCO1)c(OC)c(OC)c(\C=C(/C)\[N+](=O)[O-])c2,COc1c(/C=C(\C)[N+](=O)[O-])cc2c(c1OC)OCO2,CO-ADD:0149225,ATCC 25922,-9.18,32 ug/mL,0.0
150593,C[C@]1(CC2)[C@@]3([H])[C@@](C=C[C@@H]3OC(C4=CC=CC=C4)=O)([H])[C@]2([H])O1,C[C@@]12CC[C@@H](O1)[C@H]1C=C[C@H](OC(=O)c3ccccc3)[C@H]12,CO-ADD:0240097,ATCC 25922,2.42,32 ug/mL,0.0
150609,C[C@]1(CC2)[C@@]3([H])[C@@](C=C[C@@H]3OC(C4=CC=CC=C4)=O)([H])[C@]2([H])O1,C[C@@]12CC[C@@H](O1)[C@H]1C=C[C@H](OC(=O)c3ccccc3)[C@H]12,CO-ADD:0240097,ATCC 25922,-2.93,32 ug/mL,0.0
150763,C(C#N)(C1c(cc2OC)cc(c2OC)OC)=C(N)N(C(CCCC3=O)=C13)c4ccc(cc4)C,COc1cc(C2C(C#N)C(=N)N(c3ccc(C)cc3)C3=CCCC(=O)C32)cc(OC)c1OC,CO-ADD:0242621,ATCC 25922,4.89,32 ug/mL,0.0
150766,n1c(c2ccc(cc2)C)csc1N\N=C(\C)/c3ccc(cc3)C,CC(=NNc1nc(-c2ccc(C)cc2)cs1)c1ccc(C)cc1,CO-ADD:0241341,ATCC 25922,-0.38,32 ug/mL,0.0
150844,N1(c2ccc(cc2)F)C(=O)CC(N3CCCC3)C1=O,Oc1cc(N2CCCC2)c(O)n1-c1ccc(F)cc1,CO-ADD:0245705,ATCC 25922,10.87,32 ug/mL,0.0
150849,n1(Cc2ccccc2)c3c(c(CCCC)c1NN=Nc(ccc(c4Cl)Cl)c4)cccc3.Cl,CCCCc1c(N=NNc2ccc(Cl)c(Cl)c2)n(Cc2ccccc2)c2ccccc12,CO-ADD:0242218,ATCC 25922,4.46,32 ug/mL,0.0
151035,N1(c2cccc(OCC)c2)C(=O)CC(N3CCCCC3)C1=O,CCOc1cccc(-n2c(O)cc(N3CCCCC3)c2O)c1,CO-ADD:0253502,ATCC 25922,-8.39,32 ug/mL,0.0
151077,C1(=NCC2)N2C(=C(Oc(cc3)ccc3Cl)S1)c4ccccc4.Br,Clc1ccc(OC2=C(c3ccccc3)N3CCN=C3S2)cc1,CO-ADD:0256161,ATCC 25922,35.29,32 ug/mL,0.0
151202,c1([N+](=O)[O-])cc(non2)c2c(nn3)c1[nH]3,O=[N+]([O-])c1cc2[nH]onc2c2nnnc12,CO-ADD:0296059,ATCC 25922,8.1,32 ug/mL,0.0
151241,C(C(OCC)=O)(C(F)(F)F)(Nc1sc(c2c1C(OC)=O)CCCCC2)NC(=O)N(C)C,CCOC(=O)C(NC(=O)N(C)C)(Nc1sc2c(c1C(=O)OC)CCCCC2)C(F)(F)F,CO-ADD:0299266,ATCC 25922,16.65,32 ug/mL,0.0
151247,c1(C2c3cccs3)c([nH]nc1C(F)(F)F)OC(N)=C2C#N,N#CC1C(=N)Oc2[nH]nc(C(F)(F)F)c2C1c1cccs1,CO-ADD:0278485,ATCC 25922,9.46,32 ug/mL,0.0
151300,c1(Cl)c(cccc1NN)Cl.Cl,NNc1cccc(Cl)c1Cl,CO-ADD:0293647,ATCC 25922,11.36,32 ug/mL,0.0
151311,c1n(C(c2ccccc2)(c3ccccc3)C#C)cnc1,C#CC(c1ccccc1)(c1ccccc1)n1ccnc1,CO-ADD:0136474,ATCC 25922,-8.67,25 uM,0.0
151313,CC12C(OC(CC(C=C/C(=CCC(O[H])C=C/C(/C)=CC1N([H])C(=O)C(=O)C)/C)O[H])C(C)C2=O)=O,CC(=O)C(=O)NC1C=C(C)C=CC(O)CC=C(C)C=CC(O)CC2OC(=O)C1(C)C(=O)C2C,CO-ADD:0137227,ATCC 25922,0.12,25 uM,0.0
151396,C(=O)(c1ccc(cc1)Br)Oc2ccc(cc2\C=N\NC(c(cc3)ccn3)=O)Br,O=C(N/N=C/c1cc(Br)ccc1OC(=O)c1ccc(Br)cc1)c1ccncc1,CO-ADD:0222406,ATCC 25922,13.12,32 ug/mL,0.0
151489,C(=C\c1ccccc1)(/c(cc(cc2[N+](=O)[O-])[N+](=O)[O-])c23)\c(cc(cc4[N+](=O)[O-])[N+](=O)[O-])c34,O=[N+]([O-])c1cc2c(c([N+](=O)[O-])c1)-c1c(cc([N+](=O)[O-])cc1[N+](=O)[O-])C2=Cc1ccccc1,CO-ADD:0220019,ATCC 25922,0.38,32 ug/mL,0.0
151491,c(cc(Br)cc1Cl)(\C=N\c(ccc(c2OC)OC)c2)c1O,COc1ccc(N=Cc2cc(Br)cc(Cl)c2O)cc1OC,CO-ADD:0233639,ATCC 25922,15.94,32 ug/mL,0.0
151502,C(CC(C1)CC1)(=O)Nc2cccc(Br)c2,O=C(CC1CCC1)Nc1cccc(Br)c1,CO-ADD:0221683,ATCC 25922,-1.9,32 ug/mL,0.0
151505,NCCN(C(=O)c1ccc(Cl)cc1Cl)c2ccc(OCc3ccc(Cl)cc3)cc2,NCCN(C(=O)c1ccc(Cl)cc1Cl)c1ccc(OCc2ccc(Cl)cc2)cc1,CO-ADD:0237216,ATCC 25922,33.64,20 uM,0.0
151506,OC1=C(C(=O)Nc2cccnc2)C(=O)N3CCc4cccc1c34,O=C(Nc1cccnc1)c1c(O)c2cccc3c2n(c1=O)CC3,CO-ADD:0237065,ATCC 25922,-5.33,20 uM,0.0
151508,C(=O)(N\N=C\c1ccccc1OCc2ccccc2Cl)c3cccc(Br)c3,O=C(N/N=C/c1ccccc1OCc1ccccc1Cl)c1cccc(Br)c1,CO-ADD:0219417,ATCC 25922,6.51,32 ug/mL,0.0
151521,CC1=C(C)C(NC(N2N=C(C)C=C2NC(C3=CC=C(S(=O)(N(CC)CC)=O)C=C3)=O)=N1)=O,CCN(CC)S(=O)(=O)c1ccc(C(=O)Nc2cc(C)nn2-c2nc(=O)c(C)c(C)[nH]2)cc1,CO-ADD:0237205,ATCC 25922,6.68,20 uM,0.0
151527,N(=C\c(cc1)ccc1OCc(cc2)ccc2F)/Nc3ccccc3,Fc1ccc(COc2ccc(/C=N/Nc3ccccc3)cc2)cc1,CO-ADD:0231242,ATCC 25922,3.7,32 ug/mL,0.0
151530,c(cc(Br)cc1Cl)(\C=N\c2c(O)ccc(C(C)CCC)c2)c1O,CCCC(C)c1ccc(O)c(N=Cc2cc(Br)cc(Cl)c2O)c1,CO-ADD:0233415,ATCC 25922,42.08,32 ug/mL,0.0
151538,N1(CC(=O)Oc(cc2)ccc2C(OC)=O)C(=O)c(c3C1=O)cccc3[N+](=O)[O-],COC(=O)c1ccc(OC(=O)CN2C(=O)c3cccc([N+](=O)[O-])c3C2=O)cc1,CO-ADD:0236007,ATCC 25922,8.67,32 ug/mL,0.0
151579,c1(ccccc1NC(=O)c2ccc(cc2)F)C(=O)N\N=C\c3ccccc3,O=C(Nc1ccccc1C(=O)N/N=C/c1ccccc1)c1ccc(F)cc1,CO-ADD:0219270,ATCC 25922,7.91,32 ug/mL,0.0
151594,S1(=O)(=O)c(cccc2)c2C(SCCOC(c3ccccc3)=O)=N1,O=C(OCCSC1=NS(=O)(=O)c2ccccc21)c1ccccc1,CO-ADD:0229360,ATCC 25922,8.38,32 ug/mL,0.0
151729,[N+](=O)([O-])c1cc(ccc1OC(=O)c2cccc(cccc3)c23)\C=N\c(cc4)ccc4C,Cc1ccc(/N=C/c2ccc(OC(=O)c3cccc4ccccc34)c([N+](=O)[O-])c2)cc1,CO-ADD:0216939,ATCC 25922,-6.65,32 ug/mL,0.0
151801,N1(Cc2ccccc2)C(=O)CC(SC(=N)N\N=C(/C)\c3ccccc3)C1=O,C/C(=N\N=C(N)Sc1cc(O)n(Cc2ccccc2)c1O)c1ccccc1,CO-ADD:0166759,ATCC 25922,2.36,80 ug/mL,0.0
151806,[N+](=O)([O-])c1cc(ccc1O)\C=N\NC(COc2c(C)cccc2C)=O,Cc1cccc(C)c1OCC(=O)NN=Cc1ccc(O)c([N+](=O)[O-])c1,CO-ADD:0166180,ATCC 25922,2.89,80 ug/mL,0.0
151852,C(C(O)=O)(=CN1CC)C(=O)c(c12)cnc(N(CC3)CCN3C(=S)NC(=O)c(ccc(n4)Cl)c4)n2,CCn1cc(C(=O)O)c(=O)c2cnc(N3CCN(C(=S)NC(=O)c4ccc(Cl)nc4)CC3)nc21,CO-ADD:0329411,ATCC 25922,59.56,32 ug/mL,0.0
151896,C1(NC(C)=O)=C(NCCOc2ccccc2)C(c(cccc3)c3C1=O)=O,CC(=O)N=C1C(=O)c2ccccc2C(=O)C1NCCOc1ccccc1,CO-ADD:0332518,ATCC 25922,-2.01,32 ug/mL,0.0
151939,c1(c(C)c(cc(C(C)C)c1O)NS(c2ccccc2)(=O)=O)S(=O)(=O)c3ccc(cc3)OC,COc1ccc(S(=O)(=O)c2c(C)c(NS(=O)(=O)c3ccccc3)cc(C(C)C)c2O)cc1,CO-ADD:0328225,ATCC 25922,-8.67,32 ug/mL,0.0
151980,c1(COc2ccccc2)n(C\C=C\c3ccccc3)c4c(cccc4)n1,C(=C/c1ccccc1)\Cn1c(COc2ccccc2)nc2ccccc21,CO-ADD:0331390,ATCC 25922,0.64,32 ug/mL,0.0
151994,N(c1ccccc1C)(C(=O)C2C3C4OC2C=C4)C3=O,Cc1ccccc1-n1c(O)c2c(c1O)C1C=CC2O1,CO-ADD:0166265,ATCC 25922,7.55,80 ug/mL,0.0
152000,O[C@H](C[C@H](O)\C=C\c1c(nc2ccccc2c1-c1ccc(F)cc1)C1CC1)CC([O-])=O.O[C@H](C[C@H](O)\C=C\c1c(nc2ccccc2c1-c1ccc(F)cc1)C1CC1)CC([O-])=O.[Ca+2],O=C(O)C[C@H](O)C[C@H](O)/C=C/c1c(C2CC2)nc2ccccc2c1-c1ccc(F)cc1,CO-ADD:0164936,ATCC 25922,-0.68,20 uM,0.0
152023,c(C(=O)c1ccc(cc1)OC)(sc(c23)nc(cc2c4cccs4)c5cccs5)c3N,COc1ccc(C(=O)c2sc3nc(-c4cccs4)cc(-c4cccs4)c3c2N)cc1,CO-ADD:0137666,ATCC 25922,-17.9,32 ug/mL,0.0
152046,c1(S2)c(cc(c(OC(OCCCl)=O)c1Br)Cl)OC2=O,O=C(OCCCl)Oc1c(Cl)cc2oc(=O)sc2c1Br,CO-ADD:0241231,ATCC 25922,7.03,32 ug/mL,0.0
152060,[N+](=O)([O-])c1ccc(cc1)NC(=O)NC(=O)CCBr,O=C(CCBr)NC(=O)Nc1ccc([N+](=O)[O-])cc1,CO-ADD:0244403,ATCC 25922,4.23,32 ug/mL,0.0
152159,C(=C\c(ccc1[N+](=O)[O-])s1)(/C(=O)NC(N2C)=O)\C2=O,CN1C(=O)NC(=O)/C(=C/c2ccc([N+](=O)[O-])s2)C1=O,CO-ADD:0300064,ATCC 25922,13.99,32 ug/mL,0.0
152197,C(=C/c(ccc1[N+](=O)[O-])s1)(/C(=O)NC(N2CC)=S)\C2=O,CCN1C(=O)/C(=C/c2ccc([N+](=O)[O-])s2)C(=O)NC1=S,CO-ADD:0295325,ATCC 25922,7.09,32 ug/mL,0.0
152231,C1(=O)N(CCC)CCOC1CC(=O)Nc(cc2)ccc2Br,CCCN1CCOC(CC(=O)Nc2ccc(Br)cc2)C1=O,CO-ADD:0293433,ATCC 25922,9.04,32 ug/mL,0.0
152325,c(C#N)(c1c2ccccc2)c(\N=C\c(cc(I)cc3I)c3O)oc1c4ccccc4,N#Cc1c(N=Cc2cc(I)cc(I)c2O)oc(-c2ccccc2)c1-c1ccccc1,CO-ADD:0236775,ATCC 25922,38.41,32 ug/mL,0.0
152328,N1(\N=C\c(ccc(c2OC)O)c2)C(=O)c3c(c4C1=O)c(c(CC5)cc3)c5cc4,COc1cc(C=Nn2c(O)c3ccc4ccc5ccc(c2O)c3c45)ccc1O,CO-ADD:0232985,ATCC 25922,12.34,32 ug/mL,0.0
152334,C(=C/c(ccc(c1[N+](=O)[O-])Br)c1)(/C(=O)NN2c3ccc(c(C)c3)C)\C2=O,Cc1ccc(N2NC(=O)/C(=C\c3ccc(Br)c([N+](=O)[O-])c3)C2=O)cc1C,CO-ADD:0231560,ATCC 25922,-2.12,32 ug/mL,0.0
152405,N(C(CCC(=O)N\N=C\c1cccc(Cl)c1)=O)c2ccc(cc2C)I,Cc1cc(I)ccc1NC(=O)CCC(=O)N/N=C/c1cccc(Cl)c1,CO-ADD:0219646,ATCC 25922,-2.82,32 ug/mL,0.0
152408,N1(c2cccc(cccc3)c23)C(=O)c(c4)c(c(c5)C1=O)c(cc4[N+](=O)[O-])cc5[N+](=O)[O-],O=C1c2cc([N+](=O)[O-])cc3cc([N+](=O)[O-])cc(c23)C(=O)N1c1cccc2ccccc12,CO-ADD:0214911,ATCC 25922,3.66,32 ug/mL,0.0
152411,C[C@H](O)[C@H](C)[C@@H]1O[C@H]1C[C@H]1CO[C@@H](C\C(C)=C\C(=O)OCCCCCCCCC(O)=O)[C@H](O)[C@@H]1O,C/C(=C\C(=O)OCCCCCCCCC(=O)O)C[C@@H]1OC[C@H](C[C@@H]2O[C@H]2[C@@H](C)[C@H](C)O)[C@@H](O)[C@H]1O,CO-ADD:0164508,ATCC 25922,46.75,20 uM,0.0
152414,C(=O)(c1ccc(cc1)OC)Oc2ccccc2\C=N\Nc3ccccc3,COc1ccc(C(=O)Oc2ccccc2/C=N/Nc2ccccc2)cc1,CO-ADD:0218899,ATCC 25922,2.46,32 ug/mL,0.0
152416,n1(CC)c2c(c(cc(cc3)NC(=O)c4cccs4)c13)cccc2,CCn1c2ccccc2c2cc(NC(=O)c3cccs3)ccc21,CO-ADD:0166273,ATCC 25922,1.23,80 ug/mL,0.0
152417,n1c(c2ccccc2)c3c(c(N\N=C\C(\Br)=C\c4ccccc4)n1)cccc3.Br,BrC(C=NNc1nnc(-c2ccccc2)c2ccccc12)=Cc1ccccc1,CO-ADD:0295482,ATCC 25922,9.55,32 ug/mL,0.0
152418,CCCCCCCCCOc1ccc2[nH]cc(CCN)c2c1.Cl,CCCCCCCCCOc1ccc2[nH]cc(CCN)c2c1,CO-ADD:0164383,ATCC 25922,18.36,20 uM,0.0
152419,Nc1ncn([C@@H]2O[C@H](CO)[C@@H](O)[C@H]2O)c(=O)n1,Nc1ncn([C@@H]2O[C@H](CO)[C@@H](O)[C@H]2O)c(=O)n1,CO-ADD:0164427,ATCC 25922,88.08,20 uM,1.0
152427,[N+](=O)([O-])c1cccc(OCC(=O)N\N=C\c(ccc(c2I)O)c2)c1,O=C(COc1cccc([N+](=O)[O-])c1)NN=Cc1ccc(O)c(I)c1,CO-ADD:0220525,ATCC 25922,-4.08,32 ug/mL,0.0
152433,c1(\C=N\NC(CNC(=O)c2ccccc2Br)=O)c(cc(cc1[N+](=O)[O-])[N+](=O)[O-])[N+](=O)[O-],O=C(CNC(=O)c1ccccc1Br)N/N=C/c1c([N+](=O)[O-])cc([N+](=O)[O-])cc1[N+](=O)[O-],CO-ADD:0222522,ATCC 25922,15.61,32 ug/mL,0.0
152435,C1(c2ccccc2F)Nc(ccc(c3)C(O)=O)c3C(C(C4Sc5ccccc5[N+](=O)[O-])Cl)C1C4,O=C(O)c1ccc2c(c1)C1C(Cl)C(Sc3ccccc3[N+](=O)[O-])CC1C(c1ccccc1F)N2,CO-ADD:0293236,ATCC 25922,1.15,32 ug/mL,0.0
152444,S(=O)(=O)(C\C=C(\Cl)/Cl)Nc1ccccc1Cl,O=S(=O)(CC=C(Cl)Cl)Nc1ccccc1Cl,CO-ADD:0221799,ATCC 25922,-4.25,32 ug/mL,0.0
152449,c1(cccc(cccc2)c12)CC(=O)N\N=C\c3ccc(cc3O)O,O=C(Cc1cccc2ccccc12)NN=Cc1ccc(O)cc1O,CO-ADD:0166188,ATCC 25922,17.88,80 ug/mL,0.0
152452,N1(CNc(cc2)ccc2C(C)=O)C(=O)c(c3C1=O)ccc(c3)[N+](=O)[O-],CC(=O)c1ccc(NCN2C(=O)c3ccc([N+](=O)[O-])cc3C2=O)cc1,CO-ADD:0220094,ATCC 25922,3.7,32 ug/mL,0.0
152462,N1(C(CCC)=O)c(ccc(c2)Br)c2OC1=O,CCCC(=O)n1c(=O)oc2cc(Br)ccc21,CO-ADD:0222577,ATCC 25922,9.26,32 ug/mL,0.0
152464,C(=N/Nc1ccc(cc1[N+](=O)[O-])[N+](=O)[O-])(/C2=O)\C(=O)NC(=O)N2,O=c1[nH]c(O)c(N=Nc2ccc([N+](=O)[O-])cc2[N+](=O)[O-])c(=O)[nH]1,CO-ADD:0215453,ATCC 25922,0.49,32 ug/mL,0.0
152471,[N+](=O)([O-])c1ccc(cc1\C=N\NC(CNc2cccc(cccc3)c23)=O)O,O=C(CNc1cccc2ccccc12)NN=Cc1cc(O)ccc1[N+](=O)[O-],CO-ADD:0222226,ATCC 25922,13.51,32 ug/mL,0.0
152525,O=C(C1=CC=CC=C1)N/N=C/C2=CC=C(N3CCCCC3)O2,O=C(N/N=C/c1ccc(N2CCCCC2)o1)c1ccccc1,CO-ADD:0159935,ATCC 25922,13.37,32 ug/mL,0.0
152526,C1(C(c2ccccc2)=O)OC1(CBr)c3ccccc3,O=C(c1ccccc1)C1OC1(CBr)c1ccccc1,CO-ADD:0235810,ATCC 25922,4.75,32 ug/mL,0.0
152539,C(=O)(c1ccc(cc1)F)Nc2cccc(OCCCC)c2,CCCCOc1cccc(NC(=O)c2ccc(F)cc2)c1,CO-ADD:0222873,ATCC 25922,13.02,32 ug/mL,0.0
152540,Oc1cc(Cl)ccc1Oc1ccc(Cl)cc1Cl,Oc1cc(Cl)ccc1Oc1ccc(Cl)cc1Cl,CO-ADD:0164775,ATCC 25922,41.22,20 uM,0.0
152548,C(/c1ccccc1)(=N/O)\C(C)(C)NO.Cl,CC(C)(NO)C(=NO)c1ccccc1,CO-ADD:0163186,ATCC 25922,24.41,32 ug/mL,0.0
152550,c(c(ccc1)CC2)(c2ccc3\N=C/c(cc4)ccc4OCc5ccccc5)c13,C(=N\c1ccc2c3c(cccc13)CC2)\c1ccc(OCc2ccccc2)cc1,CO-ADD:0235207,ATCC 25922,11.55,32 ug/mL,0.0
152585,N#CC1=C([S-])NC(C2CC2)(O)C([N+]3=CC=C(C)C=C3)C1C(C=C4)=CC=C4Br,Cc1cc[n+](C2C(c3ccc(Br)cc3)C(C#N)=C([S-])NC2(O)C2CC2)cc1,CO-ADD:0155020,ATCC 25922,18.72,32 ug/mL,0.0
152588,OC1=CC=C(CCl)C2=CC=C[N+]([H])=C21.[Cl-],Oc1ccc(CCl)c2cccnc12,CO-ADD:0154368,ATCC 25922,58.21,32 ug/mL,0.0
152895,CC(/C=C/C=C/C(NCCC(NC(C(NC(C(NC(C(NC(Cc1ccc(OC2OCC(C(C2O)O)O)cc1)C(NC(C)C(C(NC(CC(c3c(O)cc(O)cc3)=O)C(NC(C(N4CCCC4C(O)=O)=O)C)=O)=O)NC(CNC(C(NC(CNC(C(NC(N(N)CC(C)C)=O)CC(C)=O)=O)=O)CO)=O)=O)=O)=O)CC(C(O)=O)O)=O)CC(c5ccccc5)O)=O)CCCN)=O)=O)C,CC(=O)CC(NC(=O)N(N)CC(C)C)C(=O)NCC(=O)NC(CO)C(=O)NCC(=O)NC(C(=O)NC(CC(=O)c1ccc(O)cc1O)C(=O)NC(C)C(=O)N1CCCC1C(=O)O)C(C)NC(=O)C(Cc1ccc(OC2OCC(O)C(O)C2O)cc1)NC(=O)C(CC(O)C(=O)O)NC(=O)C(CC(O)c1ccccc1)NC(=O)C(CCCN)NC(=O)CCNC(=O)C=CC=CC(C)C,CO-ADD:0245105,ATCC 25922,7.76,32 ug/mL,0.0
152935,N1(c2ccc(cc2)Cl)C(=O)CC(N(CC3)CCN3c4ccccn4)C1=O,Oc1cc(N2CCN(c3ccccn3)CC2)c(O)n1-c1ccc(Cl)cc1,CO-ADD:0228563,ATCC 25922,3.05,32 ug/mL,0.0
152952,C(=O)(Oc(cc1)ccc1\C=N\c(cc2)ccc2Cl)c3ccccc3Cl,O=C(Oc1ccc(/C=N/c2ccc(Cl)cc2)cc1)c1ccccc1Cl,CO-ADD:0235959,ATCC 25922,12.15,32 ug/mL,0.0
152955,[N+](=O)([O-])c1cc(ccc1Br)\C=N\c(cc2)ccc2[N+](=O)[O-],O=[N+]([O-])c1ccc(/N=C/c2ccc(Br)c([N+](=O)[O-])c2)cc1,CO-ADD:0235047,ATCC 25922,9.46,32 ug/mL,0.0
152977,O=C(C1=CC=CC(Br)=C1)N/N=C(C)/C2=CC(OC)=C(OC)C=C2,COc1ccc(/C(C)=N/NC(=O)c2cccc(Br)c2)cc1OC,CO-ADD:0158244,ATCC 25922,23.76,32 ug/mL,0.0
153113,N1(c2cccc(C)c2)C(=O)NC(\C(=C/c(ccc3[N+](=O)[O-])o3)\C1=O)=O,Cc1cccc(N2C(=O)NC(=O)/C(=C\c3ccc([N+](=O)[O-])o3)C2=O)c1,CO-ADD:0306339,ATCC 25922,20.48,32 ug/mL,0.0
153125,C12(c3c(N(CC(OC)=O)C1=O)cccc3)C(C#N)=C(N)Oc([nH]nc4c5ccc(c(OC)c5)OCC)c24,CCOc1ccc(-c2[nH]nc3c2C2(C(=O)N(CC(=O)OC)c4ccccc42)C(C#N)C(=N)O3)cc1OC,CO-ADD:0312365,ATCC 25922,9.96,32 ug/mL,0.0
153164,C(=N\NC(COc1c(OC)cc(cc1Br)Br)=O)(/c(cccc2C)c2N3)\C3=O,COc1cc(Br)cc(Br)c1OCC(=O)N=Nc1c(O)[nH]c2c(C)cccc12,CO-ADD:0217442,ATCC 25922,-7.85,32 ug/mL,0.0
153168,C1(=NC(C)(C)Cc(cccc2)c23)C3=NNC1=O,CC1(C)C=c2ccccc2=c2[nH][nH]c(=O)c2=N1,CO-ADD:0290863,ATCC 25922,7.55,32 ug/mL,0.0
153182,C(O)(C(F)(F)F)(C(F)(F)F)c1ccc(cc1OC(C)=O)C,CC(=O)Oc1cc(C)ccc1C(O)(C(F)(F)F)C(F)(F)F,CO-ADD:0329275,ATCC 25922,19.97,32 ug/mL,0.0
153284,Clc1ccc(COC(Cn2ccnc2)c2ccc(Cl)cc2Cl)cc1.O[N+](=O)[O-],Clc1ccc(COC(Cn2ccnc2)c2ccc(Cl)cc2Cl)cc1,CO-ADD:0164513,ATCC 25922,6.98,20 uM,0.0
153359,C(/c1ccccc1Cl)(\c2ccccc2Cl)=C(\C3CCN4CC3)/C4.Cl,Clc1ccccc1C(=C1CN2CCC1CC2)c1ccccc1Cl,CO-ADD:0295371,ATCC 25922,37.34,32 ug/mL,0.0
153432,C1(=O)N(C(C)=O)c(c2N1C(C)=O)ccc(Br)c2,CC(=O)n1c(=O)n(C(C)=O)c2cc(Br)ccc21,CO-ADD:0295134,ATCC 25922,0.98,32 ug/mL,0.0
153453,C1(=O)OCc(cc(cc2)NC(C)=O)c12,CC(=O)Nc1ccc2c(c1)COC2=O,CO-ADD:0300735,ATCC 25922,-1.54,32 ug/mL,0.0
153501,N(N)c(cc1)ccc1I.Cl,NNc1ccc(I)cc1,CO-ADD:0304884,ATCC 25922,12.84,32 ug/mL,0.0
153521,c(ccc1[N+](=O)[O-])(o1)C2N(CCCN2Cc3ccccc3)Cc4ccccc4,O=[N+]([O-])c1ccc(C2N(Cc3ccccc3)CCCN2Cc2ccccc2)o1,CO-ADD:0304250,ATCC 25922,100.55,32 ug/mL,1.0
153535,N1(C2c3cccc(OC)c3)C(S\C(=C\c(ccc4N5CCCCC5)o4)\C1=O)=NC(C)=C2C(=O)Nc6ccccc6,COc1cccc(C2C(C(=O)Nc3ccccc3)=C(C)N=c3s/c(=C/c4ccc(N5CCCCC5)o4)c(=O)n32)c1,CO-ADD:0302745,ATCC 25922,-0.5,32 ug/mL,0.0
153538,N1(Cc2ccco2)C(=O)C(C(C34)C1=O)C(c(c35)cccc5)c6c4cccc6,Oc1c2c(c(O)n1Cc1ccco1)C1c3ccccc3C2c2ccccc21,CO-ADD:0302592,ATCC 25922,3.76,32 ug/mL,0.0
153539,[O-][N+](C1=CC(OC(COC(C(Cl)=C2)=CC=C2Cl)=O)=CC([N+]([O-])=O)=C1)=O,O=C(COc1ccc(Cl)cc1Cl)Oc1cc([N+](=O)[O-])cc([N+](=O)[O-])c1,CO-ADD:0157480,ATCC 25922,30.26,32 ug/mL,0.0
153540,c1(C#N)c(c2cccs2)c3c(nc1SCc(cc4)ccc4F)CCC3,N#Cc1c(SCc2ccc(F)cc2)nc2c(c1-c1cccs1)CCC2,CO-ADD:0162622,ATCC 25922,6.71,32 ug/mL,0.0
153557,C1(CCCC1)(CNCC(c2ccccc2)c3ccccc3)c4ccc(cc4)OCCCC.Cl,CCCCOc1ccc(C2(CNCC(c3ccccc3)c3ccccc3)CCCC2)cc1,CO-ADD:0162143,ATCC 25922,4.14,32 ug/mL,0.0
153953,c1(\C=N\c(cc2)ccc2N(CC3)CCO3)c(Sc4ccccc4)cc(cc1[N+](=O)[O-])[N+](=O)[O-],O=[N+]([O-])c1cc(Sc2ccccc2)c(/C=N/c2ccc(N3CCOCC3)cc2)c([N+](=O)[O-])c1,CO-ADD:0259021,ATCC 25922,13.12,32 ug/mL,0.0
153963,c1(ccc(\C=C\C(=O)c2ccc(cc2)Br)o1)N(CC3)CCO3,O=C(/C=C/c1ccc(N2CCOCC2)o1)c1ccc(Br)cc1,CO-ADD:0292592,ATCC 25922,3.99,32 ug/mL,0.0
153980,c1(SCCCCC(O)=O)sc(c2n1)cccc2,O=C(O)CCCCSc1nc2ccccc2s1,CO-ADD:0287214,ATCC 25922,29.98,32 ug/mL,0.0
154023,N1(Cc2ccccc2)\C(=N\c(cc3)ccc3F)\SC(C(O)=O)CC1=O,O=C(O)C1CC(=O)N(Cc2ccccc2)/C(=N/c2ccc(F)cc2)S1,CO-ADD:0290403,ATCC 25922,15.91,32 ug/mL,0.0
154024,C(/S(CCC)(=O)=O)(\S(CCC)(=O)=O)=C(/Nc1cccc(OCCCC)c1)\Nc2cccc(OCCCC)c2,CCCCOc1cccc(N=C(Nc2cccc(OCCCC)c2)C(S(=O)(=O)CCC)S(=O)(=O)CCC)c1,CO-ADD:0290476,ATCC 25922,11.99,32 ug/mL,0.0
154031,C1(SCC(=O)N1c2cccc(Cl)c2)(c3c(N4CN(CC5)CCN5c(cc6)ccc6[N+](=O)[O-])cccc3)C4=O,O=C1CSC2(C(=O)N(CN3CCN(c4ccc([N+](=O)[O-])cc4)CC3)c3ccccc32)N1c1cccc(Cl)c1,CO-ADD:0286721,ATCC 25922,7.42,32 ug/mL,0.0
154040,C1(NC(=O)C(C(=O)c(cc2F)c(N34)c(c2N(CC5)CCN5C)OCN3C)=C4)=C(C)N(N(c6ccccc6)C1=O)C,Cc1c(NC(=O)c2cn3c4c(c(N5CCN(C)CC5)c(F)cc4c2=O)OCN3C)c(=O)n(-c2ccccc2)n1C,CO-ADD:0290299,ATCC 25922,97.04,32 ug/mL,1.0
154052,N1([H])C=C(C)C(N=C1SCc(c(cc(c2)Cl)Cl)c2)=O,Cc1c[nH]c(SCc2ccc(Cl)cc2Cl)nc1=O,CO-ADD:0136612,ATCC 25922,13.19,25 uM,0.0
154057,n1(C)c(cccc2)c2c(ccc(c3C4=O)C(C=C4)=O)c13,Cn1c2ccccc2c2ccc3c(c21)C(=O)C=CC3=O,CO-ADD:0136353,ATCC 25922,-3.5,25 uM,0.0
154465,c1(oc(c2n1)ccc(c2)\N=C\c3ccccc3)c4cccc(Cl)c4Cl,Clc1cccc(-c2nc3cc(/N=C/c4ccccc4)ccc3o2)c1Cl,CO-ADD:0231773,ATCC 25922,5.52,32 ug/mL,0.0
154466,N(=C\c1ccccc1Cl)/NC(CCC(=O)Nc2cccc(Cl)c2)=O,O=C(CCC(=O)Nc1cccc(Cl)c1)N/N=C/c1ccccc1Cl,CO-ADD:0219410,ATCC 25922,5.49,32 ug/mL,0.0
154533,[N+](=O)([O-])c1ccc(cc1)\C=N\NC(CCC(=O)Nc2c(Cl)ccc(Cl)c2)=O,O=C(CCC(=O)Nc1cc(Cl)ccc1Cl)N/N=C/c1ccc([N+](=O)[O-])cc1,CO-ADD:0219693,ATCC 25922,4.4,32 ug/mL,0.0
154546,N1(c(cc2)ccc2C(=O)Nc(cccc3\C=C\C(c4ccccc4)=O)c3)C(=O)c(c5C1=O)ccc(c5)C(=O)Nc(cccc6\C=C\C(c7ccccc7)=O)c6,O=C(/C=C/c1cccc(NC(=O)c2ccc(N3C(=O)c4ccc(C(=O)Nc5cccc(/C=C/C(=O)c6ccccc6)c5)cc4C3=O)cc2)c1)c1ccccc1,CO-ADD:0214950,ATCC 25922,3.55,32 ug/mL,0.0
154548,c(\C=N\NC(c(cc1)ccn1)=O)(cc(I)cc2I)c2O,O=C(NN=Cc1cc(I)cc(I)c1O)c1ccncc1,CO-ADD:0166198,ATCC 25922,17.41,80 ug/mL,0.0
154549,C(=O)(c1cccs1)Nc2cc(C)ccc2OC,COc1ccc(C)cc1NC(=O)c1cccs1,CO-ADD:0166267,ATCC 25922,12.34,80 ug/mL,0.0
154551,[N+](=O)([O-])c(ccc(c1c2ccc(\C=N\c(ccc(c3C(F)(F)F)Cl)c3)o2)Cl)c1,O=[N+]([O-])c1ccc(Cl)c(-c2ccc(/C=N/c3ccc(Cl)c(C(F)(F)F)c3)o2)c1,CO-ADD:0222484,ATCC 25922,1.27,32 ug/mL,0.0
154633,N1(c2ccccc2C)C(=O)\C(\C(C)=N1)=C\Nc(cc(cc3[N+](=O)[O-])[N+](=O)[O-])c3O,Cc1ccccc1-n1[nH]c(C)c(C=Nc2cc([N+](=O)[O-])cc([N+](=O)[O-])c2O)c1=O,CO-ADD:0221926,ATCC 25922,15.35,32 ug/mL,0.0
154653,N(=C\c1cc(I)ccc1O)/c2c(O)ccc(Cl)c2,Oc1ccc(I)cc1C=Nc1cc(Cl)ccc1O,CO-ADD:0227378,ATCC 25922,17.68,32 ug/mL,0.0
154669,N1(NC(=O)c2ccc(cc2)O)C(=O)c(cc3)c(c(ccc4[N+](=O)[O-])C1=O)c4c3[N+](=O)[O-],O=C(NN1C(=O)c2ccc([N+](=O)[O-])c3c([N+](=O)[O-])ccc(c23)C1=O)c1ccc(O)cc1,CO-ADD:0221929,ATCC 25922,2.66,32 ug/mL,0.0
154704,c1(\C=N\NC(CCCC(=O)Nc(cc2)ccc2Br)=O)cc(Br)ccc1O,O=C(CCCC(=O)Nc1ccc(Br)cc1)NN=Cc1cc(Br)ccc1O,CO-ADD:0219223,ATCC 25922,10.19,32 ug/mL,0.0
154709,c1([nH]nc(C(CC2)CCN2C(=O)[C@@H](N)Cc(c3c([nH]4)cccc3)c4)c1)C(F)(F)F.Cl,NC(Cc1c[nH]c2ccccc12)C(=O)N1CCC(c2cc(C(F)(F)F)[nH]n2)CC1,CO-ADD:0233757,ATCC 25922,2.68,32 ug/mL,0.0
154715,[N+](=O)([O-])c1cc(ccc1Cl)\C=N\c2cc(C)c(cc2O)C,Cc1cc(O)c(/N=C/c2ccc(Cl)c([N+](=O)[O-])c2)cc1C,CO-ADD:0222367,ATCC 25922,2.03,32 ug/mL,0.0
154716,N1(c2ccccc2C)C(=O)\C(=C/NCCCCCCCCCCCCCCCCCC)\C(NC1=O)=O,CCCCCCCCCCCCCCCCCCN=Cc1c(O)[nH]c(=O)n(-c2ccccc2C)c1=O,CO-ADD:0221758,ATCC 25922,11.41,32 ug/mL,0.0
154718,CC1=C(C2=CC=CC=C2)C(C)=C(C)C1C.NC3=N[Ir@@](C)(NC(N(C)C)=N3)Cl.[Cl-],CC1=C(C)C(C)C(C)=C1c1ccccc1,CO-ADD:0238632,ATCC 25922,34.07,32 ug/mL,0.0
154722,C(COc1ccc(cc1OC)Br)(=O)N\N=C\c2ccccc2\C=N\NC(COc3ccc(cc3OC)Br)=O,COc1cc(Br)ccc1OCC(=O)N/N=C/c1ccccc1/C=N/NC(=O)COc1ccc(Br)cc1OC,CO-ADD:0227330,ATCC 25922,1.3,32 ug/mL,0.0
154723,[N+](=O)([O-])c(cc(cc1[N+](=O)[O-])C(NCCOc2ccccc2Cl)=O)c1,O=C(NCCOc1ccccc1Cl)c1cc([N+](=O)[O-])cc([N+](=O)[O-])c1,CO-ADD:0218976,ATCC 25922,1.26,32 ug/mL,0.0
154745,OCC1=CC=C[N+]([Re]2(C#[O+])(C#[O+])([N+]3=c(c([N+]2=CC=C4)c4c5c6nc7ccccc7n5)c6=CC=C3)C#[O+])=C1.F[B-](F)(F)F,c1ccc2nc3c4cccnc4c4ncccc4c3nc2c1,CO-ADD:0147057,ATCC 25922,-13.26,32 ug/mL,0.0
154751,N1(c2ccc(cc2)OCC)C(=O)CC(N(CC3)CCN3c4cccc(Cl)c4)C1=O,CCOc1ccc(-n2c(O)cc(N3CCN(c4cccc(Cl)c4)CC3)c2O)cc1,CO-ADD:0244186,ATCC 25922,9.84,32 ug/mL,0.0
154916,Cc1cc(NCCc2ccccc2)nc(NC(=N)Nc3ccc(Cl)cc3)n1.C(=O)[O-],Cc1cc(NCCc2ccccc2)[nH]c(=NC(=N)Nc2ccc(Cl)cc2)n1,CO-ADD:0237259,ATCC 25922,7.79,20 uM,0.0
154919,c(cc(I)cc1I)(\C=N\c(cc2)ccc2F)c1O,Oc1c(I)cc(I)cc1C=Nc1ccc(F)cc1,CO-ADD:0227237,ATCC 25922,37.97,32 ug/mL,0.0
154958,n1(c(c2ccccc2)c(nn1)C(=O)N\N=C\c(ccc3[N+](=O)[O-])o3)c4nonc4N,Nc1nonc1-n1nnc(C(=O)N/N=C/c2ccc([N+](=O)[O-])o2)c1-c1ccccc1,CO-ADD:0240420,ATCC 25922,16.1,32 ug/mL,0.0
154962,[O-][N+](C1=C(C)C=CC(C(SC2)NC2C(O)=O)=C1)=O,Cc1ccc(C2NC(C(=O)O)CS2)cc1[N+](=O)[O-],CO-ADD:0155992,ATCC 25922,17.24,32 ug/mL,0.0
154964,O=C(NC1=C(C=CC=C2)C2=NC3=C1C=CC=C3)C(C(F)(F)F)(F)OC(F)(F)C(F)(F)C(F)(F)F,O=C(Nc1c2ccccc2nc2ccccc12)C(F)(OC(F)(F)C(F)(F)C(F)(F)F)C(F)(F)F,CO-ADD:0155748,ATCC 25922,98.59,32 ug/mL,1.0
154985,C(C(=O)Nc(cc1)ccc1Cl)(=C(C)NC(=C2C#N)SCC(=O)Nc(cc3)ccc3Cl)C2c4ccccc4,CC1=NC(SCC(=O)Nc2ccc(Cl)cc2)=C(C#N)C(c2ccccc2)C1C(=O)Nc1ccc(Cl)cc1,CO-ADD:0305675,ATCC 25922,3.0,32 ug/mL,0.0
155002,C(=S)(Nc1cccc(Cl)c1)N(Cc(cc2)ccc2N(C)C)Cc3ccco3,CN(C)c1ccc(CN(Cc2ccco2)C(=S)Nc2cccc(Cl)c2)cc1,CO-ADD:0307345,ATCC 25922,1.17,32 ug/mL,0.0
155087,N#CC1=C(N)OC(NC(N2)=O)=C(C2=O)C1C3=CC=C([N+]([O-])=O)S3,N#CC1C(=N)Oc2[nH]c(=O)[nH]c(=O)c2C1c1ccc([N+](=O)[O-])s1,CO-ADD:0155905,ATCC 25922,16.26,32 ug/mL,0.0
155096,s1c(c2ccc(cc2)C)nnc1NC(=O)C(Cl)(Cl)Cl,Cc1ccc(-c2nnc(NC(=O)C(Cl)(Cl)Cl)s2)cc1,CO-ADD:0162711,ATCC 25922,24.02,32 ug/mL,0.0
155133,c1(ccc(\C=N\NC(COc(cc2)ccc2Cl)=O)o1)[N+](=O)[O-],O=C(COc1ccc(Cl)cc1)N/N=C/c1ccc([N+](=O)[O-])o1,CO-ADD:0166149,ATCC 25922,36.7,80 ug/mL,0.0
155172,[N+](=O)([O-])c(ccc(c1C(=O)N\N=C\c(cc(Cl)cc2Cl)c2OC)O)c1,COc1c(Cl)cc(Cl)cc1/C=N/NC(=O)c1cc([N+](=O)[O-])ccc1O,CO-ADD:0162736,ATCC 25922,6.89,32 ug/mL,0.0
155183,[N+](=O)([O-])c1cccc(c1)\C=N\CCCCCCCCCCCCCCCCCC,CCCCCCCCCCCCCCCCCC/N=C/c1cccc([N+](=O)[O-])c1,CO-ADD:0230413,ATCC 25922,14.07,32 ug/mL,0.0
155184,N1(CNc(cc2)ccc2CC)C(=O)\C(\SC1=S)=C\c3cccc(Cl)c3Cl,CCc1ccc(NCN2C(=O)/C(=C/c3cccc(Cl)c3Cl)SC2=S)cc1,CO-ADD:0223044,ATCC 25922,20.94,32 ug/mL,0.0
155205,[N+](=O)([O-])\C=C\c1c(ccc(cccc2)c12)OCC(OCC)=O,CCOC(=O)COc1ccc2ccccc2c1/C=C/[N+](=O)[O-],CO-ADD:0235263,ATCC 25922,1.04,32 ug/mL,0.0
155224,S1(=O)(=O)c2c(C(Nc3ccccc3C)=N1)ccc(c2)[N+](=O)[O-],Cc1ccccc1N=C1NS(=O)(=O)c2cc([N+](=O)[O-])ccc21,CO-ADD:0228176,ATCC 25922,8.44,32 ug/mL,0.0
155234,C(C(OCC)=O)(Nc1ccccn1)(C(F)(F)F)NC(OCC)=O,CCOC(=O)NC(Nc1ccccn1)(C(=O)OCC)C(F)(F)F,CO-ADD:0287254,ATCC 25922,14.56,32 ug/mL,0.0
155259,C(C(OCC)=O)(=CN(CC)c1c2cc(c(N(CC3)CCN3C)c1)F)C2=O,CCOC(=O)c1cn(CC)c2cc(N3CCN(C)CC3)c(F)cc2c1=O,CO-ADD:0290316,ATCC 25922,94.15,32 ug/mL,1.0
155271,c1(C2)c(ccc(c(cc3)ccn3)c1)OCCN2.Cl.Cl,c1cc(-c2ccc3c(c2)CNCCO3)ccn1,CO-ADD:0289215,ATCC 25922,20.01,32 ug/mL,0.0
155301,c1([nH]nc2N=NN3CCCCC3)c2c(cc(C)n1)C,Cc1cc(C)c2c(N=NN3CCCCC3)[nH]nc2n1,CO-ADD:0286501,ATCC 25922,65.41,32 ug/mL,0.0
155306,CO\C=C(\C(=O)OC)/c1ccccc1Oc2cc(Oc3ccccc3C#N)ncn2,CO/C=C(/C(=O)OC)c1ccccc1Oc1cc(Oc2ccccc2C#N)ncn1,CO-ADD:0237136,ATCC 25922,-1.53,20 uM,0.0
155317,c12c(c(N)ccc1[N+](=O)[O-])non2,Nc1ccc([N+](=O)[O-])c2nonc12,CO-ADD:0293324,ATCC 25922,0.8,32 ug/mL,0.0
155326,c1(cc(cc(OC)c1C(N)=O)[N+](=O)[O-])[N+](=O)[O-],COc1cc([N+](=O)[O-])cc([N+](=O)[O-])c1C(N)=O,CO-ADD:0286423,ATCC 25922,21.65,32 ug/mL,0.0
155338,N(C(=O)\C(\S1)=C/c(cc2OC)cc(c2OC)OC)=C1N3CCCCCC3,COc1cc(/C=C2/SC(N3CCCCCC3)=NC2=O)cc(OC)c1OC,CO-ADD:0295587,ATCC 25922,8.79,32 ug/mL,0.0
155356,[N+](=O)([O-])c1ccccc1C(OC)C[Hg]Cl,COC([CH2][Hg][Cl])c1ccccc1[N+](=O)[O-],CO-ADD:0302181,ATCC 25922,100.41,32 ug/mL,1.0
155372,c1(c(ccc(c1)[N+](=O)[O-])Oc2ccc(cc2OC)\C=N\Nc3ccc(c4n3)cccc4)[N+](=O)[O-],COc1cc(/C=N/Nc2ccc3ccccc3n2)ccc1Oc1ccc([N+](=O)[O-])cc1[N+](=O)[O-],CO-ADD:0304344,ATCC 25922,2.93,32 ug/mL,0.0
155383,C1(=S)NC(NN1c2ccc(cc2)Cl)(CCC)CC,CCCC1(CC)NC(=S)N(c2ccc(Cl)cc2)N1,CO-ADD:0303638,ATCC 25922,7.79,32 ug/mL,0.0
155396,c1(CSc2sc(c3n2)cccc3)n(CC)c4c(cccc4)n1,CCn1c(CSc2nc3ccccc3s2)nc2ccccc21,CO-ADD:0301277,ATCC 25922,4.17,32 ug/mL,0.0
155423,n1c(cc([N+](=O)[O-])cc2)c2c(Nc(ccc3NS(CCCNC(=N)N)(=O)=O)cc3)c4c1cccc4.Cl.Cl,N=C(N)NCCCS(=O)(=O)Nc1ccc(Nc2c3ccccc3nc3cc([N+](=O)[O-])ccc23)cc1,CO-ADD:0137123,ATCC 25922,2.58,25 uM,0.0
155426,n1([H])c(CS)nc(cc(C)c2C)c1c2,Cc1cc2nc(CS)[nH]c2cc1C,CO-ADD:0135717,ATCC 25922,10.76,25 uM,0.0
155427,c1c(OC)c(c(cc(OC)c(c(O)ccc2C(C(O)C(C)(O)C3O)OC3C)c24)c4OC5=O)c5cc1C=C,C=Cc1cc(OC)c2c(c1)c(=O)oc1c2cc(OC)c2c(O)ccc(C3OC(C)C(O)C(C)(O)C3O)c21,CO-ADD:0137118,ATCC 25922,8.67,25 uM,0.0
155429,[H]N1CCN=C1c(ccc2NC(=O)c(ccc3C(Nc(ccc(C(N([H])CC4)=N4)c5)c5)=O)c(c3)Cl)cc2,O=C(Nc1ccc(C2=NCCN2)cc1)c1ccc(C(=O)Nc2ccc(C3=NCCN3)cc2)c(Cl)c1,CO-ADD:0137158,ATCC 25922,6.78,25 uM,0.0
155508,c(cc(Cl)cc1Cl)(\C=N\c(cc2)ccc2C(N)=O)c1O,NC(=O)c1ccc(N=Cc2cc(Cl)cc(Cl)c2O)cc1,CO-ADD:0222305,ATCC 25922,16.38,32 ug/mL,0.0
155510,[N+](=O)([O-])c1ccc(cc1O)\C=N\NC(CNc(ccc(c23)cccc2)c3)=O,O=C(CNc1ccc2ccccc2c1)NN=Cc1ccc([N+](=O)[O-])c(O)c1,CO-ADD:0222149,ATCC 25922,-17.33,32 ug/mL,0.0
155534,C(C#N)(=C(N)SC(=C1C#N)N)C1c2c(C)cc(c(c2C)[N+]([O-])=O)C,Cc1cc(C)c([N+](=O)[O-])c(C)c1C1C(C#N)C(=N)SC(=N)C1C#N,CO-ADD:0219037,ATCC 25922,14.94,32 ug/mL,0.0
155602,n12c(nnc1c3c(cccc3Cl)Cl)c(c(Cl)c(C#N)c2Cl)Cl,N#Cc1c(Cl)c(Cl)c2nnc(-c3c(Cl)cccc3Cl)n2c1Cl,CO-ADD:0227084,ATCC 25922,9.81,32 ug/mL,0.0
155604,c1(O)c(Br)c(\C=N\NC(COc2c(OC)cc(cc2Br)Br)=O)cc(Br)c1O,COc1cc(Br)cc(Br)c1OCC(=O)NN=Cc1cc(Br)c(O)c(O)c1Br,CO-ADD:0231686,ATCC 25922,30.33,32 ug/mL,0.0
155623,N1C(=O)\C(\SC1=S)=C\c(ccc2c3ccccc3Cl)o2,O=C1NC(=S)S/C1=C\c1ccc(-c2ccccc2Cl)o1,CO-ADD:0233033,ATCC 25922,4.97,32 ug/mL,0.0
155626,N1(C(=O)C=CC1=O)c2c(Cl)ccc(Cl)c2,O=C1C=CC(=O)N1c1cc(Cl)ccc1Cl,CO-ADD:0234057,ATCC 25922,12.37,32 ug/mL,0.0
155629,c1(NC(C)=O)sc(c2c1C(O)=O)CCCC2,CC(=O)Nc1sc2c(c1C(=O)O)CCCC2,CO-ADD:0219039,ATCC 25922,18.54,32 ug/mL,0.0
155633,[n+]1(C)c(C)cc(cc1c2ccc(cc2)Cl)c3ccc(cc3)Cl,Cc1cc(-c2ccc(Cl)cc2)cc(-c2ccc(Cl)cc2)[n+]1C,CO-ADD:0234366,ATCC 25922,70.86,32 ug/mL,0.0
155643,COc1cc(NC(C)CCCN)c2ncccc2c1.P(O)(O)(=O)O.P(O)(O)(=O)O,COc1cc(NC(C)CCCN)c2ncccc2c1,CO-ADD:0237186,ATCC 25922,1.18,20 uM,0.0
155664,c1(OCC(=O)N\N=C\c2cccc(O)c2)c(Br)cc(cc1Br)Br,O=C(COc1c(Br)cc(Br)cc1Br)NN=Cc1cccc(O)c1,CO-ADD:0220559,ATCC 25922,3.36,32 ug/mL,0.0
155665,c12c(cccc1NC(=O)c(cc3)ccc3C(=O)Nc4cccc(C(=O)c(c5C6=O)cccc5)c46)C(=O)c(c7C2=O)cccc7,O=C(Nc1cccc2c1C(=O)c1ccccc1C2=O)c1ccc(C(=O)Nc2cccc3c2C(=O)c2ccccc2C3=O)cc1,CO-ADD:0227361,ATCC 25922,1.54,32 ug/mL,0.0
155669,[N+](=O)([O-])c(ccc(c1\C=N\NC(=O)C(=O)Nc2cc(C)ccc2C)O)c1,Cc1ccc(C)c(NC(=O)C(=O)NN=Cc2cc([N+](=O)[O-])ccc2O)c1,CO-ADD:0215521,ATCC 25922,16.16,32 ug/mL,0.0
155679,C(\C(\CC1)=C\c(cc2)ccc2F)(O3)=C1C(C(C#N)=C3N)c4ccc(cc4)F,N#CC1C(=N)OC2=C(CC/C2=C\c2ccc(F)cc2)C1c1ccc(F)cc1,CO-ADD:0215420,ATCC 25922,1.49,32 ug/mL,0.0
155686,N1(c2ccc(cc2)Br)C(=O)c(c3)c(c(c4)C1=O)c(cc3[N+](=O)[O-])cc4[N+](=O)[O-],O=C1c2cc([N+](=O)[O-])cc3cc([N+](=O)[O-])cc(c23)C(=O)N1c1ccc(Br)cc1,CO-ADD:0214909,ATCC 25922,10.83,32 ug/mL,0.0
155706,C(=C/c1ccc(cc1OC)OC)(/C2=O)\C(=O)NC(=S)N2,COc1ccc(C=C2C(=O)NC(=S)NC2=O)c(OC)c1,CO-ADD:0218373,ATCC 25922,-9.72,32 ug/mL,0.0
155741,c1(c2ccc(cc2)\N=C\c(cc(OCO3)c3c4)c4Br)[nH]c5c(ccc(c5)\N=C\c(cc(OCO6)c6c7)c7Br)n1,Brc1cc2c(cc1/C=N/c1ccc(-c3nc4cc(/N=C/c5cc6c(cc5Br)OCO6)ccc4[nH]3)cc1)OCO2,CO-ADD:0217553,ATCC 25922,5.93,32 ug/mL,0.0
155748,N1(c(cc2)ccc2C(OCCCCCCC)=O)C(=O)c3c(c4C1=O)c(c(CC5)cc3)c5cc4,CCCCCCCOC(=O)c1ccc(-n2c(O)c3ccc4ccc5ccc(c2O)c3c45)cc1,CO-ADD:0163691,ATCC 25922,5.25,32 ug/mL,0.0
155793,O=C(NCCCCCCCCCCCC)CCC1=CC=C(C)O1,CCCCCCCCCCCCNC(=O)CCc1ccc(C)o1,CO-ADD:0155692,ATCC 25922,95.89,32 ug/mL,1.0
155799,O=C(N/N=C/C1=CC(I)=C(C(I)=C1)O)/C(NC(C2=CC=CC=C2)=O)=C\C3=CC(OCO4)=C4C=C3,O=C(NN=Cc1cc(I)c(O)c(I)c1)C(Cc1ccc2c(c1)OCO2)=NC(=O)c1ccccc1,CO-ADD:0159996,ATCC 25922,10.82,32 ug/mL,0.0
155807,c(cc(cc1[N+](=O)[O-])[N+](=O)[O-])(c1CCNc(cc2)ccc2N(C)C)[N+](=O)[O-],CN(C)c1ccc(NCCc2c([N+](=O)[O-])cc([N+](=O)[O-])cc2[N+](=O)[O-])cc1,CO-ADD:0232815,ATCC 25922,8.33,32 ug/mL,0.0
155809,[N+](=O)([O-])c(ccc(c1\C=N\NC(=O)c(cccn2)c2)OC(=O)c3cccc(Br)c3)c1,O=C(N/N=C/c1cc([N+](=O)[O-])ccc1OC(=O)c1cccc(Br)c1)c1cccnc1,CO-ADD:0232183,ATCC 25922,18.01,32 ug/mL,0.0
155899,n1c(c2ccccc2)csc1N\N=C\c(cc3)ccc3C(OC)=O,COC(=O)c1ccc(C=NNc2nc(-c3ccccc3)cs2)cc1,CO-ADD:0223413,ATCC 25922,11.57,32 ug/mL,0.0
155905,C(COc1ccccc1Br)(=O)Nc(cc2)ccc2I,O=C(COc1ccccc1Br)Nc1ccc(I)cc1,CO-ADD:0222895,ATCC 25922,5.59,32 ug/mL,0.0
155909,c1(c(O)c2O)c(cc2[N+](=O)[O-])C(c(cccc3)c3C1=O)=O,O=C1C(=O)c2c(c(O)c3ccccc3c2O)C=C1[N+](=O)[O-],CO-ADD:0230440,ATCC 25922,4.73,32 ug/mL,0.0
155936,c1(Nc(cc2)ccc2OC)nc(Cl)nc(NCc(cccn3)c3)n1,COc1ccc(Nc2nc(Cl)nc(NCc3cccnc3)n2)cc1,CO-ADD:0250113,ATCC 25922,4.1,32 ug/mL,0.0
155942,n1(CC)c2c(c(cc(cc3)\C=N\c(cc4)ccc4N(CC)CC)c13)cccc2,CCN(CC)c1ccc(/N=C/c2ccc3c(c2)c2ccccc2n3CC)cc1,CO-ADD:0252485,ATCC 25922,5.93,32 ug/mL,0.0
155979,N1(C2c3ccc(c(OC)c3)OC)C(S\C(=C\c(ccc4[N+](=O)[O-])o4)\C1=O)=NC(C)=C2C(OCC)=O,CCOC(=O)C1=C(C)N=c2s/c(=C/c3ccc([N+](=O)[O-])o3)c(=O)n2C1c1ccc(OC)c(OC)c1,CO-ADD:0255016,ATCC 25922,3.99,32 ug/mL,0.0
156063,C(=C\c(ccc(c12)OCO1)c2)(/c3c4cccc3)\c5c4ccc(C(CCCCN6CCCCC6)=O)c5.Cl,O=C(CCCCN1CCCCC1)c1ccc2c(c1)/C(=C\c1ccc3c(c1)OCO3)c1ccccc1-2,CO-ADD:0228948,ATCC 25922,4.16,32 ug/mL,0.0
156136,c1(ccc(\C=N\c2ccccc2C(=O)Nc(cc3)ccc3NC(C)=O)o1)[N+](=O)[O-],CC(=O)Nc1ccc(NC(=O)c2ccccc2/N=C/c2ccc([N+](=O)[O-])o2)cc1,CO-ADD:0254478,ATCC 25922,100.74,32 ug/mL,1.0
156139,CN1C=C(NC(C(C=C2)=CC=C2/C=C/C3=CC(C=CC=C4)=C4N=C3)=O)C=C1C(NC5=CN(C)C(C(NCCC(N)=N)=O)=C5)=O.OC(C(F)(F)F)=O.OC(C(F)(F)F)=O,Cn1cc(NC(=O)c2cc(NC(=O)c3ccc(/C=C/c4cnc5ccccc5c4)cc3)cn2C)cc1C(=O)NCCC(=N)N,CO-ADD:0137558,ATCC 25922,5.62,32 ug/mL,0.0
156213,C(C(=O)C(C)(C)C)(C1c(cc2)ccc2[N+](=O)[O-])=C(O)C(N1c3ccc(cc3)C)=O,Cc1ccc(N2C(=O)C(=O)C(C(=O)C(C)(C)C)C2c2ccc([N+](=O)[O-])cc2)cc1,CO-ADD:0306144,ATCC 25922,0.81,32 ug/mL,0.0
156221,C(=C/c(cc1)ccc1OCc2ccccc2F)(/C3=O)\C(=O)OC4(CCCCC4)O3,O=C1OC2(CCCCC2)OC(=O)C1=Cc1ccc(OCc2ccccc2F)cc1,CO-ADD:0305436,ATCC 25922,2.01,32 ug/mL,0.0
156282,[N+](=O)([O-])c1ccc(cc1NC(C)c2ccc(cc2)Br)N(CC3)CCN3CCO,CC(Nc1cc(N2CCN(CCO)CC2)ccc1[N+](=O)[O-])c1ccc(Br)cc1,CO-ADD:0303268,ATCC 25922,4.32,32 ug/mL,0.0
156378,C(/c(cc(OCC)cc1)c12)(\C(=S)C(N2C(=O)c3cc(OC)cc(OC)c3)(C)C)=C(/S4)\SC(=C4C(OC)=O)C(OC)=O,CCOc1ccc2c(c1)C(=C1SC(C(=O)OC)=C(C(=O)OC)S1)C(=S)C(C)(C)N2C(=O)c1cc(OC)cc(OC)c1,CO-ADD:0329863,ATCC 25922,-7.67,32 ug/mL,0.0
156409,[N+](=O)([O-])c1cccc(\C=N\c(cc2)ccc2I)c1O,O=[N+]([O-])c1cccc(C=Nc2ccc(I)cc2)c1O,CO-ADD:0249476,ATCC 25922,24.71,32 ug/mL,0.0
156412,O=C(NCCN1CCOCC1)C2=CC(NC(C3=CC(NC(C4=CC=C(OC)C=C4)=N)=CN3C)=O)=CN2CCCC5=CN(CCC6=CC=CC=C6)N=N5.OC(C(F)(F)F)=O.OC(C(F)(F)F)=O,COc1ccc(C(=N)Nc2cc(C(=O)Nc3cc(C(=O)NCCN4CCOCC4)n(CCCc4cn(CCc5ccccc5)nn4)c3)n(C)c2)cc1,CO-ADD:0137579,ATCC 25922,3.88,32 ug/mL,0.0
156434,c(cc(cc1C(=O)Nc(cc2)ccc2Cl)[N+](=O)[O-])([N+](=O)[O-])c1Nc3cccc(Cl)c3,O=C(Nc1ccc(Cl)cc1)c1cc([N+](=O)[O-])cc([N+](=O)[O-])c1Nc1cccc(Cl)c1,CO-ADD:0253915,ATCC 25922,6.93,32 ug/mL,0.0
156456,C(=O)(N\N=C(\C1)/CCC1)C(=O)Nc2ccc(cc2OC)OC,COc1ccc(NC(=O)C(=O)NN=C2CCCC2)c(OC)c1,CO-ADD:0250147,ATCC 25922,-1.87,32 ug/mL,0.0
156483,c1(C(O)C(C(OCC)=O)C(OCC)=O)c(cc(cc1[N+](=O)[O-])[N+](=O)[O-])[N+](=O)[O-],CCOC(=O)C(C(=O)OCC)C(O)c1c([N+](=O)[O-])cc([N+](=O)[O-])cc1[N+](=O)[O-],CO-ADD:0283465,ATCC 25922,27.24,32 ug/mL,0.0
156500,c1(N\N=C/c(cc2)cc(c2OC(C)=O)OC)nncn1N,COc1cc(/C=N\Nc2nncn2N)ccc1OC(C)=O,CO-ADD:0257377,ATCC 25922,16.09,32 ug/mL,0.0
156634,C(=O)(Oc(cc1)ccc1C=O)c2cccc(Br)c2,O=Cc1ccc(OC(=O)c2cccc(Br)c2)cc1,CO-ADD:0222459,ATCC 25922,3.02,32 ug/mL,0.0
156667,N1(Cc2ccccc2)\C(=N\c(cc3)ccc3Cl)\SC(C(O)=O)CC1=O,O=C(O)C1CC(=O)N(Cc2ccccc2)/C(=N/c2ccc(Cl)cc2)S1,CO-ADD:0290404,ATCC 25922,13.32,32 ug/mL,0.0
156691,[N+](=O)([O-])c1cc(ccc1O)\C=N\NC(CNC(=O)C(c2ccccc2)c3ccccc3)=O,O=C(CNC(=O)C(c1ccccc1)c1ccccc1)NN=Cc1ccc(O)c([N+](=O)[O-])c1,CO-ADD:0220427,ATCC 25922,6.91,32 ug/mL,0.0
156705,N1(c2ccc(cc2)F)C(=O)CC(N(CC3)CCN3c4ncccn4)C1=O,Oc1cc(N2CCN(c3ncccn3)CC2)c(O)n1-c1ccc(F)cc1,CO-ADD:0221391,ATCC 25922,18.21,32 ug/mL,0.0
156741,c1(C(N)=O)c(cc(cc1[N+](=O)[O-])[N+](=O)[O-])[N+](=O)[O-],NC(=O)c1c([N+](=O)[O-])cc([N+](=O)[O-])cc1[N+](=O)[O-],CO-ADD:0290455,ATCC 25922,52.29,32 ug/mL,0.0
156743,c1(O)c(Br)c(\C=N\NC(COc2c(Br)cc(cc2Br)OC)=O)cc(Br)c1O,COc1cc(Br)c(OCC(=O)NN=Cc2cc(Br)c(O)c(O)c2Br)c(Br)c1,CO-ADD:0222779,ATCC 25922,34.6,32 ug/mL,0.0
156746,c1(cc(C)cc(I)c1O)\C=N\c2ccccc2O,Cc1cc(I)c(O)c(C=Nc2ccccc2O)c1,CO-ADD:0220271,ATCC 25922,11.93,32 ug/mL,0.0
156768,[N+](=O)([O-])c(ccc(c1\C=N\NC(CNC(=O)c2ccc(c(OC)c2)OC)=O)OC)c1,COc1ccc([N+](=O)[O-])cc1/C=N/NC(=O)CNC(=O)c1ccc(OC)c(OC)c1,CO-ADD:0166105,ATCC 25922,5.18,80 ug/mL,0.0
156777,[N+](=O)([O-])c(ccc(c1\C=N\c(cccc2NC(C)=O)c2)O)c1,CC(=O)Nc1cccc(N=Cc2cc([N+](=O)[O-])ccc2O)c1,CO-ADD:0218248,ATCC 25922,9.96,32 ug/mL,0.0
156778,C(COC)(=O)N\N=C(/C)\CC(=O)NCC1CCCO1,COCC(=O)NN=C(C)CC(=O)NCC1CCCO1,CO-ADD:0217961,ATCC 25922,-6.05,32 ug/mL,0.0
156783,n1c2c(oc1c3ccc(cc3)\N=C\c(cc(Cl)cc4[N+](=O)[O-])c4O)cccn2,O=[N+]([O-])c1cc(Cl)cc(C=Nc2ccc(-c3nc4ncccc4o3)cc2)c1O,CO-ADD:0217510,ATCC 25922,0.0,32 ug/mL,0.0
156784,NC1=C(C(N)=O)SC2=C1C(C)=CC(C)=N2,Cc1cc(C)c2c(N)c(C(N)=O)sc2n1,CO-ADD:0157981,ATCC 25922,19.22,32 ug/mL,0.0
156804,C(=O)(Nc1cccc(Cl)c1)C\C(\C)=N\NC(COc(ccc(c2C)Br)c2)=O,CC(CC(=O)Nc1cccc(Cl)c1)=NNC(=O)COc1ccc(Br)c(C)c1,CO-ADD:0165886,ATCC 25922,4.4,80 ug/mL,0.0
156805,c1(Cl)c(ccc(Cl)c1)OCC(=O)NCc2ccco2,O=C(COc1ccc(Cl)cc1Cl)NCc1ccco1,CO-ADD:0166264,ATCC 25922,14.06,80 ug/mL,0.0
156806,c1(cc(O)ccc1O)\C(\C)=N\NC(COc(cc2)ccc2Cl)=O,CC(=NNC(=O)COc1ccc(Cl)cc1)c1cc(O)ccc1O,CO-ADD:0166152,ATCC 25922,0.39,80 ug/mL,0.0
156814,N1(c2ccc(cc2)OCCCC)C(=O)C(CC1=O)SC(N\N=C\c(ccc(c3O)O)c3)=N,CCCCOc1ccc(-n2c(O)cc(SC(=N)NN=Cc3ccc(O)c(O)c3)c2O)cc1,CO-ADD:0166770,ATCC 25922,-5.05,80 ug/mL,0.0
156830,n1c(c2ccccc2)c(cn1c3ccccc3)\C=N\NC(=O)c4ccc(cc4)OCC=C,C=CCOc1ccc(C(=O)N/N=C/c2cn(-c3ccccc3)nc2-c2ccccc2)cc1,CO-ADD:0217650,ATCC 25922,-19.41,32 ug/mL,0.0
156862,C(=O)(c1cccc(C)c1)Nc(cccc2C(NCCCCCCCCCCCC)=O)c2,CCCCCCCCCCCCNC(=O)c1cccc(NC(=O)c2cccc(C)c2)c1,CO-ADD:0162412,ATCC 25922,81.41,32 ug/mL,1.0
156880,[O-][N+](C1=CC([N+]([O-])=O)=CC(C(N/N=C/C=C(O)\C(C=C2)=CC=C2C)=O)=C1)=O,Cc1ccc(C(=O)CC=NNC(=O)c2cc([N+](=O)[O-])cc([N+](=O)[O-])c2)cc1,CO-ADD:0158061,ATCC 25922,38.53,32 ug/mL,0.0
156895,O=C(S/1)N(CNC2=CC=CC=C2C(OC)=O)C(C1=C\C(C=CC=C3)=C3I)=O,COC(=O)c1ccccc1NCN1C(=O)S/C(=C\c2ccccc2I)C1=O,CO-ADD:0155374,ATCC 25922,23.37,32 ug/mL,0.0
156897,C1(C#N)(C#N)C(N)=C(C#N)C(C(C2)C13c4c(NC3=O)cccc4)=CCN2C.[Na+],CN1CC=C2C(C#N)C(=N)C(C#N)(C#N)C3(C(=O)Nc4ccccc43)C2C1,CO-ADD:0162627,ATCC 25922,10.39,32 ug/mL,0.0
156932,[O-][N+](C1=CC=C(C(/C=N/NC(C2=CC(Br)=CC=C2)=O)=C1)N(CCC3)CC3C(N(CC)CC)=O)=O,CCN(CC)C(=O)C1CCCN(c2ccc([N+](=O)[O-])cc2/C=N/NC(=O)c2cccc(Br)c2)C1,CO-ADD:0160335,ATCC 25922,-13.35,32 ug/mL,0.0
156950,[N+](=O)([O-])c(cc1Cl)cc(c1NC(=O)c2ccc(cc2)NC(C)=O)Cl,CC(=O)Nc1ccc(C(=O)Nc2c(Cl)cc([N+](=O)[O-])cc2Cl)cc1,CO-ADD:0161941,ATCC 25922,16.31,32 ug/mL,0.0
157047,C(=O)(C(=O)NCc(cc1)ccc1C)Nc2ccc(cc2C)I,Cc1ccc(CNC(=O)C(=O)Nc2ccc(I)cc2C)cc1,CO-ADD:0244271,ATCC 25922,3.69,32 ug/mL,0.0
157195,C1(O)(CC(=O)c(c2O1)ccc(cccc3)c23)C(F)(F)C(F)(F)OC(F)(F)F,O=C1CC(O)(C(F)(F)C(F)(F)OC(F)(F)F)Oc2c1ccc1ccccc21,CO-ADD:0245632,ATCC 25922,7.27,32 ug/mL,0.0
157197,c1([N+](=O)[O-])nnn(C\C(\C)=N\NC(=O)c2n[nH]cc2[N+](=O)[O-])n1,C/C(Cn1nnc([N+](=O)[O-])n1)=N\NC(=O)c1[nH]ncc1[N+](=O)[O-],CO-ADD:0245057,ATCC 25922,5.95,32 ug/mL,0.0
157284,S(=O)(=O)(c(cccc1C(=O)Oc2cccc(cccn3)c23)c1)N4CCCCC4,O=C(Oc1cccc2cccnc12)c1cccc(S(=O)(=O)N2CCCCC2)c1,CO-ADD:0242006,ATCC 25922,15.24,32 ug/mL,0.0
157290,C(/C(C)=NO1)(\C1=O)=C\c2ccccc2OC,COc1ccccc1/C=C1\C(=O)ON=C1C,CO-ADD:0223536,ATCC 25922,11.62,32 ug/mL,0.0
157310,c1(ccc(\C=N\N=C\c2ccc(cc2O)O)o1)[N+](=O)[O-],O=[N+]([O-])c1ccc(C=NN=Cc2ccc(O)cc2O)o1,CO-ADD:0223354,ATCC 25922,96.39,32 ug/mL,1.0
157322,N(c1ccccc1OC)(C(=O)C(C23)C(C=C4)OC24C)C3=O,COc1ccccc1-n1c(O)c2c(c1O)C1(C)C=CC2O1,CO-ADD:0230398,ATCC 25922,3.49,32 ug/mL,0.0
157331,C(=O)(c1ccccc1Br)Oc2c(Br)cc(cc2\C=N\NC(c(cc3)ccn3)=O)Br,O=C(N/N=C/c1cc(Br)cc(Br)c1OC(=O)c1ccccc1Br)c1ccncc1,CO-ADD:0231892,ATCC 25922,12.29,32 ug/mL,0.0
157360,c(c1CC(C)C)(C(=O)SC(=O)c(c2CC(C)C)c(C(F)(F)F)nc(C([H])(F)F)c2C(SC)=O)c(C(F)(F)F)nc(C([H])(F)F)c1C(SC)=O,CSC(=O)c1c(C(F)F)nc(C(F)(F)F)c(C(=O)SC(=O)c2c(C(F)(F)F)nc(C(F)F)c(C(=O)SC)c2CC(C)C)c1CC(C)C,CO-ADD:0290675,ATCC 25922,6.57,32 ug/mL,0.0
157374,N(c1c(C)ccc(Cl)c1)(C(=O)C(C23)C(C=C4)OC24CO)C3=O,Cc1ccc(Cl)cc1-n1c(O)c2c(c1O)C1(CO)C=CC2O1,CO-ADD:0284316,ATCC 25922,5.43,32 ug/mL,0.0
157388,O=C(NC1=CN(C)C(C(NC2=CN(C)C(C(NCCN3CCOCC3)=O)=C2)=O)=C1)C(C=C4)=CC=C4/C=C/C(C=C5)=CC=C5C(F)(F)F.OC(C(F)(F)F)=O,Cn1cc(NC(=O)c2cc(NC(=O)c3ccc(/C=C/c4ccc(C(F)(F)F)cc4)cc3)cn2C)cc1C(=O)NCCN1CCOCC1,CO-ADD:0137616,ATCC 25922,5.98,32 ug/mL,0.0
157520,N1(C2CCCCCC2)C(=O)c3c(c4C1=O)c(ccc3)ccc4,O=C1c2cccc3cccc(c23)C(=O)N1C1CCCCCC1,CO-ADD:0294108,ATCC 25922,3.69,32 ug/mL,0.0
157525,N1(c2ccc(cc2)OC(F)(F)Cl)C(=O)CC(N(CC3)CCN3c4ccccn4)C1=O,Oc1cc(N2CCN(c3ccccn3)CC2)c(O)n1-c1ccc(OC(F)(F)Cl)cc1,CO-ADD:0293709,ATCC 25922,1.51,32 ug/mL,0.0
157529,N1(c2ccc(cc2)OCC)C(=O)CC(N(CC3)CCC3C(O)(c4ccccc4)c5ccccc5)C1=O,CCOc1ccc(-n2c(O)cc(N3CCC(C(O)(c4ccccc4)c4ccccc4)CC3)c2O)cc1,CO-ADD:0295816,ATCC 25922,0.23,32 ug/mL,0.0
157531,c1(CC2(C)C)c(ccc(cccc3)c13)C(=N2)CCl,CC1(C)Cc2c(ccc3ccccc23)C(CCl)=N1,CO-ADD:0294838,ATCC 25922,8.83,32 ug/mL,0.0
157538,c1(C(OCC)=O)c2c([nH]c1C)ccc(OC)c2,CCOC(=O)c1c(C)[nH]c2ccc(OC)cc12,CO-ADD:0294655,ATCC 25922,2.77,32 ug/mL,0.0
157561,C1(C23)C(C(c(cccc4)c24)c5c3cccc5)C(OC1=O)=O,Oc1oc(O)c2c1C1c3ccccc3C2c2ccccc21,CO-ADD:0319310,ATCC 25922,-5.3,32 ug/mL,0.0
157626,C12(C=Cc(c(ccc3[N+](=O)[O-])O1)c3)C(C)(C)c(c4N2CC(N)=O)cccc4,CC1(C)c2ccccc2N(CC(N)=O)C12C=Cc1cc([N+](=O)[O-])ccc1O2,CO-ADD:0295203,ATCC 25922,3.68,32 ug/mL,0.0
157633,N1(CC)C(=O)\C(=C/C=C\c2ccccc2[N+](=O)[O-])\C(NC1=S)=O,CCN1C(=O)/C(=C\C=C/c2ccccc2[N+](=O)[O-])C(=O)NC1=S,CO-ADD:0295320,ATCC 25922,-0.34,32 ug/mL,0.0
157704,N1(c2ccc(cc2)OCC)C(c3ccc(c4c3)OCO4)N(N=C1C(C)=O)c5ccc(cc5)Cl,CCOc1ccc(N2C(C(C)=O)=NN(c3ccc(Cl)cc3)C2c2ccc3c(c2)OCO3)cc1,CO-ADD:0302921,ATCC 25922,2.32,32 ug/mL,0.0
157711,N1(c2ccc(c(Cl)c2)N(CC3)CCO3)C(c4ccc(cc4)OCc(cc5)ccc5Cl)N(N=C1C(C)=O)c6ccccc6,CC(=O)C1=NN(c2ccccc2)C(c2ccc(OCc3ccc(Cl)cc3)cc2)N1c1ccc(N2CCOCC2)c(Cl)c1,CO-ADD:0302932,ATCC 25922,4.51,32 ug/mL,0.0
157746,C1=CC(=O)N(c2ccc(I)cc2Cl)C1=O,O=C1C=CC(=O)N1c1ccc(I)cc1Cl,CO-ADD:0136789,ATCC 25922,9.26,25 uM,0.0
158012,N(=C\c(cc(Br)cc1Br)c1O)/c2c(C)cccc2O,Cc1cccc(O)c1N=Cc1cc(Br)cc(Br)c1O,CO-ADD:0222554,ATCC 25922,15.04,32 ug/mL,0.0
158053,c(cc(Br)cc1Cl)(\C=N\c2cccc(C)c2)c1O,Cc1cccc(N=Cc2cc(Br)cc(Cl)c2O)c1,CO-ADD:0233450,ATCC 25922,34.99,32 ug/mL,0.0
158056,N1(C(CCC)=O)c(ccc(c2)Cl)c2OC1=S,CCCC(=O)n1c(=S)oc2cc(Cl)ccc21,CO-ADD:0222575,ATCC 25922,10.95,32 ug/mL,0.0
158068,[N+](=O)([O-])c(cc1)ccc1C(=O)Oc2cccc(c2)\C=N\NC(CNc(ccc(c34)cccc3)c4)=O,O=C(CNc1ccc2ccccc2c1)N/N=C/c1cccc(OC(=O)c2ccc([N+](=O)[O-])cc2)c1,CO-ADD:0222219,ATCC 25922,3.72,32 ug/mL,0.0
158082,c(Nc1ccccc1)(nc(N\N=C\c2ccccc2Br)nc3Nc4ccccc4)n3,Brc1ccccc1/C=N/Nc1nc(Nc2ccccc2)nc(Nc2ccccc2)n1,CO-ADD:0222418,ATCC 25922,-5.43,32 ug/mL,0.0
158090,[N+](=O)([O-])c1cccc(\C=N\NC(CNc2cccc(C)c2)=O)c1O,Cc1cccc(NCC(=O)NN=Cc2cccc([N+](=O)[O-])c2O)c1,CO-ADD:0220307,ATCC 25922,14.85,32 ug/mL,0.0
158315,O=[N+](C1=CC=CC=C1C2=CC=CC=C2NC3=CC=CC=C3)[O-],O=[N+]([O-])c1ccccc1-c1ccccc1Nc1ccccc1,CO-ADD:0140019,ATCC 25922,6.62,32 ug/mL,0.0
158317,C(C(OCC)=O)(C1c2ccccc2)=C(CSc3c(cc(c4n3)CCCCCC4)C#N)OC(N)=C1C#N,CCOC(=O)C1=C(CSc2nc3c(cc2C#N)CCCCCC3)OC(=N)C(C#N)C1c1ccccc1,CO-ADD:0161284,ATCC 25922,10.19,32 ug/mL,0.0
158338,N1(c2ccc(cc2)Br)C(=O)CC(N3CCC(CC3)C)C1=O,CC1CCN(c2cc(O)n(-c3ccc(Br)cc3)c2O)CC1,CO-ADD:0163121,ATCC 25922,13.53,32 ug/mL,0.0
158356,S(NCCCCCC(OC)=O)(=O)(=O)c(cc1)ccc1[N+](=O)[O-],COC(=O)CCCCCNS(=O)(=O)c1ccc([N+](=O)[O-])cc1,CO-ADD:0240789,ATCC 25922,6.81,32 ug/mL,0.0
158439,O=C(C1=CC2=C(C=CC=C2)C=N1)NC3=CN(C)C(C(NC4=CN(C)C(C(NC5=CN(CCCN(C)C)C=N5)=O)=C4)=O)=C3.OC(C(F)(F)F)=O,CN(C)CCCn1cnc(NC(=O)c2cc(NC(=O)c3cc(NC(=O)c4cc5ccccc5cn4)cn3C)cn2C)c1,CO-ADD:0153078,ATCC 25922,-17.75,32 ug/mL,0.0
158457,N1(CN(CC)c2ccccc2)C(=O)\C(\SC1=O)=C\c3ccccc3,CCN(CN1C(=O)S/C(=C\c2ccccc2)C1=O)c1ccccc1,CO-ADD:0244512,ATCC 25922,14.94,32 ug/mL,0.0
158505,C(=C\c(cc1)ccc1OC)(/c2c3cccc2)\c4c3ccc(C(CCCCN5CCCCC5)=O)c4,COc1ccc(/C=C2/c3ccccc3-c3ccc(C(=O)CCCCN4CCCCC4)cc32)cc1,CO-ADD:0235801,ATCC 25922,-5.3,32 ug/mL,0.0
158595,N1(c(cc2)ccc2C(OCCC)=O)C(=O)c3c(c4C1=O)c(ccc3)cc(Br)c4,CCCOC(=O)c1ccc(N2C(=O)c3cccc4cc(Br)cc(c34)C2=O)cc1,CO-ADD:0292584,ATCC 25922,2.35,32 ug/mL,0.0
158687,N1(C(CCCCCCCCC)=O)c2c([C@]([H])(CN(C)CC3)[C@]13[H])cc(C)cc2.Cl,CCCCCCCCCC(=O)N1c2ccc(C)cc2[C@@H]2CN(C)CC[C@H]21,CO-ADD:0286078,ATCC 25922,28.9,32 ug/mL,0.0
158746,c1(ccn(C)n1)C(=O)N\N=C\c(ccc2[N+](=O)[O-])o2,Cn1ccc(C(=O)N/N=C/c2ccc([N+](=O)[O-])o2)n1,CO-ADD:0258946,ATCC 25922,90.68,32 ug/mL,1.0
158792,[N+](=O)([O-])\C=C\c1c2c(cccc2)ccc1OC(C)=O,CC(=O)Oc1ccc2ccccc2c1/C=C/[N+](=O)[O-],CO-ADD:0249558,ATCC 25922,24.86,32 ug/mL,0.0
158900,c1(S(CCC)(=O)=O)c(C(c2ccccc2)=O)n(c3c1S(CCC)(=O)=O)cccc3C,CCCS(=O)(=O)c1c(S(=O)(=O)CCC)c2c(C)cccn2c1C(=O)c1ccccc1,CO-ADD:0290483,ATCC 25922,13.97,32 ug/mL,0.0
158907,C(/c(cc(C)cc1)c12)(\C(=S)C(N2C(C(C)CC)=O)(C)C)=C(/S3)\SC(=C3C(OC)=O)C(OC)=O,CCC(C)C(=O)N1c2ccc(C)cc2C(=C2SC(C(=O)OC)=C(C(=O)OC)S2)C(=S)C1(C)C,CO-ADD:0293406,ATCC 25922,6.82,32 ug/mL,0.0
159018,C1(Cl)(C(C)C(C(C#N)=C1N)(C#N)C#N)[N+](=O)[O-],CC1C(C#N)(C#N)C(C#N)C(=N)C1(Cl)[N+](=O)[O-],CO-ADD:0301070,ATCC 25922,19.34,32 ug/mL,0.0
159039,[N+](=O)([O-])c1c(Cl)ccc(NN)c1.Cl,NNc1ccc(Cl)c([N+](=O)[O-])c1,CO-ADD:0304881,ATCC 25922,-10.29,32 ug/mL,0.0
159070,O=C(C1=CC=C(F)C=C1)NC2=NC=NN2,O=C(Nc1nc[nH]n1)c1ccc(F)cc1,CO-ADD:0154779,ATCC 25922,-2.76,32 ug/mL,0.0
159082,O=C(NC1=C(C=CC=C2)C2=CC=C1)C3=C(C)OC(C4=CC=CC=C4)=C3,Cc1oc(-c2ccccc2)cc1C(=O)Nc1cccc2ccccc12,CO-ADD:0158287,ATCC 25922,-9.69,32 ug/mL,0.0
159124,c1(c2ccc(cc2)NC(=O)C3CC(C)=CCC3C(O)=O)sc4c(ccc(C)c4)n1,CC1=CCC(C(=O)O)C(C(=O)Nc2ccc(-c3nc4ccc(C)cc4s3)cc2)C1,CO-ADD:0311339,ATCC 25922,7.49,32 ug/mL,0.0
159127,c(cc(cc1[N+](=O)[O-])[N+](=O)[O-])([N+](=O)[O-])c1NC(=O)OC(C)(C)C#C,C#CC(C)(C)OC(=O)Nc1c([N+](=O)[O-])cc([N+](=O)[O-])cc1[N+](=O)[O-],CO-ADD:0305604,ATCC 25922,9.87,32 ug/mL,0.0
159161,C(C(OC)=O)(C(OC)=O)C(Br)C(=O)c1ccc(cc1)Br,COC(=O)C(C(=O)OC)C(Br)C(=O)c1ccc(Br)cc1,CO-ADD:0307522,ATCC 25922,6.0,32 ug/mL,0.0
159227,N#CC1=C(N)SC(N)=C(C#N)C1C2=CC=C(C=C2)[N+]([O-])=O,N#CC1C(=N)SC(=N)C(C#N)C1c1ccc([N+](=O)[O-])cc1,CO-ADD:0157996,ATCC 25922,29.67,32 ug/mL,0.0
159380,[O-][N+](C1=CC(/C=N/NC(CN2N=NC3=C2C=CC=C3)=O)=C(O)C=C1)=O,O=C(Cn1nnc2ccccc21)NN=Cc1cc([N+](=O)[O-])ccc1O,CO-ADD:0158542,ATCC 25922,33.51,32 ug/mL,0.0
159392,O=C(N/N=C(C)/CC(NC1=CC=CN=C1)=O)C(NCC(C)C)=O,CC(CC(=O)Nc1cccnc1)=NNC(=O)C(=O)NCC(C)C,CO-ADD:0158126,ATCC 25922,-1.42,32 ug/mL,0.0
159444,N(c1c(Cl)ccc(c1)C(F)(F)F)(C(=O)C(C23)C(C=C4)OC24CO)C3=O,OCC12C=CC(O1)c1c2c(O)n(-c2cc(C(F)(F)F)ccc2Cl)c1O,CO-ADD:0249550,ATCC 25922,12.48,32 ug/mL,0.0
159467,CC(C)CCC1=C(C(NCCCN(C)C)=O)N=C(NC(C2=CC(NC(C3=CC(NC(C)=O)=CN3C)=O)=CN2C)=O)S1,CC(=O)Nc1cc(C(=O)Nc2cc(C(=O)Nc3nc(C(=O)NCCCN(C)C)c(CCC(C)C)s3)n(C)c2)n(C)c1,CO-ADD:0137568,ATCC 25922,11.23,32 ug/mL,0.0
159499,C(=O)(c1ccccc1Br)Oc2c(Br)cc(cc2\C=N\NC(=O)c(cccn3)c3)Br,O=C(N/N=C/c1cc(Br)cc(Br)c1OC(=O)c1ccccc1Br)c1cccnc1,CO-ADD:0231903,ATCC 25922,11.97,32 ug/mL,0.0
159503,c1(nc(N(C)C)nc(N(C)C)n1)N2CC(OC2=N)CCl,CN(C)c1nc(N(C)C)nc(N2CC(CCl)OC2=N)n1,CO-ADD:0223567,ATCC 25922,14.29,32 ug/mL,0.0
159509,[N+](=O)([O-])c(cc(cc1[N+](=O)[O-])C(=O)Oc2ccccc2\C=N/NC(c3ccccc3)=O)c1,O=C(N/N=C\c1ccccc1OC(=O)c1cc([N+](=O)[O-])cc([N+](=O)[O-])c1)c1ccccc1,CO-ADD:0230784,ATCC 25922,9.02,32 ug/mL,0.0
159528,N1(c2ccc(cc2)OCCC)C(=O)CC(N3CCC(CC3)C)C1=O,CCCOc1ccc(-n2c(O)cc(N3CCC(C)CC3)c2O)cc1,CO-ADD:0228618,ATCC 25922,0.64,32 ug/mL,0.0
159530,C(=O)(Oc1cccc(c1)\C=N\NC(=O)c(ccc(c23)OCCO2)c3)c4cccc(F)c4,O=C(N/N=C/c1cccc(OC(=O)c2cccc(F)c2)c1)c1ccc2c(c1)OCCO2,CO-ADD:0232466,ATCC 25922,-6.81,32 ug/mL,0.0
159539,N1(C(=O)c2c(c3C1=O)c(ccc2)ccc3)c4c(C)nn(c(cc5)ccc5[N+](=O)[O-])c4C,Cc1nn(-c2ccc([N+](=O)[O-])cc2)c(C)c1N1C(=O)c2cccc3cccc(c23)C1=O,CO-ADD:0292614,ATCC 25922,-2.09,32 ug/mL,0.0
159557,[n+]1([O-])onc2c1ccc(c2)Cl,[O-][n+]1onc2cc(Cl)ccc21,CO-ADD:0294848,ATCC 25922,0.76,32 ug/mL,0.0
159868,c(cc(Br)cc1I)(\C=N\c2ccc(cc2C)C)c1O,Cc1ccc(N=Cc2cc(Br)cc(I)c2O)c(C)c1,CO-ADD:0247608,ATCC 25922,20.21,32 ug/mL,0.0
159876,N1(N=C(CC1(O)C(F)(F)F)C)C(=O)c2cccc(C)c2O,CC1=NN(C(=O)c2cccc(C)c2O)C(O)(C(F)(F)F)C1,CO-ADD:0248206,ATCC 25922,30.88,32 ug/mL,0.0
159900,c1([N+]([O-])=O)nc(C(OCC)=O)[nH]c1,CCOC(=O)c1nc([N+](=O)[O-])c[nH]1,CO-ADD:0135153,ATCC 25922,,32 ug/mL,
160479,[B-]1(c2ccccc2)(c3ccccc3)OC(C)=C(C(\C=C\N(C)C)=[O+]1)\C(\N)=C/C#N,CC1=C(C(=N)CC#N)C(/C=C/N(C)C)=[O+][B-](c2ccccc2)(c2ccccc2)O1,CO-ADD:0252983,ATCC 25922,28.71,32 ug/mL,0.0
160504,N1(C(=O)c2cccc(Cl)c2)C(O)(c3ccc(cc3)Cl)CC(C(OCC)=O)=N1,CCOC(=O)C1=NN(C(=O)c2cccc(Cl)c2)C(O)(c2ccc(Cl)cc2)C1,CO-ADD:0252925,ATCC 25922,23.46,32 ug/mL,0.0
160508,O=C(c1n(Cc2ccc(OC(F)(F)F)cc2)cc([N+](=O)[O-])n1)N(C)C,CN(C)C(=O)c1nc([N+](=O)[O-])cn1Cc1ccc(OC(F)(F)F)cc1,CO-ADD:0135148,ATCC 25922,,32 ug/mL,
160509,N1(CC2CCCCC2)CCN(C(Sc(c3C4=O)c([N+]([O-])=O)cc(C(F)(F)F)c3)=N4)CC1.OC(C(F)(F)F)=O,O=c1nc(N2CCN(CC3CCCCC3)CC2)sc2c([N+](=O)[O-])cc(C(F)(F)F)cc12,CO-ADD:0135133,ATCC 25922,,32 ug/mL,
160534,C(=O)(C(C)N(CC)C=N1)N1,CCN1C=NNC(=O)C1C,CO-ADD:0252572,ATCC 25922,14.34,32 ug/mL,0.0
161509,c1(ccc(\C=N\c2ccccc2)o1)[N+](=O)[O-],O=[N+]([O-])c1ccc(/C=N/c2ccccc2)o1,CO-ADD:0253061,ATCC 25922,103.66,32 ug/mL,1.0
161510,c1([N+](=O)[O-])nnn(C\C(\C)=N\NC(c(cc2)ccn2)=O)n1,C/C(Cn1nnc([N+](=O)[O-])n1)=N\NC(=O)c1ccncc1,CO-ADD:0252867,ATCC 25922,12.84,32 ug/mL,0.0
161520,[n+]1(C)c2c(cccc2)ncc1c3ccc(cc3C)C.[I-],Cc1ccc(-c2cnc3ccccc3[n+]2C)c(C)c1,CO-ADD:0253062,ATCC 25922,19.45,32 ug/mL,0.0
161537,c1(c(c2)cc(cc2[N+](=O)[O-])[N+](=O)[O-])sc(c3n1)cccc3,O=[N+]([O-])c1cc(-c2nc3ccccc3s2)cc([N+](=O)[O-])c1,CO-ADD:0254423,ATCC 25922,22.17,32 ug/mL,0.0
162531,O=C1NC(C)=C(C)n(c12)cc([N+](=O)[O-])n2,Cc1[nH]c(=O)c2nc([N+](=O)[O-])cn2c1C,CO-ADD:0135136,ATCC 25922,,32 ug/mL,
162534,c1(n2)c(c3c(cccc3)C1=O)nc4c2non4,O=C1c2ccccc2-c2nc3nonc3nc21,CO-ADD:0252604,ATCC 25922,15.22,32 ug/mL,0.0
162554,c1(ccc(\C=N/NC(COc2ccccc2)=O)o1)[N+](=O)[O-],O=C(COc1ccccc1)N/N=C\c1ccc([N+](=O)[O-])o1,CO-ADD:0247565,ATCC 25922,12.98,32 ug/mL,0.0
162584,c(ccc(n1)C)(c1)C(=O)N\N=C\C(\Br)=C\c2ccccc2,Cc1ccc(C(=O)NN=CC(Br)=Cc2ccccc2)cn1,CO-ADD:0252312,ATCC 25922,104.43,32 ug/mL,1.0
163148,N1(C(c2ccccc2)=O)C(=O)\C(\SC1=S)=C\c(cc3)ccc3Cl,O=C1/C(=C/c2ccc(Cl)cc2)SC(=S)N1C(=O)c1ccccc1,CO-ADD:0240673,ATCC 25922,12.17,32 ug/mL,0.0
163150,N(c1ccccc1[N+](=O)[O-])(C(=O)C(C23)C(C=C4)OC24C)C3=O,CC12C=CC(O1)c1c2c(O)n(-c2ccccc2[N+](=O)[O-])c1O,CO-ADD:0250319,ATCC 25922,-3.51,32 ug/mL,0.0
163369,[n+]1([O-])onc2c1ccc(c2)OC,COc1ccc2c(c1)no[n+]2[O-],CO-ADD:0303196,ATCC 25922,9.49,32 ug/mL,0.0
163388,C(/NC(c1ccccc1)=O)(\C(=O)N\N=C\c2cc(Br)cc(Br)c2OC(=O)c3cccc(C)c3)=C\c4cccs4,Cc1cccc(C(=O)Oc2c(Br)cc(Br)cc2/C=N/NC(=O)C(Cc2cccs2)=NC(=O)c2ccccc2)c1,CO-ADD:0220611,ATCC 25922,27.46,32 ug/mL,0.0
163390,N1(c2ccc(cc2)Br)C(=O)C(C(C1=O)C34CO)C(c(c35)cccc5)c(c46)cccc6,OCC12c3ccccc3C(c3ccccc31)c1c2c(O)n(-c2ccc(Br)cc2)c1O,CO-ADD:0222114,ATCC 25922,2.89,32 ug/mL,0.0
163391,c1(C)c(cccc1NC(CCC(=O)N\N=C\c2cccc(OC)c2)=O)Cl,COc1cccc(/C=N/NC(=O)CCC(=O)Nc2cccc(Cl)c2C)c1,CO-ADD:0219144,ATCC 25922,4.16,32 ug/mL,0.0
163400,N1(c2ccc(cc2)C)C(=O)\C(\C(C)=N1)=C\NNC(=O)c(cc3)ccc3[N+](=O)[O-],Cc1ccc(-n2[nH]c(C)c(C=NNC(=O)c3ccc([N+](=O)[O-])cc3)c2=O)cc1,CO-ADD:0229538,ATCC 25922,25.62,32 ug/mL,0.0
163428,[N+](=O)([O-])c1cc(ccc1OC(=O)c2cccc(C)c2)\C=N\c(cc3)ccc3C,Cc1ccc(/N=C/c2ccc(OC(=O)c3cccc(C)c3)c([N+](=O)[O-])c2)cc1,CO-ADD:0231592,ATCC 25922,3.24,32 ug/mL,0.0
163437,N(=C(/CCCC)\c1ccccc1)/NC(=O)c2cccc(I)c2,CCCC/C(=N\NC(=O)c1cccc(I)c1)c1ccccc1,CO-ADD:0221424,ATCC 25922,17.42,32 ug/mL,0.0
163438,c1(c(C)n[nH]c1O)C(C(C#N)C#N)c2ccccc2C,Cc1ccccc1C(c1c(C)[nH][nH]c1=O)C(C#N)C#N,CO-ADD:0221099,ATCC 25922,17.29,32 ug/mL,0.0
163449,C1(C(c2ccccc2)C=CC(c3ccccc3)C1C(O)=O)C(=O)Nc4cccc(C)c4C,Cc1cccc(NC(=O)C2C(c3ccccc3)C=CC(c3ccccc3)C2C(=O)O)c1C,CO-ADD:0222072,ATCC 25922,9.3,32 ug/mL,0.0
163465,NC1=NC(NC2=CC=CC=C2)=N[Ir](N1)[P-]34C[N@]5C[N@@](C4)CN(C5)C3.CC6=C(C7=CC=C(C=C7)C8=CC=CC=C8)C(C)=C(C)C6C.[Cl-],CC1=C(C)C(C)C(C)=C1c1ccc(-c2ccccc2)cc1,CO-ADD:0238639,ATCC 25922,1.97,32 ug/mL,0.0
163477,n1(c(c2ccc(cc2)F)nn3)c3c(c(Cl)c(C#N)c1Cl)Cl,N#Cc1c(Cl)c(Cl)c2nnc(-c3ccc(F)cc3)n2c1Cl,CO-ADD:0227831,ATCC 25922,9.86,32 ug/mL,0.0
163484,c1(n2)\C(=N/NC(=O)c3ccc(cc3)O)\c(n4)c(\C(=N\NC(=O)c5ccc(cc5)O)\c1nn2Cc6ccccc6)nn4Cc7ccccc7,O=C(N=Nc1c2c(c(N=NC(=O)c3ccc(O)cc3)c3nn(Cc4ccccc4)nc13)NN(Cc1ccccc1)N2)c1ccc(O)cc1,CO-ADD:0233236,ATCC 25922,5.33,32 ug/mL,0.0
163487,C(CNc(cc1)ccc1C)(=O)N\N=C\c(cc2)ccc2OCc3ccccc3,Cc1ccc(NCC(=O)N/N=C/c2ccc(OCc3ccccc3)cc2)cc1,CO-ADD:0220349,ATCC 25922,-2.48,32 ug/mL,0.0
163496,N#CSCC(NC1=C(C(OCC)=O)C(CCCC2)=C2S1)=O,CCOC(=O)c1c(NC(=O)CSC#N)sc2c1CCCC2,CO-ADD:0157640,ATCC 25922,11.29,32 ug/mL,0.0
163499,N#CC1=C(SC2=C1CCCC2)/N=C(C)/CN3N=C([N+]([O-])=O)N=N3,CC(Cn1nnc([N+](=O)[O-])n1)=Nc1sc2c(c1C#N)CCCC2,CO-ADD:0156980,ATCC 25922,29.16,32 ug/mL,0.0
163501,N#CC1=C(SC/C=C/C2=CC=CC=C2)N=C(C3=CC=CS3)C=C1C(C=C4)=CC=C4F,N#Cc1c(-c2ccc(F)cc2)cc(-c2cccs2)nc1SC/C=C/c1ccccc1,CO-ADD:0158170,ATCC 25922,23.27,32 ug/mL,0.0
163502,S(=O)(=O)(c(cc1)ccc1[N+](=O)[O-])Oc2ccc(c3c2\C=N\c4ccc(cc4C)C)cccc3,Cc1ccc(/N=C/c2c(OS(=O)(=O)c3ccc([N+](=O)[O-])cc3)ccc3ccccc23)c(C)c1,CO-ADD:0216989,ATCC 25922,-23.35,32 ug/mL,0.0
163508,C(/O)(\c1ccc(cc1)Cl)=C/C=N/Cc2ccccc2,O=C(CC=NCc1ccccc1)c1ccc(Cl)cc1,CO-ADD:0217183,ATCC 25922,-1.88,32 ug/mL,0.0
163510,C(COc(cc1)ccc1CC)(NCCc2ccccc2)=O,CCc1ccc(OCC(=O)NCCc2ccccc2)cc1,CO-ADD:0166525,ATCC 25922,3.67,80 ug/mL,0.0
163511,[N+](=O)([O-])c1cc(ccc1OC(=O)c2ccc(cc2)OC)\C=N\c3ccccc3OC,COc1ccc(C(=O)Oc2ccc(/C=N/c3ccccc3OC)cc2[N+](=O)[O-])cc1,CO-ADD:0216995,ATCC 25922,-10.12,32 ug/mL,0.0
163621,C(O)(=O)c1ccc(cc1)\N=C\c(cc2)ccc2OCc(cc3)ccc3F,O=C(O)c1ccc(/N=C/c2ccc(OCc3ccc(F)cc3)cc2)cc1,CO-ADD:0217718,ATCC 25922,5.3,32 ug/mL,0.0
163624,N(\C(=C/c(cc1OCC)cc(c1OC(C)=O)Br)\C(O2)=O)=C2c3ccc(cc3)C,C=c1ccc(=c2[nH]/c(=C\c3cc(Br)c(OC(C)=O)c(OCC)c3)c(=O)o2)cc1,CO-ADD:0161988,ATCC 25922,16.8,32 ug/mL,0.0
163637,O=C1OC(C2=CC=CC=C2C)=N/C1=C\C(C=C3)=CC=C3C,Cc1ccc(/C=C2\N=C(c3ccccc3C)OC2=O)cc1,CO-ADD:0159942,ATCC 25922,12.71,32 ug/mL,0.0
163639,N#CCS(C1=C([N+]([O-])=O)N=CN1C)=O,Cn1cnc([N+](=O)[O-])c1[S+]([O-])CC#N,CO-ADD:0160212,ATCC 25922,93.87,32 ug/mL,1.0
163643,N#CC1=C(SCC(NC2=C(I)C=C(C)C=C2)=O)N=C(C3=CC=CS3)C=C1C4=CC=C(Cl)C=C4,Cc1ccc(NC(=O)CSc2nc(-c3cccs3)cc(-c3ccc(Cl)cc3)c2C#N)c(I)c1,CO-ADD:0157657,ATCC 25922,-41.76,32 ug/mL,0.0
163655,O=S(C1=C([N+]([O-])=O)N=C(C)N1CC2=CC=CC=C2)(CC(N)=O)=O,Cc1nc([N+](=O)[O-])c(S(=O)(=O)CC(N)=O)n1Cc1ccccc1,CO-ADD:0160623,ATCC 25922,17.31,32 ug/mL,0.0
163678,O=C1NC(C(F)(F)F)=CC(/C=C/C(C(Cl)=C2)=CC=C2Cl)=N1,O=c1nc(/C=C/c2ccc(Cl)cc2Cl)cc(C(F)(F)F)[nH]1,CO-ADD:0160036,ATCC 25922,20.88,32 ug/mL,0.0
163679,O=S(NC1C(Br)=C(C(O1)=O)Br)(C(C=CC=C2)=C2C)=O,Cc1ccccc1S(=O)(=O)NC1OC(=O)C(Br)=C1Br,CO-ADD:0159772,ATCC 25922,7.26,32 ug/mL,0.0
163694,C(Cc1ccccc1)(=O)N\N=C\CCC\C=N\NC(Cc2ccccc2)=O,O=C(Cc1ccccc1)N/N=C/CCC/C=N/NC(=O)Cc1ccccc1,CO-ADD:0161452,ATCC 25922,12.6,32 ug/mL,0.0
164182,[N+](=O)([O-])c1ccc(cc1NCCOc(cc2)ccc2C(C)(C)C)N(CC3)CCN3CCO,CC(C)(C)c1ccc(OCCNc2cc(N3CCN(CCO)CC3)ccc2[N+](=O)[O-])cc1,CO-ADD:0245538,ATCC 25922,12.81,32 ug/mL,0.0
164225,c(cc(C(OCC)=O)c(n1)C)(C2=O)c1c(c23)ccc(c3)[N+](=O)[O-],CCOC(=O)c1cc2c(nc1C)-c1ccc([N+](=O)[O-])cc1C2=O,CO-ADD:0228932,ATCC 25922,5.67,32 ug/mL,0.0
164228,c(C(OC)=O)(cc1Cl)c(cc1[N+](=O)[O-])[N+](=O)[O-],COC(=O)c1cc(Cl)c([N+](=O)[O-])cc1[N+](=O)[O-],CO-ADD:0232732,ATCC 25922,16.73,32 ug/mL,0.0
164252,N1(CNc(ccc(c2C)C)c2)C(=O)\C(\SC1=S)=C/c3cccc(Cl)c3Cl,Cc1ccc(NCN2C(=O)/C(=C\c3cccc(Cl)c3Cl)SC2=S)cc1C,CO-ADD:0222983,ATCC 25922,17.97,32 ug/mL,0.0
164258,N1(c2ccc(cc2)OCC)C(=O)CC(N3CCC(CC3)C)C1=O,CCOc1ccc(-n2c(O)cc(N3CCC(C)CC3)c2O)cc1,CO-ADD:0228562,ATCC 25922,7.37,32 ug/mL,0.0
164265,N1(c2ccc(cc2)F)C(=O)CC(N(C)Cc3ccccc3)C1=O,CN(Cc1ccccc1)c1cc(O)n(-c2ccc(F)cc2)c1O,CO-ADD:0228336,ATCC 25922,8.77,32 ug/mL,0.0
164283,N(C(=O)c1ccc(cc1)Cl)(C(=O)c2ccc(cc2)Cl)n(cnn3)c3,O=C(c1ccc(Cl)cc1)N(C(=O)c1ccc(Cl)cc1)n1cnnc1,CO-ADD:0278548,ATCC 25922,4.54,32 ug/mL,0.0
164297,n1(c2c(n3)cccc2)c3S\C(=C/c4cc(Br)cc(I)c4O)\C1=O,O=c1c(=Cc2cc(Br)cc(I)c2O)sc2nc3ccccc3n12,CO-ADD:0253528,ATCC 25922,-0.31,32 ug/mL,0.0
164353,N1(c2ccc(cc2)Cl)C(c3cccs3)N(N=C1C(C)=O)c4ccc(cc4)Cl,CC(=O)C1=NN(c2ccc(Cl)cc2)C(c2cccs2)N1c1ccc(Cl)cc1,CO-ADD:0253764,ATCC 25922,-2.8,32 ug/mL,0.0
164361,N1(Nc2cccc(C)c2)C(=O)c(cc3)c(c(ccc4[N+](=O)[O-])C1=O)c4c3[N+](=O)[O-],Cc1cccc(NN2C(=O)c3ccc([N+](=O)[O-])c4c([N+](=O)[O-])ccc(c34)C2=O)c1,CO-ADD:0221935,ATCC 25922,2.67,32 ug/mL,0.0
164366,N1(CCc(cccc2)c12)C(=O)C(c3ccccc3)c4ccccc4,O=C(C(c1ccccc1)c1ccccc1)N1CCc2ccccc21,CO-ADD:0222730,ATCC 25922,10.06,32 ug/mL,0.0
164383,C12c(cccc3)c3C(C(C(O)=O)C1C(=O)N(CC)CC)c(cccc4)c24.Cl.Cl,CCN(CC)C(=O)C1C2c3ccccc3C(c3ccccc32)C1C(=O)O,CO-ADD:0221499,ATCC 25922,0.06,32 ug/mL,0.0
164393,C(CCl)(=O)c1ccc(cc1)Oc(cc2)ccc2C(CCl)=O,O=C(CCl)c1ccc(Oc2ccc(C(=O)CCl)cc2)cc1,CO-ADD:0235665,ATCC 25922,74.07,32 ug/mL,0.0
164418,c1(N=Nc(ccc(c2C=O)O)c2)nonc1c3ccccc3,O=Cc1cc(N=Nc2nonc2-c2ccccc2)ccc1O,CO-ADD:0223478,ATCC 25922,16.03,32 ug/mL,0.0
164425,S1(=O)(=O)c2c(C(NC3CCCC(C)C3C)=N1)ccc(c2)[N+](=O)[O-],CC1CCCC(N=C2NS(=O)(=O)c3cc([N+](=O)[O-])ccc32)C1C,CO-ADD:0230022,ATCC 25922,7.61,32 ug/mL,0.0
164435,c1(C(OC)=O)cc(C)c(cc1[N+](=O)[O-])[N+](=O)[O-],COC(=O)c1cc(C)c([N+](=O)[O-])cc1[N+](=O)[O-],CO-ADD:0232731,ATCC 25922,13.46,32 ug/mL,0.0
164446,c1(C#N)c(c2ccc(cc2)Cl)cc(nc1SCc(cc3)ccc3C(C)(C)C)c4cccs4,CC(C)(C)c1ccc(CSc2nc(-c3cccs3)cc(-c3ccc(Cl)cc3)c2C#N)cc1,CO-ADD:0166694,ATCC 25922,7.99,80 ug/mL,0.0
164447,C(CNc(cc1)ccc1Cl)(=O)N\N=C\c2ccccc2,O=C(CNc1ccc(Cl)cc1)N/N=C/c1ccccc1,CO-ADD:0220232,ATCC 25922,-5.24,32 ug/mL,0.0
164456,[C@@H]1(C[C@@H]2S(=O)NC(C(F)(F)F)c(ccc([N+](=O)[O-])c3)c3)[C@@H](C1(C)C)C[C@H]2C,C[C@@H]1C[C@H]2[C@@H](C[C@@H]1[S+]([O-])NC(c1ccc([N+](=O)[O-])cc1)C(F)(F)F)C2(C)C,CO-ADD:0165847,ATCC 25922,6.18,80 ug/mL,0.0
164472,[C@@H]1(C[C@@H]2S(=O)NC(C(F)(F)F)c(ccc([N+](=O)[O-])c3)c3)[C@@H](C1(C)C)C[C@H]2C,C[C@@H]1C[C@H]2[C@@H](C[C@@H]1[S+]([O-])NC(c1ccc([N+](=O)[O-])cc1)C(F)(F)F)C2(C)C,CO-ADD:0165847,ATCC 25922,3.38,80 ug/mL,0.0
164538,[N+](=O)([O-])c(ccc(c1\C=N\NC(CNc2cccc(C)c2)=O)OC)c1,COc1ccc([N+](=O)[O-])cc1/C=N/NC(=O)CNc1cccc(C)c1,CO-ADD:0220314,ATCC 25922,7.78,32 ug/mL,0.0
164552,N1(NC(=O)c(cc2)ccc2[N+](=O)[O-])C(=O)c(cc3)c(c(ccc4[N+](=O)[O-])C1=O)c4c3[N+](=O)[O-],O=C(NN1C(=O)c2ccc([N+](=O)[O-])c3c([N+](=O)[O-])ccc(c23)C1=O)c1ccc([N+](=O)[O-])cc1,CO-ADD:0221914,ATCC 25922,-0.45,32 ug/mL,0.0
164572,CN1C=C(NC(C2=CC(NC(C3=CN=C(/C=C/C4=CC=C(OC)C=C4)C=C3)=O)=CN2C)=O)C=C1C(NCCN5CCC(OC)CC5)=O.OC(C(F)(F)F)=O.OC(C(F)(F)F)=O,COc1ccc(/C=C/c2ccc(C(=O)Nc3cc(C(=O)Nc4cc(C(=O)NCCN5CCC(OC)CC5)n(C)c4)n(C)c3)cn2)cc1,CO-ADD:0137585,ATCC 25922,5.08,32 ug/mL,0.0
164594,C(/c(cccc1)c1CC2(C)C)(=C\c3ccc(c4n3)cccc4)\N2,CC1(C)Cc2ccccc2C(Cc2ccc3ccccc3n2)=N1,CO-ADD:0283128,ATCC 25922,1.3,32 ug/mL,0.0
164595,c(C)(c1)n(CCC2CCN(C(c3oc([N+](=O)[O-])cc3)=O)CC2)c(n1)c4cnccc4,Cc1cnc(-c2cccnc2)n1CCC1CCN(C(=O)c2ccc([N+](=O)[O-])o2)CC1,CO-ADD:0288756,ATCC 25922,24.66,32 ug/mL,0.0
164815,n1(N)c(CC)nnc1N\N=C\c2c[nH]nc2c3ccc(cc3)F.Cl.Cl,CCc1nnc(NN=Cc2c[nH]nc2-c2ccc(F)cc2)n1N,CO-ADD:0328930,ATCC 25922,-1.55,32 ug/mL,0.0
164826,[N+](=O)([O-])c(cccc1C2OC(C)(C)c3c(cccc3)N2)c1,CC1(C)OC(c2cccc([N+](=O)[O-])c2)Nc2ccccc21,CO-ADD:0330957,ATCC 25922,-2.44,32 ug/mL,0.0
164857,C(=N/OCc1ccc(cc1Cl)F)(/C(C)=Nc(c23)cccc2)\C(C)=N3,Cc1nc2ccccc2nc(C)c1=NOCc1ccc(F)cc1Cl,CO-ADD:0326156,ATCC 25922,1.44,32 ug/mL,0.0
164911,C(=O)(N\N=C\c(cc1)ccn1)C(C)Oc(ccc(c23)cccc2)c3,CC(Oc1ccc2ccccc2c1)C(=O)NN=Cc1ccncc1,CO-ADD:0217579,ATCC 25922,2.86,32 ug/mL,0.0
164912,O=C(C)/C(C(OCC)=O)=CC1=CC=CC=C1,CCOC(=O)C(=Cc1ccccc1)C(C)=O,CO-ADD:0154550,ATCC 25922,13.86,32 ug/mL,0.0
164944,ClC1=CC=C(C=C1)N/N=C/C2=CC=C(C=C2)N3CCOCC3,Clc1ccc(N/N=C/c2ccc(N3CCOCC3)cc2)cc1,CO-ADD:0156890,ATCC 25922,15.6,32 ug/mL,0.0
164961,[O-][N+](C1=CC=C(C(C(SC2)NC2C(O)=O)=C1)C)=O,Cc1ccc([N+](=O)[O-])cc1C1NC(C(=O)O)CS1,CO-ADD:0155994,ATCC 25922,13.9,32 ug/mL,0.0
164968,c12c(cccc1NC(=O)c3ccc(cc3)NC(CCCCC)=O)C(=O)c(c4C2=O)cccc4,CCCCCC(=O)Nc1ccc(C(=O)Nc2cccc3c2C(=O)c2ccccc2C3=O)cc1,CO-ADD:0162417,ATCC 25922,18.64,32 ug/mL,0.0
165069,C1(OC(C)=O)(C#CI)C(C2)CC(CC2CC13)C3,CC(=O)OC1(C#CI)C2CC3CC(C2)CC1C3,CO-ADD:0305129,ATCC 25922,-1.85,32 ug/mL,0.0
165071,c1(cc(Cl)c(c2c1O)cccn2)[N+](=O)[O-],O=[N+]([O-])c1cc(Cl)c2cccnc2c1O,CO-ADD:0302989,ATCC 25922,88.96,32 ug/mL,1.0
165073,c1(nonc1NCn2cnnn2)[N+](=O)[O-],O=[N+]([O-])c1nonc1NCn1cnnn1,CO-ADD:0300741,ATCC 25922,96.86,32 ug/mL,1.0
165123,Cl[Pt](P(C1=CC=CC=C1)(C2=CC=CC=C2)C3=CC=CC=C3)(C4=C5C6=CC=CC=C6C=C4)N[C@@H]5C,c1ccc([PH2](c2ccccc2)c2ccccc2)cc1,CO-ADD:0156552,ATCC 25922,7.68,32 ug/mL,0.0
165126,[N+](=O)([O-])c1cc(ccc1OC(=O)c2ccc(cc2)OC)\C=N\c(cc3)ccc3C,COc1ccc(C(=O)Oc2ccc(/C=N/c3ccc(C)cc3)cc2[N+](=O)[O-])cc1,CO-ADD:0217009,ATCC 25922,-5.36,32 ug/mL,0.0
165131,C1(C(C1)CCCC)C(=O)Nc(cc2)ccc2[N+](=O)[O-],CCCCC1CC1C(=O)Nc1ccc([N+](=O)[O-])cc1,CO-ADD:0166572,ATCC 25922,18.62,80 ug/mL,0.0
165138,N1(CCCCCCCC)C=CC(C=C1)=N.Br,CCCCCCCCn1ccc(=N)cc1,CO-ADD:0217097,ATCC 25922,58.22,32 ug/mL,0.0
165142,C(CSCc1ccccc1Cl)(=O)N\N=C\c2ccccc2OCc3ccccc3,O=C(CSCc1ccccc1Cl)N/N=C/c1ccccc1OCc1ccccc1,CO-ADD:0166392,ATCC 25922,0.25,80 ug/mL,0.0
165148,c1(C(O)=O)cc(ccc1C(O)=O)C(=O)c(cc2)ccc2NC(=O)c(cc(cc3NC(c4ccccc4)=O)NC(c5ccccc5)=O)c3,O=C(Nc1cc(NC(=O)c2ccccc2)cc(C(=O)Nc2ccc(C(=O)c3ccc(C(=O)O)c(C(=O)O)c3)cc2)c1)c1ccccc1,CO-ADD:0215056,ATCC 25922,11.9,32 ug/mL,0.0
165151,[N+](=O)([O-])c(cc1)ccc1C(=O)CSc2nc(C)cc(C)n2,Cc1cc(C)nc(SCC(=O)c2ccc([N+](=O)[O-])cc2)n1,CO-ADD:0215752,ATCC 25922,-1.54,32 ug/mL,0.0
165209,c1(cc(ccc1O)\N=C\c(cc(Br)cc2Cl)c2O)C(O)=O,O=C(O)c1cc(N=Cc2cc(Br)cc(Cl)c2O)ccc1O,CO-ADD:0234679,ATCC 25922,25.4,32 ug/mL,0.0
165218,C(=O)(c1ccc(cc1)Cl)Oc2cccc(cccn3)c23,O=C(Oc1cccc2cccnc12)c1ccc(Cl)cc1,CO-ADD:0217963,ATCC 25922,-3.48,32 ug/mL,0.0
165220,c1(c(O)c(\C=N\c2ccccc2S)cc(c1)[N+](=O)[O-])[N+](=O)[O-],O=[N+]([O-])c1cc(C=Nc2ccccc2S)c(O)c([N+](=O)[O-])c1,CO-ADD:0227510,ATCC 25922,23.91,32 ug/mL,0.0
165223,C(F)(F)(COc1ccc(cc1\N=C\c(cc(Cl)cc2Cl)c2O)\N=C\c(cc(Cl)cc3Cl)c3O)C(F)F,Oc1c(Cl)cc(Cl)cc1C=Nc1ccc(OCC(F)(F)C(F)F)c(N=Cc2cc(Cl)cc(Cl)c2O)c1,CO-ADD:0222561,ATCC 25922,23.45,32 ug/mL,0.0
165224,C(=O)(Oc(cc1)ccc1\C=N\c(cc2)ccc2C(OCC)=O)c3cccc(cccc4)c34,CCOC(=O)c1ccc(/N=C/c2ccc(OC(=O)c3cccc4ccccc34)cc2)cc1,CO-ADD:0218953,ATCC 25922,3.41,32 ug/mL,0.0
165236,[N+](=O)([O-])c1cccc(c1)\C=N\c2cc(CC)ccc2O,CCc1ccc(O)c(/N=C/c2cccc([N+](=O)[O-])c2)c1,CO-ADD:0227269,ATCC 25922,14.87,32 ug/mL,0.0
165239,N(=C\c1cccc(Br)c1)/NC(CCCC(=O)Nc2cccc(Br)c2)=O,O=C(CCCC(=O)Nc1cccc(Br)c1)N/N=C/c1cccc(Br)c1,CO-ADD:0221714,ATCC 25922,14.62,32 ug/mL,0.0
165252,c1(ccc(cc1[N+](=O)[O-])[N+](=O)[O-])C(=O)Nc(cc2)ccn2,O=C(Nc1ccncc1)c1ccc([N+](=O)[O-])cc1[N+](=O)[O-],CO-ADD:0215721,ATCC 25922,9.46,32 ug/mL,0.0
165256,C(=O)(c1ccc(cc1)OC)Oc2cc(ccc2\C=N\c(ccc(c3C)C)c3)OC(=O)c4ccc(cc4)OC,COc1ccc(C(=O)Oc2ccc(/C=N/c3ccc(C)c(C)c3)c(OC(=O)c3ccc(OC)cc3)c2)cc1,CO-ADD:0215583,ATCC 25922,11.8,32 ug/mL,0.0
165257,C(=O)(N\N=C\c(cc1)ccc1OCc(cc2)ccc2Cl)C(=O)Nc3cccc(OC)c3,COc1cccc(NC(=O)C(=O)N/N=C/c2ccc(OCc3ccc(Cl)cc3)cc2)c1,CO-ADD:0215599,ATCC 25922,16.68,32 ug/mL,0.0
165258,c1(cc(cc(OC)c1OCC(=O)N\N=C\C(\C)=C\c2ccccc2)[N+](=O)[O-])[N+](=O)[O-],COc1cc([N+](=O)[O-])cc([N+](=O)[O-])c1OCC(=O)NN=CC(C)=Cc1ccccc1,CO-ADD:0234940,ATCC 25922,9.06,32 ug/mL,0.0
165266,c1(\C=N\NC(COc(ccc(c23)cccc2)c3)=O)c(Br)cc(c(O)c1Br)Br,O=C(COc1ccc2ccccc2c1)NN=Cc1c(Br)cc(Br)c(O)c1Br,CO-ADD:0220661,ATCC 25922,8.98,32 ug/mL,0.0
165282,N(CC1)(CCO1)c2ccc(cc2)\C=N\Nc3cccc(C)c3,Cc1cccc(N/N=C/c2ccc(N3CCOCC3)cc2)c1,CO-ADD:0222477,ATCC 25922,4.49,32 ug/mL,0.0
165292,c1(Br)c(O)c(\C=N\NC(COc2ccc(cc2OC)Br)=O)cc(Br)c1OC,COc1cc(Br)ccc1OCC(=O)NN=Cc1cc(Br)c(OC)c(Br)c1O,CO-ADD:0220999,ATCC 25922,9.11,32 ug/mL,0.0
165293,C(COc1ccc(cc1OC)Br)(=O)N\N=C\c(cc2)ccc2OC,COc1ccc(/C=N/NC(=O)COc2ccc(Br)cc2OC)cc1,CO-ADD:0221007,ATCC 25922,-10.12,32 ug/mL,0.0
165302,C(COc1ccc(cc1OC)Br)(=O)N\N=C\c2cccs2,COc1cc(Br)ccc1OCC(=O)N/N=C/c1cccs1,CO-ADD:0221004,ATCC 25922,-2.01,32 ug/mL,0.0
165304,C(=O)(C(NCCc(ccc(c1OC)OC)c1)=O)Nc2ccccc2F,COc1ccc(CCNC(=O)C(=O)Nc2ccccc2F)cc1OC,CO-ADD:0222118,ATCC 25922,-45.48,32 ug/mL,0.0
165305,[N+](=O)([O-])c(cc1)cc(c1N(C)C2CCCCC2)\C=N\NC(COc(ccc(c34)cccc3)c4)=O,CN(c1ccc([N+](=O)[O-])cc1/C=N/NC(=O)COc1ccc2ccccc2c1)C1CCCCC1,CO-ADD:0220517,ATCC 25922,0.47,32 ug/mL,0.0
165326,c1(ccc(\C=N\NC(CNc2ccccc2C)=O)o1)[N+](=O)[O-],Cc1ccccc1NCC(=O)N/N=C/c1ccc([N+](=O)[O-])o1,CO-ADD:0220321,ATCC 25922,9.22,32 ug/mL,0.0
165328,N1(c2cccc(c2)C(O)=O)C(=O)c3c(c4C1=O)c(ccc3)c(cc4)Br,O=C(O)c1cccc(N2C(=O)c3cccc4c(Br)ccc(c34)C2=O)c1,CO-ADD:0214897,ATCC 25922,13.98,32 ug/mL,0.0
165369,C(C(=O)N\N=C\c1cc(Br)cc(C)c1O)(C2)=NNC2(c3ccccc3)c4ccccc4,Cc1cc(Br)cc(C=NNC(=O)C2=NNC(c3ccccc3)(c3ccccc3)C2)c1O,CO-ADD:0161121,ATCC 25922,17.96,32 ug/mL,0.0
165372,CC(C)n1c(\C=C\[C@@H](O)C[C@@H](O)CC(O)=O)c(-c2ccc(F)cc2)c2ccccc12,CC(C)n1c(/C=C/[C@@H](O)C[C@@H](O)CC(=O)O)c(-c2ccc(F)cc2)c2ccccc21,CO-ADD:0164542,ATCC 25922,4.13,20 uM,0.0
165373,COc1cccc2C(=O)c3c(O)c4C[C@](O)(C[C@H](OC5CC(N)C(O)C(C)O5)c4c(O)c3C(=O)c12)C(C)=O.Cl,COc1cccc2c(O)c3c(c(O)c12)C(=O)C1=C(C[C@@](O)(C(C)=O)C[C@@H]1OC1CC(N)C(O)C(C)O1)C3=O,CO-ADD:0164986,ATCC 25922,8.36,20 uM,0.0
165378,C(=O)(N\N=C\c1ccccc1OC)C(NCCC)=O,CCCNC(=O)C(=O)N/N=C/c1ccccc1OC,CO-ADD:0217083,ATCC 25922,2.6,32 ug/mL,0.0
165384,N#CC1=CC=CC=C1OCC(N/N=C/C2=CC([N+]([O-])=O)=CC=C2O)=O,N#Cc1ccccc1OCC(=O)NN=Cc1cc([N+](=O)[O-])ccc1O,CO-ADD:0156108,ATCC 25922,10.55,32 ug/mL,0.0
165390,[N+](=O)([O-])c(ccc(c1\C=N\NC(CNc(cc2)ccc2I)=O)O)c1,O=C(CNc1ccc(I)cc1)NN=Cc1cc([N+](=O)[O-])ccc1O,CO-ADD:0161069,ATCC 25922,23.67,32 ug/mL,0.0
165399,[O-][N+](C(C=CC=C1)=C1NC(/C=C/C2=CC=CC(Br)=C2)=O)=O,O=C(/C=C/c1cccc(Br)c1)Nc1ccccc1[N+](=O)[O-],CO-ADD:0158060,ATCC 25922,19.31,32 ug/mL,0.0
165556,c1(cc(ccc1O)Cc(ccc(c2\C=N\c3ccccc3CC)O)c2)\C=N\c4ccccc4CC,CCc1ccccc1N=Cc1cc(Cc2ccc(O)c(C=Nc3ccccc3CC)c2)ccc1O,CO-ADD:0163776,ATCC 25922,-17.65,32 ug/mL,0.0
165695,O=C(c1n(C)c([N+](=O)[O-])cn1)OC2CCCCC2,Cn1c([N+](=O)[O-])cnc1C(=O)OC1CCCCC1,CO-ADD:0137732,ATCC 25922,11.11,32 ug/mL,0.0
165701,c(non1)(c1n2)ncc2c(cc3OC)c(OC)c4c3OCO4,COc1cc(-c2cnc3nonc3n2)c(OC)c2c1OCO2,CO-ADD:0148799,ATCC 25922,-13.27,32 ug/mL,0.0
165717,c(non1)(c1n2)ncc2c(cc3OC)c(OC)c4c3OCO4,COc1cc(-c2cnc3nonc3n2)c(OC)c2c1OCO2,CO-ADD:0148799,ATCC 25922,-15.22,32 ug/mL,0.0
165985,COc1ccc(OC)c(NCc2ccc3nc(N)nc(N)c3c2Cl)c1,COc1ccc(OC)c(NCc2ccc3nc(N)nc(N)c3c2Cl)c1,CO-ADD:0237354,ATCC 25922,99.91,20 uM,1.0
166004,[C@]1(C#N)(C#N)[C@]([H])(c2ccc(cc2)Br)[C@@]([H])(C3)C(C(C#N)=C1N)=CCN3C,CN1CC=C2C(C#N)C(=N)C(C#N)(C#N)[C@H](c3ccc(Br)cc3)[C@H]2C1,CO-ADD:0244747,ATCC 25922,9.54,32 ug/mL,0.0
166088,S(=O)(=O)(c1ccc(cc1)CC)N2CCC(CC2)C(OCC)=O,CCOC(=O)C1CCN(S(=O)(=O)c2ccc(CC)cc2)CC1,CO-ADD:0290387,ATCC 25922,12.77,32 ug/mL,0.0
166099,[N+](=O)([O-])N(c1ccc(cc1)OCc2ccccc2)CCc(cc3)ccn3,O=[N+]([O-])N(CCc1ccncc1)c1ccc(OCc2ccccc2)cc1,CO-ADD:0294653,ATCC 25922,4.65,32 ug/mL,0.0
166107,c1(N)cc(Br)cc(cccn2)c12,Nc1cc(Br)cc2cccnc12,CO-ADD:0283481,ATCC 25922,-6.55,32 ug/mL,0.0
166126,CCc(n1N)nnc1N\N=C\c(cc2OC)cc(c2O)Cl.Cl.Cl,CCc1nnc(NN=Cc2cc(Cl)c(O)c(OC)c2)n1N,CO-ADD:0302790,ATCC 25922,9.7,32 ug/mL,0.0
166153,[N+](=O)([O-])c(cc1)ccc1N2CCCCC2,O=[N+]([O-])c1ccc(N2CCCCC2)cc1,CO-ADD:0302497,ATCC 25922,-1.28,32 ug/mL,0.0
166211,N1(C(=O)CSc2nc(c3ccccc3)cc(c4ccccc4)c2C#N)c5c(cccc5)Sc(ccc(Cl)c6)c16,N#Cc1c(-c2ccccc2)cc(-c2ccccc2)nc1SCC(=O)N1c2ccccc2Sc2ccc(Cl)cc21,CO-ADD:0323466,ATCC 25922,-10.38,32 ug/mL,0.0
166276,C(/Cl)(\C(OCC)=O)=N/Nc(cc1)ccc1OC,CCOC(=O)C(Cl)=NNc1ccc(OC)cc1,CO-ADD:0306003,ATCC 25922,33.0,32 ug/mL,0.0
166375,C1(=Cc(cccc2OC)c2OC1c(ccc(c34)OCO3)c4)[N+](=O)[O-],COc1cccc2c1OC(c1ccc3c(c1)OCO3)C([N+](=O)[O-])=C2,CO-ADD:0319435,ATCC 25922,7.42,32 ug/mL,0.0
166387,n1(N)c(C)nnc1NN.Cl.Cl,Cc1nnc(NN)n1N,CO-ADD:0304697,ATCC 25922,12.51,32 ug/mL,0.0
166400,[n+]([O-])(n(C)nc1[N+](=O)[O-])c1NCC=C,C=CCNc1c([N+](=O)[O-])nn(C)[n+]1[O-],CO-ADD:0303057,ATCC 25922,100.62,32 ug/mL,1.0
166417,c1(\C=N\NC(CCCO)=O)cc(Br)ccc1O,O=C(CCCO)NN=Cc1cc(Br)ccc1O,CO-ADD:0302970,ATCC 25922,15.09,32 ug/mL,0.0
166441,N1(CNc(cc2)ccc2C)C(=O)\C(\SC1=O)=C\c(cc3)ccc3C(OC)=O,COC(=O)c1ccc(/C=C2\SC(=O)N(CNc3ccc(C)cc3)C2=O)cc1,CO-ADD:0166449,ATCC 25922,2.02,80 ug/mL,0.0
166479,C(=O)(C(c1ccccc1)c2ccccc2)NCC(=O)N\N=C\c(cc3)ccc3Cl,O=C(CNC(=O)C(c1ccccc1)c1ccccc1)N/N=C/c1ccc(Cl)cc1,CO-ADD:0220421,ATCC 25922,7.11,32 ug/mL,0.0
166522,[N+](=O)([O-])c1cc(ccc1O)\C=N\NC(CNc2cccc(cccc3)c23)=O,O=C(CNc1cccc2ccccc12)NN=Cc1ccc(O)c([N+](=O)[O-])c1,CO-ADD:0222244,ATCC 25922,3.18,32 ug/mL,0.0
166523,[N+](=O)([O-])c(cc1Cl)cc(c1NC(=O)c2ccccc2C)Cl,Cc1ccccc1C(=O)Nc1c(Cl)cc([N+](=O)[O-])cc1Cl,CO-ADD:0220076,ATCC 25922,-12.78,32 ug/mL,0.0
166532,[N+](=O)([O-])c(cc1)ccc1C(=O)Oc2ccc(cc2OC)\C=N\NC(CNc3ccccc3C)=O,COc1cc(/C=N/NC(=O)CNc2ccccc2C)ccc1OC(=O)c1ccc([N+](=O)[O-])cc1,CO-ADD:0220582,ATCC 25922,6.21,32 ug/mL,0.0
166544,N(=C1c(cc2)ccc2C3=N\C(\C(=O)O3)=C/c4c(OCC)ccc(cccc5)c45)\C(\C(O1)=O)=C/c6c(OCC)ccc(cccc7)c67,CCOc1ccc2ccccc2c1/C=C1\N=C(c2ccc(C3=N/C(=C\c4c(OCC)ccc5ccccc45)C(=O)O3)cc2)OC1=O,CO-ADD:0220207,ATCC 25922,2.37,32 ug/mL,0.0
166546,c1(c(cccc1)c(c23)cccc2)C3C(=O)N\N=C\c(cc4)ccc4OC,COc1ccc(/C=N/NC(=O)C2c3ccccc3-c3ccccc32)cc1,CO-ADD:0220896,ATCC 25922,-2.25,32 ug/mL,0.0
166547,[N+](=O)([O-])c(ccc(c1\C=N\c(cc2)ccc2Nc3ccccc3)O)c1,O=[N+]([O-])c1ccc(O)c(C=Nc2ccc(Nc3ccccc3)cc2)c1,CO-ADD:0218246,ATCC 25922,-16.51,32 ug/mL,0.0
166563,c1(O)c(Br)c(\C=N/NC(=O)c2ccc(cc2)OC)cc(Br)c1O,COc1ccc(C(=O)NN=Cc2cc(Br)c(O)c(O)c2Br)cc1,CO-ADD:0219489,ATCC 25922,19.49,32 ug/mL,0.0
166567,C(=O)(Nc(cc1)ccc1CC)c2cccs2,CCc1ccc(NC(=O)c2cccs2)cc1,CO-ADD:0166278,ATCC 25922,13.69,80 ug/mL,0.0
166568,N1(CC(O)=O)C(=O)c(cc2)c(c(ccc3[N+](=O)[O-])C1=O)c3c2[N+](=O)[O-],O=C(O)CN1C(=O)c2ccc([N+](=O)[O-])c3c([N+](=O)[O-])ccc(c23)C1=O,CO-ADD:0166766,ATCC 25922,7.49,80 ug/mL,0.0
166578,[N+](=O)([O-])c1cccc(c1)\C=N\c(c2)cc3c(cccc3)n2,O=[N+]([O-])c1cccc(/C=N/c2cnc3ccccc3c2)c1,CO-ADD:0222578,ATCC 25922,2.98,32 ug/mL,0.0
166584,[N+](=O)([O-])c(cc(cc1[N+](=O)[O-])C(NCCOCc2ccccc2)=O)c1,O=C(NCCOCc1ccccc1)c1cc([N+](=O)[O-])cc([N+](=O)[O-])c1,CO-ADD:0219179,ATCC 25922,4.99,32 ug/mL,0.0
166603,C(=C/c(cc1)ccc1N(CC)CC)(/NC(c2ccccc2)=O)\C(=O)N\N=C\c3cc(Cl)ccc3O,CCN(CC)c1ccc(CC(=NC(=O)c2ccccc2)C(=O)NN=Cc2cc(Cl)ccc2O)cc1,CO-ADD:0163472,ATCC 25922,11.83,32 ug/mL,0.0
166607,c1(ccc(cc1[N+](=O)[O-])C(=O)Oc(cc2)ccc2\C=N\c3ccccc3O)C(=O)Oc(cc4)ccc4\C=N\c5ccccc5O,O=C(Oc1ccc(/C=N/c2ccccc2O)cc1)c1ccc(C(=O)Oc2ccc(/C=N/c3ccccc3O)cc2)c([N+](=O)[O-])c1,CO-ADD:0163839,ATCC 25922,8.69,32 ug/mL,0.0
166639,C(=O)(c1ccc(cc1)OC)Oc2cc(ccc2\C=N\c3ccccc3C)OC(=O)c4ccc(cc4)OC,COc1ccc(C(=O)Oc2ccc(/C=N/c3ccccc3C)c(OC(=O)c3ccc(OC)cc3)c2)cc1,CO-ADD:0215585,ATCC 25922,7.33,32 ug/mL,0.0
166649,c1(N(CC2)CCO2)nc(N\N=C\c(ccc(c3Br)OC)c3)nc(Nc4cc(C)ccc4C)n1,COc1ccc(/C=N/Nc2nc(Nc3cc(C)ccc3C)nc(N3CCOCC3)n2)cc1Br,CO-ADD:0215207,ATCC 25922,12.55,32 ug/mL,0.0
166656,N1(CNc2ccc(cc2C)I)C(=O)\C(\SC1=O)=C/c3ccccc3Cl,Cc1cc(I)ccc1NCN1C(=O)S/C(=C/c2ccccc2Cl)C1=O,CO-ADD:0217739,ATCC 25922,16.63,32 ug/mL,0.0
166881,c1(c2ccccc2)n(O)[n+]([O-])c(c3ccccc3)c1C,Cc1c(-c2ccccc2)n(O)[n+]([O-])c1-c1ccccc1,CO-ADD:0136453,ATCC 25922,13.56,25 uM,0.0
167229,NC1=C(CN2N=NC(CCOS(=O)(C)=O)=C2)C=NC(C)=N1,Cc1ncc(Cn2cc(CCOS(C)(=O)=O)nn2)c(N)n1,CO-ADD:0153051,ATCC 25922,-15.6,32 ug/mL,0.0
167249,C(=O)(c1cccc(Br)c1)Nc(ccc(c23)cccc2)c3,O=C(Nc1ccc2ccccc2c1)c1cccc(Br)c1,CO-ADD:0162702,ATCC 25922,7.19,32 ug/mL,0.0
167259,c1(N(CC2)CCN2C)nc(N\N=C\c(cccc3[N+](=O)[O-])c3O)nc(Nc(cc4)ccc4[N+](=O)[O-])n1,CN1CCN(c2nc(NN=Cc3cccc([N+](=O)[O-])c3O)nc(Nc3ccc([N+](=O)[O-])cc3)n2)CC1,CO-ADD:0162230,ATCC 25922,18.66,32 ug/mL,0.0
167260,[O-][N+](C1=C(O)C(/C=N/C2=CC=C(C=C2)C(OCCCC)=O)=CC(C)=C1)=O,CCCCOC(=O)c1ccc(N=Cc2cc(C)cc([N+](=O)[O-])c2O)cc1,CO-ADD:0157816,ATCC 25922,24.57,32 ug/mL,0.0
167307,OC1=C2N=CC=CC2=C(COC)C=C1CN3CCN(C)CC3,COCc1cc(CN2CCN(C)CC2)c(O)c2ncccc12,CO-ADD:0157746,ATCC 25922,32.16,32 ug/mL,0.0
167333,c1c(C)nc2c(c(n(ccc3)c3)c(C(=O)N\N=C\c(c(OC)c4c(OCO4)c5OC)c5CC(CC(c(cc6)ccc6OC)=N7)O7)s2)c1COC,COCc1cc(C)nc2sc(C(=O)N/N=C/c3c(CC4CC(c5ccc(OC)cc5)=NO4)c(OC)c4c(c3OC)OCO4)c(-n3cccc3)c12,CO-ADD:0243600,ATCC 25922,-17.11,32 ug/mL,0.0
167642,C(=O)(Oc1cccc(c1)\C=N\NC(=O)C(O)c2ccccc2)c3cccc(F)c3,O=C(Oc1cccc(/C=N/NC(=O)C(O)c2ccccc2)c1)c1cccc(F)c1,CO-ADD:0231917,ATCC 25922,8.32,32 ug/mL,0.0
167650,N1(CNc(cc2)ccc2C(OC)=O)C(=O)\C(\SC1=S)=C/c3cccc(Cl)c3Cl,COC(=O)c1ccc(NCN2C(=O)/C(=C\c3cccc(Cl)c3Cl)SC2=S)cc1,CO-ADD:0222998,ATCC 25922,0.99,32 ug/mL,0.0
167658,c1(N\N=C\c2ccccc2Cl)nncn1N,Nn1cnnc1N/N=C/c1ccccc1Cl,CO-ADD:0223502,ATCC 25922,6.63,32 ug/mL,0.0
167678,C1(O)(c2ccccc2)Oc(cccc3)c3N=C1c4ccccc4,OC1(c2ccccc2)Oc2ccccc2N=C1c1ccccc1,CO-ADD:0232799,ATCC 25922,6.19,32 ug/mL,0.0
167776,C(F)(F)(C(F)F)Oc1ccccc1NC(=O)C(=O)N\N=C\c2ccccc2OC,COc1ccccc1/C=N/NC(=O)C(=O)Nc1ccccc1OC(F)(F)C(F)F,CO-ADD:0219345,ATCC 25922,1.53,32 ug/mL,0.0
167778,N(=C\c1ccccc1OC)/NC(CCC(=O)Nc2cccc(Cl)c2)=O,COc1ccccc1/C=N/NC(=O)CCC(=O)Nc1cccc(Cl)c1,CO-ADD:0219394,ATCC 25922,2.35,32 ug/mL,0.0
167850,N1(c2cccc(C)c2)C(=O)CC(N(CC3)CCN3c4cccc(Cl)c4)C1=O,Cc1cccc(-n2c(O)cc(N3CCN(c4cccc(Cl)c4)CC3)c2O)c1,CO-ADD:0244399,ATCC 25922,5.94,32 ug/mL,0.0
167854,N1(c2cc(Cl)cc(Cl)c2)C(=O)CC(N3CCCCC3)C1=O,Oc1cc(N2CCCCC2)c(O)n1-c1cc(Cl)cc(Cl)c1,CO-ADD:0240295,ATCC 25922,7.25,32 ug/mL,0.0
167867,[O-][N+](C1=C(O)C(/C=N/C2=CC3=C(C=C2)N=C(C(F)(F)F)N3)=CC([N+]([O-])=O)=C1)=O,O=[N+]([O-])c1cc(C=Nc2ccc3[nH]c(C(F)(F)F)nc3c2)c(O)c([N+](=O)[O-])c1,CO-ADD:0157318,ATCC 25922,10.81,32 ug/mL,0.0
167875,[O-][N+](C1=CC(C)=C(C2=C1)NC(C2=O)=O)=O,Cc1cc([N+](=O)[O-])cc2c1NC(=O)C2=O,CO-ADD:0155416,ATCC 25922,10.87,32 ug/mL,0.0
167883,O=C(C)O[C@@H]([C@H](SC1=NC=CC=C1)O[C@H]2C)[C@H](OC(C)=O)[C@H]2OC(C)=O,CC(=O)O[C@@H]1[C@@H](OC(C)=O)[C@H](C)O[C@@H](Sc2ccccn2)[C@@H]1OC(C)=O,CO-ADD:0155070,ATCC 25922,2.71,32 ug/mL,0.0
167886,c1(O)c(Br)cc(cc1Br)\C=N\NC(=O)Cc2cccc(cccc3)c23,O=C(Cc1cccc2ccccc12)NN=Cc1cc(Br)c(O)c(Br)c1,CO-ADD:0163642,ATCC 25922,20.34,32 ug/mL,0.0
167898,[O-][N+](C1=CC(OC)=CC(/C=N/C2=CC3=C(C=C2)N=CN3)=C1O)=O,COc1cc(C=Nc2ccc3[nH]cnc3c2)c(O)c([N+](=O)[O-])c1,CO-ADD:0157209,ATCC 25922,21.33,32 ug/mL,0.0
167944,c(OC)(cc1C(=O)\C=C\Nc(cc2)ccc2OC)c(OCO3)c3c1OC,COc1ccc(N=CCC(=O)c2cc(OC)c3c(c2OC)OCO3)cc1,CO-ADD:0243835,ATCC 25922,-2.91,32 ug/mL,0.0
167960,c(OC)(cc1C(=O)\C=C\Nc(cc2)ccc2OC)c(OCO3)c3c1OC,COc1ccc(N=CCC(=O)c2cc(OC)c3c(c2OC)OCO3)cc1,CO-ADD:0243835,ATCC 25922,-8.83,32 ug/mL,0.0
168138,C12CC(C(=N/N=C(/C(C3)CC45)C4C35)C1C26)C6,C1C2CC3C1C3C2=N/N=C1/C2CC3C(C2)C13,CO-ADD:0136050,ATCC 25922,-16.9,25 uM,0.0
168141,[C@@H]1(O)[C@@]([C@@H](NC(=O)[C@](C)(N)[H])[C@@](C)(C(Cl)Cl)O2)(C(C2=O)=C(O)C[C@H]1O)[H],CC(N)C(=O)N[C@@H]1[C@H]2C(C(=O)C[C@@H](O)[C@@H]2O)C(=O)O[C@]1(C)C(Cl)Cl,CO-ADD:0137255,ATCC 25922,100.65,25 uM,1.0
168157,[C@@H]1(O)[C@@]([C@@H](NC(=O)[C@](C)(N)[H])[C@@](C)(C(Cl)Cl)O2)(C(C2=O)=C(O)C[C@H]1O)[H],CC(N)C(=O)N[C@@H]1[C@H]2C(C(=O)C[C@@H](O)[C@@H]2O)C(=O)O[C@]1(C)C(Cl)Cl,CO-ADD:0137255,ATCC 25922,100.15,25 uM,1.0
168173,[C@@H]1(O)[C@@]([C@@H](NC(=O)[C@](C)(N)[H])[C@@](C)(C(Cl)Cl)O2)(C(C2=O)=C(O)C[C@H]1O)[H],CC(N)C(=O)N[C@@H]1[C@H]2C(C(=O)C[C@@H](O)[C@@H]2O)C(=O)O[C@]1(C)C(Cl)Cl,CO-ADD:0136975,ATCC 25922,100.65,25 uM,1.0
168189,[C@@H]1(O)[C@@]([C@@H](NC(=O)[C@](C)(N)[H])[C@@](C)(C(Cl)Cl)O2)(C(C2=O)=C(O)C[C@H]1O)[H],CC(N)C(=O)N[C@@H]1[C@H]2C(C(=O)C[C@@H](O)[C@@H]2O)C(=O)O[C@]1(C)C(Cl)Cl,CO-ADD:0136975,ATCC 25922,100.15,25 uM,1.0
168230,C(=O)(Nc(cccc1C2=NCCN2)c1)Nc(cccc3C4=NCCN4)c3,O=C(Nc1cccc(C2=NCCN2)c1)Nc1cccc(C2=NCCN2)c1,CO-ADD:0318750,ATCC 25922,52.82,32 ug/mL,0.0
168267,c([N+](=O)[O-])(c1Cl)c(Cl)nc(Cl)c1C(=O)Nc(cc2)ccc2OC,COc1ccc(NC(=O)c2c(Cl)nc(Cl)c([N+](=O)[O-])c2Cl)cc1,CO-ADD:0305592,ATCC 25922,8.75,32 ug/mL,0.0
168290,C1(C2)([N+](=O)[O-])C(CC(C)=O)C(c3c(cccc3)C1=O)(CN2CCO)[N+](=O)[O-],CC(=O)CC1C2([N+](=O)[O-])CN(CCO)CC1([N+](=O)[O-])c1ccccc1C2=O,CO-ADD:0320849,ATCC 25922,22.26,32 ug/mL,0.0
168307,C1(C2(C)C)=C(C(SS1)=S)c3c(cc(c(C)c3)C)N2C(=O)COc(cc4)ccc4CC,CCc1ccc(OCC(=O)N2c3cc(C)c(C)cc3-c3c(ssc3=S)C2(C)C)cc1,CO-ADD:0331349,ATCC 25922,-2.51,32 ug/mL,0.0
168574,N1(c2ccccc2)C(=O)c3c(cc(cc3)Oc(cc4)ccc4N)C1=O,Nc1ccc(Oc2ccc3c(c2)C(=O)N(c2ccccc2)C3=O)cc1,CO-ADD:0221508,ATCC 25922,12.43,32 ug/mL,0.0
168578,C(=N\CC)(/SCC1(C)\C=N\OC(NC)=O)\S1,CC/N=C1/SCC(C)(/C=N/OC(=O)NC)S1,CO-ADD:0221276,ATCC 25922,15.63,32 ug/mL,0.0
168590,CCCCCCCCCCCCCCCCOP(=O)([O-])OCC[N+](C)(C)C,CCCCCCCCCCCCCCCCOP(=O)([O-])OCC[N+](C)(C)C,CO-ADD:0237431,ATCC 25922,7.02,20 uM,0.0
168591,C(Nc1nn2c(cnc2s1)c3cccs3)C4CCOCC4,c1csc(-c2cnc3sc(NCC4CCOCC4)nn23)c1,CO-ADD:0237037,ATCC 25922,11.02,20 uM,0.0
168624,[N+](=O)([O-])c(ccc(c1\C=N\NC(CNc2cccc(Br)c2)=O)O)c1,O=C(CNc1cccc(Br)c1)NN=Cc1cc([N+](=O)[O-])ccc1O,CO-ADD:0229712,ATCC 25922,30.49,32 ug/mL,0.0
168646,N1(c2ccc(cc2)OC)C(=O)CC(N(CC3)CCC3C(O)=O)C1=O,COc1ccc(-n2c(O)cc(N3CCC(C(=O)O)CC3)c2O)cc1,CO-ADD:0236843,ATCC 25922,8.21,32 ug/mL,0.0
168651,N1(C(NC)=O)c(ccc(c2)Cl)c2OC1=S,CNC(=O)n1c(=S)oc2cc(Cl)ccc21,CO-ADD:0227800,ATCC 25922,13.48,32 ug/mL,0.0
168653,c1(c(O)cc(c(O)c1)S)[N+](=O)[O-],O=[N+]([O-])c1cc(O)c(S)cc1O,CO-ADD:0234072,ATCC 25922,15.6,32 ug/mL,0.0
168656,N(C(C)Oc(c12)ccc(c1)[N+](=O)[O-])(c(cccc3)c34)C2OC4(c5ccccc5)c6ccccc6,CC1Oc2ccc([N+](=O)[O-])cc2C2OC(c3ccccc3)(c3ccccc3)c3ccccc3N12,CO-ADD:0230404,ATCC 25922,4.32,32 ug/mL,0.0
168673,[N+](=O)([O-])c(ccc(c1\C=N\NC(=O)\C(\NC(c2ccccc2)=O)=C/c3cccs3)OC(c4ccccc4)=O)c1,O=C(N/N=C/c1cc([N+](=O)[O-])ccc1OC(=O)c1ccccc1)C(Cc1cccs1)=NC(=O)c1ccccc1,CO-ADD:0232455,ATCC 25922,10.01,32 ug/mL,0.0
168690,C12(CCCCCC1)Sc(c3N2)cccc3,c1ccc2c(c1)NC1(CCCCCC1)S2,CO-ADD:0235337,ATCC 25922,8.79,32 ug/mL,0.0
168695,S1(=O)(=O)c2c(C(Nc3ccccc3Cl)=N1)ccc(c2)[N+](=O)[O-],O=[N+]([O-])c1ccc2c(c1)S(=O)(=O)N=C2Nc1ccccc1Cl,CO-ADD:0228182,ATCC 25922,6.33,32 ug/mL,0.0
168714,c1(c(C)non1)C(=O)N\N=C\c2cccc(CC=C)c2O,C=CCc1cccc(C=NNC(=O)c2nonc2C)c1O,CO-ADD:0217870,ATCC 25922,28.91,32 ug/mL,0.0
168721,c1(cc(C)cc(I)c1O)\C=N\c(cc2)ccc2F,Cc1cc(I)c(O)c(C=Nc2ccc(F)cc2)c1,CO-ADD:0220359,ATCC 25922,9.4,32 ug/mL,0.0
168802,O=C(CCCCCN(CC(O)COC1=CC=CC=C1)CC(O)COC2=CC=CC=C2)O,O=C(O)CCCCCN(CC(O)COc1ccccc1)CC(O)COc1ccccc1,CO-ADD:0157158,ATCC 25922,-6.96,32 ug/mL,0.0
168816,c1(ccc(\C=N\c(cc2)ccc2Oc(cc3)ccc3\N=C\c(ccc4[N+](=O)[O-])s4)s1)[N+](=O)[O-],O=[N+]([O-])c1ccc(/C=N/c2ccc(Oc3ccc(/N=C/c4ccc([N+](=O)[O-])s4)cc3)cc2)s1,CO-ADD:0215686,ATCC 25922,3.91,32 ug/mL,0.0
168855,N1(c2ccc(c(Cl)c2)Cl)C(c3ccccc3OCc4c(cccc4Cl)Cl)N(N=C1C(C)=O)c5ccc(cc5)Cl,CC(=O)C1=NN(c2ccc(Cl)cc2)C(c2ccccc2OCc2c(Cl)cccc2Cl)N1c1ccc(Cl)c(Cl)c1,CO-ADD:0286172,ATCC 25922,-3.45,32 ug/mL,0.0
168857,C(/c(cc(OCC)cc1)c12)(\C(=S)C(N2C(=O)COc(cc3)ccc3F)(C)C)=C(\S4)/SC(=C4C(OC)=O)C(OC)=O,CCOc1ccc2c(c1)C(=C1SC(C(=O)OC)=C(C(=O)OC)S1)C(=S)C(C)(C)N2C(=O)COc1ccc(F)cc1,CO-ADD:0291524,ATCC 25922,-1.37,32 ug/mL,0.0
168868,c(cccn1)(\C(\C=CC2=O)=N/Nc3ccccc3Cl)c12,Oc1ccc(N=Nc2ccccc2Cl)c2cccnc12,CO-ADD:0299514,ATCC 25922,13.37,32 ug/mL,0.0
168871,c1(C(=O)N(C)C)c(cc(cc1[N+](=O)[O-])[N+](=O)[O-])[N+](=O)[O-],CN(C)C(=O)c1c([N+](=O)[O-])cc([N+](=O)[O-])cc1[N+](=O)[O-],CO-ADD:0287658,ATCC 25922,20.36,32 ug/mL,0.0
168885,C12(c3c(NC1=O)cccc3)C(C#N)=C(N)Oc4c2c(C)[nH]n4,Cc1[nH]nc2c1C1(C(=O)Nc3ccccc31)C(C#N)C(=N)O2,CO-ADD:0287824,ATCC 25922,3.29,32 ug/mL,0.0
168917,N1(c2ccccc2)C(=O)NC(\C(=C/c(ccc3[N+](=O)[O-])s3)\C1=O)=O,O=C1NC(=O)N(c2ccccc2)C(=O)/C1=C/c1ccc([N+](=O)[O-])s1,CO-ADD:0295327,ATCC 25922,9.66,32 ug/mL,0.0
168924,c(Br)(c(C)c(C)cc1\C=N\c(cc2)ccc2NC(C)=O)c1O,CC(=O)Nc1ccc(N=Cc2cc(C)c(C)c(Br)c2O)cc1,CO-ADD:0228055,ATCC 25922,2.95,32 ug/mL,0.0
168938,N1(c2cccc(c2)C(O)=O)C(=O)C(C3C1=O)C(c4ccccc4)(C(C35c6ccccc6)=O)C(=C5c7ccc(cc7)C)c8ccc(cc8)C,Cc1ccc(C2=C(c3ccc(C)cc3)C3(c4ccccc4)C(=O)C2(c2ccccc2)c2c3c(O)n(-c3cccc(C(=O)O)c3)c2O)cc1,CO-ADD:0286684,ATCC 25922,13.1,32 ug/mL,0.0
168976,O=C(N1N(S(=O)(C2=CC=C([N+]([O-])=O)C=C2)=O)CC(C)C1O)OC(C)(C)C,CC1CN(S(=O)(=O)c2ccc([N+](=O)[O-])cc2)N(C(=O)OC(C)(C)C)C1O,CO-ADD:0164005,ATCC 25922,-0.56,32 ug/mL,0.0
168992,O=C(N1N(S(=O)(C2=CC=C([N+]([O-])=O)C=C2)=O)CC(C)C1O)OC(C)(C)C,CC1CN(S(=O)(=O)c2ccc([N+](=O)[O-])cc2)N(C(=O)OC(C)(C)C)C1O,CO-ADD:0164005,ATCC 25922,-0.47,32 ug/mL,0.0
169016,O=C1N(C2=CC=CC=C2)C(C(C)=C1)=O,CC1=CC(=O)N(c2ccccc2)C1=O,CO-ADD:0156928,ATCC 25922,25.31,32 ug/mL,0.0
169045,c1(cc(Br)ccc1O)\C=N\c(ccc(c2OC)OC)c2,COc1ccc(N=Cc2cc(Br)ccc2O)cc1OC,CO-ADD:0161534,ATCC 25922,1.24,32 ug/mL,0.0
169053,c1(ccccc1NC(c2ccccc2)=O)C(OCCCCCCCCC)=O,CCCCCCCCCOC(=O)c1ccccc1NC(=O)c1ccccc1,CO-ADD:0220858,ATCC 25922,5.48,32 ug/mL,0.0
169054,C(=O)(Oc1ccc(cc1OC)\C=N\NC(CNc2ccccc2C)=O)c3ccccc3Cl,COc1cc(/C=N/NC(=O)CNc2ccccc2C)ccc1OC(=O)c1ccccc1Cl,CO-ADD:0220615,ATCC 25922,4.56,32 ug/mL,0.0
169056,COC1=CC=C(C=C1)/C=N/C2=CC=C(C=C2)C(N3)=NC4=C3C=CC(/N=C/C(C=C5)=CC=C5OC)=C4,COc1ccc(/C=N/c2ccc(-c3nc4cc(/N=C/c5ccc(OC)cc5)ccc4[nH]3)cc2)cc1,CO-ADD:0155452,ATCC 25922,16.38,32 ug/mL,0.0
169057,C(CNc1ccc(cc1Br)Cl)(=O)N\N=C\c2ccco2,O=C(CNc1ccc(Cl)cc1Br)N/N=C/c1ccco1,CO-ADD:0220402,ATCC 25922,6.37,32 ug/mL,0.0
169060,C(=O)(Cc1cccc(cccc2)c12)Nc3cccc(N(C)C)c3,CN(C)c1cccc(NC(=O)Cc2cccc3ccccc23)c1,CO-ADD:0221865,ATCC 25922,5.66,32 ug/mL,0.0
169061,n1c2c(cccc2)ccc1SCC(=O)N\N=C\c3cccc(F)c3,O=C(CSc1ccc2ccccc2n1)N/N=C/c1cccc(F)c1,CO-ADD:0221205,ATCC 25922,6.44,32 ug/mL,0.0
169063,[N+](=O)([O-])c(cc(cc1[N+](=O)[O-])C(=O)Nc2sccn2)c1,O=C(Nc1nccs1)c1cc([N+](=O)[O-])cc([N+](=O)[O-])c1,CO-ADD:0161455,ATCC 25922,6.94,32 ug/mL,0.0
169073,c1(c(Br)cc(cc1\C=N\NC(CNC(=O)c2ccco2)=O)Br)OC(=O)c3ccco3,O=C(CNC(=O)c1ccco1)N/N=C/c1cc(Br)cc(Br)c1OC(=O)c1ccco1,CO-ADD:0222760,ATCC 25922,17.12,32 ug/mL,0.0
169108,c1(S(CCC)(=O)=O)c(C(=O)c2ccc(cc2)OC)n3c(cccc3)c1S(CCC)(=O)=O,CCCS(=O)(=O)c1c(S(=O)(=O)CCC)c2ccccn2c1C(=O)c1ccc(OC)cc1,CO-ADD:0258919,ATCC 25922,2.74,32 ug/mL,0.0
169117,c1(cc(ccc1[N+](=O)[O-])S(Cl)(=O)=O)[N+](=O)[O-],O=[N+]([O-])c1ccc(S(=O)(=O)Cl)cc1[N+](=O)[O-],CO-ADD:0294528,ATCC 25922,-2.1,32 ug/mL,0.0
169188,N1(c2ccc(cc2)Br)C(=O)CC(N(CCCC3C(=O)N(CC)CC)C3)C1=O,CCN(CC)C(=O)C1CCCN(c2cc(O)n(-c3ccc(Br)cc3)c2O)C1,CO-ADD:0277874,ATCC 25922,11.63,32 ug/mL,0.0
169273,ClC(C=C1)=CC=C1C2=NN=C3C=NC=C(OCCC4=CC=CC=C4)N32,Clc1ccc(-c2nnc3cncc(OCCc4ccccc4)n23)cc1,CO-ADD:0248694,ATCC 25922,2.26,32 ug/mL,0.0
169275,N1(c2ccc(c(C)c2)C)C(=O)\C(\C(C)=N1)=C/NNc3ccccc3C,Cc1ccc(-n2[nH]c(C)c(C=NNc3ccccc3C)c2=O)cc1C,CO-ADD:0223514,ATCC 25922,5.02,32 ug/mL,0.0
169307,N1(c2ccc(cc2)OCCCCCC)C(=O)CC(N(CC3)CCN3C\C=C\c4ccccc4)C1=O,CCCCCCOc1ccc(-n2c(O)cc(N3CCN(C/C=C/c4ccccc4)CC3)c2O)cc1,CO-ADD:0235766,ATCC 25922,6.81,32 ug/mL,0.0
169311,[O-][N+](C1=CC=C(/C=N/C2=CC=C(C=C2)/N=C/C3=CC=C([N+]([O-])=O)S3)S1)=O,O=[N+]([O-])c1ccc(/C=N/c2ccc(/N=C/c3ccc([N+](=O)[O-])s3)cc2)s1,CO-ADD:0158012,ATCC 25922,-7.64,32 ug/mL,0.0
169378,CC1C2C(O)C3C(N(C)C)C(=O)C(C(N)=O)=C(O)C3(O)C(O)=C2C(=O)c2c(O)cccc12,CC1c2cccc(O)c2C(=O)C2C(=O)C3(O)C(=O)C(C(N)=O)C(=O)C(N(C)C)C3C(O)C21,CO-ADD:0165034,ATCC 25922,100.08,20 uM,1.0
169381,N1(CNc2cccc(C)c2C)C(=O)\C(\SC1=S)=C/c(ccc(c3Cl)Cl)c3,Cc1cccc(NCN2C(=O)/C(=C\c3ccc(Cl)c(Cl)c3)SC2=S)c1C,CO-ADD:0166485,ATCC 25922,10.67,80 ug/mL,0.0
169387,c1(O)c(I)cc(cc1I)\C=N\NC(CNC(=O)c2ccc(cc2)Cl)=O,O=C(CNC(=O)c1ccc(Cl)cc1)NN=Cc1cc(I)c(O)c(I)c1,CO-ADD:0166107,ATCC 25922,4.56,80 ug/mL,0.0
169389,c1(O)c(Br)cc(cc1Br)\C=N\NC(CNC(=O)c2ccco2)=O,O=C(CNC(=O)c1ccco1)NN=Cc1cc(Br)c(O)c(Br)c1,CO-ADD:0166115,ATCC 25922,-0.65,80 ug/mL,0.0
169391,[N+](=O)([O-])c1cc(ccc1OC(=O)c2cccc(cccc3)c23)\C=N\NC(=O)c4ccc(cc4)O,O=C(N/N=C/c1ccc(OC(=O)c2cccc3ccccc23)c([N+](=O)[O-])c1)c1ccc(O)cc1,CO-ADD:0215563,ATCC 25922,14.87,32 ug/mL,0.0
169538,C1C[C@](C)(C([C@H](O)CC(\C(=C(\C(=O)OCc2ccccc2)/CC\C=C(/C)\C)\[C@@H](OC(C)=O)C3)[C@]34C)[C@]4(C)CC5)C5[C@H](C)[C@@H]1OC(=O)C(N)Cc6ccccc6,CC(=O)O[C@H]1C[C@@]2(C)C(C[C@@H](O)C3[C@@]4(C)CC[C@@H](OC(=O)C(N)Cc5ccccc5)[C@@H](C)C4CC[C@@]32C)/C1=C(\CCC=C(C)C)C(=O)OCc1ccccc1,CO-ADD:0243999,ATCC 25922,-13.29,32 ug/mL,0.0
169549,c1(ccc(\C=N\c(c(C)ccc2[N+](=O)[O-])c2)o1)[N+](=O)[O-],Cc1ccc([N+](=O)[O-])cc1/N=C/c1ccc([N+](=O)[O-])o1,CO-ADD:0253947,ATCC 25922,43.38,32 ug/mL,0.0
169664,[N+](=O)([O-])c1ccccc1COc2ccccc2\C=N\NC(=O)c(cccc3NC(=O)c4ccc(cc4)OC)c3,COc1ccc(C(=O)Nc2cccc(C(=O)N/N=C/c3ccccc3OCc3ccccc3[N+](=O)[O-])c2)cc1,CO-ADD:0229075,ATCC 25922,9.57,32 ug/mL,0.0
169754,COc1cccc(c1)n2nnnc2S(=O)(=O)C,COc1cccc(-n2nnnc2S(C)(=O)=O)c1,CO-ADD:0237413,ATCC 25922,18.82,20 uM,0.0
169773,O[C@@H](C(NCCC(NCCCCCCC)=O)=O)C(C)(C)COP(O)(O)=O,CCCCCCCNC(=O)CCNC(=O)C(O)C(C)(C)COP(=O)(O)O,CO-ADD:0237019,ATCC 25922,-10.84,32 ug/mL,0.0
169800,C(F)(F)(C(F)(F)C(F)(F)C(F)(F)F)C(F)(F)C(F)(F)C(=O)N\N=C\C=C\C,CC=CC=NNC(=O)C(F)(F)C(F)(F)C(F)(F)C(F)(F)C(F)(F)C(F)(F)F,CO-ADD:0221743,ATCC 25922,21.59,32 ug/mL,0.0
169854,C1(C#N)(C#N)C(c(cc2)ccc2C(C)C)C(C3)C(C(C#N)=C1N)=CCN3C.C(=O)O,CC(C)c1ccc(C2C3CN(C)CC=C3C(C#N)C(=N)C2(C#N)C#N)cc1,CO-ADD:0166714,ATCC 25922,6.04,80 ug/mL,0.0
169858,n1c(ccc(C#N)c1SCC(=O)Nc2cccc(C)c2)c3cccs3,Cc1cccc(NC(=O)CSc2nc(-c3cccs3)ccc2C#N)c1,CO-ADD:0215380,ATCC 25922,2.03,32 ug/mL,0.0
169862,[N+](=O)([O-])c1cc(ccc1OC(=O)c2ccc(cc2)OC)\C=N\c3cccc(Br)c3,COc1ccc(C(=O)Oc2ccc(/C=N/c3cccc(Br)c3)cc2[N+](=O)[O-])cc1,CO-ADD:0215532,ATCC 25922,5.6,32 ug/mL,0.0
169864,COC1=C(OC)C(=O)C(CCCCCCCCCCO)=C(C)C1=O,COc1c(O)c(C)c(C=CCCCCCCCCO)c(O)c1OC,CO-ADD:0164414,ATCC 25922,5.82,20 uM,0.0
169872,C(=O)(OC(CCCCCCCCC)CC)c1ccccc1NC(c2ccccc2)=O,CCCCCCCCCC(CC)OC(=O)c1ccccc1NC(=O)c1ccccc1,CO-ADD:0220802,ATCC 25922,-0.4,32 ug/mL,0.0
169905,N(=C(/C)\c1ccc(cc1)OC)/NC(CNc(cc2)ccc2C)=O,COc1ccc(/C(C)=N/NC(=O)CNc2ccc(C)cc2)cc1,CO-ADD:0220195,ATCC 25922,6.48,32 ug/mL,0.0
169924,C(=O)(Nc(cc1)ccc1C(O)=O)c2ccccc2NC(CC(C)C)=O,CC(C)CC(=O)Nc1ccccc1C(=O)Nc1ccc(C(=O)O)cc1,CO-ADD:0290394,ATCC 25922,12.49,32 ug/mL,0.0
169994,C1(C(=O)N(C)C(N2C)=O)=C2NC(=NC1(C(F)(F)F)C(F)(F)F)Cc3ccccc3,Cn1c2c(c(=O)n(C)c1=O)C(C(F)(F)F)(C(F)(F)F)N=C(Cc1ccccc1)N2,CO-ADD:0331342,ATCC 25922,0.29,32 ug/mL,0.0
170095,C(C#N)(S1)=C(C#N)SC(C#N)=C1C#N,N#CC1=C(C#N)SC(C#N)=C(C#N)S1,CO-ADD:0329305,ATCC 25922,32.32,32 ug/mL,0.0
170135,c1(cc(cc(SCCSc(cc(cc2[N+](=O)[O-])[N+](=O)[O-])c2C(N)=O)c1C(N)=O)[N+](=O)[O-])[N+](=O)[O-],NC(=O)c1c(SCCSc2cc([N+](=O)[O-])cc([N+](=O)[O-])c2C(N)=O)cc([N+](=O)[O-])cc1[N+](=O)[O-],CO-ADD:0290683,ATCC 25922,11.28,32 ug/mL,0.0
170141,N1(C(=O)c(c2)c(c(c3)C1=O)c(cc2[N+](=O)[O-])cc3[N+](=O)[O-])c4c(C)nn(c(cc5)ccc5[N+](=O)[O-])c4C,Cc1nn(-c2ccc([N+](=O)[O-])cc2)c(C)c1N1C(=O)c2cc([N+](=O)[O-])cc3cc([N+](=O)[O-])cc(c23)C1=O,CO-ADD:0294356,ATCC 25922,2.53,32 ug/mL,0.0
170191,[N+](=O)([O-])c1ccc(cc1)N\N=C\c2ccc(cc2OC(=O)c3ccc(cc3)OC)OC(=O)c4ccc(cc4)OC,COc1ccc(C(=O)Oc2ccc(/C=N/Nc3ccc([N+](=O)[O-])cc3)c(OC(=O)c3ccc(OC)cc3)c2)cc1,CO-ADD:0214983,ATCC 25922,11.08,32 ug/mL,0.0
170192,N1(c(cc2)ccc2C(OC)=O)C(=O)C3C(C(c4ccccc4)C=CC3c5ccccc5)C1=O,COC(=O)c1ccc(-n2c(O)c3c(c2O)C(c2ccccc2)C=CC3c2ccccc2)cc1,CO-ADD:0215270,ATCC 25922,-19.34,32 ug/mL,0.0
170196,N1(c2ccc(c(C)c2)C)C(c3cccc(OC)c3OCc4ccccc4)N(N=C1C(C)=O)c5ccccc5,COc1cccc(C2N(c3ccccc3)N=C(C(C)=O)N2c2ccc(C)c(C)c2)c1OCc1ccccc1,CO-ADD:0301100,ATCC 25922,-5.43,32 ug/mL,0.0
170206,O=C(C1=CC=NC=C1)N/N=C/C2=CC=C(C(Br)=C2)OC,COc1ccc(/C=N/NC(=O)c2ccncc2)cc1Br,CO-ADD:0158131,ATCC 25922,15.56,32 ug/mL,0.0
170396,CN1C=C(NC(C2=CC=C(/C=C/C3=CC=C4C(C=CC=C4)=C3)C=C2)=O)C=C1C(NC5=CN(C)C(C(NCCN6CCOCC6)=O)=C5)=O.OC(C(F)(F)F)=O,Cn1cc(NC(=O)c2cc(NC(=O)c3ccc(/C=C/c4ccc5ccccc5c4)cc3)cn2C)cc1C(=O)NCCN1CCOCC1,CO-ADD:0153095,ATCC 25922,-8.06,32 ug/mL,0.0
170437,[N+](=O)([O-])c1ccc(cc1)\N=C\c2cc(ccc2O)Cc(ccc(c3\C=N\c(cc4)ccc4[N+](=O)[O-])O)c3,O=[N+]([O-])c1ccc(N=Cc2cc(Cc3ccc(O)c(C=Nc4ccc([N+](=O)[O-])cc4)c3)ccc2O)cc1,CO-ADD:0216971,ATCC 25922,7.33,32 ug/mL,0.0
170438,C(=O)(NNc1ccccc1I)C(OCC)=O,CCOC(=O)C(=O)NNc1ccccc1I,CO-ADD:0240123,ATCC 25922,24.4,32 ug/mL,0.0
170444,c1(ccc(\C=N\c(cc2)ccc2OCC)s1)[N+](=O)[O-],CCOc1ccc(/N=C/c2ccc([N+](=O)[O-])s2)cc1,CO-ADD:0244163,ATCC 25922,17.66,32 ug/mL,0.0
170445,C(/C(OC)=O)(\C(OC)=O)=C(/O)\c1ccc(cc1)C,COC(=O)C(C(=O)OC)C(=O)c1ccc(C)cc1,CO-ADD:0246227,ATCC 25922,3.75,32 ug/mL,0.0
170450,c1(\N=C\c(c(O)ccc2[N+](=O)[O-])c2)n(c3ccccc3)ncc1C(OCC)=O,CCOC(=O)c1cnn(-c2ccccc2)c1N=Cc1cc([N+](=O)[O-])ccc1O,CO-ADD:0240790,ATCC 25922,16.26,32 ug/mL,0.0
170459,C1(C#N)(C#N)[C@H](c(cccn2)c2)[C@H](N(c3c(cccc3)C=C4)[C@@]14[H])C(=O)C(C)(C)C,CC(C)(C)C(=O)C1[C@@H](c2cccnc2)C(C#N)(C#N)[C@H]2C=Cc3ccccc3N12,CO-ADD:0241779,ATCC 25922,2.17,32 ug/mL,0.0
170514,C(CNc(cc1)ccc1I)(=O)N\N=C\c(ccc(c2OC)O)c2,COc1cc(C=NNC(=O)CNc2ccc(I)cc2)ccc1O,CO-ADD:0166623,ATCC 25922,3.83,80 ug/mL,0.0
170517,C(F)(F)(C(F)(F)C(F)(F)C(F)(F)F)C(F)(F)C(F)(F)C(=O)N\N=C\c(cc1)ccc1O,O=C(NN=Cc1ccc(O)cc1)C(F)(F)C(F)(F)C(F)(F)C(F)(F)C(F)(F)C(F)(F)F,CO-ADD:0218495,ATCC 25922,33.58,32 ug/mL,0.0
170522,S(=O)(=O)(c1ccc(cc1)OC)Oc(cc2)ccc2\C=N\NC(=O)c3ccc(cc3)O,COc1ccc(S(=O)(=O)Oc2ccc(/C=N/NC(=O)c3ccc(O)cc3)cc2)cc1,CO-ADD:0166396,ATCC 25922,-6.84,80 ug/mL,0.0
170526,C(C(=O)OC(C)C)(=C(CSc1nc(C)c(c(C)c1C#N)C)OC(=C2C#N)N)C2c3ccccc3OC.[Na+],COc1ccccc1C1C(C(=O)OC(C)C)=C(CSc2nc(C)c(C)c(C)c2C#N)OC(=N)C1C#N,CO-ADD:0215369,ATCC 25922,5.47,32 ug/mL,0.0
170562,N1(c2cccc(OC)c2)C(=O)NC(\C(=C/c(ccc3[N+](=O)[O-])s3)\C1=O)=O,COc1cccc(N2C(=O)NC(=O)/C(=C\c3ccc([N+](=O)[O-])s3)C2=O)c1,CO-ADD:0303753,ATCC 25922,93.09,32 ug/mL,1.0
170579,N1(C(=O)C=CC1=O)c(cc2Cl)cc(c2N)Cl,Nc1c(Cl)cc(N2C(=O)C=CC2=O)cc1Cl,CO-ADD:0302495,ATCC 25922,11.21,32 ug/mL,0.0
170630,c1(ccc(cc1[N+](=O)[O-])[N+](=O)[O-])C(=O)Oc2cccc(cccn3)c23,O=C(Oc1cccc2cccnc12)c1ccc([N+](=O)[O-])cc1[N+](=O)[O-],CO-ADD:0244645,ATCC 25922,30.3,32 ug/mL,0.0
170663,C[C@@H]1[C@H]2[C@H](O)[C@H]3[C@H](N(C)C)C(=C(C(=O)N)C(=O)[C@@]3(O)C(=C2C(=O)c4c(O)cccc14)O)O.Cl,CC1c2cccc(O)c2C(=O)C2C(=O)[C@]3(O)C(=O)C(C(N)=O)C(=O)C(N(C)C)[C@@H]3[C@@H](O)[C@@H]21,CO-ADD:0237159,ATCC 25922,100.66,20 uM,1.0
170694,[n+]1(nc(c2[N+](=O)[O-])C)n2[n-]c(C)c1[N+](=O)[O-],Cc1n[n+]2c([N+](=O)[O-])c(C)[n-]n2c1[N+](=O)[O-],CO-ADD:0230911,ATCC 25922,17.24,32 ug/mL,0.0
170706,c1(ccc(\C=N\NC(=O)c(cccc2[N+](=O)[O-])c2)o1)[N+](=O)[O-],O=C(N/N=C/c1ccc([N+](=O)[O-])o1)c1cccc([N+](=O)[O-])c1,CO-ADD:0218262,ATCC 25922,27.42,32 ug/mL,0.0
170712,N1(c2sccn2)C(=O)c3c(c4C1=O)c(ccc3)ccc4,O=C1c2cccc3cccc(c23)C(=O)N1c1nccs1,CO-ADD:0218061,ATCC 25922,-4.48,32 ug/mL,0.0
170718,N1(Nc2ccccc2C)C(=O)c(cc3)c(c(ccc4[N+](=O)[O-])C1=O)c4c3[N+](=O)[O-],Cc1ccccc1NN1C(=O)c2ccc([N+](=O)[O-])c3c([N+](=O)[O-])ccc(c23)C1=O,CO-ADD:0221938,ATCC 25922,4.64,32 ug/mL,0.0
170742,c1(ccc(\C=N\NC(=O)C2CC23CCC3)s1)[N+](=O)[O-],O=C(N/N=C/c1ccc([N+](=O)[O-])s1)C1CC12CCC2,CO-ADD:0236056,ATCC 25922,10.36,32 ug/mL,0.0
170771,Clc(ccc1)c(C=C/C(Nc(cc(c(N)cc2C)c(c3)n2)c3)=O)c1,Cc1cc(N)c2cc(NC(=O)C=Cc3ccccc3Cl)ccc2n1,CO-ADD:0136586,ATCC 25922,-10.08,25 uM,0.0
170783,[N+](=O)([O-])c(cc(Oc(cc1)ccc1CCC(=O)N(CC2)CCN2C)cc3[N+](=O)[O-])c3,CN1CCN(C(=O)CCc2ccc(Oc3cc([N+](=O)[O-])cc([N+](=O)[O-])c3)cc2)CC1,CO-ADD:0246086,ATCC 25922,9.53,32 ug/mL,0.0
170785,C(=N/N=C(\C1)/CCC1)(/SC=C2c3ccccc3)\N2,c1ccc(-c2csc(NN=C3CCCC3)n2)cc1,CO-ADD:0242907,ATCC 25922,2.11,32 ug/mL,0.0
170792,c(\C=C\C(=O)c1ccc(cc1Cl)Cl)(c2C)c(C)n(n2)C,Cc1nn(C)c(C)c1C=CC(=O)c1ccc(Cl)cc1Cl,CO-ADD:0240210,ATCC 25922,6.42,32 ug/mL,0.0
170806,C(=C\c(ccc1c2ccccc2[N+](=O)[O-])o1)(/C3=O)\C(=O)NC(=S)N3,O=C1NC(=S)NC(=O)C1=Cc1ccc(-c2ccccc2[N+](=O)[O-])o1,CO-ADD:0241886,ATCC 25922,6.91,32 ug/mL,0.0
170815,C1(Cl)(CC(=O)c2ccc(cc2)Br)C(=O)OC(OC1=O)(C)C,CC1(C)OC(=O)C(Cl)(CC(=O)c2ccc(Br)cc2)C(=O)O1,CO-ADD:0242391,ATCC 25922,-3.37,32 ug/mL,0.0
170832,c1(cc(cc(C(=O)Nc(cc2)ccc2Cl)c1NC(CC(C)C)C(O)=O)[N+](=O)[O-])[N+](=O)[O-],CC(C)CC(Nc1c(C(=O)Nc2ccc(Cl)cc2)cc([N+](=O)[O-])cc1[N+](=O)[O-])C(=O)O,CO-ADD:0245673,ATCC 25922,10.73,32 ug/mL,0.0
170962,c1(cc(cc(OC)c1OCC(=O)N\N=C\c(cc(Cl)cc2Br)c2O)[N+](=O)[O-])[N+](=O)[O-],COc1cc([N+](=O)[O-])cc([N+](=O)[O-])c1OCC(=O)NN=Cc1cc(Cl)cc(Br)c1O,CO-ADD:0234942,ATCC 25922,25.88,32 ug/mL,0.0
170993,C(NC(C)=O)(C(=O)c(cccc1)c1C2=O)=C2N(CC3)CCN3c4ccc(cc4)F,CC(=O)N=C1C(=O)c2ccccc2C(=O)C1N1CCN(c2ccc(F)cc2)CC1,CO-ADD:0311954,ATCC 25922,5.27,32 ug/mL,0.0
170995,S1(=O)(=O)C(COc(ccc(CC)c2)c12)C(F)(F)F,CCc1ccc2c(c1)S(=O)(=O)C(C(F)(F)F)CO2,CO-ADD:0321331,ATCC 25922,3.1,32 ug/mL,0.0
171016,N1(c2cccc(c2)[N+](=O)[O-])C(=O)CC(N(CC)CC)C1=O,CCN(CC)c1cc(O)n(-c2cccc([N+](=O)[O-])c2)c1O,CO-ADD:0324431,ATCC 25922,1.29,32 ug/mL,0.0
171040,N1(c2sccn2)C(=O)\C(\SC1=N)=C/c(ccc3c4ccccc4C(O)=O)o3,N=C1S/C(=C/c2ccc(-c3ccccc3C(=O)O)o2)C(=O)N1c1nccs1,CO-ADD:0306961,ATCC 25922,-3.56,32 ug/mL,0.0
171063,N1(c2c(cccc2)Sc(ccc(c3)C(F)(F)F)c13)C(=O)CN(CC4)CCN4CCO,O=C(CN1CCN(CCO)CC1)N1c2ccccc2Sc2ccc(C(F)(F)F)cc21,CO-ADD:0306311,ATCC 25922,4.88,32 ug/mL,0.0
171139,C1(C(OCCCC)=O)=C(C)NC(NC1c2ccc(c(Br)c2)F)=O,CCCCOC(=O)C1C(C)=NC(=O)NC1c1ccc(F)c(Br)c1,CO-ADD:0332224,ATCC 25922,-6.69,32 ug/mL,0.0
171171,C(C(OC)=O)(C(F)(F)F)(C(C(C)=O)C(C)=O)NS(c1ccccc1)(=O)=O,COC(=O)C(NS(=O)(=O)c1ccccc1)(C(C(C)=O)C(C)=O)C(F)(F)F,CO-ADD:0330042,ATCC 25922,-1.46,32 ug/mL,0.0
171180,s1c(SCc2ccccc2F)nnc1SCc3ccccc3F,Fc1ccccc1CSc1nnc(SCc2ccccc2F)s1,CO-ADD:0329659,ATCC 25922,-8.79,32 ug/mL,0.0
171191,N1C(c2ccc(cc2)Cl)C(CC=C3)C3c4c1c(O)ccc4Cl,Oc1ccc(Cl)c2c1NC(c1ccc(Cl)cc1)C1CC=CC21,CO-ADD:0328017,ATCC 25922,-11.58,32 ug/mL,0.0
171211,C(C(c1ccccc1)=O)(C2c3ccccc3)=C(O)C(N2CCCN(CC)CC)=O,CCN(CC)CCCN1C(=O)C(=O)C(C(=O)c2ccccc2)C1c1ccccc1,CO-ADD:0326611,ATCC 25922,0.87,32 ug/mL,0.0
171251,C1(=S)N(NC(=O)c2cccc(F)c2)C(C(=O)N1c3ccc(cc3)Cl)CC(N[H])=O,NC(=O)Cc1c(O)n(-c2ccc(Cl)cc2)c(=S)n1NC(=O)c1cccc(F)c1,CO-ADD:0332300,ATCC 25922,0.41,32 ug/mL,0.0
171553,C(=S)(Oc(cccc1C(=O)Nc(cc2)ccc2C)c1)N3CCCCC3,Cc1ccc(NC(=O)c2cccc(OC(=S)N3CCCCC3)c2)cc1,CO-ADD:0166026,ATCC 25922,13.85,80 ug/mL,0.0
171562,C1(=S)NC(NN1c2ccccc2)(CCC)CCC,CCCC1(CCC)NC(=S)N(c2ccccc2)N1,CO-ADD:0249075,ATCC 25922,10.95,32 ug/mL,0.0
171851,CN1C=C(NC(C2=CC(NC(C3=CC(NC([H])=O)=CN3C)=O)=CN2C)=O)C=C1C(NC4=NC(C(NCCCN(C)C)=O)=C(C(C)C)S4)=O.OC(C(F)(F)F)=O,CC(C)c1sc(NC(=O)c2cc(NC(=O)c3cc(NC(=O)c4cc(NC=O)cn4C)cn3C)cn2C)nc1C(=O)NCCCN(C)C,CO-ADD:0153101,ATCC 25922,-8.57,32 ug/mL,0.0
171855,CN1C=C(NC(C2=CC(NC(C)=N)=CN2C)=O)C=C1C(NC3=CN(C)C(C(NCCCN(C)C)=O)=C3)=O.OC(C(F)(F)F)=O.OC(C(F)(F)F)=O,CC(=N)Nc1cc(C(=O)Nc2cc(C(=O)Nc3cc(C(=O)NCCCN(C)C)n(C)c3)n(C)c2)n(C)c1,CO-ADD:0153106,ATCC 25922,15.96,32 ug/mL,0.0
171857,C(/C#N)(=C/c1ccccc1)\C(=O)NCc2ccccc2,N#C/C(=C\c1ccccc1)C(=O)NCc1ccccc1,CO-ADD:0244704,ATCC 25922,3.88,32 ug/mL,0.0
171882,N1(CNc2c(Cl)ccc(Cl)c2)C(=O)\C(\SC1=O)=C\c3cccc(Cl)c3,O=C1S/C(=C\c2cccc(Cl)c2)C(=O)N1CNc1cc(Cl)ccc1Cl,CO-ADD:0240156,ATCC 25922,5.74,32 ug/mL,0.0
171922,O=C(N/N=C/C1=C(Cl)OC(C2=CC=CC=C2)=C1)C3=CC4=CC=CC=C4C=C3O,O=C(N/N=C/c1cc(-c2ccccc2)oc1Cl)c1cc2ccccc2cc1O,CO-ADD:0158290,ATCC 25922,14.29,32 ug/mL,0.0
171923,CN1C=C(NC(C(C=C2)=CC=C2/C=C/C(C)=O)=O)C=C1C(NC3=CN(C)C(C(NCCN4CCOCC4)=O)=C3)=O.OC(C(F)(F)F)=O,CC(=O)/C=C/c1ccc(C(=O)Nc2cc(C(=O)Nc3cc(C(=O)NCCN4CCOCC4)n(C)c3)n(C)c2)cc1,CO-ADD:0137553,ATCC 25922,3.54,32 ug/mL,0.0
171924,CN1C=C(NC(C(C=C2)=CN=C2/C=C/C3=CC=C(N(C)C)C=C3)=O)C=C1C(NC4=CN(C)C(C(NCCN(C)C)=O)=C4)=O.OC(C(F)(F)F)=O.OC(C(F)(F)F)=O,CN(C)CCNC(=O)c1cc(NC(=O)c2cc(NC(=O)c3ccc(/C=C/c4ccc(N(C)C)cc4)nc3)cn2C)cn1C,CO-ADD:0137547,ATCC 25922,2.04,32 ug/mL,0.0
171925,Oc1c(Cl)cc(Cl)c(Cl)c1Cc1c(O)c(Cl)cc(Cl)c1Cl,Oc1c(Cl)cc(Cl)c(Cl)c1Cc1c(O)c(Cl)cc(Cl)c1Cl,CO-ADD:0165001,ATCC 25922,8.35,20 uM,0.0
171937,[N+](=O)([O-])c1cc(ccc1OC(=O)c2cccc(C)c2)\C=N\NC(=O)c3ccc(cc3)C,Cc1ccc(C(=O)N/N=C/c2ccc(OC(=O)c3cccc(C)c3)c([N+](=O)[O-])c2)cc1,CO-ADD:0222390,ATCC 25922,-6.8,32 ug/mL,0.0
171956,c1(cc(ccc1C(=O)OCC2CCCCC2)[N+](=O)[O-])[N+](=O)[O-],O=C(OCC1CCCCC1)c1ccc([N+](=O)[O-])cc1[N+](=O)[O-],CO-ADD:0221015,ATCC 25922,6.84,32 ug/mL,0.0
171958,c1(ccc(c(cccc2)c12)Br)CC(=O)N\N=C\c3cccc(O)c3,O=C(Cc1ccc(Br)c2ccccc12)NN=Cc1cccc(O)c1,CO-ADD:0222234,ATCC 25922,8.33,32 ug/mL,0.0
171959,N(\C(\C(O1)=O)=C/c2c(OCC)ccc(cccc3)c23)=C1c(cccc4[N+](=O)[O-])c4,CCOc1ccc2ccccc2c1/C=C1\N=C(c2cccc([N+](=O)[O-])c2)OC1=O,CO-ADD:0220214,ATCC 25922,-3.0,32 ug/mL,0.0
171961,C(CNc(cc1)ccc1C)(=O)N\N=C\c(ccc(c2Cl)OC)c2,COc1ccc(/C=N/NC(=O)CNc2ccc(C)cc2)cc1Cl,CO-ADD:0220258,ATCC 25922,-0.79,32 ug/mL,0.0
171962,O=C(NC1=CN(C)C(C(NCCN2CCOCC2)=O)=C1)C(C=C3)=CC=C3/C=C/C4=CC5=C(C=CC=C5)N=C4.OC(C(F)(F)F)=O.OC(C(F)(F)F)=O,Cn1cc(NC(=O)c2ccc(/C=C/c3cnc4ccccc4c3)cc2)cc1C(=O)NCCN1CCOCC1,CO-ADD:0137570,ATCC 25922,11.23,32 ug/mL,0.0
171969,C(=O)(Oc1ccc(cc1OC)\C=N\NC(CNC(=O)C(c2ccccc2)c3ccccc3)=O)c4ccccc4I,COc1cc(/C=N/NC(=O)CNC(=O)C(c2ccccc2)c2ccccc2)ccc1OC(=O)c1ccccc1I,CO-ADD:0222264,ATCC 25922,6.07,32 ug/mL,0.0
171993,c(C(OC)=O)(sc(c12)cc(cc1[N+](=O)[O-])[N+](=O)[O-])c2N,COC(=O)c1sc2cc([N+](=O)[O-])cc([N+](=O)[O-])c2c1N,CO-ADD:0288021,ATCC 25922,17.05,32 ug/mL,0.0
172022,N1(c(cc2)ccc2[N+](=O)[O-])C(=O)CC(N(CC)CC)C1=O,CCN(CC)c1cc(O)n(-c2ccc([N+](=O)[O-])cc2)c1O,CO-ADD:0299319,ATCC 25922,3.61,32 ug/mL,0.0
172023,C12=C(SC\C(=N\NC(N)=S)\CS1)SC(=O)S2,NC(=S)NN=C1CSc2sc(=O)sc2SC1,CO-ADD:0286955,ATCC 25922,19.52,32 ug/mL,0.0
172041,N1(CCc(cccc2)c12)C(=O)Cc(ccc(c3OC)OC)c3,COc1ccc(CC(=O)N2CCc3ccccc32)cc1OC,CO-ADD:0291906,ATCC 25922,5.78,32 ug/mL,0.0
172069,C(=C/c(ccc(c1OC)OC)c1)(/c2c3cccc2)\c4c3ccc(C(CCCCN5CCCCC5)=O)c4,COc1ccc(/C=C2\c3ccccc3-c3ccc(C(=O)CCCCN4CCCCC4)cc32)cc1OC,CO-ADD:0230619,ATCC 25922,14.96,32 ug/mL,0.0
172074,C1(=C(CCC1)NNC(=O)c2ccccn2)C(=O)C(F)(F)F,O=C(NN=C1CCCC1C(=O)C(F)(F)F)c1ccccn1,CO-ADD:0235319,ATCC 25922,16.69,32 ug/mL,0.0
172089,c1(c(ccc(c1)[N+](=O)[O-])Nc2sccn2)[N+](=O)[O-],O=[N+]([O-])c1ccc(Nc2nccs2)c([N+](=O)[O-])c1,CO-ADD:0230416,ATCC 25922,3.52,32 ug/mL,0.0
172103,c1(N)sc(c(ccc2C(OCC)=O)n1)c2,CCOC(=O)c1ccc2nc(N)sc2c1,CO-ADD:0230183,ATCC 25922,3.1,32 ug/mL,0.0
172156,n1(c(cc(C)cc2C)c2n3)c3S\C(=C/c(cccc4[N+](=O)[O-])c4)\C1=O,Cc1cc(C)c2nc3s/c(=C\c4cccc([N+](=O)[O-])c4)c(=O)n3c2c1,CO-ADD:0254876,ATCC 25922,-0.01,32 ug/mL,0.0
172203,c1(C(=O)N\N=C\C=C\c(ccc2[N+](=O)[O-])o2)c(C)[nH]c(C(OCC)=O)c1C,CCOC(=O)c1[nH]c(C)c(C(=O)NN=CC=Cc2ccc([N+](=O)[O-])o2)c1C,CO-ADD:0254377,ATCC 25922,23.4,32 ug/mL,0.0
172221,N1(c2ccc(cc2)F)C(=O)C(CC1=O)NCC(OCC)=O,CCOC(=O)CNc1cc(O)n(-c2ccc(F)cc2)c1O,CO-ADD:0257503,ATCC 25922,1.36,32 ug/mL,0.0
172227,c(cc1[N+](=O)[O-])ccc1c2ccc(\C=N/Nc3nnc(C)n3N)o2.Cl.Cl,Cc1nnc(N/N=C\c2ccc(-c3ccccc3[N+](=O)[O-])o2)n1N,CO-ADD:0257393,ATCC 25922,7.78,32 ug/mL,0.0
172244,N12C(C(NC(Cc3ccccc3)=O)C1=O)SC(C)(C)C2C(=O)[O-].[Na+],CC1(C)SC2C(NC(=O)Cc3ccccc3)C(=O)N2C1C(=O)O,CO-ADD:0258877,ATCC 25922,56.74,32 ug/mL,0.0
172253,c1(ncn2)c2ncn(CCCS3)c13.Cl,c1nc2ncn3c(c-2n1)SCCC3,CO-ADD:0283204,ATCC 25922,14.9,32 ug/mL,0.0
172297,n12c(nnn1)c(Nc3ccccc3F)nc(non4)c24,Fc1ccccc1Nc1nc2nonc2n2nnnc12,CO-ADD:0293382,ATCC 25922,26.39,32 ug/mL,0.0
172301,c([N+](=O)[O-])(c1C)no[n+]1[O-],Cc1c([N+](=O)[O-])no[n+]1[O-],CO-ADD:0290684,ATCC 25922,93.15,32 ug/mL,1.0
172339,c12c([nH]nc1c3ccc(c(OC)c3)OC)OC(=C(C#N)C24c5c(NC4=O)cccc5)N,COc1ccc(-c2[nH]nc3c2C2(C(=O)Nc4ccccc42)C(C#N)C(=N)O3)cc1OC,CO-ADD:0294301,ATCC 25922,5.33,32 ug/mL,0.0
172398,c([N+](=O)[O-])(cc(Br)c(c12)nsn1)c2Br,O=[N+]([O-])c1cc(Br)c2nsnc2c1Br,CO-ADD:0301516,ATCC 25922,16.24,32 ug/mL,0.0
172399,c1([N+](=O)[O-])c(C)c(nsn2)c2c(nsn3)c13,Cc1c([N+](=O)[O-])c2nsnc2c2nsnc12,CO-ADD:0301511,ATCC 25922,7.39,32 ug/mL,0.0
172427,N1(c2ccccc2O)C(=O)c(c(c3)C1=O)ccc3S(=O)(=O)c(cc4)ccc4C(O)=O,O=C(O)c1ccc(S(=O)(=O)c2ccc3c(c2)C(=O)N(c2ccccc2O)C3=O)cc1,CO-ADD:0257433,ATCC 25922,7.3,32 ug/mL,0.0
172544,N1(c2ccccc2CC)C(=O)C=CC1=O,CCc1ccccc1N1C(=O)C=CC1=O,CO-ADD:0307019,ATCC 25922,7.16,32 ug/mL,0.0
172578,C12(OCCO1)C(Cl)C(C(Cl)=C2Cl)=O,O=C1C(Cl)=C(Cl)C2(OCCO2)C1Cl,CO-ADD:0323087,ATCC 25922,4.47,32 ug/mL,0.0
172659,C1(N2CCCCC2)=NC(N3CCCCC3)=NC(=NNC4=O)N14,O=c1[nH]nc2nc(N3CCCCC3)nc(N3CCCCC3)n12,CO-ADD:0326539,ATCC 25922,-3.21,32 ug/mL,0.0
172812,C[C@@H]1OC(=O)C[C@H](O)C[C@H](O)CC[C@@H](O)[C@H](O)C[C@H](O)C[C@]2(O)C[C@H](O)[C@H]([C@H](C[C@@H](O[C@@H]3O[C@H](C)[C@@H](O)[C@H](N)[C@@H]3O)\C=C\C=C\C=C\C=C\C=C\C=C\C=C\[C@H](C)[C@@H](O)[C@H]1C)O2)C(=O)O,C[C@@H]1[C@H](O)[C@@H](C)/C=C/C=C/C=C/C=C/C=C/C=C/C=C/[C@H](O[C@@H]2O[C@H](C)[C@@H](O)[C@H](N)[C@@H]2O)C[C@@H]2O[C@](O)(C[C@@H](O)C[C@@H](O)[C@H](O)CC[C@@H](O)C[C@@H](O)CC(=O)O[C@H]1C)C[C@H](O)C2C(=O)O,CO-ADD:0237370,ATCC 25922,2.69,20 uM,0.0
172882,OB1OCc2ccc(NC(=O)c3ccccc3C(F)(F)F)cc12,O=C(Nc1ccc2c(c1)B(O)OC2)c1ccccc1C(F)(F)F,CO-ADD:0237118,ATCC 25922,10.6,20 uM,0.0
172883,NC(=N)c1ccc(OCCCCCOc2ccc(cc2)C(=N)N)cc1.OCCS(=O)(O)=O.OCCS(=O)(O)=O,N=C(N)c1ccc(OCCCCCOc2ccc(C(=N)N)cc2)cc1,CO-ADD:0237119,ATCC 25922,12.98,20 uM,0.0
173287,C(C(=O)OCc1ccccc1)(=C(C)OC(=C2C#N)N)C2c3ccc(cc3)Cl,CC1=C(C(=O)OCc2ccccc2)C(c2ccc(Cl)cc2)C(C#N)C(=N)O1,CO-ADD:0166727,ATCC 25922,7.88,80 ug/mL,0.0
173288,C(C(OCCOC)=O)(C1c2ccc(cc2)Cl)=C(N)OC(CCCC3=O)=C13,COCCOC(=O)C1C(=N)OC2=C(C(=O)CCC2)C1c1ccc(Cl)cc1,CO-ADD:0215332,ATCC 25922,-2.99,32 ug/mL,0.0
173294,[N+](=O)([O-])c1cc(ccc1OC(=O)c2ccc(cc2Cl)Cl)\C=N\c(cc3)ccc3N=Nc4ccccc4,O=C(Oc1ccc(/C=N/c2ccc(N=Nc3ccccc3)cc2)cc1[N+](=O)[O-])c1ccc(Cl)cc1Cl,CO-ADD:0222606,ATCC 25922,2.28,32 ug/mL,0.0
173295,C(COc1cccc(Br)c1)(NCCCCCCCCCNC(COc2cccc(Br)c2)=O)=O,O=C(COc1cccc(Br)c1)NCCCCCCCCCNC(=O)COc1cccc(Br)c1,CO-ADD:0219098,ATCC 25922,-5.4,32 ug/mL,0.0
173304,C(/C(C(C)C)=O)(=C\c1ccc(cc1Cl)Cl)\n(c2)ncn2,CC(C)C(=O)/C(=C/c1ccc(Cl)cc1Cl)n1cncn1,CO-ADD:0234413,ATCC 25922,5.84,32 ug/mL,0.0
173307,N(c1c(C)cccc1C)C(=O)C(=S)Nc(cc2)ccc2C(OC)=O,COC(=O)c1ccc(NC(=S)C(=O)Nc2c(C)cccc2C)cc1,CO-ADD:0221096,ATCC 25922,7.16,32 ug/mL,0.0
173313,c(cc(I)cc1I)(\C=N\c2cccc(cccc3)c23)c1O,Oc1c(I)cc(I)cc1C=Nc1cccc2ccccc12,CO-ADD:0219271,ATCC 25922,33.96,32 ug/mL,0.0
173314,N1(c2cccc(Cl)c2)C(=O)\C(\C(C)=N1)=C\NNC(=O)c3ccc(cc3)O,Cc1[nH]n(-c2cccc(Cl)c2)c(=O)c1C=NNC(=O)c1ccc(O)cc1,CO-ADD:0221912,ATCC 25922,15.99,32 ug/mL,0.0
173320,OCC(C)(C)[C@@H](O)C(NCCC(NCCC1=CC=CC=C1)=O)=O,CC(C)(CO)C(O)C(=O)NCCC(=O)NCCc1ccccc1,CO-ADD:0237020,ATCC 25922,-2.84,32 ug/mL,0.0
173322,N1(CNc2ccc(cc2C)I)C(=O)\C(\SC1=S)=C/c3ccccc3Cl,Cc1cc(I)ccc1NCN1C(=O)/C(=C\c2ccccc2Cl)SC1=S,CO-ADD:0221730,ATCC 25922,14.66,32 ug/mL,0.0
173329,N(/c1cccc(Cl)c1)=C\c(cc2)ccc2OCc3ccccc3,Clc1cccc(/N=C/c2ccc(OCc3ccccc3)cc2)c1,CO-ADD:0231303,ATCC 25922,11.21,32 ug/mL,0.0
173341,C(CNc1ccccc1C)(=O)N\N=C\c(ccc(c2Br)OC)c2,COc1ccc(/C=N/NC(=O)CNc2ccccc2C)cc1Br,CO-ADD:0220568,ATCC 25922,4.21,32 ug/mL,0.0
173349,[C@@H]1(C[C@@H]2S(=O)NC(C(F)(F)C(=O)OCCC)c(ccc([N+](=O)[O-])c3)c3)[C@@H](C1(C)C)C[C@H]2C,CCCOC(=O)C(F)(F)C(N[S+]([O-])[C@H]1C[C@@H]2[C@H](C[C@H]1C)C2(C)C)c1ccc([N+](=O)[O-])cc1,CO-ADD:0165863,ATCC 25922,-0.17,80 ug/mL,0.0
173375,[N+](=O)([O-])c(ccc(c1\C=N\NC(CNc2cccc(cccc3)c23)=O)O)c1,O=C(CNc1cccc2ccccc12)NN=Cc1cc([N+](=O)[O-])ccc1O,CO-ADD:0227281,ATCC 25922,28.73,32 ug/mL,0.0
173401,N1(CNc2ccccc2C)C(=O)\C(\SC1=O)=C\c3cccc(Cl)c3,Cc1ccccc1NCN1C(=O)S/C(=C\c2cccc(Cl)c2)C1=O,CO-ADD:0220671,ATCC 25922,5.47,32 ug/mL,0.0
173406,c1(cc([nH]c(n2)N)c2cc1[N+](=O)[O-])[N+](=O)[O-],Nc1nc2cc([N+](=O)[O-])c([N+](=O)[O-])cc2[nH]1,CO-ADD:0218409,ATCC 25922,-7.74,32 ug/mL,0.0
173414,N(=C\c(cc1)ccc1OCC)/Nc2ccccc2,CCOc1ccc(/C=N/Nc2ccccc2)cc1,CO-ADD:0220038,ATCC 25922,7.45,32 ug/mL,0.0
173420,c1(\C=N\NC(=O)\C(=C\c(cc2)ccc2[N+](=O)[O-])\NC(c3ccccc3)=O)c(Br)cc(c(O)c1Br)Br,O=C(NN=Cc1c(Br)cc(Br)c(O)c1Br)C(Cc1ccc([N+](=O)[O-])cc1)=NC(=O)c1ccccc1,CO-ADD:0220893,ATCC 25922,7.35,32 ug/mL,0.0
173570,N1(c2ccc(cc2)F)C(=O)CC(N(CC3)CCC3C(O)=O)C1=O,O=C(O)C1CCN(c2cc(O)n(-c3ccc(F)cc3)c2O)CC1,CO-ADD:0241194,ATCC 25922,1.27,32 ug/mL,0.0
173571,N1(C(NCCCC)=O)c(ccc(c2)Cl)c2OC1=S,CCCCNC(=O)n1c(=S)oc2cc(Cl)ccc21,CO-ADD:0240208,ATCC 25922,22.23,32 ug/mL,0.0
173580,c1(C#N)c(c2ccccc2)cc(nc1SCCN3CCCCCC3)c4cccs4,N#Cc1c(-c2ccccc2)cc(-c2cccs2)nc1SCCN1CCCCCC1,CO-ADD:0242360,ATCC 25922,7.11,32 ug/mL,0.0
173599,c1(c(ccc2[N+](=O)[O-])o2)[nH]c(c(c3)n1)ccc3[N+](=O)[O-],O=[N+]([O-])c1ccc2[nH]c(-c3ccc([N+](=O)[O-])o3)nc2c1,CO-ADD:0242701,ATCC 25922,99.04,32 ug/mL,1.0
173676,c1(c(\C=N\NC(=O)Nc2ccccc2)ccc(OC(C)=O)c1OC)[N+](=O)[O-],COc1c(OC(C)=O)ccc(/C=N/NC(=O)Nc2ccccc2)c1[N+](=O)[O-],CO-ADD:0242239,ATCC 25922,4.07,32 ug/mL,0.0
173732,N(/c(ccc(c1OC)OC)c1)=C\c(cc2)ccc2OCc3ccccc3,COc1ccc(/N=C/c2ccc(OCc3ccccc3)cc2)cc1OC,CO-ADD:0235209,ATCC 25922,12.39,32 ug/mL,0.0
173736,N1(CNc2cccc(F)c2)C(=O)\C(\SC1=O)=C\c3ccccc3F,O=C1S/C(=C\c2ccccc2F)C(=O)N1CNc1cccc(F)c1,CO-ADD:0230352,ATCC 25922,5.59,32 ug/mL,0.0
173788,c12c(ccc(NN)n1)c(cc(Cl)c2O)Cl,NNc1ccc2c(Cl)cc(Cl)c(O)c2n1,CO-ADD:0247733,ATCC 25922,89.71,32 ug/mL,1.0
173796,N1(c2ccc(cc2)I)C(=O)CC(N(CC3)CCN3c4ccc(cc4)Cl)C1=O,Oc1cc(N2CCN(c3ccc(Cl)cc3)CC2)c(O)n1-c1ccc(I)cc1,CO-ADD:0253195,ATCC 25922,4.87,32 ug/mL,0.0
173808,n1(c2ccccc2)nnnc1S\C=C(/c3ccccc3)\[N+](=O)[O-],O=[N+]([O-])/C(=C/Sc1nnnn1-c1ccccc1)c1ccccc1,CO-ADD:0295006,ATCC 25922,6.63,32 ug/mL,0.0
173935,[N+](=O)([O-])c(c(C)c1)cc(c1N2CCCCCC2)F,Cc1cc(N2CCCCCC2)c(F)cc1[N+](=O)[O-],CO-ADD:0286122,ATCC 25922,14.56,32 ug/mL,0.0
173976,N1(c2ccc(cc2)Br)C(=O)CC(N3CCCCC3C)C1=O,CC1CCCCN1c1cc(O)n(-c2ccc(Br)cc2)c1O,CO-ADD:0286084,ATCC 25922,7.02,32 ug/mL,0.0
173986,N1(c2ccc(cc2)I)C(=O)C(CC1=O)S\C(\NC)=N\c(ccc(c34)OCO3)c4,CN=C(Nc1ccc2c(c1)OCO2)Sc1cc(O)n(-c2ccc(I)cc2)c1O,CO-ADD:0285144,ATCC 25922,13.23,32 ug/mL,0.0
174023,C(=O)(Nc1ccccc1)C(CCl)=O,O=C(CCl)C(=O)Nc1ccccc1,CO-ADD:0293003,ATCC 25922,95.28,32 ug/mL,1.0
174046,c1(C(=O)N(CC2)CCO2)c(cc(cc1[N+](=O)[O-])SCc3ccccc3)[N+](=O)[O-],O=C(c1c([N+](=O)[O-])cc(SCc2ccccc2)cc1[N+](=O)[O-])N1CCOCC1,CO-ADD:0302658,ATCC 25922,2.6,32 ug/mL,0.0
174081,c1(N(CC2)CCN2C)nc(N\N=C\c(c3)c(O)c(cc3[N+](=O)[O-])Br)nc(Nc(cc4)ccc4[N+](=O)[O-])n1,CN1CCN(c2nc(NN=Cc3cc([N+](=O)[O-])cc(Br)c3O)nc(Nc3ccc([N+](=O)[O-])cc3)n2)CC1,CO-ADD:0162233,ATCC 25922,15.21,32 ug/mL,0.0
174095,O=C1/C(N=C(C(C=C2)=CC=C2Cl)O1)=C/C(C=C3)=CC=C3C,Cc1ccc(/C=C2\N=C(c3ccc(Cl)cc3)OC2=O)cc1,CO-ADD:0159943,ATCC 25922,18.59,32 ug/mL,0.0
174100,c1(N(CC2)CCN2C)nc(N\N=C\c3cccc(Cl)c3)nc(Nc(cc4)ccc4[N+](=O)[O-])n1,CN1CCN(c2nc(N/N=C/c3cccc(Cl)c3)nc(Nc3ccc([N+](=O)[O-])cc3)n2)CC1,CO-ADD:0162223,ATCC 25922,8.39,32 ug/mL,0.0
174142,C1(C)(C(C)(CC)OC2=O)N2CCc(c([nH]3)C)c(c3ccc4)c14,CCC1(C)OC(=O)N2CCc3c(C)[nH]c4cccc(c34)C21C,CO-ADD:0137677,ATCC 25922,4.73,32 ug/mL,0.0
174236,c(c1Cl)([N+](=O)[O-])c(Cl)nc(Cl)c1C(OCC)=O,CCOC(=O)c1c(Cl)nc(Cl)c([N+](=O)[O-])c1Cl,CO-ADD:0307439,ATCC 25922,7.45,32 ug/mL,0.0
174240,c12c(CCNC1c3ccc(c(C)c3)C)cc(c(OCC)c2)OCC,CCOc1cc2c(cc1OCC)C(c1ccc(C)c(C)c1)NCC2,CO-ADD:0321460,ATCC 25922,0.38,32 ug/mL,0.0
174330,C(NC(C)=O)(C(=O)c(cccc1)c1C2=O)=C2N(CC3)CCN3C(=O)c4ccco4,CC(=O)N=C1C(=O)c2ccccc2C(=O)C1N1CCN(C(=O)c2ccco2)CC1,CO-ADD:0326032,ATCC 25922,-2.75,32 ug/mL,0.0
174402,c1(cc(C)nc(ccc(OC)c2)c12)Nc3cc(C)ccc3C,COc1ccc2nc(C)cc(Nc3cc(C)ccc3C)c2c1,CO-ADD:0241906,ATCC 25922,5.56,32 ug/mL,0.0
174414,C(=O)(NNc(cc1)ccc1OCC)C(OCC)=O,CCOC(=O)C(=O)NNc1ccc(OCC)cc1,CO-ADD:0244616,ATCC 25922,22.78,32 ug/mL,0.0
174463,[N+](=O)([O-])c(c1)cc(c(O)c1\C=N\c2cccc(Cl)c2Cl)Br,O=[N+]([O-])c1cc(Br)c(O)c(C=Nc2cccc(Cl)c2Cl)c1,CO-ADD:0222494,ATCC 25922,8.08,32 ug/mL,0.0
174469,C(=N/N=C/c1cc(Br)ccc1O)(/Sc(c23)cccc2)\N3CCCS(=O)(=O)[O-].[Na+],O=S(=O)(O)CCCn1c(=NN=Cc2cc(Br)ccc2O)sc2ccccc21,CO-ADD:0221806,ATCC 25922,-3.21,32 ug/mL,0.0
174483,c1(s2)c(c(ns1)SCC#N)c(c2C#N)N,N#CCSc1nsc2sc(C#N)c(N)c12,CO-ADD:0236621,ATCC 25922,2.39,32 ug/mL,0.0
174522,CN1CCN(C2=C(OCC3C)C(N3C=C(C(NC4=CC=C(C(O5)=NNC5=S)C=C4)=O)C6=O)=C6C=C2F)CC1.Cl,CC1COc2c(N3CCN(C)CC3)c(F)cc3c(=O)c(C(=O)Nc4ccc(-c5n[nH]c(=S)o5)cc4)cn1c23,CO-ADD:0164295,ATCC 25922,74.97,32 ug/mL,0.0
174530,N1(C(=O)c(c2C1=O)ccc(C(=O)c(cc3)ccc3C(O)=O)c2)C4=CNC(NC4=O)=O,O=C(O)c1ccc(C(=O)c2ccc3c(c2)C(=O)N(c2c[nH]c(=O)[nH]c2=O)C3=O)cc1,CO-ADD:0229751,ATCC 25922,4.36,32 ug/mL,0.0
174547,N1(CC)C(=O)c(c2)c(c(c3)C1=O)c(cc2[N+](=O)[O-])cc3[N+](=O)[O-],CCN1C(=O)c2cc([N+](=O)[O-])cc3cc([N+](=O)[O-])cc(c23)C1=O,CO-ADD:0221543,ATCC 25922,14.18,32 ug/mL,0.0
174630,c1([nH]c(c2n1)cccc2)c3cc(ccc3O)\N=C/c(cccc4[N+](=O)[O-])c4O,O=[N+]([O-])c1cccc(C=Nc2ccc(O)c(-c3nc4ccccc4[nH]3)c2)c1O,CO-ADD:0220348,ATCC 25922,12.29,32 ug/mL,0.0
174636,c1(cc2c(cc1[N+](=O)[O-])[nH]c(N)n2)[N+](=O)[O-],Nc1nc2cc([N+](=O)[O-])c([N+](=O)[O-])cc2[nH]1,CO-ADD:0218378,ATCC 25922,1.2,32 ug/mL,0.0
174640,n1c(c2ccc(cc2)Br)csc1N\N=C(/C)\c3ccc(cc3)C.Br,CC(=NNc1nc(-c2ccc(Br)cc2)cs1)c1ccc(C)cc1,CO-ADD:0231354,ATCC 25922,4.32,32 ug/mL,0.0
174642,N1(c2ccc(cc2)OC)C(=O)CC(N(CC3)CCC3(O)c4ccc(cc4)Br)C1=O,COc1ccc(-n2c(O)cc(N3CCC(O)(c4ccc(Br)cc4)CC3)c2O)cc1,CO-ADD:0295338,ATCC 25922,-0.26,32 ug/mL,0.0
174648,N1(c2cccc(Br)c2)C(=O)CC(N(CC3)CCN3C(c4ccccc4)=O)C1=O,O=C(c1ccccc1)N1CCN(c2cc(O)n(-c3cccc(Br)c3)c2O)CC1,CO-ADD:0257960,ATCC 25922,5.9,32 ug/mL,0.0
174659,N1(c2ccc(cc2Br)Br)C(=O)CC(N3CC(C)CC(C)C3)C1=O,CC1CC(C)CN(c2cc(O)n(-c3ccc(Br)cc3Br)c2O)C1,CO-ADD:0286085,ATCC 25922,4.31,32 ug/mL,0.0
174665,c1(c2c(sc1N)CCCC2)C(=O)Nc3ccccc3C,Cc1ccccc1NC(=O)c1c(N)sc2c1CCCC2,CO-ADD:0291443,ATCC 25922,9.51,32 ug/mL,0.0
174749,[O-][N+](C1=CC(OC2=CC=C(C=C2)C(NC3=NC4=C(C=CC=C4)N3CCN(CC)CC)=O)=CC(OC5=CC=CC(Cl)=C5)=C1)=O,CCN(CC)CCn1c(NC(=O)c2ccc(Oc3cc(Oc4cccc(Cl)c4)cc([N+](=O)[O-])c3)cc2)nc2ccccc21,CO-ADD:0155045,ATCC 25922,13.21,32 ug/mL,0.0
174758,[O-][N+](C1=C(NN=C(C(C)=O)C(C)=O)C([N+]([O-])=O)=NN1)=O,CC(=O)C(=NNc1c([N+](=O)[O-])n[nH]c1[N+](=O)[O-])C(C)=O,CO-ADD:0155046,ATCC 25922,10.53,32 ug/mL,0.0
174765,c(cc(Br)cc1Cl)(\C=N\c(cc2)ccc2C(C)=O)c1O,CC(=O)c1ccc(N=Cc2cc(Br)cc(Cl)c2O)cc1,CO-ADD:0234689,ATCC 25922,11.05,32 ug/mL,0.0
174791,FC1=CC2=C(N(C3CC3)C=C(C(NC4=CC=C(C(O5)=NNC5=S)C=C4)=O)C2=O)C(OC)=C1N6CC7CCCNC7C6.Cl,COc1c(N2CC3CCCNC3C2)c(F)cc2c(=O)c(C(=O)Nc3ccc(-c4n[nH]c(=S)o4)cc3)cn(C3CC3)c12,CO-ADD:0164296,ATCC 25922,85.55,32 ug/mL,1.0
174795,S(=O)(=O)(c(cc1)ccc1[N+](=O)[O-])N(c2cccc(C)c2)CC(OCC)=O,CCOC(=O)CN(c1cccc(C)c1)S(=O)(=O)c1ccc([N+](=O)[O-])cc1,CO-ADD:0229419,ATCC 25922,11.6,32 ug/mL,0.0
174796,CC(=O)NCC1CN(C(=O)O1)c2ccc(c(F)c2)c3ccc(CNCc4cn[nH]n4)cc3.Cl,CC(=O)NCC1CN(c2ccc(-c3ccc(CNCc4c[nH]nn4)cc3)c(F)c2)C(=O)O1,CO-ADD:0237203,ATCC 25922,26.14,20 uM,0.0
174800,n1(CC)c2c(c(cc(cc3)\C=N\NC(=O)c4ccccc4I)c13)cccc2,CCn1c2ccccc2c2cc(/C=N/NC(=O)c3ccccc3I)ccc21,CO-ADD:0234499,ATCC 25922,-6.21,32 ug/mL,0.0
174804,OCC(C)(C)[C@@H](O)C(NCCC(N(C)CCC1=CC=CC=C1)=O)=O,CN(CCc1ccccc1)C(=O)CCNC(=O)C(O)C(C)(C)CO,CO-ADD:0237023,ATCC 25922,-6.25,32 ug/mL,0.0
174886,c(\C(\Cl)=N\O)(c1OC)c(Cl)c(OC)c(c12)OCO2,COc1c(Cl)c(C(Cl)=NO)c(OC)c2c1OCO2,CO-ADD:0243026,ATCC 25922,-2.74,32 ug/mL,0.0
174900,N1(c2ccc(cc2)Br)C(=O)C(CC1=O)NCc(ccc(c34)OCO3)c4,Oc1cc(NCc2ccc3c(c2)OCO3)c(O)n1-c1ccc(Br)cc1,CO-ADD:0246014,ATCC 25922,5.8,32 ug/mL,0.0
174903,C#CCN(C(C(C#N)=C1C2=CC=CC=C2)=NC(NCCCC3CCN(CC4=CC=CC=C4)CC3)=C1C#N)C.Cl,C#CCN(C)c1nc(NCCCC2CCN(Cc3ccccc3)CC2)c(C#N)c(-c2ccccc2)c1C#N,CO-ADD:0149836,ATCC 25922,-11.03,32 ug/mL,0.0
175059,S(c1ccccc1)(=O)(=O)Nc2ccc(c(cccc3)c23)O,O=S(=O)(Nc1ccc(O)c2ccccc12)c1ccccc1,CO-ADD:0256528,ATCC 25922,9.05,32 ug/mL,0.0
175119,N(c1ccccc1[N+](=O)[O-])(C(=O)C(C23)C(C=C4)OC24CO)C3=O,O=[N+]([O-])c1ccccc1-n1c(O)c2c(c1O)C1(CO)C=CC2O1,CO-ADD:0250320,ATCC 25922,-9.64,32 ug/mL,0.0
175174,N1(c2cccc(Br)c2)C(=O)CC(N(CC3)CCC3C(O)=O)C1=O,O=C(O)C1CCN(c2cc(O)n(-c3cccc(Br)c3)c2O)CC1,CO-ADD:0249540,ATCC 25922,21.09,32 ug/mL,0.0
175189,C(/c(cc(C)cc1)c12)(\C(=S)C(N2C)(C)C)=C(/SC(=C3C(OCC)=O)c4ccccc4)\S3,CCOC(=O)C1=C(c2ccccc2)S/C(=C2/C(=S)C(C)(C)N(C)c3ccc(C)cc32)S1,CO-ADD:0291240,ATCC 25922,15.7,32 ug/mL,0.0
175312,C(=C(C)NC(=C1C#N)SCC(=O)Nc(cc2)ccc2CC)(C(=O)Nc3ccccc3OC)C1c4ccccc4,CCc1ccc(NC(=O)CSC2=C(C#N)C(c3ccccc3)C(C(=O)Nc3ccccc3OC)C(C)=N2)cc1,CO-ADD:0299939,ATCC 25922,15.5,32 ug/mL,0.0
175334,C(=C/c(cc(I)c(c1[N+](=O)[O-])OC)c1)(/C2=O)\C(=O)NC(=O)N2,COc1c(I)cc(C=C2C(=O)NC(=O)NC2=O)cc1[N+](=O)[O-],CO-ADD:0260181,ATCC 25922,-9.37,32 ug/mL,0.0
175410,c1(O)c(Br)cc(c(cccn2)c12)CN(CC3)CCO3,Oc1c(Br)cc(CN2CCOCC2)c2cccnc12,CO-ADD:0286279,ATCC 25922,35.01,32 ug/mL,0.0
175417,n1c(CCOCc2ccccc2)noc1C(C3)CN3.Cl,c1ccc(COCCc2noc(C3CNC3)n2)cc1,CO-ADD:0289248,ATCC 25922,14.16,32 ug/mL,0.0
175420,c1([nH]nc2N=NN(CC)CC)c2c(cc(C)n1)C,CCN(CC)N=Nc1[nH]nc2nc(C)cc(C)c12,CO-ADD:0286500,ATCC 25922,88.29,32 ug/mL,1.0
175453,c(OC)(c(OC)c1)c(OC)cc1C(=O)N\N=C\c2ccccc2O,COc1cc(C(=O)NN=Cc2ccccc2O)cc(OC)c1OC,CO-ADD:0218272,ATCC 25922,4.57,32 ug/mL,0.0
175458,c1(S2)c(cc(c(O)c1Br)Br)OC2=O,O=c1oc2cc(Br)c(O)c(Br)c2s1,CO-ADD:0234116,ATCC 25922,11.22,32 ug/mL,0.0
175467,c1(N=Nc2c(C)non2)c(C)non1,Cc1nonc1N=Nc1nonc1C,CO-ADD:0234546,ATCC 25922,4.11,32 ug/mL,0.0
175480,c1(cc(ccc1C(=O)OCc2ccccc2[N+](=O)[O-])[N+](=O)[O-])[N+](=O)[O-],O=C(OCc1ccccc1[N+](=O)[O-])c1ccc([N+](=O)[O-])cc1[N+](=O)[O-],CO-ADD:0221533,ATCC 25922,15.34,32 ug/mL,0.0
175488,C(=N\c(cccn1)c1)(/SC=C2c3ccccc3)\N2CC,CCn1c(-c2ccccc2)cs/c1=N/c1cccnc1,CO-ADD:0221208,ATCC 25922,10.03,32 ug/mL,0.0
175489,C(=O)(Oc1cccc(c1)\C=N\NC(CNC(=O)c2ccc(c(OC)c2)OC)=O)c3cccc(Br)c3,COc1ccc(C(=O)NCC(=O)N/N=C/c2cccc(OC(=O)c3cccc(Br)c3)c2)cc1OC,CO-ADD:0234238,ATCC 25922,-4.31,32 ug/mL,0.0
175494,[N+](=O)([O-])c1cccc(OCC(=O)N\N=C\c(cc(Br)c(c2Br)O)c2O)c1,O=C(COc1cccc([N+](=O)[O-])c1)NN=Cc1cc(Br)c(O)c(Br)c1O,CO-ADD:0220543,ATCC 25922,3.3,32 ug/mL,0.0
175504,[N+](=O)([O-])c(ccc(c1\C=N\c(c(Cl)cc(c2NC(c3ccccc3)=O)Cl)c2)O)c1,O=C(Nc1cc(N=Cc2cc([N+](=O)[O-])ccc2O)c(Cl)cc1Cl)c1ccccc1,CO-ADD:0236289,ATCC 25922,1.53,32 ug/mL,0.0
175508,c1(O)c(Br)c(\C=N\NC(COc2ccc(cc2OC)Br)=O)cc(Br)c1O,COc1cc(Br)ccc1OCC(=O)NN=Cc1cc(Br)c(O)c(O)c1Br,CO-ADD:0220998,ATCC 25922,41.27,32 ug/mL,0.0
175538,[N+](=O)([O-])c(cc(cc1[N+](=O)[O-])C(=O)Oc(cc2)ccc2\C=N\c3ccccc3O)c1,O=C(Oc1ccc(/C=N/c2ccccc2O)cc1)c1cc([N+](=O)[O-])cc([N+](=O)[O-])c1,CO-ADD:0219048,ATCC 25922,6.55,32 ug/mL,0.0
175548,c1(c(Br)cc(cc1\C=N\NC(CNC(=O)c2ccccc2Br)=O)Br)OC(=O)c3cccc(F)c3,O=C(CNC(=O)c1ccccc1Br)N/N=C/c1cc(Br)cc(Br)c1OC(=O)c1cccc(F)c1,CO-ADD:0222252,ATCC 25922,19.24,32 ug/mL,0.0
175557,N1(CNc(cc2)ccc2c3ccccc3)C(=O)\C(\SC1=S)=C\c4cccc(F)c4,O=C1/C(=C/c2cccc(F)c2)SC(=S)N1CNc1ccc(-c2ccccc2)cc1,CO-ADD:0221741,ATCC 25922,13.81,32 ug/mL,0.0
175558,c1(\C=N\NC(CNc2ccccc2C)=O)c(C)cc(cc1O)O,Cc1ccccc1NCC(=O)NN=Cc1c(C)cc(O)cc1O,CO-ADD:0220566,ATCC 25922,18.21,32 ug/mL,0.0
175564,c(\C=N\NC(CNc(cc1)ccc1C)=O)(cc(Br)cc2Br)c2O,Cc1ccc(NCC(=O)NN=Cc2cc(Br)cc(Br)c2O)cc1,CO-ADD:0220165,ATCC 25922,35.32,32 ug/mL,0.0
175567,N(Cc1ccccc1)(C(=O)C(C23)C(C=C4)OC24CNS(=O)(=O)c(cc5)ccc5[N+](=O)[O-])C3=O,O=[N+]([O-])c1ccc(S(=O)(=O)NCC23C=CC(O2)c2c3c(O)n(Cc3ccccc3)c2O)cc1,CO-ADD:0227650,ATCC 25922,3.42,32 ug/mL,0.0
175569,c1(ccccc1O)C(=O)N\N=C(/CCCCCC)\CCCCCC,CCCCCCC(CCCCCC)=NNC(=O)c1ccccc1O,CO-ADD:0221142,ATCC 25922,13.65,32 ug/mL,0.0
175570,N1(CNc2ccccc2C)C(=O)\C(\SC1=S)=C\c(cc3)ccc3C(C)C,Cc1ccccc1NCN1C(=O)/C(=C/c2ccc(C(C)C)cc2)SC1=S,CO-ADD:0221894,ATCC 25922,13.82,32 ug/mL,0.0
175629,c1(conc1C(=O)c2ccc(cc2)Br)C(=O)c3ccc(cc3)Cl,O=C(c1ccc(Cl)cc1)c1conc1C(=O)c1ccc(Br)cc1,CO-ADD:0306192,ATCC 25922,1.42,32 ug/mL,0.0
175630,n1c(c2ccc(cc2)Br)csc1N(C)CCCC(O)=O,CN(CCCC(=O)O)c1nc(-c2ccc(Br)cc2)cs1,CO-ADD:0311117,ATCC 25922,0.41,32 ug/mL,0.0
175639,[N+](=O)([O-])c1ccc(cc1NCc2ccco2)N(CC3)CCN3,O=[N+]([O-])c1ccc(N2CCNCC2)cc1NCc1ccco1,CO-ADD:0310896,ATCC 25922,17.5,32 ug/mL,0.0
175797,N#CC1=C(N)SC(N)=C(C#N)C1C2=CC=CS2,N#CC1C(=N)SC(=N)C(C#N)C1c1cccs1,CO-ADD:0158001,ATCC 25922,31.78,32 ug/mL,0.0
175818,c1(C#N)c(c2ccc(cc2)OC)c3c(nc1SCC(=O)c4ccc(cc4)F)CCCC3,COc1ccc(-c2c(C#N)c(SCC(=O)c3ccc(F)cc3)nc3c2CCCC3)cc1,CO-ADD:0217160,ATCC 25922,-5.15,32 ug/mL,0.0
175976,C12(c3c(N(C)C1=O)cccc3)C(C#N)=C(N)OC(NC(=O)NC4=O)=C24,CN1C(=O)C2(c3ccccc31)c1c([nH]c(=O)[nH]c1=O)OC(=N)C2C#N,CO-ADD:0283924,ATCC 25922,8.5,32 ug/mL,0.0
176091,N(c1cccc(c1)C(OC)=O)(C(=O)C(C23)C(C)(C=C4)OC24C)C3=O,COC(=O)c1cccc(-n2c(O)c3c(c2O)C2(C)C=CC3(C)O2)c1,CO-ADD:0254018,ATCC 25922,-8.03,32 ug/mL,0.0
176113,N1(c2ccccc2)C(c3ccc(cc3)OCc4ccccc4Cl)N(N=C1C(C)=O)c5ccc(cc5)Cl,CC(=O)C1=NN(c2ccc(Cl)cc2)C(c2ccc(OCc3ccccc3Cl)cc2)N1c1ccccc1,CO-ADD:0302949,ATCC 25922,7.52,32 ug/mL,0.0
176118,[N+](=O)([O-])c(cc1)ccc1C(=O)Oc2cccc(cccn3)c23,O=C(Oc1cccc2cccnc12)c1ccc([N+](=O)[O-])cc1,CO-ADD:0218233,ATCC 25922,-0.92,32 ug/mL,0.0
176142,N1(c(cc2)ccc2N(C)C)C(c3cc(Cl)cc(Cl)c3OCc4ccccc4)N(N=C1C(C)=O)c5ccccc5,CC(=O)C1=NN(c2ccccc2)C(c2cc(Cl)cc(Cl)c2OCc2ccccc2)N1c1ccc(N(C)C)cc1,CO-ADD:0304267,ATCC 25922,4.18,32 ug/mL,0.0
176439,c1(c(Cl)ccc(c1)[N+](=O)[O-])C(=O)Nc2ccccc2Br,O=C(Nc1ccccc1Br)c1cc([N+](=O)[O-])ccc1Cl,CO-ADD:0222677,ATCC 25922,5.07,32 ug/mL,0.0
176471,S(CCCCCCCCCC)(=O)(=O)N\N=C\c(cc1)ccc1F,CCCCCCCCCCS(=O)(=O)N/N=C/c1ccc(F)cc1,CO-ADD:0221207,ATCC 25922,3.79,32 ug/mL,0.0
176485,c1(C(F)(F)F)nnc(NC(c2ccccc2)=O)s1,O=C(Nc1nnc(C(F)(F)F)s1)c1ccccc1,CO-ADD:0220051,ATCC 25922,3.08,32 ug/mL,0.0
176486,CN1C(=O)N(C)c2nsc(c2C1=O)S(=O)(=O)C,Cn1c(=O)c2c(S(C)(=O)=O)snc2n(C)c1=O,CO-ADD:0237221,ATCC 25922,0.4,20 uM,0.0
176496,o1c(S)nnc1c(cc2)ccc2C(C)(C)C,CC(C)(C)c1ccc(-c2n[nH]c(=S)o2)cc1,CO-ADD:0229374,ATCC 25922,12.92,32 ug/mL,0.0
176514,N1(c2ccc(cc2)Br)C(=O)C=CC1=O,O=C1C=CC(=O)N1c1ccc(Br)cc1,CO-ADD:0234056,ATCC 25922,27.33,32 ug/mL,0.0
176517,n1c(N)c(N)cc(N)c1N.Cl.Cl.Cl,Nc1cc(N)c(N)nc1N,CO-ADD:0233108,ATCC 25922,4.63,32 ug/mL,0.0
176524,CN1C=C(NC(C2=CC(NC(C3=CC=C(/C=C/C4=CC5=NON=C5C=C4)C=C3)=O)=CN2C)=O)C=C1C(NCCN6CCC(OCCOC)CC6)=O.S(O)(O)(=O)=O,COCCOC1CCN(CCNC(=O)c2cc(NC(=O)c3cc(NC(=O)c4ccc(/C=C/c5ccc6nonc6c5)cc4)cn3C)cn2C)CC1,CO-ADD:0137589,ATCC 25922,1.99,32 ug/mL,0.0
176537,FC(C(F)(F)F)(C(NCCCCCCCCCCCCCCCCCC)=O)OC(F)(F)C(F)(F)C(F)(F)F,CCCCCCCCCCCCCCCCCCNC(=O)C(F)(OC(F)(F)C(F)(F)C(F)(F)F)C(F)(F)F,CO-ADD:0154827,ATCC 25922,6.03,32 ug/mL,0.0
176610,BrC1=CC=C(/N=C/C2=C(OC)C=CC3=CC=CC=C23)C4=NC=CC=C41,COc1ccc2ccccc2c1/C=N/c1ccc(Br)c2cccnc12,CO-ADD:0155560,ATCC 25922,4.12,32 ug/mL,0.0
176627,O=C(NCCN1CCOCC1)C2=C(C3CCCCC3)SC(NC(C4=CC(NC(C5=CC=C(/C=C/C6=CC7=C(C=CC=C7)N=C6)C=C5)=O)=CN4C)=O)=N2.OC(C(F)(F)F)=O.OC(C(F)(F)F)=O,Cn1cc(NC(=O)c2ccc(/C=C/c3cnc4ccccc4c3)cc2)cc1C(=O)Nc1nc(C(=O)NCCN2CCOCC2)c(C2CCCCC2)s1,CO-ADD:0137550,ATCC 25922,7.75,32 ug/mL,0.0
176643,c1(C#N)c(c2ccc(cc2)Cl)cc(nc1SCC(=O)c3cccs3)c4cccs4,N#Cc1c(-c2ccc(Cl)cc2)cc(-c2cccs2)nc1SCC(=O)c1cccs1,CO-ADD:0161344,ATCC 25922,16.87,32 ug/mL,0.0
176981,c12c(CCNC1c(ccc3c4Cc(c35)cccc5)c4)cc(c(OCC)c2)OCC,CCOc1cc2c(cc1OCC)C(c1ccc3c(c1)Cc1ccccc1-3)NCC2,CO-ADD:0137671,ATCC 25922,12.22,32 ug/mL,0.0
176982,O=[N+](C1=CC=C(C2=CC=CC=C2NC3=C(C)C=C(C)C=C3C)C([N+]([O-])=O)=C1)[O-],Cc1cc(C)c(Nc2ccccc2-c2ccc([N+](=O)[O-])cc2[N+](=O)[O-])c(C)c1,CO-ADD:0140028,ATCC 25922,9.04,32 ug/mL,0.0
176986,N1(CN(CC2)CCN2c(cc3)ccc3[N+](=O)[O-])C(=O)C=CC(O)=N1,O=c1ccc(=O)n(CN2CCN(c3ccc([N+](=O)[O-])cc3)CC2)[nH]1,CO-ADD:0253559,ATCC 25922,1.83,32 ug/mL,0.0
177012,c(cc(cc1[N+](=O)[O-])[N+](=O)[O-])([N+](=O)[O-])c1Sc2sc(c3n2)cccc3,O=[N+]([O-])c1cc([N+](=O)[O-])c(Sc2nc3ccccc3s2)c([N+](=O)[O-])c1,CO-ADD:0250690,ATCC 25922,-3.29,32 ug/mL,0.0
177030,S(=O)(=O)(c(cc1)ccc1[N+](=O)[O-])C(CCC#N)S(=O)(=O)c(cc2)ccc2[N+](=O)[O-],N#CCCC(S(=O)(=O)c1ccc([N+](=O)[O-])cc1)S(=O)(=O)c1ccc([N+](=O)[O-])cc1,CO-ADD:0247728,ATCC 25922,14.22,32 ug/mL,0.0
177256,N1(CNc(cc2)ccc2Cl)C(=O)\C(\SC1=S)=C/c(ccc(c3Cl)Cl)c3,O=C1/C(=C\c2ccc(Cl)c(Cl)c2)SC(=S)N1CNc1ccc(Cl)cc1,CO-ADD:0217021,ATCC 25922,7.52,32 ug/mL,0.0
177304,c12c(CCCC1C(O)=O)c3c(ccc(Cl)c3)[nH]2,O=C(O)C1CCCc2c1[nH]c1ccc(Cl)cc21,CO-ADD:0285625,ATCC 25922,5.61,32 ug/mL,0.0
177322,N1(Cc2ccccc2)\C(=N/c(cc3)ccc3Cl)\SC(C(=O)N(CC4)CCN4c(cc5)ccc5[N+](=O)[O-])CC1=O,O=C(C1CC(=O)N(Cc2ccccc2)/C(=N\c2ccc(Cl)cc2)S1)N1CCN(c2ccc([N+](=O)[O-])cc2)CC1,CO-ADD:0287720,ATCC 25922,-15.58,32 ug/mL,0.0
177349,C(/[N+](=O)[O-])(\[N+](=O)[O-])=C(/N)\NC(c1ccccc1)=O,N=C(NC(=O)c1ccccc1)C([N+](=O)[O-])=[N+]([O-])O,CO-ADD:0286427,ATCC 25922,21.42,32 ug/mL,0.0
177656,c(c1CCCC2)(n3cc1c4ccc(cc4)CC)n2c(n3)c5ccccc5,CCc1ccc(-c2cn3nc(-c4ccccc4)n4c3c2CCCC4)cc1,CO-ADD:0331394,ATCC 25922,-3.48,32 ug/mL,0.0
177657,C12(CC3CC(CC(C3)C1)C2)C(=O)Nc4cccc(c4)NC(CSc5oc(c6n5)cccc6)=O,O=C(CSc1nc2ccccc2o1)Nc1cccc(NC(=O)C23CC4CC(CC(C4)C2)C3)c1,CO-ADD:0332247,ATCC 25922,1.93,32 ug/mL,0.0
177659,C(C(O)=O)(=CN(CC)c1c2cc(c(N(CC3)CCN3C(=S)Nc(cc4)ccc4C(C)=O)c1)F)C2=O,CCn1cc(C(=O)O)c(=O)c2cc(F)c(N3CCN(C(=S)Nc4ccc(C(C)=O)cc4)CC3)cc21,CO-ADD:0329400,ATCC 25922,94.83,32 ug/mL,1.0
177783,C#CCN(CC1=CC2=CC(OCCCC3CCNCC3)=CC=C2N1C)C.C#CCN(CC1=CC2=CC(OCCCC3CCNCC3)=CC=C2N1C)C.Cl.Cl.Cl.Cl.O,C#CCN(C)Cc1cc2cc(OCCCC3CCNCC3)ccc2n1C,CO-ADD:0149596,ATCC 25922,-7.13,32 ug/mL,0.0
178090,C(=O)(Oc1cccc(c1)C=O)c(ccc(c23)OCO2)c3,O=Cc1cccc(OC(=O)c2ccc3c(c2)OCO3)c1,CO-ADD:0300686,ATCC 25922,-10.01,32 ug/mL,0.0
178103,[n+]([O-])(n(C\C(\C)=N\Nc1ccc(cc1[N+](=O)[O-])[N+](=O)[O-])nc2[N+](=O)[O-])c2[N+](=O)[O-],C/C(Cn1nc([N+](=O)[O-])c([N+](=O)[O-])[n+]1[O-])=N\Nc1ccc([N+](=O)[O-])cc1[N+](=O)[O-],CO-ADD:0303058,ATCC 25922,23.54,32 ug/mL,0.0
178118,[N+](=O)([O-])c1ccc(cc1NCCOc2ccccc2C)N(CC3)CCN3,Cc1ccccc1OCCNc1cc(N2CCNCC2)ccc1[N+](=O)[O-],CO-ADD:0303823,ATCC 25922,37.07,32 ug/mL,0.0
178138,C(C(OCC)=O)(C(F)(F)F)(Nc1sc(c2n1)cccc2)NC(=O)N(C)C,CCOC(=O)C(NC(=O)N(C)C)(Nc1nc2ccccc2s1)C(F)(F)F,CO-ADD:0290789,ATCC 25922,12.37,32 ug/mL,0.0
178141,N(c1ccc(c2c1)OCO2)(C(=O)C(C34)C(C=C5)OC35C)C4=O,CC12C=CC(O1)c1c2c(O)n(-c2ccc3c(c2)OCO3)c1O,CO-ADD:0257951,ATCC 25922,7.03,32 ug/mL,0.0
178142,N1(c2ccc(cc2Br)Br)C(=O)CC(N(CC3)CCN3c(cc4)ccc4C(C)=O)C1=O,CC(=O)c1ccc(N2CCN(c3cc(O)n(-c4ccc(Br)cc4Br)c3O)CC2)cc1,CO-ADD:0277963,ATCC 25922,13.35,32 ug/mL,0.0
178161,C1(=N2)N(c3c(cccc3)N1CCN(CC4)CCO4)\C(\C2=O)=C/c(ccc5[N+](=O)[O-])o5,O=C1N=C2N(CCN3CCOCC3)c3ccccc3N2/C1=C\c1ccc([N+](=O)[O-])o1,CO-ADD:0285662,ATCC 25922,30.97,32 ug/mL,0.0
178207,N1(CNc(cccc2C(F)(F)F)c2)c3c(OC1=S)ccc(Cl)c3,FC(F)(F)c1cccc(NCn2c(=S)oc3ccc(Cl)cc32)c1,CO-ADD:0287879,ATCC 25922,12.61,32 ug/mL,0.0
178214,c1(C)c(cccc1NN)Cl.Cl,Cc1c(Cl)cccc1NN,CO-ADD:0293652,ATCC 25922,5.13,32 ug/mL,0.0
178251,c1(n2)c(ccc(\N=C/N(C)C)c1)no2,CN(C)/C=N\c1ccc2nonc2c1,CO-ADD:0287224,ATCC 25922,8.63,32 ug/mL,0.0
178280,c(cc(Br)cc1Cl)(\C=N\c2cccc(Cl)c2Cl)c1O,Oc1c(Cl)cc(Br)cc1C=Nc1cccc(Cl)c1Cl,CO-ADD:0233439,ATCC 25922,6.61,32 ug/mL,0.0
178357,N1=C(SCC(OCC)=O)S\C(=C\c2ccc(cc2Cl)Cl)\C1=O,CCOC(=O)CSC1=NC(=O)/C(=C\c2ccc(Cl)cc2Cl)S1,CO-ADD:0235989,ATCC 25922,11.61,32 ug/mL,0.0
178644,CN(CCCN1c2ccccc2CCc2ccccc12)CC(=O)c1ccc(Cl)cc1,CN(CCCN1c2ccccc2CCc2ccccc21)CC(=O)c1ccc(Cl)cc1,CO-ADD:0164746,ATCC 25922,3.19,20 uM,0.0
178653,[N+](=O)([O-])c1ccc(cc1)\C=N\NC(CCC(=O)Nc2cccc(Br)c2)=O,O=C(CCC(=O)Nc1cccc(Br)c1)N/N=C/c1ccc([N+](=O)[O-])cc1,CO-ADD:0219727,ATCC 25922,-0.49,32 ug/mL,0.0
178666,C(OC\C=C\c1ccccc1)(=O)Nc2ccccc2Cl,O=C(Nc1ccccc1Cl)OC/C=C/c1ccccc1,CO-ADD:0220034,ATCC 25922,3.65,32 ug/mL,0.0
178699,[N+](=O)([O-])c1cc(ccc1Cl)\C=N\c2cc(CC)ccc2O,CCc1ccc(O)c(/N=C/c2ccc(Cl)c([N+](=O)[O-])c2)c1,CO-ADD:0222348,ATCC 25922,6.46,32 ug/mL,0.0
178703,c1(O)c(OCC)cc(cc1I)\C=N\NC(COc(ccc(c2C)C)c2)=O,CCOc1cc(C=NNC(=O)COc2ccc(C)c(C)c2)cc(I)c1O,CO-ADD:0166157,ATCC 25922,10.73,80 ug/mL,0.0
178709,C1(C#N)=C(N)OC(=C2C1c(ccc3[N+](=O)[O-])o3)CCCC2=O,N#CC1C(=N)OC2=C(C(=O)CCC2)C1c1ccc([N+](=O)[O-])o1,CO-ADD:0295873,ATCC 25922,14.29,32 ug/mL,0.0
178734,N1(c(ccc(c2)Cl)c2OC1=S)C(=O)c3ccc(cc3)C,Cc1ccc(C(=O)n2c(=S)oc3cc(Cl)ccc32)cc1,CO-ADD:0215229,ATCC 25922,15.46,32 ug/mL,0.0
178736,N1(c2ccccc2)C(=O)c(c3C1=O)ccc(c3)C(=O)Nc(cc4)ccc4Oc(ccc(c5C6=O)C(O6)=O)c5,O=C(Nc1ccc(Oc2ccc3c(c2)C(=O)OC3=O)cc1)c1ccc2c(c1)C(=O)N(c1ccccc1)C2=O,CO-ADD:0215846,ATCC 25922,2.08,32 ug/mL,0.0
178740,C(C#N)(=C(N)O1)C(c2ccccc2Cl)C3=C1\C(\CCC3)=C\c4ccccc4Cl,N#CC1C(=N)OC2=C(CCC/C2=C\c2ccccc2Cl)C1c1ccccc1Cl,CO-ADD:0217147,ATCC 25922,-5.17,32 ug/mL,0.0
178741,[N+](=O)([O-])c1cc(ccc1OC(=O)c2ccc(cc2Cl)Cl)\C=N\c3ccc(cc3C)C,Cc1ccc(/N=C/c2ccc(OC(=O)c3ccc(Cl)cc3Cl)c([N+](=O)[O-])c2)c(C)c1,CO-ADD:0216919,ATCC 25922,0.35,32 ug/mL,0.0
178742,c1(C#N)c2c(sc1\N=C\c(cc3)ccc3OCCC)CCCC2,CCCOc1ccc(/C=N/c2sc3c(c2C#N)CCCC3)cc1,CO-ADD:0215231,ATCC 25922,3.28,32 ug/mL,0.0
178764,O=C(N(N=C1C)C2=CC=C(C)C=C2)C31C4(C(N(N=C4C)C(C=C5)=CC=C5C)=O)C3C6=CC=CC=C6Cl,CC1=NN(c2ccc(C)cc2)C(=O)C12C(c1ccccc1Cl)C21C(=O)N(c2ccc(C)cc2)N=C1C,CO-ADD:0155575,ATCC 25922,11.96,32 ug/mL,0.0
178782,NC(=O)OCC(COC(N)=O)c1ccccc1.O,NC(=O)OCC(COC(N)=O)c1ccccc1,CO-ADD:0164543,ATCC 25922,-0.91,20 uM,0.0
178784,Cc1nnc(SCC2=C(N3C(SC2)C(NC(=O)Cn2cnnn2)C3=O)C([O-])=O)s1.[Na+],Cc1nnc(SCC2=C(C(=O)O)N3C(=O)C(NC(=O)Cn4cnnn4)C3SC2)s1,CO-ADD:0164827,ATCC 25922,97.86,20 uM,1.0
178801,O=C(N/N=C/C=C(O)/C1=CC=C(C)C=C1)C2=CC=C(C)C=C2,Cc1ccc(C(=O)CC=NNC(=O)c2ccc(C)cc2)cc1,CO-ADD:0157382,ATCC 25922,18.72,32 ug/mL,0.0
178819,Cc1cn([C@H]2C[C@H](N=[N+]=[N-])[C@@H](CO)O2)c(=O)[nH]c1=O,Cc1cn([C@H]2C[C@H](N=[N+]=[N-])[C@@H](CO)O2)c(=O)[nH]c1=O,CO-ADD:0164463,ATCC 25922,100.67,20 uM,1.0
178839,[N+](=O)([O-])\N=C(/N)\NNc1ccccc1,N=C(NNc1ccccc1)N[N+](=O)[O-],CO-ADD:0161496,ATCC 25922,20.81,32 ug/mL,0.0
178840,[O-][N+](C1=CC(NCN2C(OC3=C2C=CC(Br)=C3)=O)=CC=C1)=O,O=c1oc2cc(Br)ccc2n1CNc1cccc([N+](=O)[O-])c1,CO-ADD:0160008,ATCC 25922,18.37,32 ug/mL,0.0
178996,O1C(=O)c2c(cc(cc2)Oc(cc3)ccc3NC(=O)c4ccc(cc4)Oc(cc5)ccc5C(=O)Nc(cc6)ccc6Oc(ccc(c7C8=O)C(O8)=O)c7)C1=O,O=C(Nc1ccc(Oc2ccc3c(c2)C(=O)OC3=O)cc1)c1ccc(Oc2ccc(C(=O)Nc3ccc(Oc4ccc5c(c4)C(=O)OC5=O)cc3)cc2)cc1,CO-ADD:0228910,ATCC 25922,11.86,32 ug/mL,0.0
179019,[N+](=O)([O-])c1ccc(c(c1)\N=C\c(cc2)ccc2Cl)N,Nc1ccc([N+](=O)[O-])cc1/N=C/c1ccc(Cl)cc1,CO-ADD:0223260,ATCC 25922,4.5,32 ug/mL,0.0
179089,c1(c(C)cccc1C)OCC(=O)N\N=C\c(ccc(c2OCC)O)c2,CCOc1cc(C=NNC(=O)COc2c(C)cccc2C)ccc1O,CO-ADD:0166212,ATCC 25922,-6.96,80 ug/mL,0.0
179101,c1(C(=O)NNC(=O)c2ccc(cc2)Cl)nn(cc1Br)C,Cn1cc(Br)c(C(=O)NNC(=O)c2ccc(Cl)cc2)n1,CO-ADD:0257696,ATCC 25922,13.88,32 ug/mL,0.0
179102,N1(c2ccc(cc2)OCCCC)C(=O)CC(N(CC3)CCO3)C1=O,CCCCOc1ccc(-n2c(O)cc(N3CCOCC3)c2O)cc1,CO-ADD:0277668,ATCC 25922,0.9,32 ug/mL,0.0
179117,CCc1c2Cn3c(cc4c(COC(=O)[C@]4(O)CC)c3=O)-c2nc5ccc(OC(=O)N6CCC(CC6)N7CCCCC7)cc15.O.O.O.Cl,CCc1c2c(nc3ccc(OC(=O)N4CCC(N5CCCCC5)CC4)cc13)-c1cc3c(c(=O)n1C2)COC(=O)[C@]3(O)CC,CO-ADD:0164623,ATCC 25922,0.72,20 uM,0.0
179118,NC(=O)c1ncn(n1)C1OC(CO)C(O)C1O,NC(=O)c1ncn(C2OC(CO)C(O)C2O)n1,CO-ADD:0164482,ATCC 25922,3.68,20 uM,0.0
179120,c1(N(CC2)CCO2)nc(N\N=C\c(ccc(c3[N+](=O)[O-])Cl)c3)nc(Nc4cc(C)ccc4C)n1,Cc1ccc(C)c(Nc2nc(N/N=C/c3ccc(Cl)c([N+](=O)[O-])c3)nc(N3CCOCC3)n2)c1,CO-ADD:0215204,ATCC 25922,3.56,32 ug/mL,0.0
179129,c1(C(=O)NCC(OC)=O)c(cc(cc1[N+](=O)[O-])[N+](=O)[O-])S(=O)Cc2ccccc2,COC(=O)CNC(=O)c1c([N+](=O)[O-])cc([N+](=O)[O-])cc1[S+]([O-])Cc1ccccc1,CO-ADD:0306287,ATCC 25922,-0.96,32 ug/mL,0.0
179187,c12c(no[n+]1[O-])c(no[n+]3[O-])c3c(no[n+]4[O-])c24,[O-][n+]1onc2c3no[n+]([O-])c3c3c(no[n+]3[O-])c21,CO-ADD:0290464,ATCC 25922,24.69,32 ug/mL,0.0
179241,[nH](c(ccc(c1)OC(F)(F)F)c1c2CCNCc(cc3)ccc3Cl)c2C,Cc1[nH]c2ccc(OC(F)(F)F)cc2c1CCNCc1ccc(Cl)cc1,CO-ADD:0331053,ATCC 25922,38.76,32 ug/mL,0.0
179249,c1(C(C(=O)OC(C)(C)C)C(=O)OC(C)(C)C)nc(OCC(F)(F)F)nc(OCC(F)(F)F)n1,CC(C)(C)OC(=O)C(C(=O)OC(C)(C)C)c1nc(OCC(F)(F)F)nc(OCC(F)(F)F)n1,CO-ADD:0327846,ATCC 25922,-0.4,32 ug/mL,0.0
179283,[N+](=O)([O-])c(cc1)cc(c1N2CCCCC2CC)\C=N\NC(=S)Nc3ccccc3,CCC1CCCCN1c1ccc([N+](=O)[O-])cc1/C=N/NC(=S)Nc1ccccc1,CO-ADD:0166195,ATCC 25922,2.14,80 ug/mL,0.0
179350,N1(c2ccc(cc2Br)Br)C(=O)CC(N(CC3)CCC3C(OCC)=O)C1=O,CCOC(=O)C1CCN(c2cc(O)n(-c3ccc(Br)cc3Br)c2O)CC1,CO-ADD:0285528,ATCC 25922,9.26,32 ug/mL,0.0
179374,c(c(N)ncc1[N+](=O)[O-])(c1)[N+](=O)[O-],Nc1ncc([N+](=O)[O-])cc1[N+](=O)[O-],CO-ADD:0293851,ATCC 25922,59.06,32 ug/mL,0.0
179375,N1(c2ccc(cc2)I)C(=O)CC(N3CCC(CC3)O)C1=O,Oc1cc(N2CCC(O)CC2)c(O)n1-c1ccc(I)cc1,CO-ADD:0299228,ATCC 25922,0.55,32 ug/mL,0.0
179386,C(/c1c(N2CC)cccc1)(\C2=O)=C(\SC(N3NC(c(cc4)ccn4)=O)=S)/C3=O,CCN1C(=O)/C(=C2\SC(=S)N(NC(=O)c3ccncc3)C2=O)c2ccccc21,CO-ADD:0291836,ATCC 25922,9.7,32 ug/mL,0.0
179396,c1(C(=O)N(CC)CC)c(cc(cc1[N+](=O)[O-])SCc2ccccc2)[N+](=O)[O-],CCN(CC)C(=O)c1c([N+](=O)[O-])cc(SCc2ccccc2)cc1[N+](=O)[O-],CO-ADD:0294714,ATCC 25922,1.28,32 ug/mL,0.0
179403,C(/Oc(c12)ccc3c1OC(=O)C=C3C)(\C2=O)=N/N(c4ccccc4)C(C)=O,CC(=O)N(/N=C1\Oc2ccc3c(C)cc(=O)oc3c2C1=O)c1ccccc1,CO-ADD:0293587,ATCC 25922,10.88,32 ug/mL,0.0
179444,c1(Nc2ccccc2)nc(NN)nc(NCc3ccccc3)n1,NNc1nc(NCc2ccccc2)nc(Nc2ccccc2)n1,CO-ADD:0302666,ATCC 25922,8.13,32 ug/mL,0.0
179455,N1(c2ccc(cc2)OC(F)(Cl)F)C(=O)CC(N(CC3)CCO3)C1=O,Oc1cc(N2CCOCC2)c(O)n1-c1ccc(OC(F)(F)Cl)cc1,CO-ADD:0302720,ATCC 25922,2.07,32 ug/mL,0.0
179473,[O-]C1=N[N+](C(C=C2)=CC=C2Cl)=NO1,O=C1NN(c2ccc(Cl)cc2)NO1,CO-ADD:0156482,ATCC 25922,6.89,32 ug/mL,0.0
179494,N(c1ccccc1Br)=Nc(ccc(c2C=O)O)c2,O=Cc1cc(N=Nc2ccccc2Br)ccc1O,CO-ADD:0301042,ATCC 25922,15.49,32 ug/mL,0.0
179497,BrC1=CC=C(C=C1)/C=N/C2=NC(C3=C4C=CC=C3)=C(C=C4)S2,Brc1ccc(/C=N/c2nc3c(ccc4ccccc43)s2)cc1,CO-ADD:0155594,ATCC 25922,-1.42,32 ug/mL,0.0
179610,[n+]1(cc(CCSc(cc2)ccc2C(C)(C)C)ccc1C)CC(=O)c(cc3)ccc3[N+](=O)[O-],Cc1ccc(CCSc2ccc(C(C)(C)C)cc2)c[n+]1CC(=O)c1ccc([N+](=O)[O-])cc1,CO-ADD:0278581,ATCC 25922,12.33,32 ug/mL,0.0
179769,c1(C(NCC#C)=O)oc([N+](=O)[O-])cc1,C#CCNC(=O)c1ccc([N+](=O)[O-])o1,CO-ADD:0288832,ATCC 25922,97.03,32 ug/mL,1.0
179893,N1(c2ccc(cc2)Cl)C(=O)CC(N3CCC(CC3)O)C1=O,Oc1cc(N2CCC(O)CC2)c(O)n1-c1ccc(Cl)cc1,CO-ADD:0295964,ATCC 25922,0.76,32 ug/mL,0.0
179897,[N+](=O)([O-])c(cc(cc1[N+](=O)[O-])C(NCCN(CC2)CCO2)=O)c1,O=C(NCCN1CCOCC1)c1cc([N+](=O)[O-])cc([N+](=O)[O-])c1,CO-ADD:0291903,ATCC 25922,18.39,32 ug/mL,0.0
179920,C(=O)(N\N=C(/C)\CC(=O)Nc1ccccc1Br)C(=O)Nc2ccccc2C,CC(CC(=O)Nc1ccccc1Br)=NNC(=O)C(=O)Nc1ccccc1C,CO-ADD:0299567,ATCC 25922,11.42,32 ug/mL,0.0
179930,C(F)(C(F)(F)F)(C1=O)SC(=N1)NC(=O)Nc(ccc(c23)cccc2)c3,O=C(N=C1NC(=O)C(F)(C(F)(F)F)S1)Nc1ccc2ccccc2c1,CO-ADD:0293468,ATCC 25922,-1.22,32 ug/mL,0.0
179947,n1c(c(ccc2)nc(ccc3)c1c3)c2O,Oc1cccc2nc3ccccc3nc12,CO-ADD:0135709,ATCC 25922,18.85,25 uM,0.0
179953,O1c(cc(O)c2)c(c2)N=C3C1=CC(C=C3)=O,O=c1ccc2nc3ccc(O)cc3oc-2c1,CO-ADD:0137176,ATCC 25922,-12.22,25 uM,0.0
180167,N1(C=C(C)C(NC1=O)=O)[C@H]2CC([C@@H](COC(=O)c3ccc(cc3)C)O2)N=[N+]=[N-],Cc1ccc(C(=O)OC[C@H]2O[C@@H](n3cc(C)c(=O)[nH]c3=O)CC2N=[N+]=[N-])cc1,CO-ADD:0233131,ATCC 25922,9.44,32 ug/mL,0.0
180170,C12(c3c(NC1=O)cccc3)C(C#N)=C(N)OC(C)=C2C(OCC)=O,CCOC(=O)C1=C(C)OC(=N)C(C#N)C12C(=O)Nc1ccccc12,CO-ADD:0215403,ATCC 25922,8.04,32 ug/mL,0.0
180175,c1(\C=N\NC(COc2ccc(cc2Br)C)=O)c(Br)cc(c(O)c1Br)Br,Cc1ccc(OCC(=O)NN=Cc2c(Br)cc(Br)c(O)c2Br)c(Br)c1,CO-ADD:0220655,ATCC 25922,8.35,32 ug/mL,0.0
180248,[N+](=O)([O-])c1cccc(c1)\C=N\c2c(O)ccc(Cl)c2,O=[N+]([O-])c1cccc(/C=N/c2cc(Cl)ccc2O)c1,CO-ADD:0222089,ATCC 25922,5.4,32 ug/mL,0.0
180261,c(c(Br)c1Br)c(NCC(=O)N\N=C\c2ccccc2)c(c1)Br,O=C(CNc1cc(Br)c(Br)cc1Br)N/N=C/c1ccccc1,CO-ADD:0221036,ATCC 25922,9.57,32 ug/mL,0.0
180265,[N+](=O)([O-])c1ccc(cc1NCCOc2ccccc2)N3CCNC(C)C3,CC1CN(c2ccc([N+](=O)[O-])c(NCCOc3ccccc3)c2)CCN1,CO-ADD:0232998,ATCC 25922,20.89,32 ug/mL,0.0
180266,C(c1ccccc1)(c2ccccc2)(c3c4cccc3)NC(=N4)C=C,C=CC1=NC(c2ccccc2)(c2ccccc2)c2ccccc2N1,CO-ADD:0233064,ATCC 25922,12.47,32 ug/mL,0.0
180286,c1(\C=N\NC(CCC(=O)Nc2cccc(Br)c2)=O)c(cccc1Cl)Cl,O=C(CCC(=O)Nc1cccc(Br)c1)N/N=C/c1c(Cl)cccc1Cl,CO-ADD:0219725,ATCC 25922,-1.44,32 ug/mL,0.0
180299,n1c2c(cccc2)ccc1SCC(=O)N\N=C\c3ccc(cc3O)O,O=C(CSc1ccc2ccccc2n1)NN=Cc1ccc(O)cc1O,CO-ADD:0221206,ATCC 25922,10.16,32 ug/mL,0.0
180323,[N+](=O)([O-])c1ccc(cc1)\C=N\c2ccccc2C#N,N#Cc1ccccc1/N=C/c1ccc([N+](=O)[O-])cc1,CO-ADD:0219016,ATCC 25922,11.87,32 ug/mL,0.0
180328,c(\C=N\NC(CNc1ccccc1C)=O)(cc(Br)cc2Br)c2O,Cc1ccccc1NCC(=O)NN=Cc1cc(Br)cc(Br)c1O,CO-ADD:0220326,ATCC 25922,27.16,32 ug/mL,0.0
180329,[N+](=O)([O-])c1cc(ccc1Cl)\C=N\c(cc2)ccc2Br,O=[N+]([O-])c1cc(/C=N/c2ccc(Br)cc2)ccc1Cl,CO-ADD:0222389,ATCC 25922,6.83,32 ug/mL,0.0
180339,S(N)(=O)(=O)c1ccc(cc1)\N=C\c(cc(I)cc2I)c2O,NS(=O)(=O)c1ccc(N=Cc2cc(I)cc(I)c2O)cc1,CO-ADD:0220137,ATCC 25922,30.29,32 ug/mL,0.0
180340,C(CCCC(CCCCCCCCCC)=O)(NCCCCCCCCCCCC)=O,CCCCCCCCCCCCNC(=O)CCCC(=O)CCCCCCCCCC,CO-ADD:0219333,ATCC 25922,100.61,32 ug/mL,1.0
180358,n1c(N(C)C)nc(nc1N(CC2)CCO2)N\N=C\c(cc(I)cc3I)c3O,CN(C)c1nc(NN=Cc2cc(I)cc(I)c2O)nc(N2CCOCC2)n1,CO-ADD:0220970,ATCC 25922,3.48,32 ug/mL,0.0
180437,CN1C=C(NC(C2=CC(NC(C3=CC=CC(OC)=C3)=N)=CN2C)=O)C=C1C(NC4=CN(CCC(C)C)C(C(NCCCN(C)C)=O)=C4)=O,COc1cccc(C(=N)Nc2cc(C(=O)Nc3cc(C(=O)Nc4cc(C(=O)NCCCN(C)C)n(CCC(C)C)c4)n(C)c3)n(C)c2)c1,CO-ADD:0153109,ATCC 25922,-19.5,32 ug/mL,0.0
180474,c1(cc(Br)cc(\C=N\NC(=O)c2nonc2N)c1O)[N+](=O)[O-],Nc1nonc1C(=O)NN=Cc1cc(Br)cc([N+](=O)[O-])c1O,CO-ADD:0245466,ATCC 25922,45.34,32 ug/mL,0.0
180819,c1(\C=N\NC(COc2c(C)cccc2C)=O)c3c(cccc3)cc(cccc4)c14,Cc1cccc(C)c1OCC(=O)N/N=C/c1c2ccccc2cc2ccccc12,CO-ADD:0234305,ATCC 25922,-0.53,32 ug/mL,0.0
180828,N/C(N)=N/C1=NC(C2=CNC3=C2C=CC=C3)=CS1.Cl,N=C(N)N=c1[nH]c(-c2c[nH]c3ccccc23)cs1,CO-ADD:0248292,ATCC 25922,29.09,32 ug/mL,0.0
180834,N1(CNc2c(C)ccc(Cl)c2)C(=O)\C(\SC1=S)=C/c3cccc(Cl)c3Cl,Cc1ccc(Cl)cc1NCN1C(=O)/C(=C\c2cccc(Cl)c2Cl)SC1=S,CO-ADD:0223023,ATCC 25922,29.86,32 ug/mL,0.0
180876,NC1=NON=C1N=NC2=CC=C(C(/C=N/C3=CC(C(O)=O)=CC=C3)=C2)O,Nc1nonc1N=Nc1ccc(O)c(C=Nc2cccc(C(=O)O)c2)c1,CO-ADD:0155547,ATCC 25922,6.26,32 ug/mL,0.0
181101,n1c(ccc(C#N)c1SCC(=O)Nc(cccc2C(F)(F)F)c2)c3cccs3,N#Cc1ccc(-c2cccs2)nc1SCC(=O)Nc1cccc(C(F)(F)F)c1,CO-ADD:0215381,ATCC 25922,3.93,32 ug/mL,0.0
181129,c(cc(C)c(c1Br)C)(\C=N\c2c(O)ccc(Cl)c2)c1O,Cc1cc(C=Nc2cc(Cl)ccc2O)c(O)c(Br)c1C,CO-ADD:0228063,ATCC 25922,10.32,32 ug/mL,0.0
181218,C1(N(CCC)CCOC1=O)CC(=O)Nc(cc2)ccc2OCC,CCCN1CCOC(=O)C1CC(=O)Nc1ccc(OCC)cc1,CO-ADD:0295533,ATCC 25922,7.54,32 ug/mL,0.0
181258,C1(C(OC(O2)(C)C)C2OC3C(=O)Nc4ccccc4)C3OC(C)(C)O1,CC1(C)OC2OC(C(=O)Nc3ccccc3)C3OC(C)(C)OC3C2O1,CO-ADD:0292809,ATCC 25922,8.71,32 ug/mL,0.0
181265,c1(c(O)ccc2\C=N\NC(=O)Cc3cccc(cccc4)c34)c2cccn1,O=C(Cc1cccc2ccccc12)NN=Cc1ccc(O)c2ncccc12,CO-ADD:0286689,ATCC 25922,-2.32,32 ug/mL,0.0
181303,C(/c1c(N2CC=C)cccc1)(=C(/C#N)\c3[nH]c(c4n3)cccc4)\C2=O,C=CCN1C(=O)C(=C(C#N)c2nc3ccccc3[nH]2)c2ccccc21,CO-ADD:0303075,ATCC 25922,2.42,32 ug/mL,0.0
181314,c1(c2ccccc2)ccc(CCC(O)=O)o1,O=C(O)CCc1ccc(-c2ccccc2)o1,CO-ADD:0302889,ATCC 25922,-1.09,32 ug/mL,0.0
181326,c1(ccccc1Br)NN.Cl,NNc1ccccc1Br,CO-ADD:0304883,ATCC 25922,0.81,32 ug/mL,0.0
181330,O1c(cc(OC)c(OC)c2)c2[C@@]([C@@](C1)(O3)[H])(C(c(ccc(c4C[C@@]5(C(=C)C)[H])O5)c34)=O)[H],C=C(C)[C@H]1Cc2c(ccc3c2O[C@@H]2COc4cc(OC)c(OC)cc4C2C3=O)O1,CO-ADD:0137183,ATCC 25922,10.63,25 uM,0.0
181334,CC(N([H])C(=O)C1N([H])C(=O)c2nc(c(nc2)cc3)cc3)C(=O)N(C(C(=O)N(C(C(C)C)C(OC4)=O)C)CSC(SC)C(N(C(=O)C(N([H])C(=O)C4N([H])C(=O)c5nc(c(nc5)cc6)cc6)C)C)C(=O)N(C(C(C)C)C(OC1)=O)C)C,CSC1SCC2C(=O)N(C)C(C(C)C)C(=O)OCC(NC(=O)c3cnc4ccccc4n3)C(=O)NC(C)C(=O)N(C)C1C(=O)N(C)C(C(C)C)C(=O)OCC(NC(=O)c1cnc3ccccc3n1)C(=O)NC(C)C(=O)N2C,CO-ADD:0137276,ATCC 25922,101.44,25 uM,1.0
181335,n1ccsc1N=Nc2c3c(cccc3)ccc2O,Oc1ccc2ccccc2c1N=Nc1nccs1,CO-ADD:0136403,ATCC 25922,-2.78,25 uM,0.0
181336,n1c(c(ccc2)ccc1OCCN3CC3)c2,c1ccc2nc(OCCN3CC3)ccc2c1,CO-ADD:0136005,ATCC 25922,7.28,25 uM,0.0
181550,c1(c(Br)cc(cc1\C=N\NC(=O)c(c2)cc(cn2)Br)Br)OC(=O)c(ccc(c34)OCO3)c4,O=C(N/N=C/c1cc(Br)cc(Br)c1OC(=O)c1ccc2c(c1)OCO2)c1cncc(Br)c1,CO-ADD:0234211,ATCC 25922,11.24,32 ug/mL,0.0
181559,s1c(N)nnc1c(cccc2[N+](=O)[O-])c2,Nc1nnc(-c2cccc([N+](=O)[O-])c2)s1,CO-ADD:0234068,ATCC 25922,2.29,32 ug/mL,0.0
181564,c1(c(ccc(c2Cl)Cl)c2)ccc(\C=N\c3cc(ccc3O)Cc(ccc(c4\N=C\c(ccc5c(ccc(c6Cl)Cl)c6)o5)O)c4)o1,Oc1ccc(Cc2ccc(O)c(/N=C/c3ccc(-c4ccc(Cl)c(Cl)c4)o3)c2)cc1/N=C/c1ccc(-c2ccc(Cl)c(Cl)c2)o1,CO-ADD:0227186,ATCC 25922,1.37,32 ug/mL,0.0
181582,n1c(c2)c([nH]c1c3ccccn3)ccc2[N+](=O)[O-],O=[N+]([O-])c1ccc2[nH]c(-c3ccccn3)nc2c1,CO-ADD:0221286,ATCC 25922,22.96,32 ug/mL,0.0
181584,n1c2c([nH]c1c3ccccc3)ccc(c2)\N=C\c(ccc(c4[N+](=O)[O-])Cl)c4,O=[N+]([O-])c1cc(/C=N/c2ccc3[nH]c(-c4ccccc4)nc3c2)ccc1Cl,CO-ADD:0231636,ATCC 25922,6.06,32 ug/mL,0.0
181602,c(cc(Br)cc1Cl)(\C=N\c(ccc2c3cccn2)c3)c1O,Oc1c(Cl)cc(Br)cc1C=Nc1ccc2ncccc2c1,CO-ADD:0234736,ATCC 25922,22.05,32 ug/mL,0.0
181623,c1(\C=N\NC(CCC(=O)Nc2cccc(Br)c2)=O)c(O)ccc(cccc3)c13,O=C(CCC(=O)Nc1cccc(Br)c1)NN=Cc1c(O)ccc2ccccc12,CO-ADD:0231093,ATCC 25922,1.39,32 ug/mL,0.0
181624,C1(C#N)(C#N)C(c(ccnn2)c2)C(N(c3c(cccc3)C=C4)C14)C(c5ccccc5)=O,N#CC1(C#N)C(c2ccnnc2)C(C(=O)c2ccccc2)N2c3ccccc3C=CC21,CO-ADD:0227782,ATCC 25922,12.4,32 ug/mL,0.0
181625,n1c[nH]nc1\N=C\c2c(O)ccc(cccc3)c23,Oc1ccc2ccccc2c1C=Nc1nc[nH]n1,CO-ADD:0227073,ATCC 25922,7.09,32 ug/mL,0.0
181627,c1(ccccc1NC(=O)c2ccc(cc2)Oc(cc3)ccc3C(=O)Nc4ccccc4C(O)=O)C(O)=O,O=C(Nc1ccccc1C(=O)O)c1ccc(Oc2ccc(C(=O)Nc3ccccc3C(=O)O)cc2)cc1,CO-ADD:0221492,ATCC 25922,12.7,32 ug/mL,0.0
181631,Brc1cncc(c1)c2cc(NCCCn3ccnc3)nc(n2)c4ccccc4,Brc1cncc(-c2cc(NCCCn3ccnc3)nc(-c3ccccc3)n2)c1,CO-ADD:0237069,ATCC 25922,4.6,20 uM,0.0
181639,c1(C#N)c(c2ccc(cc2)F)cc(nc1SCCN3CCCCC3)c4ccccc4,N#Cc1c(-c2ccc(F)cc2)cc(-c2ccccc2)nc1SCCN1CCCCC1,CO-ADD:0236237,ATCC 25922,2.84,32 ug/mL,0.0
181682,CC(=O)N1CCN(CC1)c1ccc(OC[C@H]2CO[C@@](Cn3ccnc3)(O2)c2ccc(Cl)cc2Cl)cc1,CC(=O)N1CCN(c2ccc(OC[C@H]3CO[C@](Cn4ccnc4)(c4ccc(Cl)cc4Cl)O3)cc2)CC1,CO-ADD:0164859,ATCC 25922,6.5,20 uM,0.0
181700,C(Oc(cccc1C(=O)Nc(cc2)ccc2Br)c1)(=S)Nc3ccccc3,O=C(Nc1ccc(Br)cc1)c1cccc(OC(=S)Nc2ccccc2)c1,CO-ADD:0166369,ATCC 25922,18.9,80 ug/mL,0.0
181707,C(=C\c(ccc(c12)OCO1)c2)(/NC(c3ccccc3)=O)\C(=O)N\N=C\c(cc(Br)cc4I)c4O,O=C(NN=Cc1cc(Br)cc(I)c1O)C(Cc1ccc2c(c1)OCO2)=NC(=O)c1ccccc1,CO-ADD:0163577,ATCC 25922,34.83,32 ug/mL,0.0
181708,C(CSCc1ccccc1C)(=O)N\N=C\c(ccc(c2OCC)OCCC)c2,CCCOc1ccc(/C=N/NC(=O)CSCc2ccccc2C)cc1OCC,CO-ADD:0216890,ATCC 25922,-23.23,32 ug/mL,0.0
181792,N1\C(=N\N=C\c2ccccc2Cl)\S\C(=C/c(ccc(c3OC)O)c3)\C1=O,COc1cc(C=C2SC(=NN=Cc3ccccc3Cl)NC2=O)ccc1O,CO-ADD:0215217,ATCC 25922,8.21,32 ug/mL,0.0
181799,[N+](=O)([O-])c1cc(OC)ccc1\N=C\c(cccc2[N+](=O)[O-])c2,COc1ccc(/N=C/c2cccc([N+](=O)[O-])c2)c([N+](=O)[O-])c1,CO-ADD:0162715,ATCC 25922,12.15,32 ug/mL,0.0
181828,C(=C/C=C/C=C/C=C/c1ccccc1)(/C#N)\C#N,N#CC(C#N)=C/C=C/C=C/C=C/c1ccccc1,CO-ADD:0161457,ATCC 25922,13.58,32 ug/mL,0.0
181886,c1(c(\C=N\NC(COc2ccccc2[N+](=O)[O-])=O)ccc(OC(C)=O)c1OC)[N+](=O)[O-],COc1c(OC(C)=O)ccc(/C=N/NC(=O)COc2ccccc2[N+](=O)[O-])c1[N+](=O)[O-],CO-ADD:0223207,ATCC 25922,11.91,32 ug/mL,0.0
181904,[N+](=O)([O-])c1cccc(\C=N\N\C(\c2ccccn2)=N\c3ccccc3)c1O,O=[N+]([O-])c1cccc(C=NN=C(Nc2ccccc2)c2ccccn2)c1O,CO-ADD:0232157,ATCC 25922,6.69,32 ug/mL,0.0
181905,c1([nH]c(c2n1)cccc2)c3cscn3,c1ccc2[nH]c(-c3cscn3)nc2c1,CO-ADD:0228757,ATCC 25922,15.1,32 ug/mL,0.0
181977,S(=O)(=O)(c(cccc1C(=O)Oc2cccc(cccn3)c23)c1)N4CCCCCC4,O=C(Oc1cccc2cccnc12)c1cccc(S(=O)(=O)N2CCCCCC2)c1,CO-ADD:0287751,ATCC 25922,5.51,32 ug/mL,0.0
182001,N(c1ccccc1C)(C(c2ccccc2)=O)NC(=O)c3c(Cl)ncc(Cl)c3Cl,Cc1ccccc1N(NC(=O)c1c(Cl)ncc(Cl)c1Cl)C(=O)c1ccccc1,CO-ADD:0233065,ATCC 25922,5.51,32 ug/mL,0.0
182010,c1(cc(cc(OC)c1OCC(=O)N\N=C\c(cccc2[N+](=O)[O-])c2O)[N+](=O)[O-])[N+](=O)[O-],COc1cc([N+](=O)[O-])cc([N+](=O)[O-])c1OCC(=O)NN=Cc1cccc([N+](=O)[O-])c1O,CO-ADD:0234909,ATCC 25922,29.5,32 ug/mL,0.0
182034,C(=O)(Oc1cccc(c1)\C=N\NC(CNC(=O)c2ccco2)=O)c3cccc(F)c3,O=C(CNC(=O)c1ccco1)N/N=C/c1cccc(OC(=O)c2cccc(F)c2)c1,CO-ADD:0235005,ATCC 25922,4.77,32 ug/mL,0.0
182036,N1C(=O)\C(\SC1=N)=C/c(ccc2c3ccccc3[N+](=O)[O-])o2,N=C1NC(=O)/C(=C\c2ccc(-c3ccccc3[N+](=O)[O-])o2)S1,CO-ADD:0228237,ATCC 25922,0.04,32 ug/mL,0.0
182044,C(=O)(c1cccc(C)c1)Oc2ccc(cc2OC)C=O,COc1cc(C=O)ccc1OC(=O)c1cccc(C)c1,CO-ADD:0235204,ATCC 25922,7.6,32 ug/mL,0.0
182062,[N+](=O)([O-])c(ccc1c2c3c([nH]1)CCCC3)c2,O=[N+]([O-])c1ccc2[nH]c3c(c2c1)CCCC3,CO-ADD:0232383,ATCC 25922,14.91,32 ug/mL,0.0
182066,N1(CN2CCCCC2)C(=O)\C(\SC1=O)=C/c3ccccc3F,O=C1S/C(=C/c2ccccc2F)C(=O)N1CN1CCCCC1,CO-ADD:0228251,ATCC 25922,8.02,32 ug/mL,0.0
182135,c1(nnn2)n2c3c(cccc3)nc1N=NN=P(N(CC)CC)(N(CC)CC)N(CC)CC,CCN(CC)P(=NN=Nc1nc2ccccc2n2nnnc12)(N(CC)CC)N(CC)CC,CO-ADD:0304474,ATCC 25922,-2.31,32 ug/mL,0.0
182405,N1(c2ccc(cc2)I)C(=O)CC(N(CC3)CCC3C(N)=O)C1=O,NC(=O)C1CCN(c2cc(O)n(-c3ccc(I)cc3)c2O)CC1,CO-ADD:0249434,ATCC 25922,-0.89,32 ug/mL,0.0
182419,N1(c2ccc(cc2Br)C)C(=O)C(C3C1=O)C(C(C4C(N5c6ccc(cc6Br)C)=O)C5=O)C(=C(C(=O)Oc7ccccc7)C34C)C,CC1=C(C(=O)Oc2ccccc2)C2(C)c3c(c(O)n(-c4ccc(C)cc4Br)c3O)C1c1c2c(O)n(-c2ccc(C)cc2Br)c1O,CO-ADD:0254841,ATCC 25922,16.07,32 ug/mL,0.0
182462,C(C(O)=O)(=CN(CC)c(c12)ccc(c1)[N+](=O)[O-])C2=O,CCn1cc(C(=O)O)c(=O)c2cc([N+](=O)[O-])ccc21,CO-ADD:0259180,ATCC 25922,92.33,32 ug/mL,1.0
182478,c1(\C=N\c(cc2)ccc2N(C)C)c(Sc3ccccc3)cc(cc1[N+](=O)[O-])[N+](=O)[O-],CN(C)c1ccc(/N=C/c2c(Sc3ccccc3)cc([N+](=O)[O-])cc2[N+](=O)[O-])cc1,CO-ADD:0283580,ATCC 25922,7.68,32 ug/mL,0.0
182529,C(SC\C(\CS1)=N\NC(c(cc2)ccn2)=O)(SC(S3)=O)=C13,O=C(NN=C1CSc2sc(=O)sc2SC1)c1ccncc1,CO-ADD:0286300,ATCC 25922,27.87,32 ug/mL,0.0
182532,c1(ccc(C(OCC)=O)o1)[N+](=O)[O-],CCOC(=O)c1ccc([N+](=O)[O-])o1,CO-ADD:0283496,ATCC 25922,41.53,32 ug/mL,0.0
182550,C(=C\c(c1)c(O)c(cc1[N+](=O)[O-])Br)(/C2=O)\Sc(c23)cccc3,O=C1C(=Cc2cc([N+](=O)[O-])cc(Br)c2O)Sc2ccccc21,CO-ADD:0222478,ATCC 25922,0.79,32 ug/mL,0.0
182556,C(C(C#N)C#N)(c1cccs1)CC(=O)c2ccc(cc2)Br,N#CC(C#N)C(CC(=O)c1ccc(Br)cc1)c1cccs1,CO-ADD:0221500,ATCC 25922,9.38,32 ug/mL,0.0
182565,[N+](=O)([O-])c(cc(cc1[N+](=O)[O-])C(=O)NCc(cc2)ccc2C(C)C)c1,CC(C)c1ccc(CNC(=O)c2cc([N+](=O)[O-])cc([N+](=O)[O-])c2)cc1,CO-ADD:0219163,ATCC 25922,10.59,32 ug/mL,0.0
182595,N(/c(cc1)ccc1O)=C\c(cc2)ccc2OCc3ccccc3,Oc1ccc(/N=C/c2ccc(OCc3ccccc3)cc2)cc1,CO-ADD:0231214,ATCC 25922,11.78,32 ug/mL,0.0
182645,c1(c(O)ccc2\C=N\NC(CCc3ccccc3)=O)c2cccn1,O=C(CCc1ccccc1)NN=Cc1ccc(O)c2ncccc12,CO-ADD:0286691,ATCC 25922,70.73,32 ug/mL,0.0
182647,C(F)(C(F)(F)F)(C1=O)SC(=N1)N,N=C1NC(=O)C(F)(C(F)(F)F)S1,CO-ADD:0295693,ATCC 25922,5.49,32 ug/mL,0.0
182658,C12(CC3CC(CC(C3)C1)C2)C(=O)O\N=C(/N)\Cc(ccc(c4OC)OC)c4,COc1ccc(CC(=N)NOC(=O)C23CC4CC(CC(C4)C2)C3)cc1OC,CO-ADD:0291759,ATCC 25922,17.71,32 ug/mL,0.0
182684,c1(c(ccc(c1)[N+](=O)[O-])Oc2cccc(c2)\C=N\c3ccc(cc3O)C)[N+](=O)[O-],Cc1ccc(/N=C/c2cccc(Oc3ccc([N+](=O)[O-])cc3[N+](=O)[O-])c2)c(O)c1,CO-ADD:0220206,ATCC 25922,-7.32,32 ug/mL,0.0
182690,c1(N(CC2)CCO2)nc(N\N=C\c3cccc(I)c3)nc(Nc(cc4)ccc4C)n1,Cc1ccc(Nc2nc(N/N=C/c3cccc(I)c3)nc(N3CCOCC3)n2)cc1,CO-ADD:0220694,ATCC 25922,3.89,32 ug/mL,0.0
182711,CCN1CCN(CC1)c1cc2n(cc(C(O)=O)c(=O)c2cc1F)C1CC1,CCN1CCN(c2cc3c(cc2F)c(=O)c(C(=O)O)cn3C2CC2)CC1,CO-ADD:0164406,ATCC 25922,101.15,20 uM,1.0
182713,n(\N=C\c(ccc(c1O)OC)c1)(cnn2)c2,COc1ccc(/C=N/n2cnnc2)cc1O,CO-ADD:0218375,ATCC 25922,-7.81,32 ug/mL,0.0
182719,N#CC(C(C1=CC=CS1)=C2)=C(SCCCC(C(C=C3)=CC=C3F)=O)N=C2C4=CC=CS4,N#Cc1c(-c2cccs2)cc(-c2cccs2)nc1SCCCC(=O)c1ccc(F)cc1,CO-ADD:0158171,ATCC 25922,-7.49,32 ug/mL,0.0
182724,C(C(OCC)=O)(=C(C)OC(=C1C#N)N)C1c2ccc(cc2)SC,CCOC(=O)C1=C(C)OC(=N)C(C#N)C1c1ccc(SC)cc1,CO-ADD:0166658,ATCC 25922,6.0,80 ug/mL,0.0
182842,n1(c2c(nn1)cccc2)C(=O)C(CC)c3ccccc3,CCC(C(=O)n1nnc2ccccc21)c1ccccc1,CO-ADD:0304493,ATCC 25922,-22.63,32 ug/mL,0.0
182847,n1(CC(CNCCOc2ccccc2)O)c3c(c(cccc4)c14)cccc3.Cl,OC(CNCCOc1ccccc1)Cn1c2ccccc2c2ccccc21,CO-ADD:0305239,ATCC 25922,40.27,32 ug/mL,0.0
182855,C(OCCCCCCCCCC)(=O)c1cccc(c1)NC(CCC(O)=O)=O,CCCCCCCCCCOC(=O)c1cccc(NC(=O)CCC(=O)O)c1,CO-ADD:0215197,ATCC 25922,5.47,32 ug/mL,0.0
182897,O=C(CBr)C1=NON=C1N,Nc1nonc1C(=O)CBr,CO-ADD:0160464,ATCC 25922,19.37,32 ug/mL,0.0
182899,O=C(S/1)NC(C1=C\C2=CC=CC(F)=C2)=O,O=C1NC(=O)/C(=C/c2cccc(F)c2)S1,CO-ADD:0156135,ATCC 25922,-14.7,32 ug/mL,0.0
182914,O=C(C1=CC2=CC=C(C3=CC=C(Cl)C=C3)O2)NC(NC1=O)=O,O=C1NC(=O)C(=Cc2ccc(-c3ccc(Cl)cc3)o2)C(=O)N1,CO-ADD:0157445,ATCC 25922,13.26,32 ug/mL,0.0
182918,C(=O)(NCC(=O)N\N=C(/C)\c(cc1)ccc1C(C)C)c2ccco2,CC(=NNC(=O)CNC(=O)c1ccco1)c1ccc(C(C)C)cc1,CO-ADD:0163345,ATCC 25922,12.08,32 ug/mL,0.0
182940,S=C(O1)N(CN(CCC)CCC)C2=C1C=CC=C2,CCCN(CCC)Cn1c(=S)oc2ccccc21,CO-ADD:0156049,ATCC 25922,18.34,32 ug/mL,0.0
183303,C(/C(=O)c1ccc(cc1)Br)(\C(\C(OC)=O)=N\c2ccccc2)=C(/C3=O)\Sc4c(cccc4)N3,COC(=O)C(=N\c1ccccc1)/C(C(=O)c1ccc(Br)cc1)=C1\Sc2ccccc2NC1=O,CO-ADD:0244510,ATCC 25922,10.67,32 ug/mL,0.0
183315,ClC(C(C#N)=C1)=NC(OC)=C1C#N,COc1nc(Cl)c(C#N)cc1C#N,CO-ADD:0149582,ATCC 25922,22.36,32 ug/mL,0.0
183331,N1(c2ccc(cc2)Cl)C(=O)C(CC1=O)NCC(OCC)=O,CCOC(=O)CNc1cc(O)n(-c2ccc(Cl)cc2)c1O,CO-ADD:0232685,ATCC 25922,5.55,32 ug/mL,0.0
183340,C1(C2=O)C(C(C=C3)OC13CNS(=O)(=O)c4c(C)cc(cc4C)C)C(N2c5ccc(cc5)Cl)=O,Cc1cc(C)c(S(=O)(=O)NCC23C=CC(O2)c2c3c(O)n(-c3ccc(Cl)cc3)c2O)c(C)c1,CO-ADD:0228303,ATCC 25922,8.36,32 ug/mL,0.0
183350,[N+](=O)([O-])c(cc1\C=N\NC(c(cc2)ccn2)=O)cc(c1OC(c3ccccc3)=O)Br,O=C(N/N=C/c1cc([N+](=O)[O-])cc(Br)c1OC(=O)c1ccccc1)c1ccncc1,CO-ADD:0232015,ATCC 25922,12.8,32 ug/mL,0.0
183358,N1(c2ccc(cc2)OC)C(=O)CC(N(CC3)CCC3C(N)=O)C1=O,COc1ccc(-n2c(O)cc(N3CCC(C(N)=O)CC3)c2O)cc1,CO-ADD:0235748,ATCC 25922,8.48,32 ug/mL,0.0
183373,c1([nH]c(c2n1)cccc2)Sc3sc(c(ccc4[N+](=O)[O-])n3)c4,O=[N+]([O-])c1ccc2nc(Sc3nc4ccccc4[nH]3)sc2c1,CO-ADD:0285507,ATCC 25922,21.62,32 ug/mL,0.0
183506,C12(C)C(C)(C)C(CC1OCC[N+](C)(C)CC(OCCCCCCCCC)=O)CC2.[Cl-],CCCCCCCCCOC(=O)C[N+](C)(C)CCOC1CC2CCC1(C)C2(C)C,CO-ADD:0293292,ATCC 25922,100.47,32 ug/mL,1.0
183540,[n+]([O-])(c1c2ccc(Br)c1)c(C#N)c([n+]2[O-])N,N#Cc1c(N)[n+]([O-])c2ccc(Br)cc2[n+]1[O-],CO-ADD:0295387,ATCC 25922,49.84,32 ug/mL,0.0
183544,N1(c2ccccc2)C(c3cccc(OC)c3OCc4ccccc4Cl)N(N=C1C(C)=O)c5ccccc5,COc1cccc(C2N(c3ccccc3)N=C(C(C)=O)N2c2ccccc2)c1OCc1ccccc1Cl,CO-ADD:0301109,ATCC 25922,-6.68,32 ug/mL,0.0
183562,c1(ccc(cc1F)\C(\CC)=N\Nc(cc2)ccc2F)N(CC3)CCO3,CC/C(=N\Nc1ccc(F)cc1)c1ccc(N2CCOCC2)c(F)c1,CO-ADD:0306326,ATCC 25922,7.55,32 ug/mL,0.0
183572,C1(c2cc(Br)ccc2F)c3c(CCN1C(CCl)=O)cc(OC)c(OC)c3,COc1cc2c(cc1OC)C(c1cc(Br)ccc1F)N(C(=O)CCl)CC2,CO-ADD:0307409,ATCC 25922,0.04,32 ug/mL,0.0
183605,C12(c3c(N(CC)C1=O)cccc3)C(C#N)=C(N)OC(NC(=O)NC4=O)=C24,CCN1C(=O)C2(c3ccccc31)c1c([nH]c(=O)[nH]c1=O)OC(=N)C2C#N,CO-ADD:0319074,ATCC 25922,1.02,32 ug/mL,0.0
183699,N1(N=CC(=C(Cl)C1=O)Cl)C23CC4CC(CC(C4)C2)C3,O=c1c(Cl)c(Cl)cnn1C12CC3CC(CC(C3)C1)C2,CO-ADD:0304278,ATCC 25922,25.32,32 ug/mL,0.0
183700,C1(=O)Oc(c(cc(c2OC(=O)Oc3ccccc3)Br)S1)c2,O=C(Oc1ccccc1)Oc1cc2oc(=O)sc2cc1Br,CO-ADD:0304377,ATCC 25922,5.62,32 ug/mL,0.0
183706,N1(c(cc2)ccc2N(CC)CC)C(N(N=C1C(C)=O)c3ccc(cc3)Cl)c4c5c([nH]c4)cccc5,CCN(CC)c1ccc(N2C(C(C)=O)=NN(c3ccc(Cl)cc3)C2c2c[nH]c3ccccc23)cc1,CO-ADD:0301094,ATCC 25922,-11.29,32 ug/mL,0.0
183713,N(C(=N/N=C(/C)C)c1c2ncn1[H])=CN2[H],CC(C)=NNc1ncnc2[nH]cnc12,CO-ADD:0135654,ATCC 25922,12.19,25 uM,0.0
183745,C(=O)(Oc1ccc(cc1OC)C=O)c2ccccc2Br,COc1cc(C=O)ccc1OC(=O)c1ccccc1Br,CO-ADD:0222489,ATCC 25922,1.89,32 ug/mL,0.0
183747,c1(cc(C)cc(I)c1O)\C=N\c(cc2)ccc2C(OCC)=O,CCOC(=O)c1ccc(N=Cc2cc(C)cc(I)c2O)cc1,CO-ADD:0220373,ATCC 25922,13.21,32 ug/mL,0.0
183748,N1(c(ccc(c2C(O)=O)Cl)c2)C(=O)c(cc3)c(c(ccc4[N+](=O)[O-])C1=O)c4c3[N+](=O)[O-],O=C(O)c1cc(N2C(=O)c3ccc([N+](=O)[O-])c4c([N+](=O)[O-])ccc(c34)C2=O)ccc1Cl,CO-ADD:0221944,ATCC 25922,2.62,32 ug/mL,0.0
183750,c1(ccccc1NC(=O)c2ccc(cc2)F)C(=O)N\N=C\c3ccc(cc3O)O,O=C(Nc1ccccc1C(=O)NN=Cc1ccc(O)cc1O)c1ccc(F)cc1,CO-ADD:0229083,ATCC 25922,36.81,32 ug/mL,0.0
183752,C(C(OC)=O)(=C(C)OC(=C1C#N)N)C1c2cccc(c2)OCc3ccccc3,COC(=O)C1=C(C)OC(=N)C(C#N)C1c1cccc(OCc2ccccc2)c1,CO-ADD:0221604,ATCC 25922,18.66,32 ug/mL,0.0
183754,c1(N(CC2)CCO2)nc(N\N=C\c(cccc3[N+](=O)[O-])c3O)nc(Nc(cc4)ccc4C)n1,Cc1ccc(Nc2nc(NN=Cc3cccc([N+](=O)[O-])c3O)nc(N3CCOCC3)n2)cc1,CO-ADD:0220810,ATCC 25922,11.53,32 ug/mL,0.0
183836,C(=O)(Oc1cccc(C)c1)Nc(cc2)ccc2I,Cc1cccc(OC(=O)Nc2ccc(I)cc2)c1,CO-ADD:0221650,ATCC 25922,12.21,32 ug/mL,0.0
183839,[n+]1(c2c(O)ccc(cccc3)c23)nc(c4[n-]1)non4,Oc1ccc2ccccc2c1-[n+]1nc2nonc2[n-]1,CO-ADD:0219327,ATCC 25922,-3.29,32 ug/mL,0.0
183852,n1c(c2)c(sc1N)ccc2[N+](=O)[O-],Nc1nc2cc([N+](=O)[O-])ccc2s1,CO-ADD:0233190,ATCC 25922,31.02,32 ug/mL,0.0
183861,N1(c2ccc(cc2)Cl)C(=O)CC(N(CC3)CCC3C(O)=O)C1=O,O=C(O)C1CCN(c2cc(O)n(-c3ccc(Cl)cc3)c2O)CC1,CO-ADD:0236131,ATCC 25922,4.96,32 ug/mL,0.0
183864,c1(N(CC2)CCO2)nc(N\N=C\c3ccccc3C)nc(Nc4cccc(cccc5)c45)n1,Cc1ccccc1/C=N/Nc1nc(Nc2cccc3ccccc23)nc(N2CCOCC2)n1,CO-ADD:0222335,ATCC 25922,-2.23,32 ug/mL,0.0
183886,c1(c(C)nn2c3ccccc3)c2OC(=C(C#N)C14c5c(NC4=O)ccc(Br)c5)N.[Na+],Cc1nn(-c2ccccc2)c2c1C1(C(=O)Nc3ccc(Br)cc31)C(C#N)C(=N)O2,CO-ADD:0227098,ATCC 25922,8.1,32 ug/mL,0.0
183893,c1(ccc(c(cccc2)c12)Br)CC(=O)N\N=C\c(ccc(c3I)O)c3,O=C(Cc1ccc(Br)c2ccccc12)NN=Cc1ccc(O)c(I)c1,CO-ADD:0222230,ATCC 25922,12.06,32 ug/mL,0.0
183897,c1(\C=N\CCCCCCCCCCCCCCCCCC)c(O)ccc(cccc2)c12,CCCCCCCCCCCCCCCCCCN=Cc1c(O)ccc2ccccc12,CO-ADD:0219991,ATCC 25922,15.29,32 ug/mL,0.0
184047,O=C(O1)C(OC2=CC=CC=C2)=C(Br)C1CN.Cl,NCC1OC(=O)C(Oc2ccccc2)=C1Br,CO-ADD:0159767,ATCC 25922,24.3,32 ug/mL,0.0
184185,S1(=O)(=O)c2c(C(NC(CC)CC)=N1)ccc(c2)[N+](=O)[O-],CCC(CC)N=C1NS(=O)(=O)c2cc([N+](=O)[O-])ccc21,CO-ADD:0244379,ATCC 25922,-3.43,32 ug/mL,0.0
184219,N1(\N=C\C=C\c(ccc2[N+](=O)[O-])o2)C(=S)SC(C)(C)C1N(O)C(=O)Nc3ccccc3,CC1(C)SC(=S)N(/N=C/C=C/c2ccc([N+](=O)[O-])o2)C1N(O)C(=O)Nc1ccccc1,CO-ADD:0228488,ATCC 25922,7.08,32 ug/mL,0.0
184231,C(O)(CC(=O)c(c12)ccc(cccc3)c13)(C(F)(F)F)O2,O=C1CC(O)(C(F)(F)F)Oc2c1ccc1ccccc21,CO-ADD:0235307,ATCC 25922,32.56,32 ug/mL,0.0
184240,c1(\C=N\Nc2ccccc2)c3c(oc1C)cccc3,Cc1oc2ccccc2c1/C=N/Nc1ccccc1,CO-ADD:0230046,ATCC 25922,4.26,32 ug/mL,0.0
184247,[N+](=O)([O-])c(ccc(c1\C=N\NC(CCc(cc2C(C)(C)C)cc(c2O)C(C)(C)C)=O)O)c1,CC(C)(C)c1cc(CCC(=O)NN=Cc2cc([N+](=O)[O-])ccc2O)cc(C(C)(C)C)c1O,CO-ADD:0230325,ATCC 25922,8.99,32 ug/mL,0.0
184249,[N+](=O)([O-])c1cc(ccc1Br)\C=N\c(cc2)ccc2OC,COc1ccc(/N=C/c2ccc(Br)c([N+](=O)[O-])c2)cc1,CO-ADD:0235027,ATCC 25922,4.24,32 ug/mL,0.0
184256,c(nc1)(nnc1C)Cc2ccccc2,Cc1cnc(Cc2ccccc2)nn1,CO-ADD:0288799,ATCC 25922,15.16,32 ug/mL,0.0
184262,C(C(=O)Nc1ccccc1)(=C(C)NC(=C2C#N)SCC(=O)Nc(cc3)ccc3Br)C2c4ccccc4OCC,CCOc1ccccc1C1C(C#N)=C(SCC(=O)Nc2ccc(Br)cc2)N=C(C)C1C(=O)Nc1ccccc1,CO-ADD:0293643,ATCC 25922,6.59,32 ug/mL,0.0
184334,c1(ccccc1C)NN.Cl,Cc1ccccc1NN,CO-ADD:0293655,ATCC 25922,4.72,32 ug/mL,0.0
184400,c1([N+](=O)[O-])nnn(C\C(\C)=N/NC(=O)c(cccn2)c2)n1,C/C(Cn1nnc([N+](=O)[O-])n1)=N/NC(=O)c1cccnc1,CO-ADD:0287151,ATCC 25922,21.1,32 ug/mL,0.0
184448,C(=C\c(ccc1c2ccc(cc2[N+](=O)[O-])Cl)o1)(/C(=O)NC(N3)=S)\C3=O,O=C1NC(=S)NC(=O)C1=Cc1ccc(-c2ccc(Cl)cc2[N+](=O)[O-])o1,CO-ADD:0255402,ATCC 25922,-2.46,32 ug/mL,0.0
184450,n1(C)c(cc2)c(c3c1ccc(c3)[N+](=O)[O-])cn2,Cn1c2ccncc2c2cc([N+](=O)[O-])ccc21,CO-ADD:0255097,ATCC 25922,97.91,32 ug/mL,1.0
184513,O=C(NCCN1CCOCC1)C2=C(C3CCCCC3)SC(NC(C4=CC(NC(C5=CN=C(/C=C/C6=CC=C(OC)C=C6)C=C5)=O)=CN4C)=O)=N2.OC(C(F)(F)F)=O.OC(C(F)(F)F)=O,COc1ccc(/C=C/c2ccc(C(=O)Nc3cc(C(=O)Nc4nc(C(=O)NCCN5CCOCC5)c(C5CCCCC5)s4)n(C)c3)cn2)cc1,CO-ADD:0137549,ATCC 25922,7.75,32 ug/mL,0.0
184541,c1(S(CCC)(=O)=O)c(C(OC)=O)n(c2c1S(CCC)(=O)=O)cccc2N,CCCS(=O)(=O)c1c(S(=O)(=O)CCC)c2c(N)cccn2c1C(=O)OC,CO-ADD:0290485,ATCC 25922,2.15,32 ug/mL,0.0
184550,C1(C2OC(C=C2)C1C(O)=O)C(=O)Nc(cc3)ccc3C(OCCCC)=O,CCCCOC(=O)c1ccc(NC(=O)C2C3C=CC(O3)C2C(=O)O)cc1,CO-ADD:0286101,ATCC 25922,5.59,32 ug/mL,0.0
184555,N1(c2ccc(cc2)Br)C(=O)C(CC1=O)NCc(cc3)ccc3F,Oc1cc(NCc2ccc(F)cc2)c(O)n1-c1ccc(Br)cc1,CO-ADD:0295969,ATCC 25922,0.84,32 ug/mL,0.0
184567,C1(=S)NC(NN1c2ccc(cc2)Cl)(C)CCC(C)C,CC(C)CCC1(C)NC(=S)N(c2ccc(Cl)cc2)N1,CO-ADD:0278232,ATCC 25922,5.8,32 ug/mL,0.0
184583,C(O)(=O)CCSCCCCCCCC,CCCCCCCCSCCC(=O)O,CO-ADD:0292919,ATCC 25922,2.28,32 ug/mL,0.0
184749,[n+]12c(c(ccc1)c3)c(OC2)cc3.[I-],c1cc2c3c(c1)ccc[n+]3CO2,CO-ADD:0302517,ATCC 25922,37.36,32 ug/mL,0.0
184841,n1cccc(C=CC(=O)c(c(O)ccc2)c2)c1,O=C(C=Cc1cccnc1)c1ccccc1O,CO-ADD:0135928,ATCC 25922,0.06,25 uM,0.0
184916,C(=S)(Nc(ccc(c1Cl)F)c1)N(Cc(cc2)ccc2N(C)C)Cc3ccco3,CN(C)c1ccc(CN(Cc2ccco2)C(=S)Nc2ccc(F)c(Cl)c2)cc1,CO-ADD:0307346,ATCC 25922,2.35,32 ug/mL,0.0
184959,N(C(=O)CSC1=NCCN1)(C2)C(C)(C)O[C@]23CCC(C(C45)CC[C@@]([H])(CCCC6)[C@@]46C)[C@]3(C)CC5.Cl,CC1(C)O[C@]2(CCC3C4CC[C@H]5CCCC[C@]5(C)C4CC[C@@]32C)CN1C(=O)CSC1=NCCN1,CO-ADD:0306317,ATCC 25922,5.65,32 ug/mL,0.0
184963,[C@@H]1(O)CC[C@@H](C[C@@H](C)[C@H]2OC([C@H]3N(C(C([C@]4(O)O[C@H](C[C@H](OC)C(C)=CC=CC=C[C@@H](C)C[C@@H](C)C(=O)[C@H](OC)[C@H](O)C(C)=C[C@@H](C)C(=O)C2)CC[C@H]4C)=O)=O)CCCC3)=O)C[C@H]1OC,COC1C(=O)C(C)C[C@H](C)C=CC=CC=C(C)[C@@H](OC)C[C@@H]2CC[C@@H](C)[C@@](O)(O2)C(=O)C(=O)N2CCCCC2C(=O)O[C@H]([C@H](C)C[C@@H]2CC[C@@H](O)[C@H](OC)C2)CC(=O)C(C)=CC(C)[C@H]1O,CO-ADD:0137239,ATCC 25922,2.82,25 uM,0.0
184965,N1=CN([H])c(c(C1=S)n2)n(C(CCC3)O3)c2,S=c1[nH]cnc2c1ncn2C1CCCO1,CO-ADD:0135922,ATCC 25922,-19.06,25 uM,0.0
184966,c1c(C(OC)C2C)c(O)c(NC(=O)C(C)=CC=C/C(C)C(OC(N)=O)C(C)=C/C(C)C(OC)C(OC)C2)cc1O,COC1CC(C)C(OC)c2cc(O)cc(c2O)NC(=O)C(C)=CC=CC(C)C(OC(N)=O)C(C)=CC(C)C1OC,CO-ADD:0137125,ATCC 25922,19.4,25 uM,0.0
184981,S(=O)(=O)(N\N=C\c(c(O)ccc1[N+](=O)[O-])c1)c(ccc(c2[N+](=O)[O-])C)c2,Cc1ccc(S(=O)(=O)NN=Cc2cc([N+](=O)[O-])ccc2O)cc1[N+](=O)[O-],CO-ADD:0162739,ATCC 25922,16.0,32 ug/mL,0.0
184993,[O-][N+](C1=CC(/C=N/NC(N/N=C/C2=CC=CC([N+]([O-])=O)=C2)=NN)=CC=C1)=O,NN=C(N/N=C/c1cccc([N+](=O)[O-])c1)N/N=C/c1cccc([N+](=O)[O-])c1,CO-ADD:0157371,ATCC 25922,-10.86,32 ug/mL,0.0
185077,ClCC1=CC=C(O)C2=C1C=CC=N2,Oc1ccc(CCl)c2cccnc12,CO-ADD:0154572,ATCC 25922,33.26,32 ug/mL,0.0
185088,O=C(CNC1=CC(C)=CC=C1)N/N=C(C)/C(C=C2)=CC=C2O,CC(=NNC(=O)CNc1cccc(C)c1)c1ccc(O)cc1,CO-ADD:0155365,ATCC 25922,4.35,32 ug/mL,0.0
185102,[N+](=O)([O-])c1cc(ccc1OC(=O)c2cccc(C)c2)\C=N\c3ccc(cc3C)C,Cc1cccc(C(=O)Oc2ccc(/C=N/c3ccc(C)cc3C)cc2[N+](=O)[O-])c1,CO-ADD:0217352,ATCC 25922,-9.22,32 ug/mL,0.0
185138,c1(N)c(O)ccc(Br)c1,Nc1cc(Br)ccc1O,CO-ADD:0283493,ATCC 25922,1.59,32 ug/mL,0.0
185165,N1(c2ccc(cc2)OCC)C(=O)C(CC1=O)S\C(\NC)=N\c3cc(Cl)cc(Cl)c3,CCOc1ccc(-n2c(O)cc(SC(=NC)Nc3cc(Cl)cc(Cl)c3)c2O)cc1,CO-ADD:0254060,ATCC 25922,0.53,32 ug/mL,0.0
185198,C(Nc(ccc(c1Cl)Cl)c1)(C(OCC)=O)(NC(C)=O)C(F)(F)F,CCOC(=O)C(NC(C)=O)(Nc1ccc(Cl)c(Cl)c1)C(F)(F)F,CO-ADD:0249154,ATCC 25922,-0.39,32 ug/mL,0.0
185204,O=C(NCCN1CCOCC1)C2=C(CCC3=CC=CC=C3)SC(NC(C4=CC(NC(C5=CN=C(/C=C/C6=CC=C(OC)C=C6)C=C5)=O)=CN4C)=O)=N2.OC(C(F)(F)F)=O.OC(C(F)(F)F)=O,COc1ccc(/C=C/c2ccc(C(=O)Nc3cc(C(=O)Nc4nc(C(=O)NCCN5CCOCC5)c(CCc5ccccc5)s4)n(C)c3)cn2)cc1,CO-ADD:0137582,ATCC 25922,75.68,32 ug/mL,0.0
185222,CC(C)CCC1=C(C(NCCCN(C)C)=O)N=C(NC(C2=CC(NC(C3=CC(NC(C4=CC(OC)=CC=C4)=N)=CN3C)=O)=CN2C)=O)S1.OC(C(F)(F)F)=O.OC(C(F)(F)F)=O,COc1cccc(C(=N)Nc2cc(C(=O)Nc3cc(C(=O)Nc4nc(C(=O)NCCCN(C)C)c(CCC(C)C)s4)n(C)c3)n(C)c2)c1,CO-ADD:0137551,ATCC 25922,1.78,32 ug/mL,0.0
185241,C(=C/c(cc1)ccc1N(C)c2ccccc2)(/C(=O)NC(N3)=S)\C3=O,CN(c1ccccc1)c1ccc(C=C2C(=O)NC(=S)NC2=O)cc1,CO-ADD:0230367,ATCC 25922,1.92,32 ug/mL,0.0
185244,c1(\C(\CCC2)=N\O)c2c3c(ccc(Cl)c3)[nH]1,ON=C1CCCc2c1[nH]c1ccc(Cl)cc21,CO-ADD:0232709,ATCC 25922,-3.58,32 ug/mL,0.0
185275,C(=N\c1c(C)cc(cc1C)C)(/C2=O)\c3c(N2)cc(Br)c(C)c3,Cc1cc(C)c(N=C2C(=O)Nc3cc(Br)c(C)cc32)c(C)c1,CO-ADD:0235503,ATCC 25922,-0.47,32 ug/mL,0.0
185412,C(=S)(c1ccc(cc1)C)N2CCCCC2,Cc1ccc(C(=S)N2CCCCC2)cc1,CO-ADD:0254583,ATCC 25922,16.43,32 ug/mL,0.0
185438,C(=O)(c1ccc(cc1)C)O\N=C(\C=C\c2ccccc2)/C=C/c3ccccc3,Cc1ccc(C(=O)ON=C(/C=C/c2ccccc2)/C=C/c2ccccc2)cc1,CO-ADD:0252838,ATCC 25922,10.11,32 ug/mL,0.0
185452,n1c(c2ccccc2)[nH]c(c3ccccc3)c1c(ccc(c45)c(c6C4=O)cccc6)c5,O=C1c2ccccc2-c2ccc(-c3[nH]c(-c4ccccc4)nc3-c3ccccc3)cc21,CO-ADD:0256808,ATCC 25922,-4.65,32 ug/mL,0.0
185454,c1(N2CCCCC2)sc(c(ccc3[N+](=O)[O-])n1)c3,O=[N+]([O-])c1ccc2nc(N3CCCCC3)sc2c1,CO-ADD:0254994,ATCC 25922,17.54,32 ug/mL,0.0
185477,C(Cl)(C(c1ccccc1)=O)c2ncc(cn2)c3ccccc3,O=C(c1ccccc1)C(Cl)c1ncc(-c2ccccc2)cn1,CO-ADD:0252357,ATCC 25922,19.28,32 ug/mL,0.0
185482,C(=C/c(ccc(c1[N+](=O)[O-])O)c1)(/C(=O)N(C)C(N2C)=O)\C2=O,CN1C(=O)C(=Cc2ccc(O)c([N+](=O)[O-])c2)C(=O)N(C)C1=O,CO-ADD:0252926,ATCC 25922,12.88,32 ug/mL,0.0
185494,n1(nnc(C)c1C(=O)N\N=C(/C)\Cn(nnc2[N+](=O)[O-])n2)c3nonc3N,C/C(Cn1nnc([N+](=O)[O-])n1)=N\NC(=O)c1c(C)nnn1-c1nonc1N,CO-ADD:0247579,ATCC 25922,7.06,32 ug/mL,0.0
185501,O=[N+]([O-])c1nc2n(ccnc2OCCc3ccc(OC(F)(F)F)cc3)c1,O=[N+]([O-])c1cn2ccnc(OCCc3ccc(OC(F)(F)F)cc3)c2n1,CO-ADD:0135134,ATCC 25922,,32 ug/mL,
186062,N1(Cc(ccc(c2Cl)Cl)c2)C(CCCC3)=C3C(C4=C1CCC4)=N,N=c1c2c(n(Cc3ccc(Cl)c(Cl)c3)c3c1CCC3)CCCC2,CO-ADD:0252581,ATCC 25922,-7.18,32 ug/mL,0.0
186063,O=C1N(CCOC(=O)C)C(C)=Cn(c12)cc([N+](=O)[O-])n2,CC(=O)OCCn1c(C)cn2cc([N+](=O)[O-])nc2c1=O,CO-ADD:0135142,ATCC 25922,,32 ug/mL,
186085,Cc1nc(OC)c2n(cc([N+](=O)[O-])n2)c1,COc1nc(C)cn2cc([N+](=O)[O-])nc12,CO-ADD:0135147,ATCC 25922,,32 ug/mL,
186097,C(/CC(=O)c1cccs1)(=N\NC(=O)c2cccc(Br)c2)\C(F)(F)F,O=C(NN=C(CC(=O)c1cccs1)C(F)(F)F)c1cccc(Br)c1,CO-ADD:0252276,ATCC 25922,16.34,32 ug/mL,0.0
187095,C1(=O)Oc(c2S1)ccc(c2)OC(=O)Nc3ccccc3,O=C(Nc1ccccc1)Oc1ccc2oc(=O)sc2c1,CO-ADD:0254468,ATCC 25922,23.94,32 ug/mL,0.0
187104,C(/C#N)(=C(\N[H])/C(Cl)(Cl)Cl)\C(=O)Nc1ccc(cn1)C,Cc1ccc(NC(=O)C(C#N)C(=N)C(Cl)(Cl)Cl)nc1,CO-ADD:0252982,ATCC 25922,23.12,32 ug/mL,0.0
187127,O=C1N=C(N2CCC3(O[C@@H](C)CO3)CC2)Sc(c14)c([N+](=O)[O-])cc(C(F)(F)F)c4,C[C@H]1COC2(CCN(c3nc(=O)c4cc(C(F)(F)F)cc([N+](=O)[O-])c4s3)CC2)O1,CO-ADD:0135132,ATCC 25922,,32 ug/mL,
188085,C(F)(F)(F)c(ccc(c1\N=C\c(cc(Cl)cc2Cl)c2O)Oc(cc3)ccc3Cl)c1,Oc1c(Cl)cc(Cl)cc1C=Nc1cc(C(F)(F)F)ccc1Oc1ccc(Cl)cc1,CO-ADD:0247951,ATCC 25922,5.9,32 ug/mL,0.0
188087,C1(C(Oc(c23)cc(c(C)c2)NCC)=CC(=[N+]([H])CC)C(C)=C1)=C3c4ccccc4C(OCC)=O.C(C(C)C)(=O)[O-],CCN=c1cc2oc3cc(NCC)c(C)cc3c(-c3ccccc3C(=O)OCC)c-2cc1C,CO-ADD:0252662,ATCC 25922,17.91,32 ug/mL,0.0
188093,C1(O)(CC(=NN1C(=O)c(cccc2[N+](=O)[O-])c2)C)C(F)(F)C(F)(F)C(F)(F)C(F)(F)C(F)(F)C(F)(F)F,CC1=NN(C(=O)c2cccc([N+](=O)[O-])c2)C(O)(C(F)(F)C(F)(F)C(F)(F)C(F)(F)C(F)(F)C(F)(F)F)C1,CO-ADD:0252609,ATCC 25922,5.99,32 ug/mL,0.0
188095,S(CCCC)(=O)(=O)\C=C\C=C/S(CCCC)(=O)=O,CCCCS(=O)(=O)/C=C\C=C\S(=O)(=O)CCCC,CO-ADD:0254491,ATCC 25922,9.89,32 ug/mL,0.0
188111,C1(C2=O)C(C(C=C3)OC13CO)C(N2c4ccc(cc4)C#N)=O,N#Cc1ccc(-n2c(O)c3c(c2O)C2(CO)C=CC3O2)cc1,CO-ADD:0254522,ATCC 25922,12.85,32 ug/mL,0.0
188137,C(/C#N)(=C/N=C(\C=C1)/C=CN1CCCCCCCCCCCCCCCC)\C(=O)C(OCC)=O,CCCCCCCCCCCCCCCCn1ccc(=N/C=C(\C#N)C(=O)C(=O)OCC)cc1,CO-ADD:0252627,ATCC 25922,91.3,32 ug/mL,1.0
188138,Cc1nc(OCc2ccc(OC(F)(F)F)cc2)c3n(cc([N+](=O)[O-])n3)c1C,Cc1nc(OCc2ccc(OC(F)(F)F)cc2)c2nc([N+](=O)[O-])cn2c1C,CO-ADD:0135141,ATCC 25922,,32 ug/mL,
