source,source_id,source_rows,smiles,canonical_isomeric_smiles,toxicity_label,safetynet_score,organism,antibacterial_source_rows,antibacterial_distinct_facts,antibacterial_hit_consensus,standardized_structure_join_agrees,antibacterial_concentration,cc50_reported,cc50_unit,toxicity_rule,toxicity_endpoint,toxicity_target_concentration,toxicity_target_unit,cc50_classification_reason,whole_form_molecular_weight_for_conversion,dmax_reported,antibacterial_rule
coadd,CO-ADD:0149881,56,FC1=CC2=C(C=C1N3CCNCC3)N(C4CC4)C([H])=C(C(NC5=CC=C(C6=NNC(O6)=S)C=C5)=O)C2=O.Cl,Cl.O=C(Nc1ccc(-c2n[nH]c(=S)o2)cc1)c1cn(C2CC2)c2cc(N3CCNCC3)c(F)cc2c1=O,1.0,0.1529077333333333,e_coli,16875,1,True,True,32 ug/mL,17.8,ug/mL,matched_antibacterial_dose,HEK293 CC50,32.0,ug/mL,exact_cc50,,96.25,supplied EC wild-type 80% inhibition hit
coadd,CO-ADD:0149881,56,FC1=CC2=C(C=C1N3CCNCC3)N(C4CC4)C([H])=C(C(NC5=CC=C(C6=NNC(O6)=S)C=C5)=O)C2=O.Cl,Cl.O=C(Nc1ccc(-c2n[nH]c(=S)o2)cc1)c1cn(C2CC2)c2cc(N3CCNCC3)c(F)cc2c1=O,0.0,0.1529077333333333,e_coli,16875,1,True,True,32 ug/mL,17.8,ug/mL,fixed_10_um,HEK293 CC50,10.0,uM,exact_cc50,543.0240000000002,96.25,supplied EC wild-type 80% inhibition hit
coadd,CO-ADD:0149881,56,FC1=CC2=C(C=C1N3CCNCC3)N(C4CC4)C([H])=C(C(NC5=CC=C(C6=NNC(O6)=S)C=C5)=O)C2=O.Cl,Cl.O=C(Nc1ccc(-c2n[nH]c(=S)o2)cc1)c1cn(C2CC2)c2cc(N3CCNCC3)c(F)cc2c1=O,1.0,0.1529077333333333,e_coli,16875,1,True,True,32 ug/mL,17.8,ug/mL,conventional_32_ug_ml_or_10_um,HEK293 CC50,32.0,ug/mL,exact_cc50,,96.25,supplied EC wild-type 80% inhibition hit
coadd,CO-ADD:0136780,73,c1c(c(ccc2)ccc1Sc(ccc(nc(N)n3)c4c3N)c4)c2.c1c(c(ccc2)ccc1Sc(ccc(nc(N)n3)c4c3N)c4)c2.CCO,CCO.Nc1nc(N)c2cc(Sc3ccc4ccccc4c3)ccc2n1.Nc1nc(N)c2cc(Sc3ccc4ccccc4c3)ccc2n1,1.0,0.893581395,e_coli,22776,1,True,True,25 uM,5.182,uM,matched_antibacterial_dose,HEK293 CC50,25.0,uM,exact_cc50,,84.95,supplied EC wild-type 80% inhibition hit
coadd,CO-ADD:0136780,73,c1c(c(ccc2)ccc1Sc(ccc(nc(N)n3)c4c3N)c4)c2.c1c(c(ccc2)ccc1Sc(ccc(nc(N)n3)c4c3N)c4)c2.CCO,CCO.Nc1nc(N)c2cc(Sc3ccc4ccccc4c3)ccc2n1.Nc1nc(N)c2cc(Sc3ccc4ccccc4c3)ccc2n1,1.0,0.893581395,e_coli,22776,1,True,True,25 uM,5.182,uM,fixed_10_um,HEK293 CC50,10.0,uM,exact_cc50,,84.95,supplied EC wild-type 80% inhibition hit
coadd,CO-ADD:0136780,73,c1c(c(ccc2)ccc1Sc(ccc(nc(N)n3)c4c3N)c4)c2.c1c(c(ccc2)ccc1Sc(ccc(nc(N)n3)c4c3N)c4)c2.CCO,CCO.Nc1nc(N)c2cc(Sc3ccc4ccccc4c3)ccc2n1.Nc1nc(N)c2cc(Sc3ccc4ccccc4c3)ccc2n1,1.0,0.893581395,e_coli,22776,1,True,True,25 uM,5.182,uM,conventional_32_ug_ml_or_10_um,HEK293 CC50,10.0,uM,exact_cc50,,84.95,supplied EC wild-type 80% inhibition hit
coadd,CO-ADD:0137572,90,O=C(N([H])C1=CN(C)C(C(N(C2=CN(C)C(C(N([H])CCC(N)=N)=O)=C2)[H])=O)=C1)C3=CC=C(/C=C/C4=CC=CC(OC)=C4)C=C3.OC(C(F)(F)F)=O,COc1cccc(/C=C/c2ccc(C(=O)Nc3cc(C(=O)Nc4cc(C(=O)NCCC(=N)N)n(C)c4)n(C)c3)cc2)c1.O=C(O)C(F)(F)F,1.0,0.3956966516666667,e_coli,11326;11407;11488,3,False,True,32 ug/mL,15.8,ug/mL,matched_antibacterial_dose,HEK293 CC50,32.0,ug/mL,exact_cc50,,68.52,supplied EC wild-type 80% inhibition hit
coadd,CO-ADD:0137572,90,O=C(N([H])C1=CN(C)C(C(N(C2=CN(C)C(C(N([H])CCC(N)=N)=O)=C2)[H])=O)=C1)C3=CC=C(/C=C/C4=CC=CC(OC)=C4)C=C3.OC(C(F)(F)F)=O,COc1cccc(/C=C/c2ccc(C(=O)Nc3cc(C(=O)Nc4cc(C(=O)NCCC(=N)N)n(C)c4)n(C)c3)cc2)c1.O=C(O)C(F)(F)F,0.0,0.3956966516666667,e_coli,11326;11407;11488,3,False,True,32 ug/mL,15.8,ug/mL,fixed_10_um,HEK293 CC50,10.0,uM,exact_cc50,681.6720000000004,68.52,supplied EC wild-type 80% inhibition hit
coadd,CO-ADD:0137572,90,O=C(N([H])C1=CN(C)C(C(N(C2=CN(C)C(C(N([H])CCC(N)=N)=O)=C2)[H])=O)=C1)C3=CC=C(/C=C/C4=CC=CC(OC)=C4)C=C3.OC(C(F)(F)F)=O,COc1cccc(/C=C/c2ccc(C(=O)Nc3cc(C(=O)Nc4cc(C(=O)NCCC(=N)N)n(C)c4)n(C)c3)cc2)c1.O=C(O)C(F)(F)F,1.0,0.3956966516666667,e_coli,11326;11407;11488,3,False,True,32 ug/mL,15.8,ug/mL,conventional_32_ug_ml_or_10_um,HEK293 CC50,32.0,ug/mL,exact_cc50,,68.52,supplied EC wild-type 80% inhibition hit
coadd,CO-ADD:0137574,91,CC(C)CCC1=C(C(NCCCN(C)C)=O)N=C(NC(C2=CC(NC(C3=CC(NC(N)=N)=CN3C)=O)=CN2C)=O)S1.OC(C(F)(F)F)=O.OC(C(F)(F)F)=O,CC(C)CCc1sc(NC(=O)c2cc(NC(=O)c3cc(NC(=N)N)cn3C)cn2C)nc1C(=O)NCCCN(C)C.O=C(O)C(F)(F)F.O=C(O)C(F)(F)F,1.0,0.8829937550000001,e_coli,67899,1,True,True,32 ug/mL,19.9,ug/mL,matched_antibacterial_dose,HEK293 CC50,32.0,ug/mL,exact_cc50,,95.2,supplied EC wild-type 80% inhibition hit
coadd,CO-ADD:0137574,91,CC(C)CCC1=C(C(NCCCN(C)C)=O)N=C(NC(C2=CC(NC(C3=CC(NC(N)=N)=CN3C)=O)=CN2C)=O)S1.OC(C(F)(F)F)=O.OC(C(F)(F)F)=O,CC(C)CCc1sc(NC(=O)c2cc(NC(=O)c3cc(NC(=N)N)cn3C)cn2C)nc1C(=O)NCCCN(C)C.O=C(O)C(F)(F)F.O=C(O)C(F)(F)F,0.0,0.8829937550000001,e_coli,67899,1,True,True,32 ug/mL,19.9,ug/mL,fixed_10_um,HEK293 CC50,10.0,uM,exact_cc50,812.7950000000004,95.2,supplied EC wild-type 80% inhibition hit
coadd,CO-ADD:0137574,91,CC(C)CCC1=C(C(NCCCN(C)C)=O)N=C(NC(C2=CC(NC(C3=CC(NC(N)=N)=CN3C)=O)=CN2C)=O)S1.OC(C(F)(F)F)=O.OC(C(F)(F)F)=O,CC(C)CCc1sc(NC(=O)c2cc(NC(=O)c3cc(NC(=N)N)cn3C)cn2C)nc1C(=O)NCCCN(C)C.O=C(O)C(F)(F)F.O=C(O)C(F)(F)F,1.0,0.8829937550000001,e_coli,67899,1,True,True,32 ug/mL,19.9,ug/mL,conventional_32_ug_ml_or_10_um,HEK293 CC50,32.0,ug/mL,exact_cc50,,95.2,supplied EC wild-type 80% inhibition hit
coadd,CO-ADD:0137576,92,O=C(N([H])C1=CN(C)C(C(N(C2=CN(C)C(C(N([H])CCC(N)=N)=O)=C2)[H])=O)=C1)C3=CC=C(/C=C/C4=CC=C(OC)C=C4)N=C3.OC(C(F)(F)F)=O.OC(C(F)(F)F)=O,COc1ccc(/C=C/c2ccc(C(=O)Nc3cc(C(=O)Nc4cc(C(=O)NCCC(=N)N)n(C)c4)n(C)c3)cn2)cc1.O=C(O)C(F)(F)F.O=C(O)C(F)(F)F,0.0,0.35124065,e_coli,99778,1,True,True,32 ug/mL,>32,ug/mL,matched_antibacterial_dose,HEK293 CC50,32.0,ug/mL,lower_bound_proves_nontoxic,,63.07,supplied EC wild-type 80% inhibition hit
coadd,CO-ADD:0137576,92,O=C(N([H])C1=CN(C)C(C(N(C2=CN(C)C(C(N([H])CCC(N)=N)=O)=C2)[H])=O)=C1)C3=CC=C(/C=C/C4=CC=C(OC)C=C4)N=C3.OC(C(F)(F)F)=O.OC(C(F)(F)F)=O,COc1ccc(/C=C/c2ccc(C(=O)Nc3cc(C(=O)Nc4cc(C(=O)NCCC(=N)N)n(C)c4)n(C)c3)cn2)cc1.O=C(O)C(F)(F)F.O=C(O)C(F)(F)F,0.0,0.35124065,e_coli,99778,1,True,True,32 ug/mL,>32,ug/mL,fixed_10_um,HEK293 CC50,10.0,uM,lower_bound_proves_nontoxic,796.6820000000005,63.07,supplied EC wild-type 80% inhibition hit
coadd,CO-ADD:0137576,92,O=C(N([H])C1=CN(C)C(C(N(C2=CN(C)C(C(N([H])CCC(N)=N)=O)=C2)[H])=O)=C1)C3=CC=C(/C=C/C4=CC=C(OC)C=C4)N=C3.OC(C(F)(F)F)=O.OC(C(F)(F)F)=O,COc1ccc(/C=C/c2ccc(C(=O)Nc3cc(C(=O)Nc4cc(C(=O)NCCC(=N)N)n(C)c4)n(C)c3)cn2)cc1.O=C(O)C(F)(F)F.O=C(O)C(F)(F)F,0.0,0.35124065,e_coli,99778,1,True,True,32 ug/mL,>32,ug/mL,conventional_32_ug_ml_or_10_um,HEK293 CC50,32.0,ug/mL,lower_bound_proves_nontoxic,,63.07,supplied EC wild-type 80% inhibition hit
coadd,CO-ADD:0137580,94,CN1C=C(NC(C(C=C2)=CC=C2/C=C/C3=CC(C=CC=C4)=C4N=C3)=O)C=C1C(NC5=CN(CCCC6=CC=CC=C6)C(C(NCCN7CCOCC7)=O)=C5)=O.OC(C(F)(F)F)=O.OC(C(F)(F)F)=O,Cn1cc(NC(=O)c2ccc(/C=C/c3cnc4ccccc4c3)cc2)cc1C(=O)Nc1cc(C(=O)NCCN2CCOCC2)n(CCCc2ccccc2)c1.O=C(O)C(F)(F)F.O=C(O)C(F)(F)F,1.0,0.2779685466666666,e_coli,88845;88861,2,False,True,32 ug/mL,9.49,ug/mL,matched_antibacterial_dose,HEK293 CC50,32.0,ug/mL,exact_cc50,,82.95,supplied EC wild-type 80% inhibition hit
coadd,CO-ADD:0137580,94,CN1C=C(NC(C(C=C2)=CC=C2/C=C/C3=CC(C=CC=C4)=C4N=C3)=O)C=C1C(NC5=CN(CCCC6=CC=CC=C6)C(C(NCCN7CCOCC7)=O)=C5)=O.OC(C(F)(F)F)=O.OC(C(F)(F)F)=O,Cn1cc(NC(=O)c2ccc(/C=C/c3cnc4ccccc4c3)cc2)cc1C(=O)Nc1cc(C(=O)NCCN2CCOCC2)n(CCCc2ccccc2)c1.O=C(O)C(F)(F)F.O=C(O)C(F)(F)F,1.0,0.2779685466666666,e_coli,88845;88861,2,False,True,32 ug/mL,9.49,ug/mL,fixed_10_um,HEK293 CC50,10.0,uM,exact_cc50,963.9330000000002,82.95,supplied EC wild-type 80% inhibition hit
coadd,CO-ADD:0137580,94,CN1C=C(NC(C(C=C2)=CC=C2/C=C/C3=CC(C=CC=C4)=C4N=C3)=O)C=C1C(NC5=CN(CCCC6=CC=CC=C6)C(C(NCCN7CCOCC7)=O)=C5)=O.OC(C(F)(F)F)=O.OC(C(F)(F)F)=O,Cn1cc(NC(=O)c2ccc(/C=C/c3cnc4ccccc4c3)cc2)cc1C(=O)Nc1cc(C(=O)NCCN2CCOCC2)n(CCCc2ccccc2)c1.O=C(O)C(F)(F)F.O=C(O)C(F)(F)F,1.0,0.2779685466666666,e_coli,88845;88861,2,False,True,32 ug/mL,9.49,ug/mL,conventional_32_ug_ml_or_10_um,HEK293 CC50,32.0,ug/mL,exact_cc50,,82.95,supplied EC wild-type 80% inhibition hit
coadd,CO-ADD:0137587,98,CN1C=C(NC(C2=CC(NC(C3=CN=C(/C=C/C4=CC=C(OC)C=C4)C=C3)=O)=CN2C)=O)C=C1C(N5CCC(OCCOC)CC5)=O.S(O)(O)(=O)=O,COCCOC1CCN(C(=O)c2cc(NC(=O)c3cc(NC(=O)c4ccc(/C=C/c5ccc(OC)cc5)nc4)cn3C)cn2C)CC1.O=S(=O)(O)O,1.0,0.21095997,e_coli,132912,1,True,True,32 ug/mL,15.5,ug/mL,matched_antibacterial_dose,HEK293 CC50,32.0,ug/mL,exact_cc50,,55.35,supplied EC wild-type 80% inhibition hit
coadd,CO-ADD:0137587,98,CN1C=C(NC(C2=CC(NC(C3=CN=C(/C=C/C4=CC=C(OC)C=C4)C=C3)=O)=CN2C)=O)C=C1C(N5CCC(OCCOC)CC5)=O.S(O)(O)(=O)=O,COCCOC1CCN(C(=O)c2cc(NC(=O)c3cc(NC(=O)c4ccc(/C=C/c5ccc(OC)cc5)nc4)cn3C)cn2C)CC1.O=S(=O)(O)O,0.0,0.21095997,e_coli,132912,1,True,True,32 ug/mL,15.5,ug/mL,fixed_10_um,HEK293 CC50,10.0,uM,exact_cc50,738.8200000000003,55.35,supplied EC wild-type 80% inhibition hit
coadd,CO-ADD:0137587,98,CN1C=C(NC(C2=CC(NC(C3=CN=C(/C=C/C4=CC=C(OC)C=C4)C=C3)=O)=CN2C)=O)C=C1C(N5CCC(OCCOC)CC5)=O.S(O)(O)(=O)=O,COCCOC1CCN(C(=O)c2cc(NC(=O)c3cc(NC(=O)c4ccc(/C=C/c5ccc(OC)cc5)nc4)cn3C)cn2C)CC1.O=S(=O)(O)O,1.0,0.21095997,e_coli,132912,1,True,True,32 ug/mL,15.5,ug/mL,conventional_32_ug_ml_or_10_um,HEK293 CC50,32.0,ug/mL,exact_cc50,,55.35,supplied EC wild-type 80% inhibition hit
coadd,CO-ADD:0137075,103,[Cl-].C(/c(ccc(N(CC)CC)c1)c1)(c(ccc(N(CC)CC)c2)c2)=C(/C=CC3=[N+](CC)/CC)C=C3,CCN(CC)c1ccc(C(=C2C=CC(=[N+](CC)CC)C=C2)c2ccc(N(CC)CC)cc2)cc1.[Cl-],1.0,0.72262851,e_coli,20791,1,True,True,25 uM,1.302,uM,matched_antibacterial_dose,HEK293 CC50,25.0,uM,exact_cc50,,111.75,supplied EC wild-type 80% inhibition hit
coadd,CO-ADD:0137075,103,[Cl-].C(/c(ccc(N(CC)CC)c1)c1)(c(ccc(N(CC)CC)c2)c2)=C(/C=CC3=[N+](CC)/CC)C=C3,CCN(CC)c1ccc(C(=C2C=CC(=[N+](CC)CC)C=C2)c2ccc(N(CC)CC)cc2)cc1.[Cl-],1.0,0.72262851,e_coli,20791,1,True,True,25 uM,1.302,uM,fixed_10_um,HEK293 CC50,10.0,uM,exact_cc50,,111.75,supplied EC wild-type 80% inhibition hit
coadd,CO-ADD:0137075,103,[Cl-].C(/c(ccc(N(CC)CC)c1)c1)(c(ccc(N(CC)CC)c2)c2)=C(/C=CC3=[N+](CC)/CC)C=C3,CCN(CC)c1ccc(C(=C2C=CC(=[N+](CC)CC)C=C2)c2ccc(N(CC)CC)cc2)cc1.[Cl-],1.0,0.72262851,e_coli,20791,1,True,True,25 uM,1.302,uM,conventional_32_ug_ml_or_10_um,HEK293 CC50,10.0,uM,exact_cc50,,111.75,supplied EC wild-type 80% inhibition hit
coadd,CO-ADD:0137609,108,CN1C=C(NC(C(C=C2)=CC=C2/C=C/C3=CC(OC)=CC=C3)=O)C=C1C(NC4=CN(CCCC5=CC=CC=C5)C(C(NCCN6CCCCC6)=O)=C4)=O.OC(C(F)(F)F)=O,COc1cccc(/C=C/c2ccc(C(=O)Nc3cc(C(=O)Nc4cc(C(=O)NCCN5CCCCC5)n(CCCc5ccccc5)c4)n(C)c3)cc2)c1.O=C(O)C(F)(F)F,1.0,0.5709888049999999,e_coli,25623,1,True,True,32 ug/mL,16,ug/mL,matched_antibacterial_dose,HEK293 CC50,32.0,ug/mL,exact_cc50,,61.35,supplied EC wild-type 80% inhibition hit
coadd,CO-ADD:0137609,108,CN1C=C(NC(C(C=C2)=CC=C2/C=C/C3=CC(OC)=CC=C3)=O)C=C1C(NC4=CN(CCCC5=CC=CC=C5)C(C(NCCN6CCCCC6)=O)=C4)=O.OC(C(F)(F)F)=O,COc1cccc(/C=C/c2ccc(C(=O)Nc3cc(C(=O)Nc4cc(C(=O)NCCN5CCCCC5)n(CCCc5ccccc5)c4)n(C)c3)cc2)c1.O=C(O)C(F)(F)F,0.0,0.5709888049999999,e_coli,25623,1,True,True,32 ug/mL,16,ug/mL,fixed_10_um,HEK293 CC50,10.0,uM,exact_cc50,826.9169999999999,61.35,supplied EC wild-type 80% inhibition hit
coadd,CO-ADD:0137609,108,CN1C=C(NC(C(C=C2)=CC=C2/C=C/C3=CC(OC)=CC=C3)=O)C=C1C(NC4=CN(CCCC5=CC=CC=C5)C(C(NCCN6CCCCC6)=O)=C4)=O.OC(C(F)(F)F)=O,COc1cccc(/C=C/c2ccc(C(=O)Nc3cc(C(=O)Nc4cc(C(=O)NCCN5CCCCC5)n(CCCc5ccccc5)c4)n(C)c3)cc2)c1.O=C(O)C(F)(F)F,1.0,0.5709888049999999,e_coli,25623,1,True,True,32 ug/mL,16,ug/mL,conventional_32_ug_ml_or_10_um,HEK293 CC50,32.0,ug/mL,exact_cc50,,61.35,supplied EC wild-type 80% inhibition hit
coadd,CO-ADD:0137116,112,N1(C)C=CC(c(cc([N+](=O)[O-])c2)c1c2)=N/c(ccc3C(Nc(ccc(c4)N=C(/C=CN5C)C=C5)c4)=O)cc3,Cn1ccc(=Nc2ccc(NC(=O)c3ccc(N=c4ccn(C)c5ccc([N+](=O)[O-])cc45)cc3)cc2)cc1,,0.355250755,e_coli,56463,1,True,True,25 uM,>10,uM,matched_antibacterial_dose,HEK293 CC50,25.0,uM,censoring_interval_straddles_threshold,,33.3,supplied EC wild-type 80% inhibition hit
coadd,CO-ADD:0137116,112,N1(C)C=CC(c(cc([N+](=O)[O-])c2)c1c2)=N/c(ccc3C(Nc(ccc(c4)N=C(/C=CN5C)C=C5)c4)=O)cc3,Cn1ccc(=Nc2ccc(NC(=O)c3ccc(N=c4ccn(C)c5ccc([N+](=O)[O-])cc45)cc3)cc2)cc1,0.0,0.355250755,e_coli,56463,1,True,True,25 uM,>10,uM,fixed_10_um,HEK293 CC50,10.0,uM,lower_bound_proves_nontoxic,,33.3,supplied EC wild-type 80% inhibition hit
coadd,CO-ADD:0137116,112,N1(C)C=CC(c(cc([N+](=O)[O-])c2)c1c2)=N/c(ccc3C(Nc(ccc(c4)N=C(/C=CN5C)C=C5)c4)=O)cc3,Cn1ccc(=Nc2ccc(NC(=O)c3ccc(N=c4ccn(C)c5ccc([N+](=O)[O-])cc45)cc3)cc2)cc1,0.0,0.355250755,e_coli,56463,1,True,True,25 uM,>10,uM,conventional_32_ug_ml_or_10_um,HEK293 CC50,10.0,uM,lower_bound_proves_nontoxic,,33.3,supplied EC wild-type 80% inhibition hit
coadd,CO-ADD:0137133,118,c1cc(c(c(CCO)c([N+](=O)[O-])o2)c2cc3)c3cc1,O=[N+]([O-])c1oc2ccc3ccccc3c2c1CCO,1.0,0.4800918533333334,e_coli,144119,1,True,True,25 uM,4.707,uM,matched_antibacterial_dose,HEK293 CC50,25.0,uM,exact_cc50,,54.55,supplied EC wild-type 80% inhibition hit
coadd,CO-ADD:0137133,118,c1cc(c(c(CCO)c([N+](=O)[O-])o2)c2cc3)c3cc1,O=[N+]([O-])c1oc2ccc3ccccc3c2c1CCO,1.0,0.4800918533333334,e_coli,144119,1,True,True,25 uM,4.707,uM,fixed_10_um,HEK293 CC50,10.0,uM,exact_cc50,,54.55,supplied EC wild-type 80% inhibition hit
coadd,CO-ADD:0137133,118,c1cc(c(c(CCO)c([N+](=O)[O-])o2)c2cc3)c3cc1,O=[N+]([O-])c1oc2ccc3ccccc3c2c1CCO,1.0,0.4800918533333334,e_coli,144119,1,True,True,25 uM,4.707,uM,conventional_32_ug_ml_or_10_um,HEK293 CC50,10.0,uM,exact_cc50,,54.55,supplied EC wild-type 80% inhibition hit
coadd,CO-ADD:0137617,122,CN1C=C(NC(C2=CC(NC(C3=CN=C(/C=C/C4=CC=C(OC)C=C4)C=C3)=O)=CN2C)=O)C=C1C(NCCN5CCC(O)CC5)=O.OC(C(F)(F)F)=O.OC(C(F)(F)F)=O,COc1ccc(/C=C/c2ccc(C(=O)Nc3cc(C(=O)Nc4cc(C(=O)NCCN5CCC(O)CC5)n(C)c4)n(C)c3)cn2)cc1.O=C(O)C(F)(F)F.O=C(O)C(F)(F)F,0.0,0.172191625,e_coli,114886,1,True,True,32 ug/mL,>32,ug/mL,matched_antibacterial_dose,HEK293 CC50,32.0,ug/mL,lower_bound_proves_nontoxic,,30.47,supplied EC wild-type 80% inhibition hit
coadd,CO-ADD:0137617,122,CN1C=C(NC(C2=CC(NC(C3=CN=C(/C=C/C4=CC=C(OC)C=C4)C=C3)=O)=CN2C)=O)C=C1C(NCCN5CCC(O)CC5)=O.OC(C(F)(F)F)=O.OC(C(F)(F)F)=O,COc1ccc(/C=C/c2ccc(C(=O)Nc3cc(C(=O)Nc4cc(C(=O)NCCN5CCC(O)CC5)n(C)c4)n(C)c3)cn2)cc1.O=C(O)C(F)(F)F.O=C(O)C(F)(F)F,0.0,0.172191625,e_coli,114886,1,True,True,32 ug/mL,>32,ug/mL,fixed_10_um,HEK293 CC50,10.0,uM,lower_bound_proves_nontoxic,853.7740000000005,30.47,supplied EC wild-type 80% inhibition hit
coadd,CO-ADD:0137617,122,CN1C=C(NC(C2=CC(NC(C3=CN=C(/C=C/C4=CC=C(OC)C=C4)C=C3)=O)=CN2C)=O)C=C1C(NCCN5CCC(O)CC5)=O.OC(C(F)(F)F)=O.OC(C(F)(F)F)=O,COc1ccc(/C=C/c2ccc(C(=O)Nc3cc(C(=O)Nc4cc(C(=O)NCCN5CCC(O)CC5)n(C)c4)n(C)c3)cn2)cc1.O=C(O)C(F)(F)F.O=C(O)C(F)(F)F,0.0,0.172191625,e_coli,114886,1,True,True,32 ug/mL,>32,ug/mL,conventional_32_ug_ml_or_10_um,HEK293 CC50,32.0,ug/mL,lower_bound_proves_nontoxic,,30.47,supplied EC wild-type 80% inhibition hit
coadd,CO-ADD:0137636,126,c1(C(=O)NN=Cc(cc(Cl)cc2Br)c2O)nonc1N,Nc1nonc1C(=O)NN=Cc1cc(Cl)cc(Br)c1O,0.0,0.7628663066666665,e_coli,104312,1,True,True,32 ug/mL,>32,ug/mL,matched_antibacterial_dose,HEK293 CC50,32.0,ug/mL,lower_bound_proves_nontoxic,,12.6,supplied EC wild-type 80% inhibition hit
coadd,CO-ADD:0137636,126,c1(C(=O)NN=Cc(cc(Cl)cc2Br)c2O)nonc1N,Nc1nonc1C(=O)NN=Cc1cc(Cl)cc(Br)c1O,0.0,0.7628663066666665,e_coli,104312,1,True,True,32 ug/mL,>32,ug/mL,fixed_10_um,HEK293 CC50,10.0,uM,lower_bound_proves_nontoxic,360.5550000000001,12.6,supplied EC wild-type 80% inhibition hit
coadd,CO-ADD:0137636,126,c1(C(=O)NN=Cc(cc(Cl)cc2Br)c2O)nonc1N,Nc1nonc1C(=O)NN=Cc1cc(Cl)cc(Br)c1O,0.0,0.7628663066666665,e_coli,104312,1,True,True,32 ug/mL,>32,ug/mL,conventional_32_ug_ml_or_10_um,HEK293 CC50,32.0,ug/mL,lower_bound_proves_nontoxic,,12.6,supplied EC wild-type 80% inhibition hit
coadd,CO-ADD:0135797,128,c1c(C=[N+](CCO)/[O-])oc([N+](=O)[O-])c1,O=[N+]([O-])c1ccc(C=[N+]([O-])CCO)o1,,0.10582508,e_coli,145859,1,True,True,25 uM,>10,uM,matched_antibacterial_dose,HEK293 CC50,25.0,uM,censoring_interval_straddles_threshold,,34.4,supplied EC wild-type 80% inhibition hit
coadd,CO-ADD:0135797,128,c1c(C=[N+](CCO)/[O-])oc([N+](=O)[O-])c1,O=[N+]([O-])c1ccc(C=[N+]([O-])CCO)o1,0.0,0.10582508,e_coli,145859,1,True,True,25 uM,>10,uM,fixed_10_um,HEK293 CC50,10.0,uM,lower_bound_proves_nontoxic,,34.4,supplied EC wild-type 80% inhibition hit
coadd,CO-ADD:0135797,128,c1c(C=[N+](CCO)/[O-])oc([N+](=O)[O-])c1,O=[N+]([O-])c1ccc(C=[N+]([O-])CCO)o1,0.0,0.10582508,e_coli,145859,1,True,True,25 uM,>10,uM,conventional_32_ug_ml_or_10_um,HEK293 CC50,10.0,uM,lower_bound_proves_nontoxic,,34.4,supplied EC wild-type 80% inhibition hit
coadd,CO-ADD:0136621,139,O=C1C(N)=C(C)C(C2=C1C(COC(N)=O)C(OC)(C3C(C4)N3C)N24)=O,COC12C(COC(N)=O)C3=C(C(=O)C(C)=C(N)C3=O)N1CC1C2N1C,,0.6515651816666667,e_coli,104446,1,True,True,25 uM,>10,uM,matched_antibacterial_dose,HEK293 CC50,25.0,uM,censoring_interval_straddles_threshold,,42.2,supplied EC wild-type 80% inhibition hit
coadd,CO-ADD:0136621,139,O=C1C(N)=C(C)C(C2=C1C(COC(N)=O)C(OC)(C3C(C4)N3C)N24)=O,COC12C(COC(N)=O)C3=C(C(=O)C(C)=C(N)C3=O)N1CC1C2N1C,0.0,0.6515651816666667,e_coli,104446,1,True,True,25 uM,>10,uM,fixed_10_um,HEK293 CC50,10.0,uM,lower_bound_proves_nontoxic,,42.2,supplied EC wild-type 80% inhibition hit
coadd,CO-ADD:0136621,139,O=C1C(N)=C(C)C(C2=C1C(COC(N)=O)C(OC)(C3C(C4)N3C)N24)=O,COC12C(COC(N)=O)C3=C(C(=O)C(C)=C(N)C3=O)N1CC1C2N1C,0.0,0.6515651816666667,e_coli,104446,1,True,True,25 uM,>10,uM,conventional_32_ug_ml_or_10_um,HEK293 CC50,10.0,uM,lower_bound_proves_nontoxic,,42.2,supplied EC wild-type 80% inhibition hit
coadd,CO-ADD:0136969,145,c1cc2c(ccc(nc(N)n3)c2c3N)n1Cc4ccc(N)cc4.Cl.Cl,Cl.Cl.Nc1ccc(Cn2ccc3c4c(N)nc(N)nc4ccc32)cc1,,0.8789978166666667,e_coli,16425,1,True,True,25 uM,>10,uM,matched_antibacterial_dose,HEK293 CC50,25.0,uM,censoring_interval_straddles_threshold,,22.05,supplied EC wild-type 80% inhibition hit
coadd,CO-ADD:0136969,145,c1cc2c(ccc(nc(N)n3)c2c3N)n1Cc4ccc(N)cc4.Cl.Cl,Cl.Cl.Nc1ccc(Cn2ccc3c4c(N)nc(N)nc4ccc32)cc1,0.0,0.8789978166666667,e_coli,16425,1,True,True,25 uM,>10,uM,fixed_10_um,HEK293 CC50,10.0,uM,lower_bound_proves_nontoxic,,22.05,supplied EC wild-type 80% inhibition hit
coadd,CO-ADD:0136969,145,c1cc2c(ccc(nc(N)n3)c2c3N)n1Cc4ccc(N)cc4.Cl.Cl,Cl.Cl.Nc1ccc(Cn2ccc3c4c(N)nc(N)nc4ccc32)cc1,0.0,0.8789978166666667,e_coli,16425,1,True,True,25 uM,>10,uM,conventional_32_ug_ml_or_10_um,HEK293 CC50,10.0,uM,lower_bound_proves_nontoxic,,22.05,supplied EC wild-type 80% inhibition hit
coadd,CO-ADD:0136975,146,[C@@H]1(O)[C@@]([C@@H](NC(=O)[C@](C)(N)[H])[C@@](C)(C(Cl)Cl)O2)(C(C2=O)=C(O)C[C@H]1O)[H],C[C@H](N)C(=O)N[C@@H]1[C@H]2C(=C(O)C[C@@H](O)[C@@H]2O)C(=O)O[C@]1(C)C(Cl)Cl,1.0,0.1359693041666666,e_coli,168173;168189,2,True,True,25 uM,1.18,uM,matched_antibacterial_dose,HEK293 CC50,25.0,uM,exact_cc50,,73.6,supplied EC wild-type 80% inhibition hit
coadd,CO-ADD:0136975,146,[C@@H]1(O)[C@@]([C@@H](NC(=O)[C@](C)(N)[H])[C@@](C)(C(Cl)Cl)O2)(C(C2=O)=C(O)C[C@H]1O)[H],C[C@H](N)C(=O)N[C@@H]1[C@H]2C(=C(O)C[C@@H](O)[C@@H]2O)C(=O)O[C@]1(C)C(Cl)Cl,1.0,0.1359693041666666,e_coli,168173;168189,2,True,True,25 uM,1.18,uM,fixed_10_um,HEK293 CC50,10.0,uM,exact_cc50,,73.6,supplied EC wild-type 80% inhibition hit
coadd,CO-ADD:0136975,146,[C@@H]1(O)[C@@]([C@@H](NC(=O)[C@](C)(N)[H])[C@@](C)(C(Cl)Cl)O2)(C(C2=O)=C(O)C[C@H]1O)[H],C[C@H](N)C(=O)N[C@@H]1[C@H]2C(=C(O)C[C@@H](O)[C@@H]2O)C(=O)O[C@]1(C)C(Cl)Cl,1.0,0.1359693041666666,e_coli,168173;168189,2,True,True,25 uM,1.18,uM,conventional_32_ug_ml_or_10_um,HEK293 CC50,10.0,uM,exact_cc50,,73.6,supplied EC wild-type 80% inhibition hit
coadd,CO-ADD:0160212,194,N#CCS(C1=C([N+]([O-])=O)N=CN1C)=O,Cn1cnc([N+](=O)[O-])c1S(=O)CC#N,1.0,0.155176185,e_coli,163639,1,True,True,32 ug/mL,4.87,ug/mL,matched_antibacterial_dose,HEK293 CC50,32.0,ug/mL,exact_cc50,,99.8,supplied EC wild-type 80% inhibition hit
coadd,CO-ADD:0160212,194,N#CCS(C1=C([N+]([O-])=O)N=CN1C)=O,Cn1cnc([N+](=O)[O-])c1S(=O)CC#N,0.0,0.155176185,e_coli,163639,1,True,True,32 ug/mL,4.87,ug/mL,fixed_10_um,HEK293 CC50,10.0,uM,exact_cc50,214.206,99.8,supplied EC wild-type 80% inhibition hit
coadd,CO-ADD:0160212,194,N#CCS(C1=C([N+]([O-])=O)N=CN1C)=O,Cn1cnc([N+](=O)[O-])c1S(=O)CC#N,1.0,0.155176185,e_coli,163639,1,True,True,32 ug/mL,4.87,ug/mL,conventional_32_ug_ml_or_10_um,HEK293 CC50,32.0,ug/mL,exact_cc50,,99.8,supplied EC wild-type 80% inhibition hit
coadd,CO-ADD:0164678,239,COc1c(N2C[C@@H]3CCCN[C@@H]3C2)c(F)cc2c1n(cc(C(O)=O)c2=O)C1CC1.Cl,COc1c(N2C[C@@H]3CCCN[C@@H]3C2)c(F)cc2c(=O)c(C(=O)O)cn(C3CC3)c12.Cl,,0.0393952675,e_coli,48801,1,True,True,20 uM,>10,uM,matched_antibacterial_dose,HEK293 CC50,20.0,uM,censoring_interval_straddles_threshold,,29.05,supplied EC wild-type 80% inhibition hit
coadd,CO-ADD:0164678,239,COc1c(N2C[C@@H]3CCCN[C@@H]3C2)c(F)cc2c1n(cc(C(O)=O)c2=O)C1CC1.Cl,COc1c(N2C[C@@H]3CCCN[C@@H]3C2)c(F)cc2c(=O)c(C(=O)O)cn(C3CC3)c12.Cl,0.0,0.0393952675,e_coli,48801,1,True,True,20 uM,>10,uM,fixed_10_um,HEK293 CC50,10.0,uM,lower_bound_proves_nontoxic,,29.05,supplied EC wild-type 80% inhibition hit
coadd,CO-ADD:0164678,239,COc1c(N2C[C@@H]3CCCN[C@@H]3C2)c(F)cc2c1n(cc(C(O)=O)c2=O)C1CC1.Cl,COc1c(N2C[C@@H]3CCCN[C@@H]3C2)c(F)cc2c(=O)c(C(=O)O)cn(C3CC3)c12.Cl,0.0,0.0393952675,e_coli,48801,1,True,True,20 uM,>10,uM,conventional_32_ug_ml_or_10_um,HEK293 CC50,10.0,uM,lower_bound_proves_nontoxic,,29.05,supplied EC wild-type 80% inhibition hit
coadd,CO-ADD:0164876,278,CO[C@H]1C=CO[C@@]2(C)Oc3c(C2=O)c2c4nc5cc(C)ccn5c4c(NC(=O)C(C)=CC=C[C@H](C)[C@H](O)[C@@H](C)[C@@H](O)[C@@H](C)[C@H](OC(C)=O)[C@@H]1C)c(O)c2c(O)c3C,CO[C@H]1C=CO[C@@]2(C)Oc3c(C)c(O)c4c(O)c(c5c(nc6cc(C)ccn65)c4c3C2=O)NC(=O)C(C)=CC=C[C@H](C)[C@H](O)[C@@H](C)[C@@H](O)[C@@H](C)[C@H](OC(C)=O)[C@@H]1C,,0.1778008049999999,e_coli,5878,1,True,True,20 uM,>10,uM,matched_antibacterial_dose,HEK293 CC50,20.0,uM,censoring_interval_straddles_threshold,,16.5,supplied EC wild-type 80% inhibition hit
coadd,CO-ADD:0164876,278,CO[C@H]1C=CO[C@@]2(C)Oc3c(C2=O)c2c4nc5cc(C)ccn5c4c(NC(=O)C(C)=CC=C[C@H](C)[C@H](O)[C@@H](C)[C@@H](O)[C@@H](C)[C@H](OC(C)=O)[C@@H]1C)c(O)c2c(O)c3C,CO[C@H]1C=CO[C@@]2(C)Oc3c(C)c(O)c4c(O)c(c5c(nc6cc(C)ccn65)c4c3C2=O)NC(=O)C(C)=CC=C[C@H](C)[C@H](O)[C@@H](C)[C@@H](O)[C@@H](C)[C@H](OC(C)=O)[C@@H]1C,0.0,0.1778008049999999,e_coli,5878,1,True,True,20 uM,>10,uM,fixed_10_um,HEK293 CC50,10.0,uM,lower_bound_proves_nontoxic,,16.5,supplied EC wild-type 80% inhibition hit
coadd,CO-ADD:0164876,278,CO[C@H]1C=CO[C@@]2(C)Oc3c(C2=O)c2c4nc5cc(C)ccn5c4c(NC(=O)C(C)=CC=C[C@H](C)[C@H](O)[C@@H](C)[C@@H](O)[C@@H](C)[C@H](OC(C)=O)[C@@H]1C)c(O)c2c(O)c3C,CO[C@H]1C=CO[C@@]2(C)Oc3c(C)c(O)c4c(O)c(c5c(nc6cc(C)ccn65)c4c3C2=O)NC(=O)C(C)=CC=C[C@H](C)[C@H](O)[C@@H](C)[C@@H](O)[C@@H](C)[C@H](OC(C)=O)[C@@H]1C,0.0,0.1778008049999999,e_coli,5878,1,True,True,20 uM,>10,uM,conventional_32_ug_ml_or_10_um,HEK293 CC50,10.0,uM,lower_bound_proves_nontoxic,,16.5,supplied EC wild-type 80% inhibition hit
coadd,CO-ADD:0164880,279,Nc1nc(cs1)C(=N\O)\C(=O)N[C@H]1[C@H]2SCC(C=C)=C(N2C1=O)C(O)=O,C=CC1=C(C(=O)O)N2C(=O)[C@@H](NC(=O)/C(=N\O)c3csc(N)n3)[C@H]2SC1,,0.0246008968333333,e_coli,90505,1,True,True,20 uM,>10,uM,matched_antibacterial_dose,HEK293 CC50,20.0,uM,censoring_interval_straddles_threshold,,20.95,supplied EC wild-type 80% inhibition hit
coadd,CO-ADD:0164880,279,Nc1nc(cs1)C(=N\O)\C(=O)N[C@H]1[C@H]2SCC(C=C)=C(N2C1=O)C(O)=O,C=CC1=C(C(=O)O)N2C(=O)[C@@H](NC(=O)/C(=N\O)c3csc(N)n3)[C@H]2SC1,0.0,0.0246008968333333,e_coli,90505,1,True,True,20 uM,>10,uM,fixed_10_um,HEK293 CC50,10.0,uM,lower_bound_proves_nontoxic,,20.95,supplied EC wild-type 80% inhibition hit
coadd,CO-ADD:0164880,279,Nc1nc(cs1)C(=N\O)\C(=O)N[C@H]1[C@H]2SCC(C=C)=C(N2C1=O)C(O)=O,C=CC1=C(C(=O)O)N2C(=O)[C@@H](NC(=O)/C(=N\O)c3csc(N)n3)[C@H]2SC1,0.0,0.0246008968333333,e_coli,90505,1,True,True,20 uM,>10,uM,conventional_32_ug_ml_or_10_um,HEK293 CC50,10.0,uM,lower_bound_proves_nontoxic,,20.95,supplied EC wild-type 80% inhibition hit
coadd,CO-ADD:0164803,331,Oc1c(Cl)cc(Cl)c2cccnc12,Oc1c(Cl)cc(Cl)c2cccnc12,,0.5188758033333333,e_coli,5880,1,True,True,20 uM,>10,uM,matched_antibacterial_dose,HEK293 CC50,20.0,uM,censoring_interval_straddles_threshold,,24.7,supplied EC wild-type 80% inhibition hit
coadd,CO-ADD:0164803,331,Oc1c(Cl)cc(Cl)c2cccnc12,Oc1c(Cl)cc(Cl)c2cccnc12,0.0,0.5188758033333333,e_coli,5880,1,True,True,20 uM,>10,uM,fixed_10_um,HEK293 CC50,10.0,uM,lower_bound_proves_nontoxic,,24.7,supplied EC wild-type 80% inhibition hit
coadd,CO-ADD:0164803,331,Oc1c(Cl)cc(Cl)c2cccnc12,Oc1c(Cl)cc(Cl)c2cccnc12,0.0,0.5188758033333333,e_coli,5880,1,True,True,20 uM,>10,uM,conventional_32_ug_ml_or_10_um,HEK293 CC50,10.0,uM,lower_bound_proves_nontoxic,,24.7,supplied EC wild-type 80% inhibition hit
coadd,CO-ADD:0164809,332,CO[C@]1(NC(=O)Cc2cccs2)[C@H]2SCC(COC(N)=O)=C(N2C1=O)C([O-])=O.[Na+],CO[C@@]1(NC(=O)Cc2cccs2)C(=O)N2C(C(=O)[O-])=C(COC(N)=O)CS[C@@H]21.[Na+],,0.0190921293333333,e_coli,129573,1,True,True,20 uM,>10,uM,matched_antibacterial_dose,HEK293 CC50,20.0,uM,censoring_interval_straddles_threshold,,23.95,supplied EC wild-type 80% inhibition hit
coadd,CO-ADD:0164809,332,CO[C@]1(NC(=O)Cc2cccs2)[C@H]2SCC(COC(N)=O)=C(N2C1=O)C([O-])=O.[Na+],CO[C@@]1(NC(=O)Cc2cccs2)C(=O)N2C(C(=O)[O-])=C(COC(N)=O)CS[C@@H]21.[Na+],0.0,0.0190921293333333,e_coli,129573,1,True,True,20 uM,>10,uM,fixed_10_um,HEK293 CC50,10.0,uM,lower_bound_proves_nontoxic,,23.95,supplied EC wild-type 80% inhibition hit
coadd,CO-ADD:0164809,332,CO[C@]1(NC(=O)Cc2cccs2)[C@H]2SCC(COC(N)=O)=C(N2C1=O)C([O-])=O.[Na+],CO[C@@]1(NC(=O)Cc2cccs2)C(=O)N2C(C(=O)[O-])=C(COC(N)=O)CS[C@@H]21.[Na+],0.0,0.0190921293333333,e_coli,129573,1,True,True,20 uM,>10,uM,conventional_32_ug_ml_or_10_um,HEK293 CC50,10.0,uM,lower_bound_proves_nontoxic,,23.95,supplied EC wild-type 80% inhibition hit
coadd,CO-ADD:0164826,334,CCn1cc(C(O)=O)c(=O)c2ccc(C)nc12,CCn1cc(C(=O)O)c(=O)c2ccc(C)nc21,,0.0358008125,e_coli,53753,1,True,True,20 uM,>10,uM,matched_antibacterial_dose,HEK293 CC50,20.0,uM,censoring_interval_straddles_threshold,,20.9,supplied EC wild-type 80% inhibition hit
coadd,CO-ADD:0164826,334,CCn1cc(C(O)=O)c(=O)c2ccc(C)nc12,CCn1cc(C(=O)O)c(=O)c2ccc(C)nc21,0.0,0.0358008125,e_coli,53753,1,True,True,20 uM,>10,uM,fixed_10_um,HEK293 CC50,10.0,uM,lower_bound_proves_nontoxic,,20.9,supplied EC wild-type 80% inhibition hit
coadd,CO-ADD:0164826,334,CCn1cc(C(O)=O)c(=O)c2ccc(C)nc12,CCn1cc(C(=O)O)c(=O)c2ccc(C)nc21,0.0,0.0358008125,e_coli,53753,1,True,True,20 uM,>10,uM,conventional_32_ug_ml_or_10_um,HEK293 CC50,10.0,uM,lower_bound_proves_nontoxic,,20.9,supplied EC wild-type 80% inhibition hit
coadd,CO-ADD:0164827,335,Cc1nnc(SCC2=C(N3C(SC2)C(NC(=O)Cn2cnnn2)C3=O)C([O-])=O)s1.[Na+],Cc1nnc(SCC2=C(C(=O)[O-])N3C(=O)C(NC(=O)Cn4cnnn4)C3SC2)s1.[Na+],,0.0249608333333333,e_coli,178784,1,True,True,20 uM,>10,uM,matched_antibacterial_dose,HEK293 CC50,20.0,uM,censoring_interval_straddles_threshold,,26.0,supplied EC wild-type 80% inhibition hit
coadd,CO-ADD:0164827,335,Cc1nnc(SCC2=C(N3C(SC2)C(NC(=O)Cn2cnnn2)C3=O)C([O-])=O)s1.[Na+],Cc1nnc(SCC2=C(C(=O)[O-])N3C(=O)C(NC(=O)Cn4cnnn4)C3SC2)s1.[Na+],0.0,0.0249608333333333,e_coli,178784,1,True,True,20 uM,>10,uM,fixed_10_um,HEK293 CC50,10.0,uM,lower_bound_proves_nontoxic,,26.0,supplied EC wild-type 80% inhibition hit
coadd,CO-ADD:0164827,335,Cc1nnc(SCC2=C(N3C(SC2)C(NC(=O)Cn2cnnn2)C3=O)C([O-])=O)s1.[Na+],Cc1nnc(SCC2=C(C(=O)[O-])N3C(=O)C(NC(=O)Cn4cnnn4)C3SC2)s1.[Na+],0.0,0.0249608333333333,e_coli,178784,1,True,True,20 uM,>10,uM,conventional_32_ug_ml_or_10_um,HEK293 CC50,10.0,uM,lower_bound_proves_nontoxic,,26.0,supplied EC wild-type 80% inhibition hit
coadd,CO-ADD:0155692,411,O=C(NCCCCCCCCCCCC)CCC1=CC=C(C)O1,CCCCCCCCCCCCNC(=O)CCc1ccc(C)o1,1.0,0.0752135516666666,e_coli,155793,1,True,True,32 ug/mL,17.5,ug/mL,matched_antibacterial_dose,HEK293 CC50,32.0,ug/mL,exact_cc50,,100.55,supplied EC wild-type 80% inhibition hit
coadd,CO-ADD:0155692,411,O=C(NCCCCCCCCCCCC)CCC1=CC=C(C)O1,CCCCCCCCCCCCNC(=O)CCc1ccc(C)o1,0.0,0.0752135516666666,e_coli,155793,1,True,True,32 ug/mL,17.5,ug/mL,fixed_10_um,HEK293 CC50,10.0,uM,exact_cc50,321.505,100.55,supplied EC wild-type 80% inhibition hit
coadd,CO-ADD:0155692,411,O=C(NCCCCCCCCCCCC)CCC1=CC=C(C)O1,CCCCCCCCCCCCNC(=O)CCc1ccc(C)o1,1.0,0.0752135516666666,e_coli,155793,1,True,True,32 ug/mL,17.5,ug/mL,conventional_32_ug_ml_or_10_um,HEK293 CC50,32.0,ug/mL,exact_cc50,,100.55,supplied EC wild-type 80% inhibition hit
coadd,CO-ADD:0157564,439,[N+]1(C2=NON=C2N3CCCCC3)=NC4=NON=C4[N-]1,C1CCN(c2nonc2-[n+]2nc3nonc3[n-]2)CC1,1.0,0.1215983558333333,e_coli,20291,1,True,True,32 ug/mL,2.1,ug/mL,matched_antibacterial_dose,HEK293 CC50,32.0,ug/mL,exact_cc50,,96.85,supplied EC wild-type 80% inhibition hit
coadd,CO-ADD:0157564,439,[N+]1(C2=NON=C2N3CCCCC3)=NC4=NON=C4[N-]1,C1CCN(c2nonc2-[n+]2nc3nonc3[n-]2)CC1,1.0,0.1215983558333333,e_coli,20291,1,True,True,32 ug/mL,2.1,ug/mL,fixed_10_um,HEK293 CC50,10.0,uM,exact_cc50,262.23299999999995,96.85,supplied EC wild-type 80% inhibition hit
coadd,CO-ADD:0157564,439,[N+]1(C2=NON=C2N3CCCCC3)=NC4=NON=C4[N-]1,C1CCN(c2nonc2-[n+]2nc3nonc3[n-]2)CC1,1.0,0.1215983558333333,e_coli,20291,1,True,True,32 ug/mL,2.1,ug/mL,conventional_32_ug_ml_or_10_um,HEK293 CC50,32.0,ug/mL,exact_cc50,,96.85,supplied EC wild-type 80% inhibition hit
coadd,CO-ADD:0162412,477,C(=O)(c1cccc(C)c1)Nc(cccc2C(NCCCCCCCCCCCC)=O)c2,CCCCCCCCCCCCNC(=O)c1cccc(NC(=O)c2cccc(C)c2)c1,0.0,0.1178435433333333,e_coli,156862,1,True,True,32 ug/mL,>32,ug/mL,matched_antibacterial_dose,HEK293 CC50,32.0,ug/mL,lower_bound_proves_nontoxic,,98.25,supplied EC wild-type 80% inhibition hit
coadd,CO-ADD:0162412,477,C(=O)(c1cccc(C)c1)Nc(cccc2C(NCCCCCCCCCCCC)=O)c2,CCCCCCCCCCCCNC(=O)c1cccc(NC(=O)c2cccc(C)c2)c1,0.0,0.1178435433333333,e_coli,156862,1,True,True,32 ug/mL,>32,ug/mL,fixed_10_um,HEK293 CC50,10.0,uM,lower_bound_proves_nontoxic,422.6130000000004,98.25,supplied EC wild-type 80% inhibition hit
coadd,CO-ADD:0162412,477,C(=O)(c1cccc(C)c1)Nc(cccc2C(NCCCCCCCCCCCC)=O)c2,CCCCCCCCCCCCNC(=O)c1cccc(NC(=O)c2cccc(C)c2)c1,0.0,0.1178435433333333,e_coli,156862,1,True,True,32 ug/mL,>32,ug/mL,conventional_32_ug_ml_or_10_um,HEK293 CC50,32.0,ug/mL,lower_bound_proves_nontoxic,,98.25,supplied EC wild-type 80% inhibition hit
coadd,CO-ADD:0164562,486,CN(C)C1C2CC3C(O)c4c(Cl)ccc(O)c4C(O)=C3C(=O)C2(O)C(O)=C(C(N)=O)C1=O,CN(C)C1C(=O)C(C(N)=O)=C(O)C2(O)C(=O)C3=C(O)c4c(O)ccc(Cl)c4C(O)C3CC12,,0.0712625953333333,e_coli,141183,1,True,True,20 uM,>10,uM,matched_antibacterial_dose,HEK293 CC50,20.0,uM,censoring_interval_straddles_threshold,,26.15,supplied EC wild-type 80% inhibition hit
coadd,CO-ADD:0164562,486,CN(C)C1C2CC3C(O)c4c(Cl)ccc(O)c4C(O)=C3C(=O)C2(O)C(O)=C(C(N)=O)C1=O,CN(C)C1C(=O)C(C(N)=O)=C(O)C2(O)C(=O)C3=C(O)c4c(O)ccc(Cl)c4C(O)C3CC12,0.0,0.0712625953333333,e_coli,141183,1,True,True,20 uM,>10,uM,fixed_10_um,HEK293 CC50,10.0,uM,lower_bound_proves_nontoxic,,26.15,supplied EC wild-type 80% inhibition hit
coadd,CO-ADD:0164562,486,CN(C)C1C2CC3C(O)c4c(Cl)ccc(O)c4C(O)=C3C(=O)C2(O)C(O)=C(C(N)=O)C1=O,CN(C)C1C(=O)C(C(N)=O)=C(O)C2(O)C(=O)C3=C(O)c4c(O)ccc(Cl)c4C(O)C3CC12,0.0,0.0712625953333333,e_coli,141183,1,True,True,20 uM,>10,uM,conventional_32_ug_ml_or_10_um,HEK293 CC50,10.0,uM,lower_bound_proves_nontoxic,,26.15,supplied EC wild-type 80% inhibition hit
coadd,CO-ADD:0164995,490,COc1c(N2CCNC(C)C2)c(F)cc2c1n(cc(C(O)=O)c2=O)C1CC1,COc1c(N2CCNC(C)C2)c(F)cc2c(=O)c(C(=O)O)cn(C3CC3)c12,,0.0357862103333333,e_coli,138412,1,True,True,20 uM,>10,uM,matched_antibacterial_dose,HEK293 CC50,20.0,uM,censoring_interval_straddles_threshold,,21.85,supplied EC wild-type 80% inhibition hit
coadd,CO-ADD:0164995,490,COc1c(N2CCNC(C)C2)c(F)cc2c1n(cc(C(O)=O)c2=O)C1CC1,COc1c(N2CCNC(C)C2)c(F)cc2c(=O)c(C(=O)O)cn(C3CC3)c12,0.0,0.0357862103333333,e_coli,138412,1,True,True,20 uM,>10,uM,fixed_10_um,HEK293 CC50,10.0,uM,lower_bound_proves_nontoxic,,21.85,supplied EC wild-type 80% inhibition hit
coadd,CO-ADD:0164995,490,COc1c(N2CCNC(C)C2)c(F)cc2c1n(cc(C(O)=O)c2=O)C1CC1,COc1c(N2CCNC(C)C2)c(F)cc2c(=O)c(C(=O)O)cn(C3CC3)c12,0.0,0.0357862103333333,e_coli,138412,1,True,True,20 uM,>10,uM,conventional_32_ug_ml_or_10_um,HEK293 CC50,10.0,uM,lower_bound_proves_nontoxic,,21.85,supplied EC wild-type 80% inhibition hit
coadd,CO-ADD:0164999,491,CC1COc2c(N3CCN(C)CC3)c(F)cc3c2n1cc(C(O)=O)c3=O,CC1COc2c(N3CCN(C)CC3)c(F)cc3c(=O)c(C(=O)O)cn1c23,,0.0672895285,e_coli,94583,1,True,True,20 uM,>10,uM,matched_antibacterial_dose,HEK293 CC50,20.0,uM,censoring_interval_straddles_threshold,,24.1,supplied EC wild-type 80% inhibition hit
coadd,CO-ADD:0164999,491,CC1COc2c(N3CCN(C)CC3)c(F)cc3c2n1cc(C(O)=O)c3=O,CC1COc2c(N3CCN(C)CC3)c(F)cc3c(=O)c(C(=O)O)cn1c23,0.0,0.0672895285,e_coli,94583,1,True,True,20 uM,>10,uM,fixed_10_um,HEK293 CC50,10.0,uM,lower_bound_proves_nontoxic,,24.1,supplied EC wild-type 80% inhibition hit
coadd,CO-ADD:0164999,491,CC1COc2c(N3CCN(C)CC3)c(F)cc3c2n1cc(C(O)=O)c3=O,CC1COc2c(N3CCN(C)CC3)c(F)cc3c(=O)c(C(=O)O)cn1c23,0.0,0.0672895285,e_coli,94583,1,True,True,20 uM,>10,uM,conventional_32_ug_ml_or_10_um,HEK293 CC50,10.0,uM,lower_bound_proves_nontoxic,,24.1,supplied EC wild-type 80% inhibition hit
coadd,CO-ADD:0165032,493,CN(C)[C@H]1[C@@H]2C[C@@H]3Cc4c(ccc(O)c4C(O)=C3C(=O)[C@]2(O)C(O)=C(C(N)=O)C1=O)N(C)C.Cl,CN(C)c1ccc(O)c2c1C[C@H]1C[C@H]3[C@H](N(C)C)C(=O)C(C(N)=O)=C(O)[C@@]3(O)C(=O)C1=C2O.Cl,1.0,0.0782556433333333,e_coli,90571,1,True,True,20 uM,0.0983,uM,matched_antibacterial_dose,HEK293 CC50,20.0,uM,exact_cc50,,32.5,supplied EC wild-type 80% inhibition hit
coadd,CO-ADD:0165032,493,CN(C)[C@H]1[C@@H]2C[C@@H]3Cc4c(ccc(O)c4C(O)=C3C(=O)[C@]2(O)C(O)=C(C(N)=O)C1=O)N(C)C.Cl,CN(C)c1ccc(O)c2c1C[C@H]1C[C@H]3[C@H](N(C)C)C(=O)C(C(N)=O)=C(O)[C@@]3(O)C(=O)C1=C2O.Cl,1.0,0.0782556433333333,e_coli,90571,1,True,True,20 uM,0.0983,uM,fixed_10_um,HEK293 CC50,10.0,uM,exact_cc50,,32.5,supplied EC wild-type 80% inhibition hit
coadd,CO-ADD:0165032,493,CN(C)[C@H]1[C@@H]2C[C@@H]3Cc4c(ccc(O)c4C(O)=C3C(=O)[C@]2(O)C(O)=C(C(N)=O)C1=O)N(C)C.Cl,CN(C)c1ccc(O)c2c1C[C@H]1C[C@H]3[C@H](N(C)C)C(=O)C(C(N)=O)=C(O)[C@@]3(O)C(=O)C1=C2O.Cl,1.0,0.0782556433333333,e_coli,90571,1,True,True,20 uM,0.0983,uM,conventional_32_ug_ml_or_10_um,HEK293 CC50,10.0,uM,exact_cc50,,32.5,supplied EC wild-type 80% inhibition hit
coadd,CO-ADD:0164296,496,FC1=CC2=C(N(C3CC3)C=C(C(NC4=CC=C(C(O5)=NNC5=S)C=C4)=O)C2=O)C(OC)=C1N6CC7CCCNC7C6.Cl,COc1c(N2CC3CCCNC3C2)c(F)cc2c(=O)c(C(=O)Nc3ccc(-c4n[nH]c(=S)o4)cc3)cn(C3CC3)c12.Cl,1.0,0.1333068816666666,e_coli,174791,1,True,True,32 ug/mL,6.76,ug/mL,matched_antibacterial_dose,HEK293 CC50,32.0,ug/mL,exact_cc50,,106.25,supplied EC wild-type 80% inhibition hit
coadd,CO-ADD:0164296,496,FC1=CC2=C(N(C3CC3)C=C(C(NC4=CC=C(C(O5)=NNC5=S)C=C4)=O)C2=O)C(OC)=C1N6CC7CCCNC7C6.Cl,COc1c(N2CC3CCCNC3C2)c(F)cc2c(=O)c(C(=O)Nc3ccc(-c4n[nH]c(=S)o4)cc3)cn(C3CC3)c12.Cl,0.0,0.1333068816666666,e_coli,174791,1,True,True,32 ug/mL,6.76,ug/mL,fixed_10_um,HEK293 CC50,10.0,uM,exact_cc50,613.1150000000001,106.25,supplied EC wild-type 80% inhibition hit
coadd,CO-ADD:0164296,496,FC1=CC2=C(N(C3CC3)C=C(C(NC4=CC=C(C(O5)=NNC5=S)C=C4)=O)C2=O)C(OC)=C1N6CC7CCCNC7C6.Cl,COc1c(N2CC3CCCNC3C2)c(F)cc2c(=O)c(C(=O)Nc3ccc(-c4n[nH]c(=S)o4)cc3)cn(C3CC3)c12.Cl,1.0,0.1333068816666666,e_coli,174791,1,True,True,32 ug/mL,6.76,ug/mL,conventional_32_ug_ml_or_10_um,HEK293 CC50,32.0,ug/mL,exact_cc50,,106.25,supplied EC wild-type 80% inhibition hit
coadd,CO-ADD:0162414,497,C(NCCCCCCCCCCCC)(=O)c1ccc(cc1)NC(CCCCCCC)=O,CCCCCCCCCCCCNC(=O)c1ccc(NC(=O)CCCCCCC)cc1,1.0,0.1465557916666666,e_coli,113557,1,True,True,32 ug/mL,19.5,ug/mL,matched_antibacterial_dose,HEK293 CC50,32.0,ug/mL,exact_cc50,,98.0,supplied EC wild-type 80% inhibition hit
coadd,CO-ADD:0162414,497,C(NCCCCCCCCCCCC)(=O)c1ccc(cc1)NC(CCCCCCC)=O,CCCCCCCCCCCCNC(=O)c1ccc(NC(=O)CCCCCCC)cc1,0.0,0.1465557916666666,e_coli,113557,1,True,True,32 ug/mL,19.5,ug/mL,fixed_10_um,HEK293 CC50,10.0,uM,exact_cc50,430.6770000000003,98.0,supplied EC wild-type 80% inhibition hit
coadd,CO-ADD:0162414,497,C(NCCCCCCCCCCCC)(=O)c1ccc(cc1)NC(CCCCCCC)=O,CCCCCCCCCCCCNC(=O)c1ccc(NC(=O)CCCCCCC)cc1,1.0,0.1465557916666666,e_coli,113557,1,True,True,32 ug/mL,19.5,ug/mL,conventional_32_ug_ml_or_10_um,HEK293 CC50,32.0,ug/mL,exact_cc50,,98.0,supplied EC wild-type 80% inhibition hit
coadd,CO-ADD:0164602,510,C[C@H]1COc2c(N3CCN(C)CC3)c(F)cc3c2n1cc(C(O)=O)c3=O,C[C@H]1COc2c(N3CCN(C)CC3)c(F)cc3c(=O)c(C(=O)O)cn1c23,,0.0672895285,e_coli,24342,1,True,True,20 uM,>10,uM,matched_antibacterial_dose,HEK293 CC50,20.0,uM,censoring_interval_straddles_threshold,,18.75,supplied EC wild-type 80% inhibition hit
coadd,CO-ADD:0164602,510,C[C@H]1COc2c(N3CCN(C)CC3)c(F)cc3c2n1cc(C(O)=O)c3=O,C[C@H]1COc2c(N3CCN(C)CC3)c(F)cc3c(=O)c(C(=O)O)cn1c23,0.0,0.0672895285,e_coli,24342,1,True,True,20 uM,>10,uM,fixed_10_um,HEK293 CC50,10.0,uM,lower_bound_proves_nontoxic,,18.75,supplied EC wild-type 80% inhibition hit
coadd,CO-ADD:0164602,510,C[C@H]1COc2c(N3CCN(C)CC3)c(F)cc3c2n1cc(C(O)=O)c3=O,C[C@H]1COc2c(N3CCN(C)CC3)c(F)cc3c(=O)c(C(=O)O)cn1c23,0.0,0.0672895285,e_coli,24342,1,True,True,20 uM,>10,uM,conventional_32_ug_ml_or_10_um,HEK293 CC50,10.0,uM,lower_bound_proves_nontoxic,,18.75,supplied EC wild-type 80% inhibition hit
coadd,CO-ADD:0164391,521,OCC(NC(=O)C(Cl)Cl)C(O)c1ccc(cc1)[N+]([O-])=O,O=C(NC(CO)C(O)c1ccc([N+](=O)[O-])cc1)C(Cl)Cl,,0.15485062,e_coli,83242,1,True,True,20 uM,>10,uM,matched_antibacterial_dose,HEK293 CC50,20.0,uM,censoring_interval_straddles_threshold,,21.95,supplied EC wild-type 80% inhibition hit
coadd,CO-ADD:0164391,521,OCC(NC(=O)C(Cl)Cl)C(O)c1ccc(cc1)[N+]([O-])=O,O=C(NC(CO)C(O)c1ccc([N+](=O)[O-])cc1)C(Cl)Cl,0.0,0.15485062,e_coli,83242,1,True,True,20 uM,>10,uM,fixed_10_um,HEK293 CC50,10.0,uM,lower_bound_proves_nontoxic,,21.95,supplied EC wild-type 80% inhibition hit
coadd,CO-ADD:0164391,521,OCC(NC(=O)C(Cl)Cl)C(O)c1ccc(cc1)[N+]([O-])=O,O=C(NC(CO)C(O)c1ccc([N+](=O)[O-])cc1)C(Cl)Cl,0.0,0.15485062,e_coli,83242,1,True,True,20 uM,>10,uM,conventional_32_ug_ml_or_10_um,HEK293 CC50,10.0,uM,lower_bound_proves_nontoxic,,21.95,supplied EC wild-type 80% inhibition hit
coadd,CO-ADD:0164399,541,COc1cc(C)c(Cc2cnc(N)nc2N)cc1OC,COc1cc(C)c(Cc2cnc(N)nc2N)cc1OC,,0.28516324,e_coli,53558,1,True,True,20 uM,>10,uM,matched_antibacterial_dose,HEK293 CC50,20.0,uM,censoring_interval_straddles_threshold,,26.8,supplied EC wild-type 80% inhibition hit
coadd,CO-ADD:0164399,541,COc1cc(C)c(Cc2cnc(N)nc2N)cc1OC,COc1cc(C)c(Cc2cnc(N)nc2N)cc1OC,0.0,0.28516324,e_coli,53558,1,True,True,20 uM,>10,uM,fixed_10_um,HEK293 CC50,10.0,uM,lower_bound_proves_nontoxic,,26.8,supplied EC wild-type 80% inhibition hit
coadd,CO-ADD:0164399,541,COc1cc(C)c(Cc2cnc(N)nc2N)cc1OC,COc1cc(C)c(Cc2cnc(N)nc2N)cc1OC,0.0,0.28516324,e_coli,53558,1,True,True,20 uM,>10,uM,conventional_32_ug_ml_or_10_um,HEK293 CC50,10.0,uM,lower_bound_proves_nontoxic,,26.8,supplied EC wild-type 80% inhibition hit
coadd,CO-ADD:0164406,542,CCN1CCN(CC1)c1cc2n(cc(C(O)=O)c(=O)c2cc1F)C1CC1,CCN1CCN(c2cc3c(cc2F)c(=O)c(C(=O)O)cn3C2CC2)CC1,,0.0354563023333333,e_coli,182711,1,True,True,20 uM,>10,uM,matched_antibacterial_dose,HEK293 CC50,20.0,uM,censoring_interval_straddles_threshold,,39.4,supplied EC wild-type 80% inhibition hit
coadd,CO-ADD:0164406,542,CCN1CCN(CC1)c1cc2n(cc(C(O)=O)c(=O)c2cc1F)C1CC1,CCN1CCN(c2cc3c(cc2F)c(=O)c(C(=O)O)cn3C2CC2)CC1,0.0,0.0354563023333333,e_coli,182711,1,True,True,20 uM,>10,uM,fixed_10_um,HEK293 CC50,10.0,uM,lower_bound_proves_nontoxic,,39.4,supplied EC wild-type 80% inhibition hit
coadd,CO-ADD:0164406,542,CCN1CCN(CC1)c1cc2n(cc(C(O)=O)c(=O)c2cc1F)C1CC1,CCN1CCN(c2cc3c(cc2F)c(=O)c(C(=O)O)cn3C2CC2)CC1,0.0,0.0354563023333333,e_coli,182711,1,True,True,20 uM,>10,uM,conventional_32_ug_ml_or_10_um,HEK293 CC50,10.0,uM,lower_bound_proves_nontoxic,,39.4,supplied EC wild-type 80% inhibition hit
coadd,CO-ADD:0164429,556,CC1(C)SC2C(NC(=O)C(N)c3ccccc3)C(=O)N2C1C([O-])=O.[Na+],CC1(C)SC2C(NC(=O)C(N)c3ccccc3)C(=O)N2C1C(=O)[O-].[Na+],,0.0370579036666666,e_coli,124904,1,True,True,20 uM,>10,uM,matched_antibacterial_dose,HEK293 CC50,20.0,uM,censoring_interval_straddles_threshold,,30.45,supplied EC wild-type 80% inhibition hit
coadd,CO-ADD:0164429,556,CC1(C)SC2C(NC(=O)C(N)c3ccccc3)C(=O)N2C1C([O-])=O.[Na+],CC1(C)SC2C(NC(=O)C(N)c3ccccc3)C(=O)N2C1C(=O)[O-].[Na+],0.0,0.0370579036666666,e_coli,124904,1,True,True,20 uM,>10,uM,fixed_10_um,HEK293 CC50,10.0,uM,lower_bound_proves_nontoxic,,30.45,supplied EC wild-type 80% inhibition hit
coadd,CO-ADD:0164429,556,CC1(C)SC2C(NC(=O)C(N)c3ccccc3)C(=O)N2C1C([O-])=O.[Na+],CC1(C)SC2C(NC(=O)C(N)c3ccccc3)C(=O)N2C1C(=O)[O-].[Na+],0.0,0.0370579036666666,e_coli,124904,1,True,True,20 uM,>10,uM,conventional_32_ug_ml_or_10_um,HEK293 CC50,10.0,uM,lower_bound_proves_nontoxic,,30.45,supplied EC wild-type 80% inhibition hit
coadd,CO-ADD:0164431,557,CO[C@H]1\C=C\O[C@@]2(C)Oc3c(C2=O)c2c(c(O)c3C)c(O)c(NC(=O)\C(C)=C/C=C/[C@H](C)[C@H](O)[C@@H](C)[C@@H](O)[C@@H](C)[C@H](OC(C)=O)[C@@H]1C)c1=NC3(CCN(CC(C)C)CC3)N=c21,CO[C@H]1/C=C/O[C@@]2(C)Oc3c(C)c(O)c4c(O)c(c5c(c4c3C2=O)=NC2(CCN(CC(C)C)CC2)N=5)NC(=O)/C(C)=C\C=C\[C@H](C)[C@H](O)[C@@H](C)[C@@H](O)[C@@H](C)[C@H](OC(C)=O)[C@@H]1C,,0.2001759376666666,e_coli,33888,1,True,True,20 uM,>10,uM,matched_antibacterial_dose,HEK293 CC50,20.0,uM,censoring_interval_straddles_threshold,,47.4,supplied EC wild-type 80% inhibition hit
coadd,CO-ADD:0164431,557,CO[C@H]1\C=C\O[C@@]2(C)Oc3c(C2=O)c2c(c(O)c3C)c(O)c(NC(=O)\C(C)=C/C=C/[C@H](C)[C@H](O)[C@@H](C)[C@@H](O)[C@@H](C)[C@H](OC(C)=O)[C@@H]1C)c1=NC3(CCN(CC(C)C)CC3)N=c21,CO[C@H]1/C=C/O[C@@]2(C)Oc3c(C)c(O)c4c(O)c(c5c(c4c3C2=O)=NC2(CCN(CC(C)C)CC2)N=5)NC(=O)/C(C)=C\C=C\[C@H](C)[C@H](O)[C@@H](C)[C@@H](O)[C@@H](C)[C@H](OC(C)=O)[C@@H]1C,0.0,0.2001759376666666,e_coli,33888,1,True,True,20 uM,>10,uM,fixed_10_um,HEK293 CC50,10.0,uM,lower_bound_proves_nontoxic,,47.4,supplied EC wild-type 80% inhibition hit
coadd,CO-ADD:0164431,557,CO[C@H]1\C=C\O[C@@]2(C)Oc3c(C2=O)c2c(c(O)c3C)c(O)c(NC(=O)\C(C)=C/C=C/[C@H](C)[C@H](O)[C@@H](C)[C@@H](O)[C@@H](C)[C@H](OC(C)=O)[C@@H]1C)c1=NC3(CCN(CC(C)C)CC3)N=c21,CO[C@H]1/C=C/O[C@@]2(C)Oc3c(C)c(O)c4c(O)c(c5c(c4c3C2=O)=NC2(CCN(CC(C)C)CC2)N=5)NC(=O)/C(C)=C\C=C\[C@H](C)[C@H](O)[C@@H](C)[C@@H](O)[C@@H](C)[C@H](OC(C)=O)[C@@H]1C,0.0,0.2001759376666666,e_coli,33888,1,True,True,20 uM,>10,uM,conventional_32_ug_ml_or_10_um,HEK293 CC50,10.0,uM,lower_bound_proves_nontoxic,,47.4,supplied EC wild-type 80% inhibition hit
coadd,CO-ADD:0164434,558,CCN1CCN(C(=O)N[C@@H](C(=O)N[C@H]2[C@H]3SC(C)(C)[C@@H](N3C2=O)C([O-])=O)c2ccccc2)C(=O)C1=O.[Na+],CCN1CCN(C(=O)N[C@@H](C(=O)N[C@@H]2C(=O)N3[C@@H]2SC(C)(C)[C@@H]3C(=O)[O-])c2ccccc2)C(=O)C1=O.[Na+],,0.0329654671666666,e_coli,60682,1,True,True,20 uM,>10,uM,matched_antibacterial_dose,HEK293 CC50,20.0,uM,censoring_interval_straddles_threshold,,24.25,supplied EC wild-type 80% inhibition hit
coadd,CO-ADD:0164434,558,CCN1CCN(C(=O)N[C@@H](C(=O)N[C@H]2[C@H]3SC(C)(C)[C@@H](N3C2=O)C([O-])=O)c2ccccc2)C(=O)C1=O.[Na+],CCN1CCN(C(=O)N[C@@H](C(=O)N[C@@H]2C(=O)N3[C@@H]2SC(C)(C)[C@@H]3C(=O)[O-])c2ccccc2)C(=O)C1=O.[Na+],0.0,0.0329654671666666,e_coli,60682,1,True,True,20 uM,>10,uM,fixed_10_um,HEK293 CC50,10.0,uM,lower_bound_proves_nontoxic,,24.25,supplied EC wild-type 80% inhibition hit
coadd,CO-ADD:0164434,558,CCN1CCN(C(=O)N[C@@H](C(=O)N[C@H]2[C@H]3SC(C)(C)[C@@H](N3C2=O)C([O-])=O)c2ccccc2)C(=O)C1=O.[Na+],CCN1CCN(C(=O)N[C@@H](C(=O)N[C@@H]2C(=O)N3[C@@H]2SC(C)(C)[C@@H]3C(=O)[O-])c2ccccc2)C(=O)C1=O.[Na+],0.0,0.0329654671666666,e_coli,60682,1,True,True,20 uM,>10,uM,conventional_32_ug_ml_or_10_um,HEK293 CC50,10.0,uM,lower_bound_proves_nontoxic,,24.25,supplied EC wild-type 80% inhibition hit
coadd,CO-ADD:0164472,573,CON=C(C(=O)N[C@H]1[C@H]2SCC(COC(N)=O)=C(N2C1=O)C(O)=O)c1ccco1,CON=C(C(=O)N[C@@H]1C(=O)N2C(C(=O)O)=C(COC(N)=O)CS[C@H]12)c1ccco1,,0.0215027668333333,e_coli,138831,1,True,True,20 uM,>10,uM,matched_antibacterial_dose,HEK293 CC50,20.0,uM,censoring_interval_straddles_threshold,,27.15,supplied EC wild-type 80% inhibition hit
coadd,CO-ADD:0164472,573,CON=C(C(=O)N[C@H]1[C@H]2SCC(COC(N)=O)=C(N2C1=O)C(O)=O)c1ccco1,CON=C(C(=O)N[C@@H]1C(=O)N2C(C(=O)O)=C(COC(N)=O)CS[C@H]12)c1ccco1,0.0,0.0215027668333333,e_coli,138831,1,True,True,20 uM,>10,uM,fixed_10_um,HEK293 CC50,10.0,uM,lower_bound_proves_nontoxic,,27.15,supplied EC wild-type 80% inhibition hit
coadd,CO-ADD:0164472,573,CON=C(C(=O)N[C@H]1[C@H]2SCC(COC(N)=O)=C(N2C1=O)C(O)=O)c1ccco1,CON=C(C(=O)N[C@@H]1C(=O)N2C(C(=O)O)=C(COC(N)=O)CS[C@H]12)c1ccco1,0.0,0.0215027668333333,e_coli,138831,1,True,True,20 uM,>10,uM,conventional_32_ug_ml_or_10_um,HEK293 CC50,10.0,uM,lower_bound_proves_nontoxic,,27.15,supplied EC wild-type 80% inhibition hit
coadd,CO-ADD:0164475,574,COc1cc(Cc2cnc(N)nc2N)cc(OC)c1OC,COc1cc(Cc2cnc(N)nc2N)cc(OC)c1OC,,0.4006106583333333,e_coli,40072,1,True,True,20 uM,>10,uM,matched_antibacterial_dose,HEK293 CC50,20.0,uM,censoring_interval_straddles_threshold,,14.55,supplied EC wild-type 80% inhibition hit
coadd,CO-ADD:0164475,574,COc1cc(Cc2cnc(N)nc2N)cc(OC)c1OC,COc1cc(Cc2cnc(N)nc2N)cc(OC)c1OC,0.0,0.4006106583333333,e_coli,40072,1,True,True,20 uM,>10,uM,fixed_10_um,HEK293 CC50,10.0,uM,lower_bound_proves_nontoxic,,14.55,supplied EC wild-type 80% inhibition hit
coadd,CO-ADD:0164475,574,COc1cc(Cc2cnc(N)nc2N)cc(OC)c1OC,COc1cc(Cc2cnc(N)nc2N)cc(OC)c1OC,0.0,0.4006106583333333,e_coli,40072,1,True,True,20 uM,>10,uM,conventional_32_ug_ml_or_10_um,HEK293 CC50,10.0,uM,lower_bound_proves_nontoxic,,14.55,supplied EC wild-type 80% inhibition hit
coadd,CO-ADD:0217312,727,n1c(N(C)C)nc(nc1N(CC2)CCO2)N\N=C\C(\Br)=C\c3ccccc3,CN(C)c1nc(N/N=C/C(Br)=C/c2ccccc2)nc(N2CCOCC2)n1,1.0,0.349289965,e_coli,115511,1,True,True,32 ug/mL,18.8,ug/mL,matched_antibacterial_dose,HEK293 CC50,32.0,ug/mL,exact_cc50,,68.05,supplied EC wild-type 80% inhibition hit
coadd,CO-ADD:0217312,727,n1c(N(C)C)nc(nc1N(CC2)CCO2)N\N=C\C(\Br)=C\c3ccccc3,CN(C)c1nc(N/N=C/C(Br)=C/c2ccccc2)nc(N2CCOCC2)n1,0.0,0.349289965,e_coli,115511,1,True,True,32 ug/mL,18.8,ug/mL,fixed_10_um,HEK293 CC50,10.0,uM,exact_cc50,432.326,68.05,supplied EC wild-type 80% inhibition hit
coadd,CO-ADD:0217312,727,n1c(N(C)C)nc(nc1N(CC2)CCO2)N\N=C\C(\Br)=C\c3ccccc3,CN(C)c1nc(N/N=C/C(Br)=C/c2ccccc2)nc(N2CCOCC2)n1,1.0,0.349289965,e_coli,115511,1,True,True,32 ug/mL,18.8,ug/mL,conventional_32_ug_ml_or_10_um,HEK293 CC50,32.0,ug/mL,exact_cc50,,68.05,supplied EC wild-type 80% inhibition hit
coadd,CO-ADD:0219333,761,C(CCCC(CCCCCCCCCC)=O)(NCCCCCCCCCCCC)=O,CCCCCCCCCCCCNC(=O)CCCC(=O)CCCCCCCCCC,1.0,0.0815380076666666,e_coli,180340,1,True,True,32 ug/mL,6.69,ug/mL,matched_antibacterial_dose,HEK293 CC50,32.0,ug/mL,exact_cc50,,98.85,supplied EC wild-type 80% inhibition hit
coadd,CO-ADD:0219333,761,C(CCCC(CCCCCCCCCC)=O)(NCCCCCCCCCCCC)=O,CCCCCCCCCCCCNC(=O)CCCC(=O)CCCCCCCCCC,0.0,0.0815380076666666,e_coli,180340,1,True,True,32 ug/mL,6.69,ug/mL,fixed_10_um,HEK293 CC50,10.0,uM,exact_cc50,423.7260000000004,98.85,supplied EC wild-type 80% inhibition hit
coadd,CO-ADD:0219333,761,C(CCCC(CCCCCCCCCC)=O)(NCCCCCCCCCCCC)=O,CCCCCCCCCCCCNC(=O)CCCC(=O)CCCCCCCCCC,1.0,0.0815380076666666,e_coli,180340,1,True,True,32 ug/mL,6.69,ug/mL,conventional_32_ug_ml_or_10_um,HEK293 CC50,32.0,ug/mL,exact_cc50,,98.85,supplied EC wild-type 80% inhibition hit
coadd,CO-ADD:0222847,970,[N+](=O)([O-])\C=C\c1ccc(cc1Cl)Cl,O=[N+]([O-])/C=C/c1ccc(Cl)cc1Cl,1.0,0.8408972383333334,e_coli,76882,1,True,True,32 ug/mL,2.92,ug/mL,matched_antibacterial_dose,HEK293 CC50,32.0,ug/mL,exact_cc50,,93.7,supplied EC wild-type 80% inhibition hit
coadd,CO-ADD:0222847,970,[N+](=O)([O-])\C=C\c1ccc(cc1Cl)Cl,O=[N+]([O-])/C=C/c1ccc(Cl)cc1Cl,0.0,0.8408972383333334,e_coli,76882,1,True,True,32 ug/mL,2.92,ug/mL,fixed_10_um,HEK293 CC50,10.0,uM,exact_cc50,218.039,93.7,supplied EC wild-type 80% inhibition hit
coadd,CO-ADD:0222847,970,[N+](=O)([O-])\C=C\c1ccc(cc1Cl)Cl,O=[N+]([O-])/C=C/c1ccc(Cl)cc1Cl,1.0,0.8408972383333334,e_coli,76882,1,True,True,32 ug/mL,2.92,ug/mL,conventional_32_ug_ml_or_10_um,HEK293 CC50,32.0,ug/mL,exact_cc50,,93.7,supplied EC wild-type 80% inhibition hit
coadd,CO-ADD:0223354,1143,c1(ccc(\C=N\N=C\c2ccc(cc2O)O)o1)[N+](=O)[O-],O=[N+]([O-])c1ccc(/C=N/N=C/c2ccc(O)cc2O)o1,1.0,0.3460708883333334,e_coli,157310,1,True,True,32 ug/mL,2.2,ug/mL,matched_antibacterial_dose,HEK293 CC50,32.0,ug/mL,exact_cc50,,97.9,supplied EC wild-type 80% inhibition hit
coadd,CO-ADD:0223354,1143,c1(ccc(\C=N\N=C\c2ccc(cc2O)O)o1)[N+](=O)[O-],O=[N+]([O-])c1ccc(/C=N/N=C/c2ccc(O)cc2O)o1,1.0,0.3460708883333334,e_coli,157310,1,True,True,32 ug/mL,2.2,ug/mL,fixed_10_um,HEK293 CC50,10.0,uM,exact_cc50,275.22,97.9,supplied EC wild-type 80% inhibition hit
coadd,CO-ADD:0223354,1143,c1(ccc(\C=N\N=C\c2ccc(cc2O)O)o1)[N+](=O)[O-],O=[N+]([O-])c1ccc(/C=N/N=C/c2ccc(O)cc2O)o1,1.0,0.3460708883333334,e_coli,157310,1,True,True,32 ug/mL,2.2,ug/mL,conventional_32_ug_ml_or_10_um,HEK293 CC50,32.0,ug/mL,exact_cc50,,97.9,supplied EC wild-type 80% inhibition hit
coadd,CO-ADD:0220077,1234,c1(ccc(\C=N\NC(N)=O)o1)[N+](=O)[O-],NC(=O)N/N=C/c1ccc([N+](=O)[O-])o1,0.0,0.1588281866666666,e_coli,118223,1,True,True,32 ug/mL,>32,ug/mL,matched_antibacterial_dose,HEK293 CC50,32.0,ug/mL,lower_bound_proves_nontoxic,,29.05,supplied EC wild-type 80% inhibition hit
coadd,CO-ADD:0220077,1234,c1(ccc(\C=N\NC(N)=O)o1)[N+](=O)[O-],NC(=O)N/N=C/c1ccc([N+](=O)[O-])o1,0.0,0.1588281866666666,e_coli,118223,1,True,True,32 ug/mL,>32,ug/mL,fixed_10_um,HEK293 CC50,10.0,uM,lower_bound_proves_nontoxic,198.138,29.05,supplied EC wild-type 80% inhibition hit
coadd,CO-ADD:0220077,1234,c1(ccc(\C=N\NC(N)=O)o1)[N+](=O)[O-],NC(=O)N/N=C/c1ccc([N+](=O)[O-])o1,0.0,0.1588281866666666,e_coli,118223,1,True,True,32 ug/mL,>32,ug/mL,conventional_32_ug_ml_or_10_um,HEK293 CC50,32.0,ug/mL,lower_bound_proves_nontoxic,,29.05,supplied EC wild-type 80% inhibition hit
coadd,CO-ADD:0217091,1239,N1(CCCCCCCCCC)C=CC(C=C1)=N.Br,Br.CCCCCCCCCCn1ccc(=N)cc1,0.0,0.2045551466666666,e_coli,78966,1,True,True,32 ug/mL,>32,ug/mL,matched_antibacterial_dose,HEK293 CC50,32.0,ug/mL,lower_bound_proves_nontoxic,,99.05,supplied EC wild-type 80% inhibition hit
coadd,CO-ADD:0217091,1239,N1(CCCCCCCCCC)C=CC(C=C1)=N.Br,Br.CCCCCCCCCCn1ccc(=N)cc1,0.0,0.2045551466666666,e_coli,78966,1,True,True,32 ug/mL,>32,ug/mL,fixed_10_um,HEK293 CC50,10.0,uM,lower_bound_proves_nontoxic,315.29900000000004,99.05,supplied EC wild-type 80% inhibition hit
coadd,CO-ADD:0217091,1239,N1(CCCCCCCCCC)C=CC(C=C1)=N.Br,Br.CCCCCCCCCCn1ccc(=N)cc1,0.0,0.2045551466666666,e_coli,78966,1,True,True,32 ug/mL,>32,ug/mL,conventional_32_ug_ml_or_10_um,HEK293 CC50,32.0,ug/mL,lower_bound_proves_nontoxic,,99.05,supplied EC wild-type 80% inhibition hit
coadd,CO-ADD:0230014,1306,C1(\C(\Br)=C\c2ccccc2)OC(CC)(CC)c3c(cccc3)N1,CCC1(CC)OC(/C(Br)=C/c2ccccc2)Nc2ccccc21,1.0,0.1519021633333333,e_coli,89936,1,True,True,32 ug/mL,9.23,ug/mL,matched_antibacterial_dose,HEK293 CC50,32.0,ug/mL,exact_cc50,,79.4,supplied EC wild-type 80% inhibition hit
coadd,CO-ADD:0230014,1306,C1(\C(\Br)=C\c2ccccc2)OC(CC)(CC)c3c(cccc3)N1,CCC1(CC)OC(/C(Br)=C/c2ccccc2)Nc2ccccc21,0.0,0.1519021633333333,e_coli,89936,1,True,True,32 ug/mL,9.23,ug/mL,fixed_10_um,HEK293 CC50,10.0,uM,exact_cc50,372.3060000000001,79.4,supplied EC wild-type 80% inhibition hit
coadd,CO-ADD:0230014,1306,C1(\C(\Br)=C\c2ccccc2)OC(CC)(CC)c3c(cccc3)N1,CCC1(CC)OC(/C(Br)=C/c2ccccc2)Nc2ccccc21,1.0,0.1519021633333333,e_coli,89936,1,True,True,32 ug/mL,9.23,ug/mL,conventional_32_ug_ml_or_10_um,HEK293 CC50,32.0,ug/mL,exact_cc50,,79.4,supplied EC wild-type 80% inhibition hit
coadd,CO-ADD:0230906,1345,c1(ccc(\C=N\NC(=O)c(cc2OC)cc(c2OC)OC)o1)[N+](=O)[O-],COc1cc(C(=O)N/N=C/c2ccc([N+](=O)[O-])o2)cc(OC)c1OC,0.0,0.7084345083333333,e_coli,79721,1,True,True,32 ug/mL,>32,ug/mL,matched_antibacterial_dose,HEK293 CC50,32.0,ug/mL,lower_bound_proves_nontoxic,,46.95,supplied EC wild-type 80% inhibition hit
coadd,CO-ADD:0230906,1345,c1(ccc(\C=N\NC(=O)c(cc2OC)cc(c2OC)OC)o1)[N+](=O)[O-],COc1cc(C(=O)N/N=C/c2ccc([N+](=O)[O-])o2)cc(OC)c1OC,0.0,0.7084345083333333,e_coli,79721,1,True,True,32 ug/mL,>32,ug/mL,fixed_10_um,HEK293 CC50,10.0,uM,lower_bound_proves_nontoxic,349.2990000000001,46.95,supplied EC wild-type 80% inhibition hit
coadd,CO-ADD:0230906,1345,c1(ccc(\C=N\NC(=O)c(cc2OC)cc(c2OC)OC)o1)[N+](=O)[O-],COc1cc(C(=O)N/N=C/c2ccc([N+](=O)[O-])o2)cc(OC)c1OC,0.0,0.7084345083333333,e_coli,79721,1,True,True,32 ug/mL,>32,ug/mL,conventional_32_ug_ml_or_10_um,HEK293 CC50,32.0,ug/mL,lower_bound_proves_nontoxic,,46.95,supplied EC wild-type 80% inhibition hit
coadd,CO-ADD:0244457,1451,N1(C)\C(=C\C=C\c2cc(c3ccccc3)cc(c4ccccc4)[o+]2)\C(c(cccc5)c15)(C)C,CN1/C(=C/C=C/c2cc(-c3ccccc3)cc(-c3ccccc3)[o+]2)C(C)(C)c2ccccc21,1.0,0.3144853833333333,e_coli,53998,1,True,True,32 ug/mL,1.52,ug/mL,matched_antibacterial_dose,HEK293 CC50,32.0,ug/mL,exact_cc50,,96.65,supplied EC wild-type 80% inhibition hit
coadd,CO-ADD:0244457,1451,N1(C)\C(=C\C=C\c2cc(c3ccccc3)cc(c4ccccc4)[o+]2)\C(c(cccc5)c15)(C)C,CN1/C(=C/C=C/c2cc(-c3ccccc3)cc(-c3ccccc3)[o+]2)C(C)(C)c2ccccc21,1.0,0.3144853833333333,e_coli,53998,1,True,True,32 ug/mL,1.52,ug/mL,fixed_10_um,HEK293 CC50,10.0,uM,exact_cc50,430.5710000000002,96.65,supplied EC wild-type 80% inhibition hit
coadd,CO-ADD:0244457,1451,N1(C)\C(=C\C=C\c2cc(c3ccccc3)cc(c4ccccc4)[o+]2)\C(c(cccc5)c15)(C)C,CN1/C(=C/C=C/c2cc(-c3ccccc3)cc(-c3ccccc3)[o+]2)C(C)(C)c2ccccc21,1.0,0.3144853833333333,e_coli,53998,1,True,True,32 ug/mL,1.52,ug/mL,conventional_32_ug_ml_or_10_um,HEK293 CC50,32.0,ug/mL,exact_cc50,,96.65,supplied EC wild-type 80% inhibition hit
coadd,CO-ADD:0235690,1509,c1(nc2)n(cc2[N+](=O)[O-])nc(N)n1,Nc1nc2ncc([N+](=O)[O-])cn2n1,0.0,0.070249627,e_coli,70533,1,True,True,32 ug/mL,>32,ug/mL,matched_antibacterial_dose,HEK293 CC50,32.0,ug/mL,lower_bound_proves_nontoxic,,15.4,supplied EC wild-type 80% inhibition hit
coadd,CO-ADD:0235690,1509,c1(nc2)n(cc2[N+](=O)[O-])nc(N)n1,Nc1nc2ncc([N+](=O)[O-])cn2n1,0.0,0.070249627,e_coli,70533,1,True,True,32 ug/mL,>32,ug/mL,fixed_10_um,HEK293 CC50,10.0,uM,lower_bound_proves_nontoxic,180.12699999999998,15.4,supplied EC wild-type 80% inhibition hit
coadd,CO-ADD:0235690,1509,c1(nc2)n(cc2[N+](=O)[O-])nc(N)n1,Nc1nc2ncc([N+](=O)[O-])cn2n1,0.0,0.070249627,e_coli,70533,1,True,True,32 ug/mL,>32,ug/mL,conventional_32_ug_ml_or_10_um,HEK293 CC50,32.0,ug/mL,lower_bound_proves_nontoxic,,15.4,supplied EC wild-type 80% inhibition hit
coadd,CO-ADD:0237354,1525,COc1ccc(OC)c(NCc2ccc3nc(N)nc(N)c3c2Cl)c1,COc1ccc(OC)c(NCc2ccc3nc(N)nc(N)c3c2Cl)c1,,0.7977797733333333,e_coli,165985,1,True,True,20 uM,>10,uM,matched_antibacterial_dose,HEK293 CC50,20.0,uM,censoring_interval_straddles_threshold,,42.95,supplied EC wild-type 80% inhibition hit
coadd,CO-ADD:0237354,1525,COc1ccc(OC)c(NCc2ccc3nc(N)nc(N)c3c2Cl)c1,COc1ccc(OC)c(NCc2ccc3nc(N)nc(N)c3c2Cl)c1,0.0,0.7977797733333333,e_coli,165985,1,True,True,20 uM,>10,uM,fixed_10_um,HEK293 CC50,10.0,uM,lower_bound_proves_nontoxic,,42.95,supplied EC wild-type 80% inhibition hit
coadd,CO-ADD:0237354,1525,COc1ccc(OC)c(NCc2ccc3nc(N)nc(N)c3c2Cl)c1,COc1ccc(OC)c(NCc2ccc3nc(N)nc(N)c3c2Cl)c1,0.0,0.7977797733333333,e_coli,165985,1,True,True,20 uM,>10,uM,conventional_32_ug_ml_or_10_um,HEK293 CC50,10.0,uM,lower_bound_proves_nontoxic,,42.95,supplied EC wild-type 80% inhibition hit
coadd,CO-ADD:0236706,1539,[n+]1([O-])n(C(C)CC)nc(NC([H])=O)c1[N+](=O)[O-],CCC(C)n1nc(NC=O)c([N+](=O)[O-])[n+]1[O-],1.0,0.0435357143333333,e_coli,50642,1,True,True,32 ug/mL,15.9,ug/mL,matched_antibacterial_dose,HEK293 CC50,32.0,ug/mL,exact_cc50,,63.2,supplied EC wild-type 80% inhibition hit
coadd,CO-ADD:0236706,1539,[n+]1([O-])n(C(C)CC)nc(NC([H])=O)c1[N+](=O)[O-],CCC(C)n1nc(NC=O)c([N+](=O)[O-])[n+]1[O-],0.0,0.0435357143333333,e_coli,50642,1,True,True,32 ug/mL,15.9,ug/mL,fixed_10_um,HEK293 CC50,10.0,uM,exact_cc50,229.196,63.2,supplied EC wild-type 80% inhibition hit
coadd,CO-ADD:0236706,1539,[n+]1([O-])n(C(C)CC)nc(NC([H])=O)c1[N+](=O)[O-],CCC(C)n1nc(NC=O)c([N+](=O)[O-])[n+]1[O-],1.0,0.0435357143333333,e_coli,50642,1,True,True,32 ug/mL,15.9,ug/mL,conventional_32_ug_ml_or_10_um,HEK293 CC50,32.0,ug/mL,exact_cc50,,63.2,supplied EC wild-type 80% inhibition hit
coadd,CO-ADD:0234274,1561,C(=N\NC(CNC(=O)c1ccco1)=O)(/C2=O)\c3c(N2)ccc(c3)[N+](=O)[O-],O=C(CNC(=O)c1ccco1)N/N=C1/C(=O)Nc2ccc([N+](=O)[O-])cc21,0.0,0.1987309183333333,e_coli,86550,1,True,True,32 ug/mL,>32,ug/mL,matched_antibacterial_dose,HEK293 CC50,32.0,ug/mL,lower_bound_proves_nontoxic,,9.25,supplied EC wild-type 80% inhibition hit
coadd,CO-ADD:0234274,1561,C(=N\NC(CNC(=O)c1ccco1)=O)(/C2=O)\c3c(N2)ccc(c3)[N+](=O)[O-],O=C(CNC(=O)c1ccco1)N/N=C1/C(=O)Nc2ccc([N+](=O)[O-])cc21,0.0,0.1987309183333333,e_coli,86550,1,True,True,32 ug/mL,>32,ug/mL,fixed_10_um,HEK293 CC50,10.0,uM,lower_bound_proves_nontoxic,357.28200000000004,9.25,supplied EC wild-type 80% inhibition hit
coadd,CO-ADD:0234274,1561,C(=N\NC(CNC(=O)c1ccco1)=O)(/C2=O)\c3c(N2)ccc(c3)[N+](=O)[O-],O=C(CNC(=O)c1ccco1)N/N=C1/C(=O)Nc2ccc([N+](=O)[O-])cc21,0.0,0.1987309183333333,e_coli,86550,1,True,True,32 ug/mL,>32,ug/mL,conventional_32_ug_ml_or_10_um,HEK293 CC50,32.0,ug/mL,lower_bound_proves_nontoxic,,9.25,supplied EC wild-type 80% inhibition hit
coadd,CO-ADD:0236505,1564,c1(ccc(\C=N\c2ccc(cc2C(c3ccccc3)=O)Cl)s1)[N+](=O)[O-],O=C(c1ccccc1)c1cc(Cl)ccc1/N=C/c1ccc([N+](=O)[O-])s1,1.0,0.6550321600000001,e_coli,141036,1,True,True,32 ug/mL,1.99,ug/mL,matched_antibacterial_dose,HEK293 CC50,32.0,ug/mL,exact_cc50,,100.5,supplied EC wild-type 80% inhibition hit
coadd,CO-ADD:0236505,1564,c1(ccc(\C=N\c2ccc(cc2C(c3ccccc3)=O)Cl)s1)[N+](=O)[O-],O=C(c1ccccc1)c1cc(Cl)ccc1/N=C/c1ccc([N+](=O)[O-])s1,1.0,0.6550321600000001,e_coli,141036,1,True,True,32 ug/mL,1.99,ug/mL,fixed_10_um,HEK293 CC50,10.0,uM,exact_cc50,370.81700000000006,100.5,supplied EC wild-type 80% inhibition hit
coadd,CO-ADD:0236505,1564,c1(ccc(\C=N\c2ccc(cc2C(c3ccccc3)=O)Cl)s1)[N+](=O)[O-],O=C(c1ccccc1)c1cc(Cl)ccc1/N=C/c1ccc([N+](=O)[O-])s1,1.0,0.6550321600000001,e_coli,141036,1,True,True,32 ug/mL,1.99,ug/mL,conventional_32_ug_ml_or_10_um,HEK293 CC50,32.0,ug/mL,exact_cc50,,100.5,supplied EC wild-type 80% inhibition hit
coadd,CO-ADD:0238634,1590,CC1=C(C2=CC=C(C=C2)C3=CC=CC=C3)C(C)=C(C)C1C.NC4=NC(NC5=CC=CC=C5)=N[Ir@](C)(N4)Cl,CC1=C(C)C(C)C(C)=C1c1ccc(-c2ccccc2)cc1.C[Ir@@]1(Cl)N=C(Nc2ccccc2)N=C(N)N1,1.0,0.1309442199999999,e_coli,16574,1,True,True,32 ug/mL,29.9,ug/mL,matched_antibacterial_dose,HEK293 CC50,32.0,ug/mL,exact_cc50,,99.55,supplied EC wild-type 80% inhibition hit
coadd,CO-ADD:0238634,1590,CC1=C(C2=CC=C(C=C2)C3=CC=CC=C3)C(C)=C(C)C1C.NC4=NC(NC5=CC=CC=C5)=N[Ir@](C)(N4)Cl,CC1=C(C)C(C)C(C)=C1c1ccc(-c2ccccc2)cc1.C[Ir@@]1(Cl)N=C(Nc2ccccc2)N=C(N)N1,0.0,0.1309442199999999,e_coli,16574,1,True,True,32 ug/mL,29.9,ug/mL,fixed_10_um,HEK293 CC50,10.0,uM,exact_cc50,692.307,99.55,supplied EC wild-type 80% inhibition hit
coadd,CO-ADD:0238634,1590,CC1=C(C2=CC=C(C=C2)C3=CC=CC=C3)C(C)=C(C)C1C.NC4=NC(NC5=CC=CC=C5)=N[Ir@](C)(N4)Cl,CC1=C(C)C(C)C(C)=C1c1ccc(-c2ccccc2)cc1.C[Ir@@]1(Cl)N=C(Nc2ccccc2)N=C(N)N1,1.0,0.1309442199999999,e_coli,16574,1,True,True,32 ug/mL,29.9,ug/mL,conventional_32_ug_ml_or_10_um,HEK293 CC50,32.0,ug/mL,exact_cc50,,99.55,supplied EC wild-type 80% inhibition hit
coadd,CO-ADD:0238635,1591,CC1=C(C2=CC=C(C=C2)C3=CC=CC=C3)C(C)=C(C)C1C.NC4=NC(NC5=CC=C(C=C5)F)=N[Ir@](C)(N4)Cl,CC1=C(C)C(C)C(C)=C1c1ccc(-c2ccccc2)cc1.C[Ir@@]1(Cl)N=C(Nc2ccc(F)cc2)N=C(N)N1,1.0,0.1309442199999999,e_coli,52858,1,True,True,32 ug/mL,19.3,ug/mL,matched_antibacterial_dose,HEK293 CC50,32.0,ug/mL,exact_cc50,,72.3,supplied EC wild-type 80% inhibition hit
coadd,CO-ADD:0238635,1591,CC1=C(C2=CC=C(C=C2)C3=CC=CC=C3)C(C)=C(C)C1C.NC4=NC(NC5=CC=C(C=C5)F)=N[Ir@](C)(N4)Cl,CC1=C(C)C(C)C(C)=C1c1ccc(-c2ccccc2)cc1.C[Ir@@]1(Cl)N=C(Nc2ccc(F)cc2)N=C(N)N1,0.0,0.1309442199999999,e_coli,52858,1,True,True,32 ug/mL,19.3,ug/mL,fixed_10_um,HEK293 CC50,10.0,uM,exact_cc50,710.297,72.3,supplied EC wild-type 80% inhibition hit
coadd,CO-ADD:0238635,1591,CC1=C(C2=CC=C(C=C2)C3=CC=CC=C3)C(C)=C(C)C1C.NC4=NC(NC5=CC=C(C=C5)F)=N[Ir@](C)(N4)Cl,CC1=C(C)C(C)C(C)=C1c1ccc(-c2ccccc2)cc1.C[Ir@@]1(Cl)N=C(Nc2ccc(F)cc2)N=C(N)N1,1.0,0.1309442199999999,e_coli,52858,1,True,True,32 ug/mL,19.3,ug/mL,conventional_32_ug_ml_or_10_um,HEK293 CC50,32.0,ug/mL,exact_cc50,,72.3,supplied EC wild-type 80% inhibition hit
coadd,CO-ADD:0238637,1592,CC1=C(C2=CC=C(C=C2)C3=CC=CC=C3)C(C)=C(C)C1C.NC4=NC(NCCC5=CC=CC=C5)=N[Ir@](C)(N4)Cl,CC1=C(C)C(C)C(C)=C1c1ccc(-c2ccccc2)cc1.C[Ir@@]1(Cl)N=C(NCCc2ccccc2)N=C(N)N1,1.0,0.1309442199999999,e_coli,115652,1,True,True,32 ug/mL,16.9,ug/mL,matched_antibacterial_dose,HEK293 CC50,32.0,ug/mL,exact_cc50,,100.65,supplied EC wild-type 80% inhibition hit
coadd,CO-ADD:0238637,1592,CC1=C(C2=CC=C(C=C2)C3=CC=CC=C3)C(C)=C(C)C1C.NC4=NC(NCCC5=CC=CC=C5)=N[Ir@](C)(N4)Cl,CC1=C(C)C(C)C(C)=C1c1ccc(-c2ccccc2)cc1.C[Ir@@]1(Cl)N=C(NCCc2ccccc2)N=C(N)N1,0.0,0.1309442199999999,e_coli,115652,1,True,True,32 ug/mL,16.9,ug/mL,fixed_10_um,HEK293 CC50,10.0,uM,exact_cc50,720.3610000000001,100.65,supplied EC wild-type 80% inhibition hit
coadd,CO-ADD:0238637,1592,CC1=C(C2=CC=C(C=C2)C3=CC=CC=C3)C(C)=C(C)C1C.NC4=NC(NCCC5=CC=CC=C5)=N[Ir@](C)(N4)Cl,CC1=C(C)C(C)C(C)=C1c1ccc(-c2ccccc2)cc1.C[Ir@@]1(Cl)N=C(NCCc2ccccc2)N=C(N)N1,1.0,0.1309442199999999,e_coli,115652,1,True,True,32 ug/mL,16.9,ug/mL,conventional_32_ug_ml_or_10_um,HEK293 CC50,32.0,ug/mL,exact_cc50,,100.65,supplied EC wild-type 80% inhibition hit
coadd,CO-ADD:0241638,1612,C(C#N)(C1c2ccc(Br)s2)=C(N)N(C(CC(C)(C)CC3=O)=C13)c4ccc(cc4)C,Cc1ccc(N2C(N)=C(C#N)C(c3ccc(Br)s3)C3=C2CC(C)(C)CC3=O)cc1,1.0,0.1913969616666666,e_coli,81227,1,True,True,32 ug/mL,11.8,ug/mL,matched_antibacterial_dose,HEK293 CC50,32.0,ug/mL,exact_cc50,,83.65,supplied EC wild-type 80% inhibition hit
coadd,CO-ADD:0241638,1612,C(C#N)(C1c2ccc(Br)s2)=C(N)N(C(CC(C)(C)CC3=O)=C13)c4ccc(cc4)C,Cc1ccc(N2C(N)=C(C#N)C(c3ccc(Br)s3)C3=C2CC(C)(C)CC3=O)cc1,0.0,0.1913969616666666,e_coli,81227,1,True,True,32 ug/mL,11.8,ug/mL,fixed_10_um,HEK293 CC50,10.0,uM,exact_cc50,468.4200000000003,83.65,supplied EC wild-type 80% inhibition hit
coadd,CO-ADD:0241638,1612,C(C#N)(C1c2ccc(Br)s2)=C(N)N(C(CC(C)(C)CC3=O)=C13)c4ccc(cc4)C,Cc1ccc(N2C(N)=C(C#N)C(c3ccc(Br)s3)C3=C2CC(C)(C)CC3=O)cc1,1.0,0.1913969616666666,e_coli,81227,1,True,True,32 ug/mL,11.8,ug/mL,conventional_32_ug_ml_or_10_um,HEK293 CC50,32.0,ug/mL,exact_cc50,,83.65,supplied EC wild-type 80% inhibition hit
coadd,CO-ADD:0254435,1653,[n+]1([O-])n(C)nc(NCCC#N)c1[N+](=O)[O-],Cn1nc(NCCC#N)c([N+](=O)[O-])[n+]1[O-],1.0,0.0275417003333333,e_coli,119691,1,True,True,32 ug/mL,7.412,ug/mL,matched_antibacterial_dose,HEK293 CC50,32.0,ug/mL,exact_cc50,,87.4,supplied EC wild-type 80% inhibition hit
coadd,CO-ADD:0254435,1653,[n+]1([O-])n(C)nc(NCCC#N)c1[N+](=O)[O-],Cn1nc(NCCC#N)c([N+](=O)[O-])[n+]1[O-],0.0,0.0275417003333333,e_coli,119691,1,True,True,32 ug/mL,7.412,ug/mL,fixed_10_um,HEK293 CC50,10.0,uM,exact_cc50,212.16899999999998,87.4,supplied EC wild-type 80% inhibition hit
coadd,CO-ADD:0254435,1653,[n+]1([O-])n(C)nc(NCCC#N)c1[N+](=O)[O-],Cn1nc(NCCC#N)c([N+](=O)[O-])[n+]1[O-],1.0,0.0275417003333333,e_coli,119691,1,True,True,32 ug/mL,7.412,ug/mL,conventional_32_ug_ml_or_10_um,HEK293 CC50,32.0,ug/mL,exact_cc50,,87.4,supplied EC wild-type 80% inhibition hit
coadd,CO-ADD:0253061,1655,c1(ccc(\C=N\c2ccccc2)o1)[N+](=O)[O-],O=[N+]([O-])c1ccc(/C=N/c2ccccc2)o1,1.0,0.2732019283333333,e_coli,161509,1,True,True,32 ug/mL,2.7,ug/mL,matched_antibacterial_dose,HEK293 CC50,32.0,ug/mL,exact_cc50,,93.95,supplied EC wild-type 80% inhibition hit
coadd,CO-ADD:0253061,1655,c1(ccc(\C=N\c2ccccc2)o1)[N+](=O)[O-],O=[N+]([O-])c1ccc(/C=N/c2ccccc2)o1,0.0,0.2732019283333333,e_coli,161509,1,True,True,32 ug/mL,2.7,ug/mL,fixed_10_um,HEK293 CC50,10.0,uM,exact_cc50,216.19599999999997,93.95,supplied EC wild-type 80% inhibition hit
coadd,CO-ADD:0253061,1655,c1(ccc(\C=N\c2ccccc2)o1)[N+](=O)[O-],O=[N+]([O-])c1ccc(/C=N/c2ccccc2)o1,1.0,0.2732019283333333,e_coli,161509,1,True,True,32 ug/mL,2.7,ug/mL,conventional_32_ug_ml_or_10_um,HEK293 CC50,32.0,ug/mL,exact_cc50,,93.95,supplied EC wild-type 80% inhibition hit
coadd,CO-ADD:0253934,1660,c(c(Cl)c(C#N)nc1Cl)(S2)c1SC2=O,N#Cc1nc(Cl)c2sc(=O)sc2c1Cl,1.0,0.54089124,e_coli,87658,1,True,True,32 ug/mL,5.39,ug/mL,matched_antibacterial_dose,HEK293 CC50,32.0,ug/mL,exact_cc50,,96.65,supplied EC wild-type 80% inhibition hit
coadd,CO-ADD:0253934,1660,c(c(Cl)c(C#N)nc1Cl)(S2)c1SC2=O,N#Cc1nc(Cl)c2sc(=O)sc2c1Cl,0.0,0.54089124,e_coli,87658,1,True,True,32 ug/mL,5.39,ug/mL,fixed_10_um,HEK293 CC50,10.0,uM,exact_cc50,263.13000000000005,96.65,supplied EC wild-type 80% inhibition hit
coadd,CO-ADD:0253934,1660,c(c(Cl)c(C#N)nc1Cl)(S2)c1SC2=O,N#Cc1nc(Cl)c2sc(=O)sc2c1Cl,1.0,0.54089124,e_coli,87658,1,True,True,32 ug/mL,5.39,ug/mL,conventional_32_ug_ml_or_10_um,HEK293 CC50,32.0,ug/mL,exact_cc50,,96.65,supplied EC wild-type 80% inhibition hit
coadd,CO-ADD:0242701,1662,c1(c(ccc2[N+](=O)[O-])o2)[nH]c(c(c3)n1)ccc3[N+](=O)[O-],O=[N+]([O-])c1ccc2[nH]c(-c3ccc([N+](=O)[O-])o3)nc2c1,1.0,0.6476047133333334,e_coli,173599,1,True,True,32 ug/mL,0.277,ug/mL,matched_antibacterial_dose,HEK293 CC50,32.0,ug/mL,exact_cc50,,108.25,supplied EC wild-type 80% inhibition hit
coadd,CO-ADD:0242701,1662,c1(c(ccc2[N+](=O)[O-])o2)[nH]c(c(c3)n1)ccc3[N+](=O)[O-],O=[N+]([O-])c1ccc2[nH]c(-c3ccc([N+](=O)[O-])o3)nc2c1,1.0,0.6476047133333334,e_coli,173599,1,True,True,32 ug/mL,0.277,ug/mL,fixed_10_um,HEK293 CC50,10.0,uM,exact_cc50,274.19200000000006,108.25,supplied EC wild-type 80% inhibition hit
coadd,CO-ADD:0242701,1662,c1(c(ccc2[N+](=O)[O-])o2)[nH]c(c(c3)n1)ccc3[N+](=O)[O-],O=[N+]([O-])c1ccc2[nH]c(-c3ccc([N+](=O)[O-])o3)nc2c1,1.0,0.6476047133333334,e_coli,173599,1,True,True,32 ug/mL,0.277,ug/mL,conventional_32_ug_ml_or_10_um,HEK293 CC50,32.0,ug/mL,exact_cc50,,108.25,supplied EC wild-type 80% inhibition hit
coadd,CO-ADD:0247666,1723,c(cc1c2\C(=C\C=C(/C=C3)\c(cccc4)c4N3C)\C=N1)cc2.I,CN1C=C/C(=C\C=C2/C=Nc3ccccc32)c2ccccc21.I,1.0,0.4135580716666666,e_coli,7941,1,True,True,32 ug/mL,6.873,ug/mL,matched_antibacterial_dose,HEK293 CC50,32.0,ug/mL,exact_cc50,,92.8,supplied EC wild-type 80% inhibition hit
coadd,CO-ADD:0247666,1723,c(cc1c2\C(=C\C=C(/C=C3)\c(cccc4)c4N3C)\C=N1)cc2.I,CN1C=C/C(=C\C=C2/C=Nc3ccccc32)c2ccccc21.I,0.0,0.4135580716666666,e_coli,7941,1,True,True,32 ug/mL,6.873,ug/mL,fixed_10_um,HEK293 CC50,10.0,uM,exact_cc50,412.27399999999994,92.8,supplied EC wild-type 80% inhibition hit
coadd,CO-ADD:0247666,1723,c(cc1c2\C(=C\C=C(/C=C3)\c(cccc4)c4N3C)\C=N1)cc2.I,CN1C=C/C(=C\C=C2/C=Nc3ccccc32)c2ccccc21.I,1.0,0.4135580716666666,e_coli,7941,1,True,True,32 ug/mL,6.873,ug/mL,conventional_32_ug_ml_or_10_um,HEK293 CC50,32.0,ug/mL,exact_cc50,,92.8,supplied EC wild-type 80% inhibition hit
coadd,CO-ADD:0247733,1738,c12c(ccc(NN)n1)c(cc(Cl)c2O)Cl,NNc1ccc2c(Cl)cc(Cl)c(O)c2n1,1.0,0.4237490599999999,e_coli,173788,1,True,True,32 ug/mL,9.33,ug/mL,matched_antibacterial_dose,HEK293 CC50,32.0,ug/mL,exact_cc50,,62.9,supplied EC wild-type 80% inhibition hit
coadd,CO-ADD:0247733,1738,c12c(ccc(NN)n1)c(cc(Cl)c2O)Cl,NNc1ccc2c(Cl)cc(Cl)c(O)c2n1,0.0,0.4237490599999999,e_coli,173788,1,True,True,32 ug/mL,9.33,ug/mL,fixed_10_um,HEK293 CC50,10.0,uM,exact_cc50,244.08100000000005,62.9,supplied EC wild-type 80% inhibition hit
coadd,CO-ADD:0247733,1738,c12c(ccc(NN)n1)c(cc(Cl)c2O)Cl,NNc1ccc2c(Cl)cc(Cl)c(O)c2n1,1.0,0.4237490599999999,e_coli,173788,1,True,True,32 ug/mL,9.33,ug/mL,conventional_32_ug_ml_or_10_um,HEK293 CC50,32.0,ug/mL,exact_cc50,,62.9,supplied EC wild-type 80% inhibition hit
coadd,CO-ADD:0240321,1741,c(ccc1C(=O)N(CC2)CCN2C)(o1)[N+](=O)[O-].Cl,CN1CCN(C(=O)c2ccc([N+](=O)[O-])o2)CC1.Cl,1.0,0.1877569983333333,e_coli,60193,1,True,True,32 ug/mL,19.2,ug/mL,matched_antibacterial_dose,HEK293 CC50,32.0,ug/mL,exact_cc50,,72.75,supplied EC wild-type 80% inhibition hit
coadd,CO-ADD:0240321,1741,c(ccc1C(=O)N(CC2)CCN2C)(o1)[N+](=O)[O-].Cl,CN1CCN(C(=O)c2ccc([N+](=O)[O-])o2)CC1.Cl,0.0,0.1877569983333333,e_coli,60193,1,True,True,32 ug/mL,19.2,ug/mL,fixed_10_um,HEK293 CC50,10.0,uM,exact_cc50,275.69199999999995,72.75,supplied EC wild-type 80% inhibition hit
coadd,CO-ADD:0240321,1741,c(ccc1C(=O)N(CC2)CCN2C)(o1)[N+](=O)[O-].Cl,CN1CCN(C(=O)c2ccc([N+](=O)[O-])o2)CC1.Cl,1.0,0.1877569983333333,e_coli,60193,1,True,True,32 ug/mL,19.2,ug/mL,conventional_32_ug_ml_or_10_um,HEK293 CC50,32.0,ug/mL,exact_cc50,,72.75,supplied EC wild-type 80% inhibition hit
coadd,CO-ADD:0240410,1761,C(C#N)(C1c2ccc(Br)s2)=C(N)N(C(CCCC3=O)=C13)c4ccc(cc4)C,Cc1ccc(N2C(N)=C(C#N)C(c3ccc(Br)s3)C3=C2CCCC3=O)cc1,1.0,0.171831269,e_coli,143205,1,True,True,32 ug/mL,25.4,ug/mL,matched_antibacterial_dose,HEK293 CC50,32.0,ug/mL,exact_cc50,,62.1,supplied EC wild-type 80% inhibition hit
coadd,CO-ADD:0240410,1761,C(C#N)(C1c2ccc(Br)s2)=C(N)N(C(CCCC3=O)=C13)c4ccc(cc4)C,Cc1ccc(N2C(N)=C(C#N)C(c3ccc(Br)s3)C3=C2CCCC3=O)cc1,0.0,0.171831269,e_coli,143205,1,True,True,32 ug/mL,25.4,ug/mL,fixed_10_um,HEK293 CC50,10.0,uM,exact_cc50,440.36600000000027,62.1,supplied EC wild-type 80% inhibition hit
coadd,CO-ADD:0240410,1761,C(C#N)(C1c2ccc(Br)s2)=C(N)N(C(CCCC3=O)=C13)c4ccc(cc4)C,Cc1ccc(N2C(N)=C(C#N)C(c3ccc(Br)s3)C3=C2CCCC3=O)cc1,1.0,0.171831269,e_coli,143205,1,True,True,32 ug/mL,25.4,ug/mL,conventional_32_ug_ml_or_10_um,HEK293 CC50,32.0,ug/mL,exact_cc50,,62.1,supplied EC wild-type 80% inhibition hit
coadd,CO-ADD:0244702,1765,N(=C\C(\Br)=C\c1ccccc1)/N(c2ccccc2)c3ccccc3,BrC(=C\c1ccccc1)/C=N/N(c1ccccc1)c1ccccc1,1.0,0.247102305,e_coli,98785,1,True,True,32 ug/mL,0.601,ug/mL,matched_antibacterial_dose,HEK293 CC50,32.0,ug/mL,exact_cc50,,94.2,supplied EC wild-type 80% inhibition hit
coadd,CO-ADD:0244702,1765,N(=C\C(\Br)=C\c1ccccc1)/N(c2ccccc2)c3ccccc3,BrC(=C\c1ccccc1)/C=N/N(c1ccccc1)c1ccccc1,1.0,0.247102305,e_coli,98785,1,True,True,32 ug/mL,0.601,ug/mL,fixed_10_um,HEK293 CC50,10.0,uM,exact_cc50,377.2850000000001,94.2,supplied EC wild-type 80% inhibition hit
coadd,CO-ADD:0244702,1765,N(=C\C(\Br)=C\c1ccccc1)/N(c2ccccc2)c3ccccc3,BrC(=C\c1ccccc1)/C=N/N(c1ccccc1)c1ccccc1,1.0,0.247102305,e_coli,98785,1,True,True,32 ug/mL,0.601,ug/mL,conventional_32_ug_ml_or_10_um,HEK293 CC50,32.0,ug/mL,exact_cc50,,94.2,supplied EC wild-type 80% inhibition hit
coadd,CO-ADD:0244719,1767,N1(C(=O)CSC1=S)c(c2)cc(cc2[N+](=O)[O-])[N+](=O)[O-],O=C1CSC(=S)N1c1cc([N+](=O)[O-])cc([N+](=O)[O-])c1,1.0,0.3060723116666666,e_coli,148480,1,True,True,32 ug/mL,1.72,ug/mL,matched_antibacterial_dose,HEK293 CC50,32.0,ug/mL,exact_cc50,,101.9,supplied EC wild-type 80% inhibition hit
coadd,CO-ADD:0244719,1767,N1(C(=O)CSC1=S)c(c2)cc(cc2[N+](=O)[O-])[N+](=O)[O-],O=C1CSC(=S)N1c1cc([N+](=O)[O-])cc([N+](=O)[O-])c1,1.0,0.3060723116666666,e_coli,148480,1,True,True,32 ug/mL,1.72,ug/mL,fixed_10_um,HEK293 CC50,10.0,uM,exact_cc50,299.28900000000004,101.9,supplied EC wild-type 80% inhibition hit
coadd,CO-ADD:0244719,1767,N1(C(=O)CSC1=S)c(c2)cc(cc2[N+](=O)[O-])[N+](=O)[O-],O=C1CSC(=S)N1c1cc([N+](=O)[O-])cc([N+](=O)[O-])c1,1.0,0.3060723116666666,e_coli,148480,1,True,True,32 ug/mL,1.72,ug/mL,conventional_32_ug_ml_or_10_um,HEK293 CC50,32.0,ug/mL,exact_cc50,,101.9,supplied EC wild-type 80% inhibition hit
coadd,CO-ADD:0248218,1775,c1(\N=C\c(ccc2[N+](=O)[O-])o2)sc(c3c1C(OCC)=O)CCC3,CCOC(=O)c1c(/N=C/c2ccc([N+](=O)[O-])o2)sc2c1CCC2,1.0,0.156714935,e_coli,71874,1,True,True,32 ug/mL,9.9,ug/mL,matched_antibacterial_dose,HEK293 CC50,32.0,ug/mL,exact_cc50,,88.65,supplied EC wild-type 80% inhibition hit
coadd,CO-ADD:0248218,1775,c1(\N=C\c(ccc2[N+](=O)[O-])o2)sc(c3c1C(OCC)=O)CCC3,CCOC(=O)c1c(/N=C/c2ccc([N+](=O)[O-])o2)sc2c1CCC2,0.0,0.156714935,e_coli,71874,1,True,True,32 ug/mL,9.9,ug/mL,fixed_10_um,HEK293 CC50,10.0,uM,exact_cc50,334.3530000000002,88.65,supplied EC wild-type 80% inhibition hit
coadd,CO-ADD:0248218,1775,c1(\N=C\c(ccc2[N+](=O)[O-])o2)sc(c3c1C(OCC)=O)CCC3,CCOC(=O)c1c(/N=C/c2ccc([N+](=O)[O-])o2)sc2c1CCC2,1.0,0.156714935,e_coli,71874,1,True,True,32 ug/mL,9.9,ug/mL,conventional_32_ug_ml_or_10_um,HEK293 CC50,32.0,ug/mL,exact_cc50,,88.65,supplied EC wild-type 80% inhibition hit
coadd,CO-ADD:0249969,1818,C(F)(C(NCCC(F)([N+](=O)[O-])[N+](=O)[O-])=O)([N+](=O)[O-])[N+](=O)[O-],O=C(NCCC(F)([N+](=O)[O-])[N+](=O)[O-])C(F)([N+](=O)[O-])[N+](=O)[O-],1.0,0.4417813683333333,e_coli,148879,1,True,True,32 ug/mL,2.33,ug/mL,matched_antibacterial_dose,HEK293 CC50,32.0,ug/mL,exact_cc50,,98.95,supplied EC wild-type 80% inhibition hit
coadd,CO-ADD:0249969,1818,C(F)(C(NCCC(F)([N+](=O)[O-])[N+](=O)[O-])=O)([N+](=O)[O-])[N+](=O)[O-],O=C(NCCC(F)([N+](=O)[O-])[N+](=O)[O-])C(F)([N+](=O)[O-])[N+](=O)[O-],1.0,0.4417813683333333,e_coli,148879,1,True,True,32 ug/mL,2.33,ug/mL,fixed_10_um,HEK293 CC50,10.0,uM,exact_cc50,317.117,98.95,supplied EC wild-type 80% inhibition hit
coadd,CO-ADD:0249969,1818,C(F)(C(NCCC(F)([N+](=O)[O-])[N+](=O)[O-])=O)([N+](=O)[O-])[N+](=O)[O-],O=C(NCCC(F)([N+](=O)[O-])[N+](=O)[O-])C(F)([N+](=O)[O-])[N+](=O)[O-],1.0,0.4417813683333333,e_coli,148879,1,True,True,32 ug/mL,2.33,ug/mL,conventional_32_ug_ml_or_10_um,HEK293 CC50,32.0,ug/mL,exact_cc50,,98.95,supplied EC wild-type 80% inhibition hit
coadd,CO-ADD:0252482,1819,c1(c2ccc(cc2)\N=C\c(ccc3[N+](=O)[O-])o3)sc4c(ccc(C)c4)n1,Cc1ccc2nc(-c3ccc(/N=C/c4ccc([N+](=O)[O-])o4)cc3)sc2c1,0.0,0.135821885,e_coli,57652,1,True,True,32 ug/mL,>32,ug/mL,matched_antibacterial_dose,HEK293 CC50,32.0,ug/mL,lower_bound_proves_nontoxic,,26.6,supplied EC wild-type 80% inhibition hit
coadd,CO-ADD:0252482,1819,c1(c2ccc(cc2)\N=C\c(ccc3[N+](=O)[O-])o3)sc4c(ccc(C)c4)n1,Cc1ccc2nc(-c3ccc(/N=C/c4ccc([N+](=O)[O-])o4)cc3)sc2c1,0.0,0.135821885,e_coli,57652,1,True,True,32 ug/mL,>32,ug/mL,fixed_10_um,HEK293 CC50,10.0,uM,lower_bound_proves_nontoxic,363.3980000000001,26.6,supplied EC wild-type 80% inhibition hit
coadd,CO-ADD:0252482,1819,c1(c2ccc(cc2)\N=C\c(ccc3[N+](=O)[O-])o3)sc4c(ccc(C)c4)n1,Cc1ccc2nc(-c3ccc(/N=C/c4ccc([N+](=O)[O-])o4)cc3)sc2c1,0.0,0.135821885,e_coli,57652,1,True,True,32 ug/mL,>32,ug/mL,conventional_32_ug_ml_or_10_um,HEK293 CC50,32.0,ug/mL,lower_bound_proves_nontoxic,,26.6,supplied EC wild-type 80% inhibition hit
coadd,CO-ADD:0252309,1848,C(c(cc1)ccn1)(=O)N\N=C\C(\Br)=C/c2ccccc2,O=C(N/N=C/C(Br)=C\c1ccccc1)c1ccncc1,1.0,0.7880182683333333,e_coli,30070,1,True,True,32 ug/mL,10.8,ug/mL,matched_antibacterial_dose,HEK293 CC50,32.0,ug/mL,exact_cc50,,78.8,supplied EC wild-type 80% inhibition hit
coadd,CO-ADD:0252309,1848,C(c(cc1)ccn1)(=O)N\N=C\C(\Br)=C/c2ccccc2,O=C(N/N=C/C(Br)=C\c1ccccc1)c1ccncc1,0.0,0.7880182683333333,e_coli,30070,1,True,True,32 ug/mL,10.8,ug/mL,fixed_10_um,HEK293 CC50,10.0,uM,exact_cc50,330.18500000000006,78.8,supplied EC wild-type 80% inhibition hit
coadd,CO-ADD:0252309,1848,C(c(cc1)ccn1)(=O)N\N=C\C(\Br)=C/c2ccccc2,O=C(N/N=C/C(Br)=C\c1ccccc1)c1ccncc1,1.0,0.7880182683333333,e_coli,30070,1,True,True,32 ug/mL,10.8,ug/mL,conventional_32_ug_ml_or_10_um,HEK293 CC50,32.0,ug/mL,exact_cc50,,78.8,supplied EC wild-type 80% inhibition hit
coadd,CO-ADD:0252312,1849,c(ccc(n1)C)(c1)C(=O)N\N=C\C(\Br)=C\c2ccccc2,Cc1ccc(C(=O)N/N=C/C(Br)=C/c2ccccc2)cn1,1.0,0.6452528599999999,e_coli,162584,1,True,True,32 ug/mL,17.3,ug/mL,matched_antibacterial_dose,HEK293 CC50,32.0,ug/mL,exact_cc50,,56.45,supplied EC wild-type 80% inhibition hit
coadd,CO-ADD:0252312,1849,c(ccc(n1)C)(c1)C(=O)N\N=C\C(\Br)=C\c2ccccc2,Cc1ccc(C(=O)N/N=C/C(Br)=C/c2ccccc2)cn1,0.0,0.6452528599999999,e_coli,162584,1,True,True,32 ug/mL,17.3,ug/mL,fixed_10_um,HEK293 CC50,10.0,uM,exact_cc50,344.21200000000005,56.45,supplied EC wild-type 80% inhibition hit
coadd,CO-ADD:0252312,1849,c(ccc(n1)C)(c1)C(=O)N\N=C\C(\Br)=C\c2ccccc2,Cc1ccc(C(=O)N/N=C/C(Br)=C/c2ccccc2)cn1,1.0,0.6452528599999999,e_coli,162584,1,True,True,32 ug/mL,17.3,ug/mL,conventional_32_ug_ml_or_10_um,HEK293 CC50,32.0,ug/mL,exact_cc50,,56.45,supplied EC wild-type 80% inhibition hit
coadd,CO-ADD:0256575,1867,B1(O)c2c(CO1)cccc2,OB1OCc2ccccc21,0.0,0.0311014988333333,e_coli,86481,1,True,True,32 ug/mL,>32,ug/mL,matched_antibacterial_dose,HEK293 CC50,32.0,ug/mL,lower_bound_proves_nontoxic,,45.35,supplied EC wild-type 80% inhibition hit
coadd,CO-ADD:0256575,1867,B1(O)c2c(CO1)cccc2,OB1OCc2ccccc21,0.0,0.0311014988333333,e_coli,86481,1,True,True,32 ug/mL,>32,ug/mL,fixed_10_um,HEK293 CC50,10.0,uM,lower_bound_proves_nontoxic,133.94299999999998,45.35,supplied EC wild-type 80% inhibition hit
coadd,CO-ADD:0256575,1867,B1(O)c2c(CO1)cccc2,OB1OCc2ccccc21,0.0,0.0311014988333333,e_coli,86481,1,True,True,32 ug/mL,>32,ug/mL,conventional_32_ug_ml_or_10_um,HEK293 CC50,32.0,ug/mL,lower_bound_proves_nontoxic,,45.35,supplied EC wild-type 80% inhibition hit
coadd,CO-ADD:0137197,1959,n1c(c2ccc(C(C(OC)=C3N)=O)c(C3=O)n2)c(N)c(c4ccc(OC)c(OC)c4O)c(C)c1C(O)=O,COC1=C(N)C(=O)c2nc(-c3nc(C(=O)O)c(C)c(-c4ccc(OC)c(OC)c4O)c3N)ccc2C1=O,1.0,0.6407159533333333,e_coli,90118,1,True,True,25 uM,0.0924,uM,matched_antibacterial_dose,HEK293 CC50,25.0,uM,exact_cc50,,99.15,supplied EC wild-type 80% inhibition hit
coadd,CO-ADD:0137197,1959,n1c(c2ccc(C(C(OC)=C3N)=O)c(C3=O)n2)c(N)c(c4ccc(OC)c(OC)c4O)c(C)c1C(O)=O,COC1=C(N)C(=O)c2nc(-c3nc(C(=O)O)c(C)c(-c4ccc(OC)c(OC)c4O)c3N)ccc2C1=O,1.0,0.6407159533333333,e_coli,90118,1,True,True,25 uM,0.0924,uM,fixed_10_um,HEK293 CC50,10.0,uM,exact_cc50,,99.15,supplied EC wild-type 80% inhibition hit
coadd,CO-ADD:0137197,1959,n1c(c2ccc(C(C(OC)=C3N)=O)c(C3=O)n2)c(N)c(c4ccc(OC)c(OC)c4O)c(C)c1C(O)=O,COC1=C(N)C(=O)c2nc(-c3nc(C(=O)O)c(C)c(-c4ccc(OC)c(OC)c4O)c3N)ccc2C1=O,1.0,0.6407159533333333,e_coli,90118,1,True,True,25 uM,0.0924,uM,conventional_32_ug_ml_or_10_um,HEK293 CC50,10.0,uM,exact_cc50,,99.15,supplied EC wild-type 80% inhibition hit
coadd,CO-ADD:0137255,1979,[C@@H]1(O)[C@@]([C@@H](NC(=O)[C@](C)(N)[H])[C@@](C)(C(Cl)Cl)O2)(C(C2=O)=C(O)C[C@H]1O)[H],C[C@H](N)C(=O)N[C@@H]1[C@H]2C(=C(O)C[C@@H](O)[C@@H]2O)C(=O)O[C@]1(C)C(Cl)Cl,1.0,0.1359693041666666,e_coli,168141;168157,2,True,True,25 uM,1.569,uM,matched_antibacterial_dose,HEK293 CC50,25.0,uM,exact_cc50,,60.35,supplied EC wild-type 80% inhibition hit
coadd,CO-ADD:0137255,1979,[C@@H]1(O)[C@@]([C@@H](NC(=O)[C@](C)(N)[H])[C@@](C)(C(Cl)Cl)O2)(C(C2=O)=C(O)C[C@H]1O)[H],C[C@H](N)C(=O)N[C@@H]1[C@H]2C(=C(O)C[C@@H](O)[C@@H]2O)C(=O)O[C@]1(C)C(Cl)Cl,1.0,0.1359693041666666,e_coli,168141;168157,2,True,True,25 uM,1.569,uM,fixed_10_um,HEK293 CC50,10.0,uM,exact_cc50,,60.35,supplied EC wild-type 80% inhibition hit
coadd,CO-ADD:0137255,1979,[C@@H]1(O)[C@@]([C@@H](NC(=O)[C@](C)(N)[H])[C@@](C)(C(Cl)Cl)O2)(C(C2=O)=C(O)C[C@H]1O)[H],C[C@H](N)C(=O)N[C@@H]1[C@H]2C(=C(O)C[C@@H](O)[C@@H]2O)C(=O)O[C@]1(C)C(Cl)Cl,1.0,0.1359693041666666,e_coli,168141;168157,2,True,True,25 uM,1.569,uM,conventional_32_ug_ml_or_10_um,HEK293 CC50,10.0,uM,exact_cc50,,60.35,supplied EC wild-type 80% inhibition hit
coadd,CO-ADD:0137276,1983,CC(N([H])C(=O)C1N([H])C(=O)c2nc(c(nc2)cc3)cc3)C(=O)N(C(C(=O)N(C(C(C)C)C(OC4)=O)C)CSC(SC)C(N(C(=O)C(N([H])C(=O)C4N([H])C(=O)c5nc(c(nc5)cc6)cc6)C)C)C(=O)N(C(C(C)C)C(OC1)=O)C)C,CSC1SCC2C(=O)N(C)C(C(C)C)C(=O)OCC(NC(=O)c3cnc4ccccc4n3)C(=O)NC(C)C(=O)N(C)C1C(=O)N(C)C(C(C)C)C(=O)OCC(NC(=O)c1cnc3ccccc3n1)C(=O)NC(C)C(=O)N2C,1.0,0.8616565216666667,e_coli,181334,1,True,True,25 uM,<=0.0781,uM,matched_antibacterial_dose,HEK293 CC50,25.0,uM,upper_bound_proves_toxic,,76.85,supplied EC wild-type 80% inhibition hit
coadd,CO-ADD:0137276,1983,CC(N([H])C(=O)C1N([H])C(=O)c2nc(c(nc2)cc3)cc3)C(=O)N(C(C(=O)N(C(C(C)C)C(OC4)=O)C)CSC(SC)C(N(C(=O)C(N([H])C(=O)C4N([H])C(=O)c5nc(c(nc5)cc6)cc6)C)C)C(=O)N(C(C(C)C)C(OC1)=O)C)C,CSC1SCC2C(=O)N(C)C(C(C)C)C(=O)OCC(NC(=O)c3cnc4ccccc4n3)C(=O)NC(C)C(=O)N(C)C1C(=O)N(C)C(C(C)C)C(=O)OCC(NC(=O)c1cnc3ccccc3n1)C(=O)NC(C)C(=O)N2C,1.0,0.8616565216666667,e_coli,181334,1,True,True,25 uM,<=0.0781,uM,fixed_10_um,HEK293 CC50,10.0,uM,upper_bound_proves_toxic,,76.85,supplied EC wild-type 80% inhibition hit
coadd,CO-ADD:0137276,1983,CC(N([H])C(=O)C1N([H])C(=O)c2nc(c(nc2)cc3)cc3)C(=O)N(C(C(=O)N(C(C(C)C)C(OC4)=O)C)CSC(SC)C(N(C(=O)C(N([H])C(=O)C4N([H])C(=O)c5nc(c(nc5)cc6)cc6)C)C)C(=O)N(C(C(C)C)C(OC1)=O)C)C,CSC1SCC2C(=O)N(C)C(C(C)C)C(=O)OCC(NC(=O)c3cnc4ccccc4n3)C(=O)NC(C)C(=O)N(C)C1C(=O)N(C)C(C(C)C)C(=O)OCC(NC(=O)c1cnc3ccccc3n1)C(=O)NC(C)C(=O)N2C,1.0,0.8616565216666667,e_coli,181334,1,True,True,25 uM,<=0.0781,uM,conventional_32_ug_ml_or_10_um,HEK293 CC50,10.0,uM,upper_bound_proves_toxic,,76.85,supplied EC wild-type 80% inhibition hit
coadd,CO-ADD:0137573,2005,O=C(NCCN1CCOCC1)C2=CC(NC(C3=CC(NC(C4=CN=C(/C=C/C5=CC=C(OC)C=C5)C=C4)=O)=CN3C)=O)=CN2CCCC6=CN(CCC7=CC=CC=C7)N=N6,COc1ccc(/C=C/c2ccc(C(=O)Nc3cc(C(=O)Nc4cc(C(=O)NCCN5CCOCC5)n(CCCc5cn(CCc6ccccc6)nn5)c4)n(C)c3)cn2)cc1,0.0,0.1423837849999999,e_coli,16716,1,True,True,32 ug/mL,>32,ug/mL,matched_antibacterial_dose,HEK293 CC50,32.0,ug/mL,lower_bound_proves_nontoxic,,39.3,supplied EC wild-type 80% inhibition hit
coadd,CO-ADD:0137573,2005,O=C(NCCN1CCOCC1)C2=CC(NC(C3=CC(NC(C4=CN=C(/C=C/C5=CC=C(OC)C=C5)C=C4)=O)=CN3C)=O)=CN2CCCC6=CN(CCC7=CC=CC=C7)N=N6,COc1ccc(/C=C/c2ccc(C(=O)Nc3cc(C(=O)Nc4cc(C(=O)NCCN5CCOCC5)n(CCCc5cn(CCc6ccccc6)nn5)c4)n(C)c3)cn2)cc1,0.0,0.1423837849999999,e_coli,16716,1,True,True,32 ug/mL,>32,ug/mL,fixed_10_um,HEK293 CC50,10.0,uM,lower_bound_proves_nontoxic,810.9599999999996,39.3,supplied EC wild-type 80% inhibition hit
coadd,CO-ADD:0137573,2005,O=C(NCCN1CCOCC1)C2=CC(NC(C3=CC(NC(C4=CN=C(/C=C/C5=CC=C(OC)C=C5)C=C4)=O)=CN3C)=O)=CN2CCCC6=CN(CCC7=CC=CC=C7)N=N6,COc1ccc(/C=C/c2ccc(C(=O)Nc3cc(C(=O)Nc4cc(C(=O)NCCN5CCOCC5)n(CCCc5cn(CCc6ccccc6)nn5)c4)n(C)c3)cn2)cc1,0.0,0.1423837849999999,e_coli,16716,1,True,True,32 ug/mL,>32,ug/mL,conventional_32_ug_ml_or_10_um,HEK293 CC50,32.0,ug/mL,lower_bound_proves_nontoxic,,39.3,supplied EC wild-type 80% inhibition hit
coadd,CO-ADD:0137575,2006,CN1C=C(NC(C(C=N2)=CC=C2/C=C/C(C=C3)=CC=C3OC)=O)C=C1C(NC4=CN(C)C(C(NCCN5CCOCC5)=O)=C4)=O.OC(C(F)(F)F)=O.OC(C(F)(F)F)=O,COc1ccc(/C=C/c2ccc(C(=O)Nc3cc(C(=O)Nc4cc(C(=O)NCCN5CCOCC5)n(C)c4)n(C)c3)cn2)cc1.O=C(O)C(F)(F)F.O=C(O)C(F)(F)F,1.0,0.1950304816666666,e_coli,68215,1,True,True,32 ug/mL,27.1,ug/mL,matched_antibacterial_dose,HEK293 CC50,32.0,ug/mL,exact_cc50,,50.5,supplied EC wild-type 80% inhibition hit
coadd,CO-ADD:0137575,2006,CN1C=C(NC(C(C=N2)=CC=C2/C=C/C(C=C3)=CC=C3OC)=O)C=C1C(NC4=CN(C)C(C(NCCN5CCOCC5)=O)=C4)=O.OC(C(F)(F)F)=O.OC(C(F)(F)F)=O,COc1ccc(/C=C/c2ccc(C(=O)Nc3cc(C(=O)Nc4cc(C(=O)NCCN5CCOCC5)n(C)c4)n(C)c3)cn2)cc1.O=C(O)C(F)(F)F.O=C(O)C(F)(F)F,0.0,0.1950304816666666,e_coli,68215,1,True,True,32 ug/mL,27.1,ug/mL,fixed_10_um,HEK293 CC50,10.0,uM,exact_cc50,839.7470000000006,50.5,supplied EC wild-type 80% inhibition hit
coadd,CO-ADD:0137575,2006,CN1C=C(NC(C(C=N2)=CC=C2/C=C/C(C=C3)=CC=C3OC)=O)C=C1C(NC4=CN(C)C(C(NCCN5CCOCC5)=O)=C4)=O.OC(C(F)(F)F)=O.OC(C(F)(F)F)=O,COc1ccc(/C=C/c2ccc(C(=O)Nc3cc(C(=O)Nc4cc(C(=O)NCCN5CCOCC5)n(C)c4)n(C)c3)cn2)cc1.O=C(O)C(F)(F)F.O=C(O)C(F)(F)F,1.0,0.1950304816666666,e_coli,68215,1,True,True,32 ug/mL,27.1,ug/mL,conventional_32_ug_ml_or_10_um,HEK293 CC50,32.0,ug/mL,exact_cc50,,50.5,supplied EC wild-type 80% inhibition hit
coadd,CO-ADD:0137577,2007,O=C(N([H])C1=CN(C)C(C(N(C2=CN(C)C(C(N([H])CCC(N)=N)=O)=C2)[H])=O)=C1)C3=CC=C(/C=C/C4=CC=CC(OC)=C4)C=C3.OC(C(F)(F)F)=O,COc1cccc(/C=C/c2ccc(C(=O)Nc3cc(C(=O)Nc4cc(C(=O)NCCC(=N)N)n(C)c4)n(C)c3)cc2)c1.O=C(O)C(F)(F)F,1.0,0.3956966516666667,e_coli,11812;11893;11974,3,False,True,32 ug/mL,10.1,ug/mL,matched_antibacterial_dose,HEK293 CC50,32.0,ug/mL,exact_cc50,,66.42,supplied EC wild-type 80% inhibition hit
coadd,CO-ADD:0137577,2007,O=C(N([H])C1=CN(C)C(C(N(C2=CN(C)C(C(N([H])CCC(N)=N)=O)=C2)[H])=O)=C1)C3=CC=C(/C=C/C4=CC=CC(OC)=C4)C=C3.OC(C(F)(F)F)=O,COc1cccc(/C=C/c2ccc(C(=O)Nc3cc(C(=O)Nc4cc(C(=O)NCCC(=N)N)n(C)c4)n(C)c3)cc2)c1.O=C(O)C(F)(F)F,0.0,0.3956966516666667,e_coli,11812;11893;11974,3,False,True,32 ug/mL,10.1,ug/mL,fixed_10_um,HEK293 CC50,10.0,uM,exact_cc50,681.6720000000004,66.42,supplied EC wild-type 80% inhibition hit
coadd,CO-ADD:0137577,2007,O=C(N([H])C1=CN(C)C(C(N(C2=CN(C)C(C(N([H])CCC(N)=N)=O)=C2)[H])=O)=C1)C3=CC=C(/C=C/C4=CC=CC(OC)=C4)C=C3.OC(C(F)(F)F)=O,COc1cccc(/C=C/c2ccc(C(=O)Nc3cc(C(=O)Nc4cc(C(=O)NCCC(=N)N)n(C)c4)n(C)c3)cc2)c1.O=C(O)C(F)(F)F,1.0,0.3956966516666667,e_coli,11812;11893;11974,3,False,True,32 ug/mL,10.1,ug/mL,conventional_32_ug_ml_or_10_um,HEK293 CC50,32.0,ug/mL,exact_cc50,,66.42,supplied EC wild-type 80% inhibition hit
coadd,CO-ADD:0137581,2009,O=C(NCCN1CCOCC1)C2=C(CCC3=CC=CC=C3)SC(NC(C4=CC(NC(C5=CC=C(/C=C/C6=CN=C(C=CC=C7)C7=C6)C=C5)=O)=CN4C)=O)=N2.OC(C(F)(F)F)=O.OC(C(F)(F)F)=O,Cn1cc(NC(=O)c2ccc(/C=C/c3cnc4ccccc4c3)cc2)cc1C(=O)Nc1nc(C(=O)NCCN2CCOCC2)c(CCc2ccccc2)s1.O=C(O)C(F)(F)F.O=C(O)C(F)(F)F,0.0,0.3810561799999999,e_coli,54318,1,True,True,32 ug/mL,>32,ug/mL,matched_antibacterial_dose,HEK293 CC50,32.0,ug/mL,lower_bound_proves_nontoxic,,44.45,supplied EC wild-type 80% inhibition hit
coadd,CO-ADD:0137581,2009,O=C(NCCN1CCOCC1)C2=C(CCC3=CC=CC=C3)SC(NC(C4=CC(NC(C5=CC=C(/C=C/C6=CN=C(C=CC=C7)C7=C6)C=C5)=O)=CN4C)=O)=N2.OC(C(F)(F)F)=O.OC(C(F)(F)F)=O,Cn1cc(NC(=O)c2ccc(/C=C/c3cnc4ccccc4c3)cc2)cc1C(=O)Nc1nc(C(=O)NCCN2CCOCC2)c(CCc2ccccc2)s1.O=C(O)C(F)(F)F.O=C(O)C(F)(F)F,0.0,0.3810561799999999,e_coli,54318,1,True,True,32 ug/mL,>32,ug/mL,fixed_10_um,HEK293 CC50,10.0,uM,lower_bound_proves_nontoxic,967.9460000000004,44.45,supplied EC wild-type 80% inhibition hit
coadd,CO-ADD:0137581,2009,O=C(NCCN1CCOCC1)C2=C(CCC3=CC=CC=C3)SC(NC(C4=CC(NC(C5=CC=C(/C=C/C6=CN=C(C=CC=C7)C7=C6)C=C5)=O)=CN4C)=O)=N2.OC(C(F)(F)F)=O.OC(C(F)(F)F)=O,Cn1cc(NC(=O)c2ccc(/C=C/c3cnc4ccccc4c3)cc2)cc1C(=O)Nc1nc(C(=O)NCCN2CCOCC2)c(CCc2ccccc2)s1.O=C(O)C(F)(F)F.O=C(O)C(F)(F)F,0.0,0.3810561799999999,e_coli,54318,1,True,True,32 ug/mL,>32,ug/mL,conventional_32_ug_ml_or_10_um,HEK293 CC50,32.0,ug/mL,lower_bound_proves_nontoxic,,44.45,supplied EC wild-type 80% inhibition hit
coadd,CO-ADD:0137583,2010,O=C(NCCN1CCOCC1)C2=C(CCC3=CC=CC=C3)SC(NC(C4=CC(NC(C5=CC(OC)=CC=C5)=N)=CN4C)=O)=N2.OC(C(F)(F)F)=O.OC(C(F)(F)F)=O,COc1cccc(C(=N)Nc2cc(C(=O)Nc3nc(C(=O)NCCN4CCOCC4)c(CCc4ccccc4)s3)n(C)c2)c1.O=C(O)C(F)(F)F.O=C(O)C(F)(F)F,1.0,0.6263079083333333,e_coli,144715,1,True,True,32 ug/mL,2.59,ug/mL,matched_antibacterial_dose,HEK293 CC50,32.0,ug/mL,exact_cc50,,92.77,supplied EC wild-type 80% inhibition hit
coadd,CO-ADD:0137583,2010,O=C(NCCN1CCOCC1)C2=C(CCC3=CC=CC=C3)SC(NC(C4=CC(NC(C5=CC(OC)=CC=C5)=N)=CN4C)=O)=N2.OC(C(F)(F)F)=O.OC(C(F)(F)F)=O,COc1cccc(C(=N)Nc2cc(C(=O)Nc3nc(C(=O)NCCN4CCOCC4)c(CCc4ccccc4)s3)n(C)c2)c1.O=C(O)C(F)(F)F.O=C(O)C(F)(F)F,1.0,0.6263079083333333,e_coli,144715,1,True,True,32 ug/mL,2.59,ug/mL,fixed_10_um,HEK293 CC50,10.0,uM,exact_cc50,843.8040000000004,92.77,supplied EC wild-type 80% inhibition hit
coadd,CO-ADD:0137583,2010,O=C(NCCN1CCOCC1)C2=C(CCC3=CC=CC=C3)SC(NC(C4=CC(NC(C5=CC(OC)=CC=C5)=N)=CN4C)=O)=N2.OC(C(F)(F)F)=O.OC(C(F)(F)F)=O,COc1cccc(C(=N)Nc2cc(C(=O)Nc3nc(C(=O)NCCN4CCOCC4)c(CCc4ccccc4)s3)n(C)c2)c1.O=C(O)C(F)(F)F.O=C(O)C(F)(F)F,1.0,0.6263079083333333,e_coli,144715,1,True,True,32 ug/mL,2.59,ug/mL,conventional_32_ug_ml_or_10_um,HEK293 CC50,32.0,ug/mL,exact_cc50,,92.77,supplied EC wild-type 80% inhibition hit
coadd,CO-ADD:0137586,2011,CN1C=C(NC(C2=CC(NC(C3=CC=C(/C=C/C4=CC(OC)=CC=C4)C=C3)=O)=CN2C)=O)C=C1C(NCCN5CCC(O)CC5)=O.OC(C(F)(F)F)=O,COc1cccc(/C=C/c2ccc(C(=O)Nc3cc(C(=O)Nc4cc(C(=O)NCCN5CCC(O)CC5)n(C)c4)n(C)c3)cc2)c1.O=C(O)C(F)(F)F,1.0,0.3098915816666667,e_coli,147945,1,True,True,32 ug/mL,11.7,ug/mL,matched_antibacterial_dose,HEK293 CC50,32.0,ug/mL,exact_cc50,,84.7,supplied EC wild-type 80% inhibition hit
coadd,CO-ADD:0137586,2011,CN1C=C(NC(C2=CC(NC(C3=CC=C(/C=C/C4=CC(OC)=CC=C4)C=C3)=O)=CN2C)=O)C=C1C(NCCN5CCC(O)CC5)=O.OC(C(F)(F)F)=O,COc1cccc(/C=C/c2ccc(C(=O)Nc3cc(C(=O)Nc4cc(C(=O)NCCN5CCC(O)CC5)n(C)c4)n(C)c3)cc2)c1.O=C(O)C(F)(F)F,0.0,0.3098915816666667,e_coli,147945,1,True,True,32 ug/mL,11.7,ug/mL,fixed_10_um,HEK293 CC50,10.0,uM,exact_cc50,738.7640000000002,84.7,supplied EC wild-type 80% inhibition hit
coadd,CO-ADD:0137586,2011,CN1C=C(NC(C2=CC(NC(C3=CC=C(/C=C/C4=CC(OC)=CC=C4)C=C3)=O)=CN2C)=O)C=C1C(NCCN5CCC(O)CC5)=O.OC(C(F)(F)F)=O,COc1cccc(/C=C/c2ccc(C(=O)Nc3cc(C(=O)Nc4cc(C(=O)NCCN5CCC(O)CC5)n(C)c4)n(C)c3)cc2)c1.O=C(O)C(F)(F)F,1.0,0.3098915816666667,e_coli,147945,1,True,True,32 ug/mL,11.7,ug/mL,conventional_32_ug_ml_or_10_um,HEK293 CC50,32.0,ug/mL,exact_cc50,,84.7,supplied EC wild-type 80% inhibition hit
coadd,CO-ADD:0137603,2019,O=C(N([H])C1=CN(C)C(C(N(C2=CN(C)C(C(N([H])CCC(N)=N)=O)=C2)[H])=O)=C1)C3=CC=C(/C=C/C4=CC=CC(OC)=C4)C=C3.OC(C(F)(F)F)=O,COc1cccc(/C=C/c2ccc(C(=O)Nc3cc(C(=O)Nc4cc(C(=O)NCCC(=N)N)n(C)c4)n(C)c3)cc2)c1.O=C(O)C(F)(F)F,1.0,0.3956966516666667,e_coli,11569;11650;11731,3,False,True,32 ug/mL,10.7,ug/mL,matched_antibacterial_dose,HEK293 CC50,32.0,ug/mL,exact_cc50,,63.47,supplied EC wild-type 80% inhibition hit
coadd,CO-ADD:0137603,2019,O=C(N([H])C1=CN(C)C(C(N(C2=CN(C)C(C(N([H])CCC(N)=N)=O)=C2)[H])=O)=C1)C3=CC=C(/C=C/C4=CC=CC(OC)=C4)C=C3.OC(C(F)(F)F)=O,COc1cccc(/C=C/c2ccc(C(=O)Nc3cc(C(=O)Nc4cc(C(=O)NCCC(=N)N)n(C)c4)n(C)c3)cc2)c1.O=C(O)C(F)(F)F,0.0,0.3956966516666667,e_coli,11569;11650;11731,3,False,True,32 ug/mL,10.7,ug/mL,fixed_10_um,HEK293 CC50,10.0,uM,exact_cc50,681.6720000000004,63.47,supplied EC wild-type 80% inhibition hit
coadd,CO-ADD:0137603,2019,O=C(N([H])C1=CN(C)C(C(N(C2=CN(C)C(C(N([H])CCC(N)=N)=O)=C2)[H])=O)=C1)C3=CC=C(/C=C/C4=CC=CC(OC)=C4)C=C3.OC(C(F)(F)F)=O,COc1cccc(/C=C/c2ccc(C(=O)Nc3cc(C(=O)Nc4cc(C(=O)NCCC(=N)N)n(C)c4)n(C)c3)cc2)c1.O=C(O)C(F)(F)F,1.0,0.3956966516666667,e_coli,11569;11650;11731,3,False,True,32 ug/mL,10.7,ug/mL,conventional_32_ug_ml_or_10_um,HEK293 CC50,32.0,ug/mL,exact_cc50,,63.47,supplied EC wild-type 80% inhibition hit
coadd,CO-ADD:0137608,2021,CN1C=C(NC(C(C=C2)=CC=C2/C=C/C3=CC(C=CC=C4)=C4N=C3)=O)C=C1C(NC5=CN(CCCC6=CC=CC=C6)C(C(NCCN7CCOCC7)=O)=C5)=O.OC(C(F)(F)F)=O.OC(C(F)(F)F)=O,Cn1cc(NC(=O)c2ccc(/C=C/c3cnc4ccccc4c3)cc2)cc1C(=O)Nc1cc(C(=O)NCCN2CCOCC2)n(CCCc2ccccc2)c1.O=C(O)C(F)(F)F.O=C(O)C(F)(F)F,0.0,0.2779685466666666,e_coli,88877;88893,2,False,True,32 ug/mL,>32,ug/mL,matched_antibacterial_dose,HEK293 CC50,32.0,ug/mL,lower_bound_proves_nontoxic,,78.72,supplied EC wild-type 80% inhibition hit
coadd,CO-ADD:0137608,2021,CN1C=C(NC(C(C=C2)=CC=C2/C=C/C3=CC(C=CC=C4)=C4N=C3)=O)C=C1C(NC5=CN(CCCC6=CC=CC=C6)C(C(NCCN7CCOCC7)=O)=C5)=O.OC(C(F)(F)F)=O.OC(C(F)(F)F)=O,Cn1cc(NC(=O)c2ccc(/C=C/c3cnc4ccccc4c3)cc2)cc1C(=O)Nc1cc(C(=O)NCCN2CCOCC2)n(CCCc2ccccc2)c1.O=C(O)C(F)(F)F.O=C(O)C(F)(F)F,0.0,0.2779685466666666,e_coli,88877;88893,2,False,True,32 ug/mL,>32,ug/mL,fixed_10_um,HEK293 CC50,10.0,uM,lower_bound_proves_nontoxic,963.9330000000002,78.72,supplied EC wild-type 80% inhibition hit
coadd,CO-ADD:0137608,2021,CN1C=C(NC(C(C=C2)=CC=C2/C=C/C3=CC(C=CC=C4)=C4N=C3)=O)C=C1C(NC5=CN(CCCC6=CC=CC=C6)C(C(NCCN7CCOCC7)=O)=C5)=O.OC(C(F)(F)F)=O.OC(C(F)(F)F)=O,Cn1cc(NC(=O)c2ccc(/C=C/c3cnc4ccccc4c3)cc2)cc1C(=O)Nc1cc(C(=O)NCCN2CCOCC2)n(CCCc2ccccc2)c1.O=C(O)C(F)(F)F.O=C(O)C(F)(F)F,0.0,0.2779685466666666,e_coli,88877;88893,2,False,True,32 ug/mL,>32,ug/mL,conventional_32_ug_ml_or_10_um,HEK293 CC50,32.0,ug/mL,lower_bound_proves_nontoxic,,78.72,supplied EC wild-type 80% inhibition hit
coadd,CO-ADD:0137610,2022,O=C(NCCN1CCOCC1)C2=C(CCC3=CC=CC=C3)SC(NC(C4=CC(NC(C5=CC=C(OC)C=C5)=N)=CN4C)=O)=N2.OC(C(F)(F)F)=O.OC(C(F)(F)F)=O,COc1ccc(C(=N)Nc2cc(C(=O)Nc3nc(C(=O)NCCN4CCOCC4)c(CCc4ccccc4)s3)n(C)c2)cc1.O=C(O)C(F)(F)F.O=C(O)C(F)(F)F,1.0,0.6563370633333333,e_coli,144683,1,True,True,32 ug/mL,8.88,ug/mL,matched_antibacterial_dose,HEK293 CC50,32.0,ug/mL,exact_cc50,,87.75,supplied EC wild-type 80% inhibition hit
coadd,CO-ADD:0137610,2022,O=C(NCCN1CCOCC1)C2=C(CCC3=CC=CC=C3)SC(NC(C4=CC(NC(C5=CC=C(OC)C=C5)=N)=CN4C)=O)=N2.OC(C(F)(F)F)=O.OC(C(F)(F)F)=O,COc1ccc(C(=N)Nc2cc(C(=O)Nc3nc(C(=O)NCCN4CCOCC4)c(CCc4ccccc4)s3)n(C)c2)cc1.O=C(O)C(F)(F)F.O=C(O)C(F)(F)F,0.0,0.6563370633333333,e_coli,144683,1,True,True,32 ug/mL,8.88,ug/mL,fixed_10_um,HEK293 CC50,10.0,uM,exact_cc50,843.8040000000004,87.75,supplied EC wild-type 80% inhibition hit
coadd,CO-ADD:0137610,2022,O=C(NCCN1CCOCC1)C2=C(CCC3=CC=CC=C3)SC(NC(C4=CC(NC(C5=CC=C(OC)C=C5)=N)=CN4C)=O)=N2.OC(C(F)(F)F)=O.OC(C(F)(F)F)=O,COc1ccc(C(=N)Nc2cc(C(=O)Nc3nc(C(=O)NCCN4CCOCC4)c(CCc4ccccc4)s3)n(C)c2)cc1.O=C(O)C(F)(F)F.O=C(O)C(F)(F)F,1.0,0.6563370633333333,e_coli,144683,1,True,True,32 ug/mL,8.88,ug/mL,conventional_32_ug_ml_or_10_um,HEK293 CC50,32.0,ug/mL,exact_cc50,,87.75,supplied EC wild-type 80% inhibition hit
coadd,CO-ADD:0136580,2053,C1(C)=C(N)C(=O)C2=C(N(C[C@]([H])(N3)[C@]34[H])[C@@]4(OC)[C@@H]2COC(N)=O)C1=O,CO[C@@]12[C@H](COC(N)=O)C3=C(C(=O)C(C)=C(N)C3=O)N1C[C@@H]1N[C@@H]12,,0.6985853366666667,e_coli,94230,1,True,True,25 uM,>10,uM,matched_antibacterial_dose,HEK293 CC50,25.0,uM,censoring_interval_straddles_threshold,,48.4,supplied EC wild-type 80% inhibition hit
coadd,CO-ADD:0136580,2053,C1(C)=C(N)C(=O)C2=C(N(C[C@]([H])(N3)[C@]34[H])[C@@]4(OC)[C@@H]2COC(N)=O)C1=O,CO[C@@]12[C@H](COC(N)=O)C3=C(C(=O)C(C)=C(N)C3=O)N1C[C@@H]1N[C@@H]12,0.0,0.6985853366666667,e_coli,94230,1,True,True,25 uM,>10,uM,fixed_10_um,HEK293 CC50,10.0,uM,lower_bound_proves_nontoxic,,48.4,supplied EC wild-type 80% inhibition hit
coadd,CO-ADD:0136580,2053,C1(C)=C(N)C(=O)C2=C(N(C[C@]([H])(N3)[C@]34[H])[C@@]4(OC)[C@@H]2COC(N)=O)C1=O,CO[C@@]12[C@H](COC(N)=O)C3=C(C(=O)C(C)=C(N)C3=O)N1C[C@@H]1N[C@@H]12,0.0,0.6985853366666667,e_coli,94230,1,True,True,25 uM,>10,uM,conventional_32_ug_ml_or_10_um,HEK293 CC50,10.0,uM,lower_bound_proves_nontoxic,,48.4,supplied EC wild-type 80% inhibition hit
coadd,CO-ADD:0149794,2062,NC(C=1C#N)=N(C2=CC=CC=C2N1=O)=O,N#Cc1c(N)[n+]([O-])c2ccccc2[n+]1[O-],0.0,0.08596414,e_coli,78532,1,True,True,32 ug/mL,>32,ug/mL,matched_antibacterial_dose,HEK293 CC50,32.0,ug/mL,lower_bound_proves_nontoxic,,37.65,supplied EC wild-type 80% inhibition hit
coadd,CO-ADD:0149794,2062,NC(C=1C#N)=N(C2=CC=CC=C2N1=O)=O,N#Cc1c(N)[n+]([O-])c2ccccc2[n+]1[O-],0.0,0.08596414,e_coli,78532,1,True,True,32 ug/mL,>32,ug/mL,fixed_10_um,HEK293 CC50,10.0,uM,lower_bound_proves_nontoxic,202.173,37.65,supplied EC wild-type 80% inhibition hit
coadd,CO-ADD:0149794,2062,NC(C=1C#N)=N(C2=CC=CC=C2N1=O)=O,N#Cc1c(N)[n+]([O-])c2ccccc2[n+]1[O-],0.0,0.08596414,e_coli,78532,1,True,True,32 ug/mL,>32,ug/mL,conventional_32_ug_ml_or_10_um,HEK293 CC50,32.0,ug/mL,lower_bound_proves_nontoxic,,37.65,supplied EC wild-type 80% inhibition hit
coadd,CO-ADD:0155748,2187,O=C(NC1=C(C=CC=C2)C2=NC3=C1C=CC=C3)C(C(F)(F)F)(F)OC(F)(F)C(F)(F)C(F)(F)F,O=C(Nc1c2ccccc2nc2ccccc12)C(F)(OC(F)(F)C(F)(F)C(F)(F)F)C(F)(F)F,1.0,0.293865095,e_coli,154964,1,True,True,32 ug/mL,3.24,ug/mL,matched_antibacterial_dose,HEK293 CC50,32.0,ug/mL,exact_cc50,,94.25,supplied EC wild-type 80% inhibition hit
coadd,CO-ADD:0155748,2187,O=C(NC1=C(C=CC=C2)C2=NC3=C1C=CC=C3)C(C(F)(F)F)(F)OC(F)(F)C(F)(F)C(F)(F)F,O=C(Nc1c2ccccc2nc2ccccc12)C(F)(OC(F)(F)C(F)(F)C(F)(F)F)C(F)(F)F,1.0,0.293865095,e_coli,154964,1,True,True,32 ug/mL,3.24,ug/mL,fixed_10_um,HEK293 CC50,10.0,uM,exact_cc50,506.27099999999996,94.25,supplied EC wild-type 80% inhibition hit
coadd,CO-ADD:0155748,2187,O=C(NC1=C(C=CC=C2)C2=NC3=C1C=CC=C3)C(C(F)(F)F)(F)OC(F)(F)C(F)(F)C(F)(F)F,O=C(Nc1c2ccccc2nc2ccccc12)C(F)(OC(F)(F)C(F)(F)C(F)(F)F)C(F)(F)F,1.0,0.293865095,e_coli,154964,1,True,True,32 ug/mL,3.24,ug/mL,conventional_32_ug_ml_or_10_um,HEK293 CC50,32.0,ug/mL,exact_cc50,,94.25,supplied EC wild-type 80% inhibition hit
coadd,CO-ADD:0164386,2205,CN1CCN(CC1)c1c(F)cc2c3c1SCCn3cc(C(O)=O)c2=O.Cl,CN1CCN(c2c(F)cc3c(=O)c(C(=O)O)cn4c3c2SCC4)CC1.Cl,,0.064755521,e_coli,40075,1,True,True,20 uM,>10,uM,matched_antibacterial_dose,HEK293 CC50,20.0,uM,censoring_interval_straddles_threshold,,21.1,supplied EC wild-type 80% inhibition hit
coadd,CO-ADD:0164386,2205,CN1CCN(CC1)c1c(F)cc2c3c1SCCn3cc(C(O)=O)c2=O.Cl,CN1CCN(c2c(F)cc3c(=O)c(C(=O)O)cn4c3c2SCC4)CC1.Cl,0.0,0.064755521,e_coli,40075,1,True,True,20 uM,>10,uM,fixed_10_um,HEK293 CC50,10.0,uM,lower_bound_proves_nontoxic,,21.1,supplied EC wild-type 80% inhibition hit
coadd,CO-ADD:0164386,2205,CN1CCN(CC1)c1c(F)cc2c3c1SCCn3cc(C(O)=O)c2=O.Cl,CN1CCN(c2c(F)cc3c(=O)c(C(=O)O)cn4c3c2SCC4)CC1.Cl,0.0,0.064755521,e_coli,40075,1,True,True,20 uM,>10,uM,conventional_32_ug_ml_or_10_um,HEK293 CC50,10.0,uM,lower_bound_proves_nontoxic,,21.1,supplied EC wild-type 80% inhibition hit
coadd,CO-ADD:0164427,2208,Nc1ncn([C@@H]2O[C@H](CO)[C@@H](O)[C@H]2O)c(=O)n1,Nc1ncn([C@@H]2O[C@H](CO)[C@@H](O)[C@H]2O)c(=O)n1,,0.087871016,e_coli,152419,1,True,True,20 uM,>10,uM,matched_antibacterial_dose,HEK293 CC50,20.0,uM,censoring_interval_straddles_threshold,,39.85,supplied EC wild-type 80% inhibition hit
coadd,CO-ADD:0164427,2208,Nc1ncn([C@@H]2O[C@H](CO)[C@@H](O)[C@H]2O)c(=O)n1,Nc1ncn([C@@H]2O[C@H](CO)[C@@H](O)[C@H]2O)c(=O)n1,0.0,0.087871016,e_coli,152419,1,True,True,20 uM,>10,uM,fixed_10_um,HEK293 CC50,10.0,uM,lower_bound_proves_nontoxic,,39.85,supplied EC wild-type 80% inhibition hit
coadd,CO-ADD:0164427,2208,Nc1ncn([C@@H]2O[C@H](CO)[C@@H](O)[C@H]2O)c(=O)n1,Nc1ncn([C@@H]2O[C@H](CO)[C@@H](O)[C@H]2O)c(=O)n1,0.0,0.087871016,e_coli,152419,1,True,True,20 uM,>10,uM,conventional_32_ug_ml_or_10_um,HEK293 CC50,10.0,uM,lower_bound_proves_nontoxic,,39.85,supplied EC wild-type 80% inhibition hit
coadd,CO-ADD:0164463,2209,Cc1cn([C@H]2C[C@H](N=[N+]=[N-])[C@@H](CO)O2)c(=O)[nH]c1=O,Cc1cn([C@H]2C[C@H](N=[N+]=[N-])[C@@H](CO)O2)c(=O)[nH]c1=O,,0.0477810556666666,e_coli,178819,1,True,True,20 uM,>10,uM,matched_antibacterial_dose,HEK293 CC50,20.0,uM,censoring_interval_straddles_threshold,,29.05,supplied EC wild-type 80% inhibition hit
coadd,CO-ADD:0164463,2209,Cc1cn([C@H]2C[C@H](N=[N+]=[N-])[C@@H](CO)O2)c(=O)[nH]c1=O,Cc1cn([C@H]2C[C@H](N=[N+]=[N-])[C@@H](CO)O2)c(=O)[nH]c1=O,0.0,0.0477810556666666,e_coli,178819,1,True,True,20 uM,>10,uM,fixed_10_um,HEK293 CC50,10.0,uM,lower_bound_proves_nontoxic,,29.05,supplied EC wild-type 80% inhibition hit
coadd,CO-ADD:0164463,2209,Cc1cn([C@H]2C[C@H](N=[N+]=[N-])[C@@H](CO)O2)c(=O)[nH]c1=O,Cc1cn([C@H]2C[C@H](N=[N+]=[N-])[C@@H](CO)O2)c(=O)[nH]c1=O,0.0,0.0477810556666666,e_coli,178819,1,True,True,20 uM,>10,uM,conventional_32_ug_ml_or_10_um,HEK293 CC50,10.0,uM,lower_bound_proves_nontoxic,,29.05,supplied EC wild-type 80% inhibition hit
coadd,CO-ADD:0164577,2214,Nc1nc(cs1)C(=N/OCC(O)=O)\C(=O)N[C@H]1[C@H]2SCC(C=C)=C(N2C1=O)C(O)=O.O.O.O,C=CC1=C(C(=O)O)N2C(=O)[C@@H](NC(=O)/C(=N/OCC(=O)O)c3csc(N)n3)[C@H]2SC1.O.O.O,,0.0228262283333333,e_coli,137783,1,True,True,20 uM,>10,uM,matched_antibacterial_dose,HEK293 CC50,20.0,uM,censoring_interval_straddles_threshold,,21.95,supplied EC wild-type 80% inhibition hit
coadd,CO-ADD:0164577,2214,Nc1nc(cs1)C(=N/OCC(O)=O)\C(=O)N[C@H]1[C@H]2SCC(C=C)=C(N2C1=O)C(O)=O.O.O.O,C=CC1=C(C(=O)O)N2C(=O)[C@@H](NC(=O)/C(=N/OCC(=O)O)c3csc(N)n3)[C@H]2SC1.O.O.O,0.0,0.0228262283333333,e_coli,137783,1,True,True,20 uM,>10,uM,fixed_10_um,HEK293 CC50,10.0,uM,lower_bound_proves_nontoxic,,21.95,supplied EC wild-type 80% inhibition hit
coadd,CO-ADD:0164577,2214,Nc1nc(cs1)C(=N/OCC(O)=O)\C(=O)N[C@H]1[C@H]2SCC(C=C)=C(N2C1=O)C(O)=O.O.O.O,C=CC1=C(C(=O)O)N2C(=O)[C@@H](NC(=O)/C(=N/OCC(=O)O)c3csc(N)n3)[C@H]2SC1.O.O.O,0.0,0.0228262283333333,e_coli,137783,1,True,True,20 uM,>10,uM,conventional_32_ug_ml_or_10_um,HEK293 CC50,10.0,uM,lower_bound_proves_nontoxic,,21.95,supplied EC wild-type 80% inhibition hit
coadd,CO-ADD:0164640,2221,NC1CCN(C1)c1nc2n(cc(C(O)=O)c(=O)c2cc1F)-c1ccc(F)cc1F.Cc1ccc(cc1)S(=O)(=O)O,Cc1ccc(S(=O)(=O)O)cc1.NC1CCN(c2nc3c(cc2F)c(=O)c(C(=O)O)cn3-c2ccc(F)cc2F)C1,,0.149147085,e_coli,82613,1,True,True,20 uM,>10,uM,matched_antibacterial_dose,HEK293 CC50,20.0,uM,censoring_interval_straddles_threshold,,21.6,supplied EC wild-type 80% inhibition hit
coadd,CO-ADD:0164640,2221,NC1CCN(C1)c1nc2n(cc(C(O)=O)c(=O)c2cc1F)-c1ccc(F)cc1F.Cc1ccc(cc1)S(=O)(=O)O,Cc1ccc(S(=O)(=O)O)cc1.NC1CCN(c2nc3c(cc2F)c(=O)c(C(=O)O)cn3-c2ccc(F)cc2F)C1,0.0,0.149147085,e_coli,82613,1,True,True,20 uM,>10,uM,fixed_10_um,HEK293 CC50,10.0,uM,lower_bound_proves_nontoxic,,21.6,supplied EC wild-type 80% inhibition hit
coadd,CO-ADD:0164640,2221,NC1CCN(C1)c1nc2n(cc(C(O)=O)c(=O)c2cc1F)-c1ccc(F)cc1F.Cc1ccc(cc1)S(=O)(=O)O,Cc1ccc(S(=O)(=O)O)cc1.NC1CCN(c2nc3c(cc2F)c(=O)c(C(=O)O)cn3-c2ccc(F)cc2F)C1,0.0,0.149147085,e_coli,82613,1,True,True,20 uM,>10,uM,conventional_32_ug_ml_or_10_um,HEK293 CC50,10.0,uM,lower_bound_proves_nontoxic,,21.6,supplied EC wild-type 80% inhibition hit
coadd,CO-ADD:0164785,2231,CO[C@H]1\C=C\O[C@@]2(C)Oc3c(C2=O)c2c(O)c(C=NN4CCN(C)CC4)c(NC(=O)\C(C)=C/C=C/[C@H](C)[C@H](O)[C@@H](C)[C@@H](O)[C@@H](C)[C@H](OC(C)=O)[C@@H]1C)c(O)c2c(O)c3C,CO[C@H]1/C=C/O[C@@]2(C)Oc3c(C)c(O)c4c(O)c(c(C=NN5CCN(C)CC5)c(O)c4c3C2=O)NC(=O)/C(C)=C\C=C\[C@H](C)[C@H](O)[C@@H](C)[C@@H](O)[C@@H](C)[C@H](OC(C)=O)[C@@H]1C,,0.078797818,e_coli,83234,1,True,True,20 uM,>10,uM,matched_antibacterial_dose,HEK293 CC50,20.0,uM,censoring_interval_straddles_threshold,,11.5,supplied EC wild-type 80% inhibition hit
coadd,CO-ADD:0164785,2231,CO[C@H]1\C=C\O[C@@]2(C)Oc3c(C2=O)c2c(O)c(C=NN4CCN(C)CC4)c(NC(=O)\C(C)=C/C=C/[C@H](C)[C@H](O)[C@@H](C)[C@@H](O)[C@@H](C)[C@H](OC(C)=O)[C@@H]1C)c(O)c2c(O)c3C,CO[C@H]1/C=C/O[C@@]2(C)Oc3c(C)c(O)c4c(O)c(c(C=NN5CCN(C)CC5)c(O)c4c3C2=O)NC(=O)/C(C)=C\C=C\[C@H](C)[C@H](O)[C@@H](C)[C@@H](O)[C@@H](C)[C@H](OC(C)=O)[C@@H]1C,0.0,0.078797818,e_coli,83234,1,True,True,20 uM,>10,uM,fixed_10_um,HEK293 CC50,10.0,uM,lower_bound_proves_nontoxic,,11.5,supplied EC wild-type 80% inhibition hit
coadd,CO-ADD:0164785,2231,CO[C@H]1\C=C\O[C@@]2(C)Oc3c(C2=O)c2c(O)c(C=NN4CCN(C)CC4)c(NC(=O)\C(C)=C/C=C/[C@H](C)[C@H](O)[C@@H](C)[C@@H](O)[C@@H](C)[C@H](OC(C)=O)[C@@H]1C)c(O)c2c(O)c3C,CO[C@H]1/C=C/O[C@@]2(C)Oc3c(C)c(O)c4c(O)c(c(C=NN5CCN(C)CC5)c(O)c4c3C2=O)NC(=O)/C(C)=C\C=C\[C@H](C)[C@H](O)[C@@H](C)[C@@H](O)[C@@H](C)[C@H](OC(C)=O)[C@@H]1C,0.0,0.078797818,e_coli,83234,1,True,True,20 uM,>10,uM,conventional_32_ug_ml_or_10_um,HEK293 CC50,10.0,uM,lower_bound_proves_nontoxic,,11.5,supplied EC wild-type 80% inhibition hit
coadd,CO-ADD:0164993,2243,CO[C@H]1\C=C\O[C@@]2(C)Oc3c(C2=O)c2c(O)c(C=NN4CCN(CC4)C4CCCC4)c(NC(=O)\C(C)=C/C=C/[C@H](C)[C@H](O)[C@@H](C)[C@@H](O)[C@@H](C)[C@H](OC(C)=O)[C@@H]1C)c(O)c2c(O)c3C,CO[C@H]1/C=C/O[C@@]2(C)Oc3c(C)c(O)c4c(O)c(c(C=NN5CCN(C6CCCC6)CC5)c(O)c4c3C2=O)NC(=O)/C(C)=C\C=C\[C@H](C)[C@H](O)[C@@H](C)[C@@H](O)[C@@H](C)[C@H](OC(C)=O)[C@@H]1C,,0.4146148583333333,e_coli,6581,1,True,True,20 uM,>10,uM,matched_antibacterial_dose,HEK293 CC50,20.0,uM,censoring_interval_straddles_threshold,,25.05,supplied EC wild-type 80% inhibition hit
coadd,CO-ADD:0164993,2243,CO[C@H]1\C=C\O[C@@]2(C)Oc3c(C2=O)c2c(O)c(C=NN4CCN(CC4)C4CCCC4)c(NC(=O)\C(C)=C/C=C/[C@H](C)[C@H](O)[C@@H](C)[C@@H](O)[C@@H](C)[C@H](OC(C)=O)[C@@H]1C)c(O)c2c(O)c3C,CO[C@H]1/C=C/O[C@@]2(C)Oc3c(C)c(O)c4c(O)c(c(C=NN5CCN(C6CCCC6)CC5)c(O)c4c3C2=O)NC(=O)/C(C)=C\C=C\[C@H](C)[C@H](O)[C@@H](C)[C@@H](O)[C@@H](C)[C@H](OC(C)=O)[C@@H]1C,0.0,0.4146148583333333,e_coli,6581,1,True,True,20 uM,>10,uM,fixed_10_um,HEK293 CC50,10.0,uM,lower_bound_proves_nontoxic,,25.05,supplied EC wild-type 80% inhibition hit
coadd,CO-ADD:0164993,2243,CO[C@H]1\C=C\O[C@@]2(C)Oc3c(C2=O)c2c(O)c(C=NN4CCN(CC4)C4CCCC4)c(NC(=O)\C(C)=C/C=C/[C@H](C)[C@H](O)[C@@H](C)[C@@H](O)[C@@H](C)[C@H](OC(C)=O)[C@@H]1C)c(O)c2c(O)c3C,CO[C@H]1/C=C/O[C@@]2(C)Oc3c(C)c(O)c4c(O)c(c(C=NN5CCN(C6CCCC6)CC5)c(O)c4c3C2=O)NC(=O)/C(C)=C\C=C\[C@H](C)[C@H](O)[C@@H](C)[C@@H](O)[C@@H](C)[C@H](OC(C)=O)[C@@H]1C,0.0,0.4146148583333333,e_coli,6581,1,True,True,20 uM,>10,uM,conventional_32_ug_ml_or_10_um,HEK293 CC50,10.0,uM,lower_bound_proves_nontoxic,,25.05,supplied EC wild-type 80% inhibition hit
coadd,CO-ADD:0160032,2265,BrC(/C=N/NC1=NC(N2CCOCC2)=NC(N3CCOCC3)=N1)=C/C4=CC=CC=C4,BrC(/C=N/Nc1nc(N2CCOCC2)nc(N2CCOCC2)n1)=C/c1ccccc1,0.0,0.487850615,e_coli,96820,1,True,True,32 ug/mL,>32,ug/mL,matched_antibacterial_dose,HEK293 CC50,32.0,ug/mL,lower_bound_proves_nontoxic,,45.4,supplied EC wild-type 80% inhibition hit
coadd,CO-ADD:0160032,2265,BrC(/C=N/NC1=NC(N2CCOCC2)=NC(N3CCOCC3)=N1)=C/C4=CC=CC=C4,BrC(/C=N/Nc1nc(N2CCOCC2)nc(N2CCOCC2)n1)=C/c1ccccc1,0.0,0.487850615,e_coli,96820,1,True,True,32 ug/mL,>32,ug/mL,fixed_10_um,HEK293 CC50,10.0,uM,lower_bound_proves_nontoxic,474.3630000000003,45.4,supplied EC wild-type 80% inhibition hit
coadd,CO-ADD:0160032,2265,BrC(/C=N/NC1=NC(N2CCOCC2)=NC(N3CCOCC3)=N1)=C/C4=CC=CC=C4,BrC(/C=N/Nc1nc(N2CCOCC2)nc(N2CCOCC2)n1)=C/c1ccccc1,0.0,0.487850615,e_coli,96820,1,True,True,32 ug/mL,>32,ug/mL,conventional_32_ug_ml_or_10_um,HEK293 CC50,32.0,ug/mL,lower_bound_proves_nontoxic,,45.4,supplied EC wild-type 80% inhibition hit
coadd,CO-ADD:0155065,2285,NC1=NON=C1[N+]2=NC3=NON=C3[N-]2,Nc1nonc1-[n+]1nc2nonc2[n-]1,1.0,0.1004805059999999,e_coli,133446,1,True,True,32 ug/mL,3.46,ug/mL,matched_antibacterial_dose,HEK293 CC50,32.0,ug/mL,exact_cc50,,102.15,supplied EC wild-type 80% inhibition hit
coadd,CO-ADD:0155065,2285,NC1=NON=C1[N+]2=NC3=NON=C3[N-]2,Nc1nonc1-[n+]1nc2nonc2[n-]1,0.0,0.1004805059999999,e_coli,133446,1,True,True,32 ug/mL,3.46,ug/mL,fixed_10_um,HEK293 CC50,10.0,uM,exact_cc50,194.114,102.15,supplied EC wild-type 80% inhibition hit
coadd,CO-ADD:0155065,2285,NC1=NON=C1[N+]2=NC3=NON=C3[N-]2,Nc1nonc1-[n+]1nc2nonc2[n-]1,1.0,0.1004805059999999,e_coli,133446,1,True,True,32 ug/mL,3.46,ug/mL,conventional_32_ug_ml_or_10_um,HEK293 CC50,32.0,ug/mL,exact_cc50,,102.15,supplied EC wild-type 80% inhibition hit
coadd,CO-ADD:0217322,2463,c1(ccc(\C=N\c(ccc(c2N3)NC3=O)c2)o1)[N+](=O)[O-],O=c1[nH]c2ccc(/N=C/c3ccc([N+](=O)[O-])o3)cc2[nH]1,1.0,0.2824921083333333,e_coli,138799,1,True,True,32 ug/mL,19.9,ug/mL,matched_antibacterial_dose,HEK293 CC50,32.0,ug/mL,exact_cc50,,86.8,supplied EC wild-type 80% inhibition hit
coadd,CO-ADD:0217322,2463,c1(ccc(\C=N\c(ccc(c2N3)NC3=O)c2)o1)[N+](=O)[O-],O=c1[nH]c2ccc(/N=C/c3ccc([N+](=O)[O-])o3)cc2[nH]1,0.0,0.2824921083333333,e_coli,138799,1,True,True,32 ug/mL,19.9,ug/mL,fixed_10_um,HEK293 CC50,10.0,uM,exact_cc50,272.22,86.8,supplied EC wild-type 80% inhibition hit
coadd,CO-ADD:0217322,2463,c1(ccc(\C=N\c(ccc(c2N3)NC3=O)c2)o1)[N+](=O)[O-],O=c1[nH]c2ccc(/N=C/c3ccc([N+](=O)[O-])o3)cc2[nH]1,1.0,0.2824921083333333,e_coli,138799,1,True,True,32 ug/mL,19.9,ug/mL,conventional_32_ug_ml_or_10_um,HEK293 CC50,32.0,ug/mL,exact_cc50,,86.8,supplied EC wild-type 80% inhibition hit
coadd,CO-ADD:0217883,2593,c1(ccc(\C=N\c(cccc2NC(C)=O)c2)s1)[N+](=O)[O-],CC(=O)Nc1cccc(/N=C/c2ccc([N+](=O)[O-])s2)c1,1.0,0.5912488083333333,e_coli,16530,1,True,True,32 ug/mL,10.7,ug/mL,matched_antibacterial_dose,HEK293 CC50,32.0,ug/mL,exact_cc50,,100.45,supplied EC wild-type 80% inhibition hit
coadd,CO-ADD:0217883,2593,c1(ccc(\C=N\c(cccc2NC(C)=O)c2)s1)[N+](=O)[O-],CC(=O)Nc1cccc(/N=C/c2ccc([N+](=O)[O-])s2)c1,0.0,0.5912488083333333,e_coli,16530,1,True,True,32 ug/mL,10.7,ug/mL,fixed_10_um,HEK293 CC50,10.0,uM,exact_cc50,289.31600000000003,100.45,supplied EC wild-type 80% inhibition hit
coadd,CO-ADD:0217883,2593,c1(ccc(\C=N\c(cccc2NC(C)=O)c2)s1)[N+](=O)[O-],CC(=O)Nc1cccc(/N=C/c2ccc([N+](=O)[O-])s2)c1,1.0,0.5912488083333333,e_coli,16530,1,True,True,32 ug/mL,10.7,ug/mL,conventional_32_ug_ml_or_10_um,HEK293 CC50,32.0,ug/mL,exact_cc50,,100.45,supplied EC wild-type 80% inhibition hit
coadd,CO-ADD:0255097,2659,n1(C)c(cc2)c(c3c1ccc(c3)[N+](=O)[O-])cn2,Cn1c2ccncc2c2cc([N+](=O)[O-])ccc21,0.0,0.14551271,e_coli,184450,1,True,True,32 ug/mL,>32,ug/mL,matched_antibacterial_dose,HEK293 CC50,32.0,ug/mL,lower_bound_proves_nontoxic,,45.0,supplied EC wild-type 80% inhibition hit
coadd,CO-ADD:0255097,2659,n1(C)c(cc2)c(c3c1ccc(c3)[N+](=O)[O-])cn2,Cn1c2ccncc2c2cc([N+](=O)[O-])ccc21,0.0,0.14551271,e_coli,184450,1,True,True,32 ug/mL,>32,ug/mL,fixed_10_um,HEK293 CC50,10.0,uM,lower_bound_proves_nontoxic,227.22299999999998,45.0,supplied EC wild-type 80% inhibition hit
coadd,CO-ADD:0255097,2659,n1(C)c(cc2)c(c3c1ccc(c3)[N+](=O)[O-])cn2,Cn1c2ccncc2c2cc([N+](=O)[O-])ccc21,0.0,0.14551271,e_coli,184450,1,True,True,32 ug/mL,>32,ug/mL,conventional_32_ug_ml_or_10_um,HEK293 CC50,32.0,ug/mL,lower_bound_proves_nontoxic,,45.0,supplied EC wild-type 80% inhibition hit
coadd,CO-ADD:0257262,2663,N12C(SCC(CSc3nnc(C)s3)=C1C(=O)[O-])C(C2=O)NC(=O)Cn(cnn4)n4.[Na+],Cc1nnc(SCC2=C(C(=O)[O-])N3C(=O)C(NC(=O)Cn4cnnn4)C3SC2)s1.[Na+],0.0,0.0249608333333333,e_coli,96335,1,True,True,32 ug/mL,>32,ug/mL,matched_antibacterial_dose,HEK293 CC50,32.0,ug/mL,lower_bound_proves_nontoxic,,38.25,supplied EC wild-type 80% inhibition hit
coadd,CO-ADD:0257262,2663,N12C(SCC(CSc3nnc(C)s3)=C1C(=O)[O-])C(C2=O)NC(=O)Cn(cnn4)n4.[Na+],Cc1nnc(SCC2=C(C(=O)[O-])N3C(=O)C(NC(=O)Cn4cnnn4)C3SC2)s1.[Na+],0.0,0.0249608333333333,e_coli,96335,1,True,True,32 ug/mL,>32,ug/mL,fixed_10_um,HEK293 CC50,10.0,uM,lower_bound_proves_nontoxic,476.5010000000002,38.25,supplied EC wild-type 80% inhibition hit
coadd,CO-ADD:0257262,2663,N12C(SCC(CSc3nnc(C)s3)=C1C(=O)[O-])C(C2=O)NC(=O)Cn(cnn4)n4.[Na+],Cc1nnc(SCC2=C(C(=O)[O-])N3C(=O)C(NC(=O)Cn4cnnn4)C3SC2)s1.[Na+],0.0,0.0249608333333333,e_coli,96335,1,True,True,32 ug/mL,>32,ug/mL,conventional_32_ug_ml_or_10_um,HEK293 CC50,32.0,ug/mL,lower_bound_proves_nontoxic,,38.25,supplied EC wild-type 80% inhibition hit
coadd,CO-ADD:0240164,2683,[N+](=O)([O-])c1ccc(c2c1cccn2)OC(=O)c3ccc(cc3Cl)Cl,O=C(Oc1ccc([N+](=O)[O-])c2cccnc12)c1ccc(Cl)cc1Cl,0.0,0.5726404283333333,e_coli,62263,1,True,True,32 ug/mL,>32,ug/mL,matched_antibacterial_dose,HEK293 CC50,32.0,ug/mL,lower_bound_proves_nontoxic,,39.8,supplied EC wild-type 80% inhibition hit
coadd,CO-ADD:0240164,2683,[N+](=O)([O-])c1ccc(c2c1cccn2)OC(=O)c3ccc(cc3Cl)Cl,O=C(Oc1ccc([N+](=O)[O-])c2cccnc12)c1ccc(Cl)cc1Cl,0.0,0.5726404283333333,e_coli,62263,1,True,True,32 ug/mL,>32,ug/mL,fixed_10_um,HEK293 CC50,10.0,uM,lower_bound_proves_nontoxic,363.15600000000006,39.8,supplied EC wild-type 80% inhibition hit
coadd,CO-ADD:0240164,2683,[N+](=O)([O-])c1ccc(c2c1cccn2)OC(=O)c3ccc(cc3Cl)Cl,O=C(Oc1ccc([N+](=O)[O-])c2cccnc12)c1ccc(Cl)cc1Cl,0.0,0.5726404283333333,e_coli,62263,1,True,True,32 ug/mL,>32,ug/mL,conventional_32_ug_ml_or_10_um,HEK293 CC50,32.0,ug/mL,lower_bound_proves_nontoxic,,39.8,supplied EC wild-type 80% inhibition hit
coadd,CO-ADD:0241109,2684,c(CN(CC1)CCO1)(cc(Br)c(c23)cccn2)c3O,Oc1c(CN2CCOCC2)cc(Br)c2cccnc12,1.0,0.8884189499999998,e_coli,79074,1,True,True,32 ug/mL,3.04,ug/mL,matched_antibacterial_dose,HEK293 CC50,32.0,ug/mL,exact_cc50,,87.9,supplied EC wild-type 80% inhibition hit
coadd,CO-ADD:0241109,2684,c(CN(CC1)CCO1)(cc(Br)c(c23)cccn2)c3O,Oc1c(CN2CCOCC2)cc(Br)c2cccnc12,1.0,0.8884189499999998,e_coli,79074,1,True,True,32 ug/mL,3.04,ug/mL,fixed_10_um,HEK293 CC50,10.0,uM,exact_cc50,323.19,87.9,supplied EC wild-type 80% inhibition hit
coadd,CO-ADD:0241109,2684,c(CN(CC1)CCO1)(cc(Br)c(c23)cccn2)c3O,Oc1c(CN2CCOCC2)cc(Br)c2cccnc12,1.0,0.8884189499999998,e_coli,79074,1,True,True,32 ug/mL,3.04,ug/mL,conventional_32_ug_ml_or_10_um,HEK293 CC50,32.0,ug/mL,exact_cc50,,87.9,supplied EC wild-type 80% inhibition hit
coadd,CO-ADD:0238633,2763,CC1=C(C2=CC=C(C=C2)C3=CC=CC=C3)C(C)=C(C)C1C.NC4=NC(N(C)C)=N[Ir@](C)(N4)Cl,CC1=C(C)C(C)C(C)=C1c1ccc(-c2ccccc2)cc1.CN(C)C1=N[Ir@@](C)(Cl)NC(N)=N1,1.0,0.1309442199999999,e_coli,67959,1,True,True,32 ug/mL,20.1,ug/mL,matched_antibacterial_dose,HEK293 CC50,32.0,ug/mL,exact_cc50,,98.05,supplied EC wild-type 80% inhibition hit
coadd,CO-ADD:0238633,2763,CC1=C(C2=CC=C(C=C2)C3=CC=CC=C3)C(C)=C(C)C1C.NC4=NC(N(C)C)=N[Ir@](C)(N4)Cl,CC1=C(C)C(C)C(C)=C1c1ccc(-c2ccccc2)cc1.CN(C)C1=N[Ir@@](C)(Cl)NC(N)=N1,0.0,0.1309442199999999,e_coli,67959,1,True,True,32 ug/mL,20.1,ug/mL,fixed_10_um,HEK293 CC50,10.0,uM,exact_cc50,644.263,98.05,supplied EC wild-type 80% inhibition hit
coadd,CO-ADD:0238633,2763,CC1=C(C2=CC=C(C=C2)C3=CC=CC=C3)C(C)=C(C)C1C.NC4=NC(N(C)C)=N[Ir@](C)(N4)Cl,CC1=C(C)C(C)C(C)=C1c1ccc(-c2ccccc2)cc1.CN(C)C1=N[Ir@@](C)(Cl)NC(N)=N1,1.0,0.1309442199999999,e_coli,67959,1,True,True,32 ug/mL,20.1,ug/mL,conventional_32_ug_ml_or_10_um,HEK293 CC50,32.0,ug/mL,exact_cc50,,98.05,supplied EC wild-type 80% inhibition hit
coadd,CO-ADD:0238636,2764,CC1=C(C2=CC=C(C=C2)C3=CC=CC=C3)C(C)=C(C)C1C.NC4=NC(NC5=CC=CC=C5C)=N[Ir@](C)(N4)Cl,CC1=C(C)C(C)C(C)=C1c1ccc(-c2ccccc2)cc1.Cc1ccccc1NC1=N[Ir@@](C)(Cl)NC(N)=N1,0.0,0.1309442199999999,e_coli,79811,1,True,True,32 ug/mL,>32,ug/mL,matched_antibacterial_dose,HEK293 CC50,32.0,ug/mL,lower_bound_proves_nontoxic,,99.45,supplied EC wild-type 80% inhibition hit
coadd,CO-ADD:0238636,2764,CC1=C(C2=CC=C(C=C2)C3=CC=CC=C3)C(C)=C(C)C1C.NC4=NC(NC5=CC=CC=C5C)=N[Ir@](C)(N4)Cl,CC1=C(C)C(C)C(C)=C1c1ccc(-c2ccccc2)cc1.Cc1ccccc1NC1=N[Ir@@](C)(Cl)NC(N)=N1,0.0,0.1309442199999999,e_coli,79811,1,True,True,32 ug/mL,>32,ug/mL,fixed_10_um,HEK293 CC50,10.0,uM,lower_bound_proves_nontoxic,706.3340000000001,99.45,supplied EC wild-type 80% inhibition hit
coadd,CO-ADD:0238636,2764,CC1=C(C2=CC=C(C=C2)C3=CC=CC=C3)C(C)=C(C)C1C.NC4=NC(NC5=CC=CC=C5C)=N[Ir@](C)(N4)Cl,CC1=C(C)C(C)C(C)=C1c1ccc(-c2ccccc2)cc1.Cc1ccccc1NC1=N[Ir@@](C)(Cl)NC(N)=N1,0.0,0.1309442199999999,e_coli,79811,1,True,True,32 ug/mL,>32,ug/mL,conventional_32_ug_ml_or_10_um,HEK293 CC50,32.0,ug/mL,lower_bound_proves_nontoxic,,99.45,supplied EC wild-type 80% inhibition hit
coadd,CO-ADD:0237159,2774,C[C@@H]1[C@H]2[C@H](O)[C@H]3[C@H](N(C)C)C(=C(C(=O)N)C(=O)[C@@]3(O)C(=C2C(=O)c4c(O)cccc14)O)O.Cl,C[C@H]1c2cccc(O)c2C(=O)C2=C(O)[C@]3(O)C(=O)C(C(N)=O)=C(O)[C@@H](N(C)C)[C@@H]3[C@@H](O)[C@@H]21.Cl,,0.0768285676666666,e_coli,170663,1,True,True,20 uM,>10,uM,matched_antibacterial_dose,HEK293 CC50,20.0,uM,censoring_interval_straddles_threshold,,-2.0,supplied EC wild-type 80% inhibition hit
coadd,CO-ADD:0237159,2774,C[C@@H]1[C@H]2[C@H](O)[C@H]3[C@H](N(C)C)C(=C(C(=O)N)C(=O)[C@@]3(O)C(=C2C(=O)c4c(O)cccc14)O)O.Cl,C[C@H]1c2cccc(O)c2C(=O)C2=C(O)[C@]3(O)C(=O)C(C(N)=O)=C(O)[C@@H](N(C)C)[C@@H]3[C@@H](O)[C@@H]21.Cl,0.0,0.0768285676666666,e_coli,170663,1,True,True,20 uM,>10,uM,fixed_10_um,HEK293 CC50,10.0,uM,lower_bound_proves_nontoxic,,-2.0,supplied EC wild-type 80% inhibition hit
coadd,CO-ADD:0237159,2774,C[C@@H]1[C@H]2[C@H](O)[C@H]3[C@H](N(C)C)C(=C(C(=O)N)C(=O)[C@@]3(O)C(=C2C(=O)c4c(O)cccc14)O)O.Cl,C[C@H]1c2cccc(O)c2C(=O)C2=C(O)[C@]3(O)C(=O)C(C(N)=O)=C(O)[C@@H](N(C)C)[C@@H]3[C@@H](O)[C@@H]21.Cl,0.0,0.0768285676666666,e_coli,170663,1,True,True,20 uM,>10,uM,conventional_32_ug_ml_or_10_um,HEK293 CC50,10.0,uM,lower_bound_proves_nontoxic,,-2.0,supplied EC wild-type 80% inhibition hit
coadd,CO-ADD:0237248,2798,NC(=N)Nc1ccc(c(Cl)c1)c2oc(cc2)c3ccc(NC(=N)N)cc3Cl.Cl.Cl,Cl.Cl.N=C(N)Nc1ccc(-c2ccc(-c3ccc(NC(=N)N)cc3Cl)o2)c(Cl)c1,,0.7860108233333333,e_coli,117010,1,True,True,20 uM,>10,uM,matched_antibacterial_dose,HEK293 CC50,20.0,uM,censoring_interval_straddles_threshold,,-9.6,supplied EC wild-type 80% inhibition hit
coadd,CO-ADD:0237248,2798,NC(=N)Nc1ccc(c(Cl)c1)c2oc(cc2)c3ccc(NC(=N)N)cc3Cl.Cl.Cl,Cl.Cl.N=C(N)Nc1ccc(-c2ccc(-c3ccc(NC(=N)N)cc3Cl)o2)c(Cl)c1,0.0,0.7860108233333333,e_coli,117010,1,True,True,20 uM,>10,uM,fixed_10_um,HEK293 CC50,10.0,uM,lower_bound_proves_nontoxic,,-9.6,supplied EC wild-type 80% inhibition hit
coadd,CO-ADD:0237248,2798,NC(=N)Nc1ccc(c(Cl)c1)c2oc(cc2)c3ccc(NC(=N)N)cc3Cl.Cl.Cl,Cl.Cl.N=C(N)Nc1ccc(-c2ccc(-c3ccc(NC(=N)N)cc3Cl)o2)c(Cl)c1,0.0,0.7860108233333333,e_coli,117010,1,True,True,20 uM,>10,uM,conventional_32_ug_ml_or_10_um,HEK293 CC50,10.0,uM,lower_bound_proves_nontoxic,,-9.6,supplied EC wild-type 80% inhibition hit
coadd,CO-ADD:0259180,2833,C(C(O)=O)(=CN(CC)c(c12)ccc(c1)[N+](=O)[O-])C2=O,CCn1cc(C(=O)O)c(=O)c2cc([N+](=O)[O-])ccc21,0.0,0.0461789766666666,e_coli,182462,1,True,True,32 ug/mL,>32,ug/mL,matched_antibacterial_dose,HEK293 CC50,32.0,ug/mL,lower_bound_proves_nontoxic,,44.35,supplied EC wild-type 80% inhibition hit
coadd,CO-ADD:0259180,2833,C(C(O)=O)(=CN(CC)c(c12)ccc(c1)[N+](=O)[O-])C2=O,CCn1cc(C(=O)O)c(=O)c2cc([N+](=O)[O-])ccc21,0.0,0.0461789766666666,e_coli,182462,1,True,True,32 ug/mL,>32,ug/mL,fixed_10_um,HEK293 CC50,10.0,uM,lower_bound_proves_nontoxic,262.221,44.35,supplied EC wild-type 80% inhibition hit
coadd,CO-ADD:0259180,2833,C(C(O)=O)(=CN(CC)c(c12)ccc(c1)[N+](=O)[O-])C2=O,CCn1cc(C(=O)O)c(=O)c2cc([N+](=O)[O-])ccc21,0.0,0.0461789766666666,e_coli,182462,1,True,True,32 ug/mL,>32,ug/mL,conventional_32_ug_ml_or_10_um,HEK293 CC50,32.0,ug/mL,lower_bound_proves_nontoxic,,44.35,supplied EC wild-type 80% inhibition hit
coadd,CO-ADD:0283469,2869,[N+](=O)([O-])c1cc(cccn2)c2c(O)c1,O=[N+]([O-])c1cc(O)c2ncccc2c1,1.0,0.2476506616666666,e_coli,56990,1,True,True,32 ug/mL,15.16,ug/mL,matched_antibacterial_dose,HEK293 CC50,32.0,ug/mL,exact_cc50,,69.25,supplied EC wild-type 80% inhibition hit
coadd,CO-ADD:0283469,2869,[N+](=O)([O-])c1cc(cccn2)c2c(O)c1,O=[N+]([O-])c1cc(O)c2ncccc2c1,0.0,0.2476506616666666,e_coli,56990,1,True,True,32 ug/mL,15.16,ug/mL,fixed_10_um,HEK293 CC50,10.0,uM,exact_cc50,190.15799999999996,69.25,supplied EC wild-type 80% inhibition hit
coadd,CO-ADD:0283469,2869,[N+](=O)([O-])c1cc(cccn2)c2c(O)c1,O=[N+]([O-])c1cc(O)c2ncccc2c1,1.0,0.2476506616666666,e_coli,56990,1,True,True,32 ug/mL,15.16,ug/mL,conventional_32_ug_ml_or_10_um,HEK293 CC50,32.0,ug/mL,exact_cc50,,69.25,supplied EC wild-type 80% inhibition hit
coadd,CO-ADD:0252627,2887,C(/C#N)(=C/N=C(\C=C1)/C=CN1CCCCCCCCCCCCCCCC)\C(=O)C(OCC)=O,CCCCCCCCCCCCCCCCn1ccc(=N/C=C(\C#N)C(=O)C(=O)OCC)cc1,1.0,0.198760915,e_coli,188137,1,True,True,32 ug/mL,0.391,ug/mL,matched_antibacterial_dose,HEK293 CC50,32.0,ug/mL,exact_cc50,,99.2,supplied EC wild-type 80% inhibition hit
coadd,CO-ADD:0252627,2887,C(/C#N)(=C/N=C(\C=C1)/C=CN1CCCCCCCCCCCCCCCC)\C(=O)C(OCC)=O,CCCCCCCCCCCCCCCCn1ccc(=N/C=C(\C#N)C(=O)C(=O)OCC)cc1,1.0,0.198760915,e_coli,188137,1,True,True,32 ug/mL,0.391,ug/mL,fixed_10_um,HEK293 CC50,10.0,uM,exact_cc50,469.67000000000036,99.2,supplied EC wild-type 80% inhibition hit
coadd,CO-ADD:0252627,2887,C(/C#N)(=C/N=C(\C=C1)/C=CN1CCCCCCCCCCCCCCCC)\C(=O)C(OCC)=O,CCCCCCCCCCCCCCCCn1ccc(=N/C=C(\C#N)C(=O)C(=O)OCC)cc1,1.0,0.198760915,e_coli,188137,1,True,True,32 ug/mL,0.391,ug/mL,conventional_32_ug_ml_or_10_um,HEK293 CC50,32.0,ug/mL,exact_cc50,,99.2,supplied EC wild-type 80% inhibition hit
coadd,CO-ADD:0164891,2935,C[C@H]1COc2c(c(F)cc3c2n1cc(C(O)=O)c3=O)C1(N)CC1,C[C@H]1COc2c(C3(N)CC3)c(F)cc3c(=O)c(C(=O)O)cn1c23,,0.0860870431666666,e_coli,78344,1,True,True,20 uM,>10,uM,matched_antibacterial_dose,HEK293 CC50,20.0,uM,censoring_interval_straddles_threshold,,18.55,supplied EC wild-type 80% inhibition hit
coadd,CO-ADD:0164891,2935,C[C@H]1COc2c(c(F)cc3c2n1cc(C(O)=O)c3=O)C1(N)CC1,C[C@H]1COc2c(C3(N)CC3)c(F)cc3c(=O)c(C(=O)O)cn1c23,0.0,0.0860870431666666,e_coli,78344,1,True,True,20 uM,>10,uM,fixed_10_um,HEK293 CC50,10.0,uM,lower_bound_proves_nontoxic,,18.55,supplied EC wild-type 80% inhibition hit
coadd,CO-ADD:0164891,2935,C[C@H]1COc2c(c(F)cc3c2n1cc(C(O)=O)c3=O)C1(N)CC1,C[C@H]1COc2c(C3(N)CC3)c(F)cc3c(=O)c(C(=O)O)cn1c23,0.0,0.0860870431666666,e_coli,78344,1,True,True,20 uM,>10,uM,conventional_32_ug_ml_or_10_um,HEK293 CC50,10.0,uM,lower_bound_proves_nontoxic,,18.55,supplied EC wild-type 80% inhibition hit
coadd,CO-ADD:0254478,2987,c1(ccc(\C=N\c2ccccc2C(=O)Nc(cc3)ccc3NC(C)=O)o1)[N+](=O)[O-],CC(=O)Nc1ccc(NC(=O)c2ccccc2/N=C/c2ccc([N+](=O)[O-])o2)cc1,0.0,0.8403370200000001,e_coli,156136,1,True,True,32 ug/mL,>32,ug/mL,matched_antibacterial_dose,HEK293 CC50,32.0,ug/mL,lower_bound_proves_nontoxic,,20.4,supplied EC wild-type 80% inhibition hit
coadd,CO-ADD:0254478,2987,c1(ccc(\C=N\c2ccccc2C(=O)Nc(cc3)ccc3NC(C)=O)o1)[N+](=O)[O-],CC(=O)Nc1ccc(NC(=O)c2ccccc2/N=C/c2ccc([N+](=O)[O-])o2)cc1,0.0,0.8403370200000001,e_coli,156136,1,True,True,32 ug/mL,>32,ug/mL,fixed_10_um,HEK293 CC50,10.0,uM,lower_bound_proves_nontoxic,392.37100000000015,20.4,supplied EC wild-type 80% inhibition hit
coadd,CO-ADD:0254478,2987,c1(ccc(\C=N\c2ccccc2C(=O)Nc(cc3)ccc3NC(C)=O)o1)[N+](=O)[O-],CC(=O)Nc1ccc(NC(=O)c2ccccc2/N=C/c2ccc([N+](=O)[O-])o2)cc1,0.0,0.8403370200000001,e_coli,156136,1,True,True,32 ug/mL,>32,ug/mL,conventional_32_ug_ml_or_10_um,HEK293 CC50,32.0,ug/mL,lower_bound_proves_nontoxic,,20.4,supplied EC wild-type 80% inhibition hit
coadd,CO-ADD:0237360,3016,C[C@H]1COc2c(N3CCN(C)CC3)c(F)cc4C(=O)C(=CN1c24)C(=O)O,C[C@H]1COc2c(N3CCN(C)CC3)c(F)cc3c(=O)c(C(=O)O)cn1c23,,0.0672895285,e_coli,130882,1,True,True,20 uM,>10,uM,matched_antibacterial_dose,HEK293 CC50,20.0,uM,censoring_interval_straddles_threshold,,41.6,supplied EC wild-type 80% inhibition hit
coadd,CO-ADD:0237360,3016,C[C@H]1COc2c(N3CCN(C)CC3)c(F)cc4C(=O)C(=CN1c24)C(=O)O,C[C@H]1COc2c(N3CCN(C)CC3)c(F)cc3c(=O)c(C(=O)O)cn1c23,0.0,0.0672895285,e_coli,130882,1,True,True,20 uM,>10,uM,fixed_10_um,HEK293 CC50,10.0,uM,lower_bound_proves_nontoxic,,41.6,supplied EC wild-type 80% inhibition hit
coadd,CO-ADD:0237360,3016,C[C@H]1COc2c(N3CCN(C)CC3)c(F)cc4C(=O)C(=CN1c24)C(=O)O,C[C@H]1COc2c(N3CCN(C)CC3)c(F)cc3c(=O)c(C(=O)O)cn1c23,0.0,0.0672895285,e_coli,130882,1,True,True,20 uM,>10,uM,conventional_32_ug_ml_or_10_um,HEK293 CC50,10.0,uM,lower_bound_proves_nontoxic,,41.6,supplied EC wild-type 80% inhibition hit
coadd,CO-ADD:0290299,3021,C1(NC(=O)C(C(=O)c(cc2F)c(N34)c(c2N(CC5)CCN5C)OCN3C)=C4)=C(C)N(N(c6ccccc6)C1=O)C,Cc1c(NC(=O)c2cn3c4c(c(N5CCN(C)CC5)c(F)cc4c2=O)OCN3C)c(=O)n(-c2ccccc2)n1C,0.0,0.1147670433333333,e_coli,154040,1,True,True,32 ug/mL,>32,ug/mL,matched_antibacterial_dose,HEK293 CC50,32.0,ug/mL,lower_bound_proves_nontoxic,,15.35,supplied EC wild-type 80% inhibition hit
coadd,CO-ADD:0290299,3021,C1(NC(=O)C(C(=O)c(cc2F)c(N34)c(c2N(CC5)CCN5C)OCN3C)=C4)=C(C)N(N(c6ccccc6)C1=O)C,Cc1c(NC(=O)c2cn3c4c(c(N5CCN(C)CC5)c(F)cc4c2=O)OCN3C)c(=O)n(-c2ccccc2)n1C,0.0,0.1147670433333333,e_coli,154040,1,True,True,32 ug/mL,>32,ug/mL,fixed_10_um,HEK293 CC50,10.0,uM,lower_bound_proves_nontoxic,547.5910000000002,15.35,supplied EC wild-type 80% inhibition hit
coadd,CO-ADD:0290299,3021,C1(NC(=O)C(C(=O)c(cc2F)c(N34)c(c2N(CC5)CCN5C)OCN3C)=C4)=C(C)N(N(c6ccccc6)C1=O)C,Cc1c(NC(=O)c2cn3c4c(c(N5CCN(C)CC5)c(F)cc4c2=O)OCN3C)c(=O)n(-c2ccccc2)n1C,0.0,0.1147670433333333,e_coli,154040,1,True,True,32 ug/mL,>32,ug/mL,conventional_32_ug_ml_or_10_um,HEK293 CC50,32.0,ug/mL,lower_bound_proves_nontoxic,,15.35,supplied EC wild-type 80% inhibition hit
coadd,CO-ADD:0286500,3068,c1([nH]nc2N=NN(CC)CC)c2c(cc(C)n1)C,CCN(CC)N=Nc1n[nH]c2nc(C)cc(C)c12,1.0,0.1719479383333333,e_coli,175420,1,True,True,32 ug/mL,17.64,ug/mL,matched_antibacterial_dose,HEK293 CC50,32.0,ug/mL,exact_cc50,,34.05,supplied EC wild-type 80% inhibition hit
coadd,CO-ADD:0286500,3068,c1([nH]nc2N=NN(CC)CC)c2c(cc(C)n1)C,CCN(CC)N=Nc1n[nH]c2nc(C)cc(C)c12,0.0,0.1719479383333333,e_coli,175420,1,True,True,32 ug/mL,17.64,ug/mL,fixed_10_um,HEK293 CC50,10.0,uM,exact_cc50,246.31799999999998,34.05,supplied EC wild-type 80% inhibition hit
coadd,CO-ADD:0286500,3068,c1([nH]nc2N=NN(CC)CC)c2c(cc(C)n1)C,CCN(CC)N=Nc1n[nH]c2nc(C)cc(C)c12,1.0,0.1719479383333333,e_coli,175420,1,True,True,32 ug/mL,17.64,ug/mL,conventional_32_ug_ml_or_10_um,HEK293 CC50,32.0,ug/mL,exact_cc50,,34.05,supplied EC wild-type 80% inhibition hit
coadd,CO-ADD:0223328,3160,S(=O)(=O)(c1ccc(cc1)\N=C\c(cc2)ccc2OC)Nc3cc(OC)ncn3,COc1ccc(/C=N/c2ccc(S(=O)(=O)Nc3cc(OC)ncn3)cc2)cc1,0.0,0.0440484078333333,e_coli,24494,1,True,True,32 ug/mL,>32,ug/mL,matched_antibacterial_dose,HEK293 CC50,32.0,ug/mL,lower_bound_proves_nontoxic,,29.9,supplied EC wild-type 80% inhibition hit
coadd,CO-ADD:0223328,3160,S(=O)(=O)(c1ccc(cc1)\N=C\c(cc2)ccc2OC)Nc3cc(OC)ncn3,COc1ccc(/C=N/c2ccc(S(=O)(=O)Nc3cc(OC)ncn3)cc2)cc1,0.0,0.0440484078333333,e_coli,24494,1,True,True,32 ug/mL,>32,ug/mL,fixed_10_um,HEK293 CC50,10.0,uM,lower_bound_proves_nontoxic,398.44400000000013,29.9,supplied EC wild-type 80% inhibition hit
coadd,CO-ADD:0223328,3160,S(=O)(=O)(c1ccc(cc1)\N=C\c(cc2)ccc2OC)Nc3cc(OC)ncn3,COc1ccc(/C=N/c2ccc(S(=O)(=O)Nc3cc(OC)ncn3)cc2)cc1,0.0,0.0440484078333333,e_coli,24494,1,True,True,32 ug/mL,>32,ug/mL,conventional_32_ug_ml_or_10_um,HEK293 CC50,32.0,ug/mL,lower_bound_proves_nontoxic,,29.9,supplied EC wild-type 80% inhibition hit
coadd,CO-ADD:0164460,3225,OCC1OC(CC1O)n1cc(F)c(=O)[nH]c1=O,O=c1[nH]c(=O)n(C2CC(O)C(CO)O2)cc1F,1.0,0.1019279033333333,e_coli,7520,1,True,True,20 uM,2.37,uM,matched_antibacterial_dose,HEK293 CC50,20.0,uM,exact_cc50,,68.9,supplied EC wild-type 80% inhibition hit
coadd,CO-ADD:0164460,3225,OCC1OC(CC1O)n1cc(F)c(=O)[nH]c1=O,O=c1[nH]c(=O)n(C2CC(O)C(CO)O2)cc1F,1.0,0.1019279033333333,e_coli,7520,1,True,True,20 uM,2.37,uM,fixed_10_um,HEK293 CC50,10.0,uM,exact_cc50,,68.9,supplied EC wild-type 80% inhibition hit
coadd,CO-ADD:0164460,3225,OCC1OC(CC1O)n1cc(F)c(=O)[nH]c1=O,O=c1[nH]c(=O)n(C2CC(O)C(CO)O2)cc1F,1.0,0.1019279033333333,e_coli,7520,1,True,True,20 uM,2.37,uM,conventional_32_ug_ml_or_10_um,HEK293 CC50,10.0,uM,exact_cc50,,68.9,supplied EC wild-type 80% inhibition hit
coadd,CO-ADD:0304250,3257,c(ccc1[N+](=O)[O-])(o1)C2N(CCCN2Cc3ccccc3)Cc4ccccc4,O=[N+]([O-])c1ccc(C2N(Cc3ccccc3)CCCN2Cc2ccccc2)o1,0.0,0.1757088793333333,e_coli,153521,1,True,True,32 ug/mL,>32,ug/mL,matched_antibacterial_dose,HEK293 CC50,32.0,ug/mL,lower_bound_proves_nontoxic,,21.2,supplied EC wild-type 80% inhibition hit
coadd,CO-ADD:0304250,3257,c(ccc1[N+](=O)[O-])(o1)C2N(CCCN2Cc3ccccc3)Cc4ccccc4,O=[N+]([O-])c1ccc(C2N(Cc3ccccc3)CCCN2Cc2ccccc2)o1,0.0,0.1757088793333333,e_coli,153521,1,True,True,32 ug/mL,>32,ug/mL,fixed_10_um,HEK293 CC50,10.0,uM,lower_bound_proves_nontoxic,377.444,21.2,supplied EC wild-type 80% inhibition hit
coadd,CO-ADD:0304250,3257,c(ccc1[N+](=O)[O-])(o1)C2N(CCCN2Cc3ccccc3)Cc4ccccc4,O=[N+]([O-])c1ccc(C2N(Cc3ccccc3)CCCN2Cc2ccccc2)o1,0.0,0.1757088793333333,e_coli,153521,1,True,True,32 ug/mL,>32,ug/mL,conventional_32_ug_ml_or_10_um,HEK293 CC50,32.0,ug/mL,lower_bound_proves_nontoxic,,21.2,supplied EC wild-type 80% inhibition hit
coadd,CO-ADD:0164474,3282,CN(C)[C@H]1[C@@H]2[C@@H](O)[C@H]3C(=C(O)[C@]2(O)C(O)=C(C(N)=O)C1=O)C(=O)c1c(O)cccc1[C@@]3(C)O.Cl,CN(C)[C@@H]1C(=O)C(C(N)=O)=C(O)[C@@]2(O)C(O)=C3C(=O)c4c(O)cccc4[C@@](C)(O)[C@H]3[C@H](O)[C@@H]12.Cl,,0.1008067433333333,e_coli,8700,1,True,True,20 uM,>10,uM,matched_antibacterial_dose,HEK293 CC50,20.0,uM,censoring_interval_straddles_threshold,,36.75,supplied EC wild-type 80% inhibition hit
coadd,CO-ADD:0164474,3282,CN(C)[C@H]1[C@@H]2[C@@H](O)[C@H]3C(=C(O)[C@]2(O)C(O)=C(C(N)=O)C1=O)C(=O)c1c(O)cccc1[C@@]3(C)O.Cl,CN(C)[C@@H]1C(=O)C(C(N)=O)=C(O)[C@@]2(O)C(O)=C3C(=O)c4c(O)cccc4[C@@](C)(O)[C@H]3[C@H](O)[C@@H]12.Cl,0.0,0.1008067433333333,e_coli,8700,1,True,True,20 uM,>10,uM,fixed_10_um,HEK293 CC50,10.0,uM,lower_bound_proves_nontoxic,,36.75,supplied EC wild-type 80% inhibition hit
coadd,CO-ADD:0164474,3282,CN(C)[C@H]1[C@@H]2[C@@H](O)[C@H]3C(=C(O)[C@]2(O)C(O)=C(C(N)=O)C1=O)C(=O)c1c(O)cccc1[C@@]3(C)O.Cl,CN(C)[C@@H]1C(=O)C(C(N)=O)=C(O)[C@@]2(O)C(O)=C3C(=O)c4c(O)cccc4[C@@](C)(O)[C@H]3[C@H](O)[C@@H]12.Cl,0.0,0.1008067433333333,e_coli,8700,1,True,True,20 uM,>10,uM,conventional_32_ug_ml_or_10_um,HEK293 CC50,10.0,uM,lower_bound_proves_nontoxic,,36.75,supplied EC wild-type 80% inhibition hit
coadd,CO-ADD:0256956,3303,c1(ccc(\C=N\c(cc2)ccc2F)o1)[N+](=O)[O-],O=[N+]([O-])c1ccc(/C=N/c2ccc(F)cc2)o1,1.0,0.322802535,e_coli,86639,1,True,True,32 ug/mL,16.3,ug/mL,matched_antibacterial_dose,HEK293 CC50,32.0,ug/mL,exact_cc50,,89.95,supplied EC wild-type 80% inhibition hit
coadd,CO-ADD:0256956,3303,c1(ccc(\C=N\c(cc2)ccc2F)o1)[N+](=O)[O-],O=[N+]([O-])c1ccc(/C=N/c2ccc(F)cc2)o1,0.0,0.322802535,e_coli,86639,1,True,True,32 ug/mL,16.3,ug/mL,fixed_10_um,HEK293 CC50,10.0,uM,exact_cc50,234.18599999999995,89.95,supplied EC wild-type 80% inhibition hit
coadd,CO-ADD:0256956,3303,c1(ccc(\C=N\c(cc2)ccc2F)o1)[N+](=O)[O-],O=[N+]([O-])c1ccc(/C=N/c2ccc(F)cc2)o1,1.0,0.322802535,e_coli,86639,1,True,True,32 ug/mL,16.3,ug/mL,conventional_32_ug_ml_or_10_um,HEK293 CC50,32.0,ug/mL,exact_cc50,,89.95,supplied EC wild-type 80% inhibition hit
coadd,CO-ADD:0164454,3312,CON=C(C(=O)NC1C2SCC(COC(C)=O)=C(N2C1=O)C([O-])=O)c1csc(N)n1.[Na+],CON=C(C(=O)NC1C(=O)N2C(C(=O)[O-])=C(COC(C)=O)CSC12)c1csc(N)n1.[Na+],,0.0263608148333333,e_coli,83233,1,True,True,20 uM,>10,uM,matched_antibacterial_dose,HEK293 CC50,20.0,uM,censoring_interval_straddles_threshold,,39.2,supplied EC wild-type 80% inhibition hit
coadd,CO-ADD:0164454,3312,CON=C(C(=O)NC1C2SCC(COC(C)=O)=C(N2C1=O)C([O-])=O)c1csc(N)n1.[Na+],CON=C(C(=O)NC1C(=O)N2C(C(=O)[O-])=C(COC(C)=O)CSC12)c1csc(N)n1.[Na+],0.0,0.0263608148333333,e_coli,83233,1,True,True,20 uM,>10,uM,fixed_10_um,HEK293 CC50,10.0,uM,lower_bound_proves_nontoxic,,39.2,supplied EC wild-type 80% inhibition hit
coadd,CO-ADD:0164454,3312,CON=C(C(=O)NC1C2SCC(COC(C)=O)=C(N2C1=O)C([O-])=O)c1csc(N)n1.[Na+],CON=C(C(=O)NC1C(=O)N2C(C(=O)[O-])=C(COC(C)=O)CSC12)c1csc(N)n1.[Na+],0.0,0.0263608148333333,e_coli,83233,1,True,True,20 uM,>10,uM,conventional_32_ug_ml_or_10_um,HEK293 CC50,10.0,uM,lower_bound_proves_nontoxic,,39.2,supplied EC wild-type 80% inhibition hit
coadd,CO-ADD:0164650,3314,CCn1cc(C(=O)O)c(=O)c2cc(F)c(cc12)N3CCN(C)CC3.CS(=O)(=O)O,CCn1cc(C(=O)O)c(=O)c2cc(F)c(N3CCN(C)CC3)cc21.CS(=O)(=O)O,,0.0604059483333333,e_coli,4051,1,True,True,20 uM,>10,uM,matched_antibacterial_dose,HEK293 CC50,20.0,uM,censoring_interval_straddles_threshold,,26.45,supplied EC wild-type 80% inhibition hit
coadd,CO-ADD:0164650,3314,CCn1cc(C(=O)O)c(=O)c2cc(F)c(cc12)N3CCN(C)CC3.CS(=O)(=O)O,CCn1cc(C(=O)O)c(=O)c2cc(F)c(N3CCN(C)CC3)cc21.CS(=O)(=O)O,0.0,0.0604059483333333,e_coli,4051,1,True,True,20 uM,>10,uM,fixed_10_um,HEK293 CC50,10.0,uM,lower_bound_proves_nontoxic,,26.45,supplied EC wild-type 80% inhibition hit
coadd,CO-ADD:0164650,3314,CCn1cc(C(=O)O)c(=O)c2cc(F)c(cc12)N3CCN(C)CC3.CS(=O)(=O)O,CCn1cc(C(=O)O)c(=O)c2cc(F)c(N3CCN(C)CC3)cc21.CS(=O)(=O)O,0.0,0.0604059483333333,e_coli,4051,1,True,True,20 uM,>10,uM,conventional_32_ug_ml_or_10_um,HEK293 CC50,10.0,uM,lower_bound_proves_nontoxic,,26.45,supplied EC wild-type 80% inhibition hit
coadd,CO-ADD:0303057,3346,[n+]([O-])(n(C)nc1[N+](=O)[O-])c1NCC=C,C=CCNc1c([N+](=O)[O-])nn(C)[n+]1[O-],0.0,0.0401800306666666,e_coli,166400,1,True,True,32 ug/mL,>32,ug/mL,matched_antibacterial_dose,HEK293 CC50,32.0,ug/mL,lower_bound_proves_nontoxic,,44.35,supplied EC wild-type 80% inhibition hit
coadd,CO-ADD:0303057,3346,[n+]([O-])(n(C)nc1[N+](=O)[O-])c1NCC=C,C=CCNc1c([N+](=O)[O-])nn(C)[n+]1[O-],0.0,0.0401800306666666,e_coli,166400,1,True,True,32 ug/mL,>32,ug/mL,fixed_10_um,HEK293 CC50,10.0,uM,lower_bound_proves_nontoxic,199.17,44.35,supplied EC wild-type 80% inhibition hit
coadd,CO-ADD:0303057,3346,[n+]([O-])(n(C)nc1[N+](=O)[O-])c1NCC=C,C=CCNc1c([N+](=O)[O-])nn(C)[n+]1[O-],0.0,0.0401800306666666,e_coli,166400,1,True,True,32 ug/mL,>32,ug/mL,conventional_32_ug_ml_or_10_um,HEK293 CC50,32.0,ug/mL,lower_bound_proves_nontoxic,,44.35,supplied EC wild-type 80% inhibition hit
coadd,CO-ADD:0302989,3386,c1(cc(Cl)c(c2c1O)cccn2)[N+](=O)[O-],O=[N+]([O-])c1cc(Cl)c2cccnc2c1O,0.0,0.4032303166666666,e_coli,165071,1,True,True,32 ug/mL,>32,ug/mL,matched_antibacterial_dose,HEK293 CC50,32.0,ug/mL,lower_bound_proves_nontoxic,,6.8,supplied EC wild-type 80% inhibition hit
coadd,CO-ADD:0302989,3386,c1(cc(Cl)c(c2c1O)cccn2)[N+](=O)[O-],O=[N+]([O-])c1cc(Cl)c2cccnc2c1O,0.0,0.4032303166666666,e_coli,165071,1,True,True,32 ug/mL,>32,ug/mL,fixed_10_um,HEK293 CC50,10.0,uM,lower_bound_proves_nontoxic,224.603,6.8,supplied EC wild-type 80% inhibition hit
coadd,CO-ADD:0302989,3386,c1(cc(Cl)c(c2c1O)cccn2)[N+](=O)[O-],O=[N+]([O-])c1cc(Cl)c2cccnc2c1O,0.0,0.4032303166666666,e_coli,165071,1,True,True,32 ug/mL,>32,ug/mL,conventional_32_ug_ml_or_10_um,HEK293 CC50,32.0,ug/mL,lower_bound_proves_nontoxic,,6.8,supplied EC wild-type 80% inhibition hit
coadd,CO-ADD:0293292,3395,C12(C)C(C)(C)C(CC1OCC[N+](C)(C)CC(OCCCCCCCCC)=O)CC2.[Cl-],CCCCCCCCCOC(=O)C[N+](C)(C)CCOC1CC2CCC1(C)C2(C)C.[Cl-],1.0,0.5328031366666667,e_coli,183506,1,True,True,32 ug/mL,5.614,ug/mL,matched_antibacterial_dose,HEK293 CC50,32.0,ug/mL,exact_cc50,,98.75,supplied EC wild-type 80% inhibition hit
coadd,CO-ADD:0293292,3395,C12(C)C(C)(C)C(CC1OCC[N+](C)(C)CC(OCCCCCCCCC)=O)CC2.[Cl-],CCCCCCCCCOC(=O)C[N+](C)(C)CCOC1CC2CCC1(C)C2(C)C.[Cl-],0.0,0.5328031366666667,e_coli,183506,1,True,True,32 ug/mL,5.614,ug/mL,fixed_10_um,HEK293 CC50,10.0,uM,exact_cc50,446.1160000000003,98.75,supplied EC wild-type 80% inhibition hit
coadd,CO-ADD:0293292,3395,C12(C)C(C)(C)C(CC1OCC[N+](C)(C)CC(OCCCCCCCCC)=O)CC2.[Cl-],CCCCCCCCCOC(=O)C[N+](C)(C)CCOC1CC2CCC1(C)C2(C)C.[Cl-],1.0,0.5328031366666667,e_coli,183506,1,True,True,32 ug/mL,5.614,ug/mL,conventional_32_ug_ml_or_10_um,HEK293 CC50,32.0,ug/mL,exact_cc50,,98.75,supplied EC wild-type 80% inhibition hit
coadd,CO-ADD:0301039,3397,[n+]1([O-])onc(ccc(c2)[N+](=O)[O-])c12,O=[N+]([O-])c1ccc2no[n+]([O-])c2c1,1.0,0.16589774,e_coli,25666,1,True,True,32 ug/mL,5.508,ug/mL,matched_antibacterial_dose,HEK293 CC50,32.0,ug/mL,exact_cc50,,97.95,supplied EC wild-type 80% inhibition hit
coadd,CO-ADD:0301039,3397,[n+]1([O-])onc(ccc(c2)[N+](=O)[O-])c12,O=[N+]([O-])c1ccc2no[n+]([O-])c2c1,0.0,0.16589774,e_coli,25666,1,True,True,32 ug/mL,5.508,ug/mL,fixed_10_um,HEK293 CC50,10.0,uM,exact_cc50,181.10699999999994,97.95,supplied EC wild-type 80% inhibition hit
coadd,CO-ADD:0301039,3397,[n+]1([O-])onc(ccc(c2)[N+](=O)[O-])c12,O=[N+]([O-])c1ccc2no[n+]([O-])c2c1,1.0,0.16589774,e_coli,25666,1,True,True,32 ug/mL,5.508,ug/mL,conventional_32_ug_ml_or_10_um,HEK293 CC50,32.0,ug/mL,exact_cc50,,97.95,supplied EC wild-type 80% inhibition hit
coadd,CO-ADD:0301783,3414,N1=C(S)SSC1=N,N=c1nc(S)ss1,0.0,0.072637349,e_coli,16821,1,True,True,32 ug/mL,>32,ug/mL,matched_antibacterial_dose,HEK293 CC50,32.0,ug/mL,lower_bound_proves_nontoxic,,35.8,supplied EC wild-type 80% inhibition hit
coadd,CO-ADD:0301783,3414,N1=C(S)SSC1=N,N=c1nc(S)ss1,0.0,0.072637349,e_coli,16821,1,True,True,32 ug/mL,>32,ug/mL,fixed_10_um,HEK293 CC50,10.0,uM,lower_bound_proves_nontoxic,150.25300000000001,35.8,supplied EC wild-type 80% inhibition hit
coadd,CO-ADD:0301783,3414,N1=C(S)SSC1=N,N=c1nc(S)ss1,0.0,0.072637349,e_coli,16821,1,True,True,32 ug/mL,>32,ug/mL,conventional_32_ug_ml_or_10_um,HEK293 CC50,32.0,ug/mL,lower_bound_proves_nontoxic,,35.8,supplied EC wild-type 80% inhibition hit
coadd,CO-ADD:0165034,3477,CC1C2C(O)C3C(N(C)C)C(=O)C(C(N)=O)=C(O)C3(O)C(O)=C2C(=O)c2c(O)cccc12,CC1c2cccc(O)c2C(=O)C2=C(O)C3(O)C(O)=C(C(N)=O)C(=O)C(N(C)C)C3C(O)C21,,0.0767627223333333,e_coli,169378,1,True,True,20 uM,>10,uM,matched_antibacterial_dose,HEK293 CC50,20.0,uM,censoring_interval_straddles_threshold,,18.6,supplied EC wild-type 80% inhibition hit
coadd,CO-ADD:0165034,3477,CC1C2C(O)C3C(N(C)C)C(=O)C(C(N)=O)=C(O)C3(O)C(O)=C2C(=O)c2c(O)cccc12,CC1c2cccc(O)c2C(=O)C2=C(O)C3(O)C(O)=C(C(N)=O)C(=O)C(N(C)C)C3C(O)C21,0.0,0.0767627223333333,e_coli,169378,1,True,True,20 uM,>10,uM,fixed_10_um,HEK293 CC50,10.0,uM,lower_bound_proves_nontoxic,,18.6,supplied EC wild-type 80% inhibition hit
coadd,CO-ADD:0165034,3477,CC1C2C(O)C3C(N(C)C)C(=O)C(C(N)=O)=C(O)C3(O)C(O)=C2C(=O)c2c(O)cccc12,CC1c2cccc(O)c2C(=O)C2=C(O)C3(O)C(O)=C(C(N)=O)C(=O)C(N(C)C)C3C(O)C21,0.0,0.0767627223333333,e_coli,169378,1,True,True,20 uM,>10,uM,conventional_32_ug_ml_or_10_um,HEK293 CC50,10.0,uM,lower_bound_proves_nontoxic,,18.6,supplied EC wild-type 80% inhibition hit
coadd,CO-ADD:0311292,3522,c1(c(Cl)cc(c(cccn2)c12)Cl)OC(=O)N3CCCCC3,O=C(Oc1c(Cl)cc(Cl)c2cccnc12)N1CCCCC1,0.0,0.2684632583333333,e_coli,118979,1,True,True,32 ug/mL,>32,ug/mL,matched_antibacterial_dose,HEK293 CC50,32.0,ug/mL,lower_bound_proves_nontoxic,,21.6,supplied EC wild-type 80% inhibition hit
coadd,CO-ADD:0311292,3522,c1(c(Cl)cc(c(cccn2)c12)Cl)OC(=O)N3CCCCC3,O=C(Oc1c(Cl)cc(Cl)c2cccnc12)N1CCCCC1,0.0,0.2684632583333333,e_coli,118979,1,True,True,32 ug/mL,>32,ug/mL,fixed_10_um,HEK293 CC50,10.0,uM,lower_bound_proves_nontoxic,325.19500000000016,21.6,supplied EC wild-type 80% inhibition hit
coadd,CO-ADD:0311292,3522,c1(c(Cl)cc(c(cccn2)c12)Cl)OC(=O)N3CCCCC3,O=C(Oc1c(Cl)cc(Cl)c2cccnc12)N1CCCCC1,0.0,0.2684632583333333,e_coli,118979,1,True,True,32 ug/mL,>32,ug/mL,conventional_32_ug_ml_or_10_um,HEK293 CC50,32.0,ug/mL,lower_bound_proves_nontoxic,,21.6,supplied EC wild-type 80% inhibition hit
coadd,CO-ADD:0307134,3543,C(OC)(F)(C(F)(F)F)C(=O)Oc(c1c(cccn1)cc2[N+](=O)[O-])c2,COC(F)(C(=O)Oc1cc([N+](=O)[O-])cc2cccnc12)C(F)(F)F,0.0,0.7113686166666667,e_coli,83095,1,True,True,32 ug/mL,>32,ug/mL,matched_antibacterial_dose,HEK293 CC50,32.0,ug/mL,lower_bound_proves_nontoxic,,48.75,supplied EC wild-type 80% inhibition hit
coadd,CO-ADD:0307134,3543,C(OC)(F)(C(F)(F)F)C(=O)Oc(c1c(cccn1)cc2[N+](=O)[O-])c2,COC(F)(C(=O)Oc1cc([N+](=O)[O-])cc2cccnc12)C(F)(F)F,0.0,0.7113686166666667,e_coli,83095,1,True,True,32 ug/mL,>32,ug/mL,fixed_10_um,HEK293 CC50,10.0,uM,lower_bound_proves_nontoxic,348.2080000000001,48.75,supplied EC wild-type 80% inhibition hit
coadd,CO-ADD:0307134,3543,C(OC)(F)(C(F)(F)F)C(=O)Oc(c1c(cccn1)cc2[N+](=O)[O-])c2,COC(F)(C(=O)Oc1cc([N+](=O)[O-])cc2cccnc12)C(F)(F)F,0.0,0.7113686166666667,e_coli,83095,1,True,True,32 ug/mL,>32,ug/mL,conventional_32_ug_ml_or_10_um,HEK293 CC50,32.0,ug/mL,lower_bound_proves_nontoxic,,48.75,supplied EC wild-type 80% inhibition hit
coadd,CO-ADD:0290684,3562,c([N+](=O)[O-])(c1C)no[n+]1[O-],Cc1c([N+](=O)[O-])no[n+]1[O-],1.0,0.0665766805,e_coli,172301,1,True,True,32 ug/mL,1.32,ug/mL,matched_antibacterial_dose,HEK293 CC50,32.0,ug/mL,exact_cc50,,104.3,supplied EC wild-type 80% inhibition hit
coadd,CO-ADD:0290684,3562,c([N+](=O)[O-])(c1C)no[n+]1[O-],Cc1c([N+](=O)[O-])no[n+]1[O-],1.0,0.0665766805,e_coli,172301,1,True,True,32 ug/mL,1.32,ug/mL,fixed_10_um,HEK293 CC50,10.0,uM,exact_cc50,145.07399999999998,104.3,supplied EC wild-type 80% inhibition hit
coadd,CO-ADD:0290684,3562,c([N+](=O)[O-])(c1C)no[n+]1[O-],Cc1c([N+](=O)[O-])no[n+]1[O-],1.0,0.0665766805,e_coli,172301,1,True,True,32 ug/mL,1.32,ug/mL,conventional_32_ug_ml_or_10_um,HEK293 CC50,32.0,ug/mL,exact_cc50,,104.3,supplied EC wild-type 80% inhibition hit
coadd,CO-ADD:0258946,3570,c1(ccn(C)n1)C(=O)N\N=C\c(ccc2[N+](=O)[O-])o2,Cn1ccc(C(=O)N/N=C/c2ccc([N+](=O)[O-])o2)n1,0.0,0.30859934,e_coli,158746,1,True,True,32 ug/mL,>32,ug/mL,matched_antibacterial_dose,HEK293 CC50,32.0,ug/mL,lower_bound_proves_nontoxic,,41.1,supplied EC wild-type 80% inhibition hit
coadd,CO-ADD:0258946,3570,c1(ccn(C)n1)C(=O)N\N=C\c(ccc2[N+](=O)[O-])o2,Cn1ccc(C(=O)N/N=C/c2ccc([N+](=O)[O-])o2)n1,0.0,0.30859934,e_coli,158746,1,True,True,32 ug/mL,>32,ug/mL,fixed_10_um,HEK293 CC50,10.0,uM,lower_bound_proves_nontoxic,263.213,41.1,supplied EC wild-type 80% inhibition hit
coadd,CO-ADD:0258946,3570,c1(ccn(C)n1)C(=O)N\N=C\c(ccc2[N+](=O)[O-])o2,Cn1ccc(C(=O)N/N=C/c2ccc([N+](=O)[O-])o2)n1,0.0,0.30859934,e_coli,158746,1,True,True,32 ug/mL,>32,ug/mL,conventional_32_ug_ml_or_10_um,HEK293 CC50,32.0,ug/mL,lower_bound_proves_nontoxic,,41.1,supplied EC wild-type 80% inhibition hit
coadd,CO-ADD:0292305,3599,N1(c2ccccc2C)C(=O)NC(\C(=C/c(ccc3[N+](=O)[O-])o3)\C1=O)=O,Cc1ccccc1N1C(=O)NC(=O)/C(=C\c2ccc([N+](=O)[O-])o2)C1=O,0.0,0.280000885,e_coli,55887,1,True,True,32 ug/mL,>32,ug/mL,matched_antibacterial_dose,HEK293 CC50,32.0,ug/mL,lower_bound_proves_nontoxic,,8.6,supplied EC wild-type 80% inhibition hit
coadd,CO-ADD:0292305,3599,N1(c2ccccc2C)C(=O)NC(\C(=C/c(ccc3[N+](=O)[O-])o3)\C1=O)=O,Cc1ccccc1N1C(=O)NC(=O)/C(=C\c2ccc([N+](=O)[O-])o2)C1=O,0.0,0.280000885,e_coli,55887,1,True,True,32 ug/mL,>32,ug/mL,fixed_10_um,HEK293 CC50,10.0,uM,lower_bound_proves_nontoxic,341.2790000000001,8.6,supplied EC wild-type 80% inhibition hit
coadd,CO-ADD:0292305,3599,N1(c2ccccc2C)C(=O)NC(\C(=C/c(ccc3[N+](=O)[O-])o3)\C1=O)=O,Cc1ccccc1N1C(=O)NC(=O)/C(=C\c2ccc([N+](=O)[O-])o2)C1=O,0.0,0.280000885,e_coli,55887,1,True,True,32 ug/mL,>32,ug/mL,conventional_32_ug_ml_or_10_um,HEK293 CC50,32.0,ug/mL,lower_bound_proves_nontoxic,,8.6,supplied EC wild-type 80% inhibition hit
coadd,CO-ADD:0292556,3603,[n+]([O-])(c(cc(C)cc1)c12)c(C(C)=O)c([n+]2[O-])C,CC(=O)c1c(C)[n+]([O-])c2ccc(C)cc2[n+]1[O-],0.0,0.0637442766666666,e_coli,144800,1,True,True,32 ug/mL,>32,ug/mL,matched_antibacterial_dose,HEK293 CC50,32.0,ug/mL,lower_bound_proves_nontoxic,,20.65,supplied EC wild-type 80% inhibition hit
coadd,CO-ADD:0292556,3603,[n+]([O-])(c(cc(C)cc1)c12)c(C(C)=O)c([n+]2[O-])C,CC(=O)c1c(C)[n+]([O-])c2ccc(C)cc2[n+]1[O-],0.0,0.0637442766666666,e_coli,144800,1,True,True,32 ug/mL,>32,ug/mL,fixed_10_um,HEK293 CC50,10.0,uM,lower_bound_proves_nontoxic,232.23899999999995,20.65,supplied EC wild-type 80% inhibition hit
coadd,CO-ADD:0292556,3603,[n+]([O-])(c(cc(C)cc1)c12)c(C(C)=O)c([n+]2[O-])C,CC(=O)c1c(C)[n+]([O-])c2ccc(C)cc2[n+]1[O-],0.0,0.0637442766666666,e_coli,144800,1,True,True,32 ug/mL,>32,ug/mL,conventional_32_ug_ml_or_10_um,HEK293 CC50,32.0,ug/mL,lower_bound_proves_nontoxic,,20.65,supplied EC wild-type 80% inhibition hit
coadd,CO-ADD:0290316,3630,C(C(OCC)=O)(=CN(CC)c1c2cc(c(N(CC3)CCN3C)c1)F)C2=O,CCOC(=O)c1cn(CC)c2cc(N3CCN(C)CC3)c(F)cc2c1=O,0.0,0.1602824283333333,e_coli,155259,1,True,True,32 ug/mL,>32,ug/mL,matched_antibacterial_dose,HEK293 CC50,32.0,ug/mL,lower_bound_proves_nontoxic,,43.7,supplied EC wild-type 80% inhibition hit
coadd,CO-ADD:0290316,3630,C(C(OCC)=O)(=CN(CC)c1c2cc(c(N(CC3)CCN3C)c1)F)C2=O,CCOC(=O)c1cn(CC)c2cc(N3CCN(C)CC3)c(F)cc2c1=O,0.0,0.1602824283333333,e_coli,155259,1,True,True,32 ug/mL,>32,ug/mL,fixed_10_um,HEK293 CC50,10.0,uM,lower_bound_proves_nontoxic,361.4170000000001,43.7,supplied EC wild-type 80% inhibition hit
coadd,CO-ADD:0290316,3630,C(C(OCC)=O)(=CN(CC)c1c2cc(c(N(CC3)CCN3C)c1)F)C2=O,CCOC(=O)c1cn(CC)c2cc(N3CCN(C)CC3)c(F)cc2c1=O,0.0,0.1602824283333333,e_coli,155259,1,True,True,32 ug/mL,>32,ug/mL,conventional_32_ug_ml_or_10_um,HEK293 CC50,32.0,ug/mL,lower_bound_proves_nontoxic,,43.7,supplied EC wild-type 80% inhibition hit
coadd,CO-ADD:0293003,3634,C(=O)(Nc1ccccc1)C(CCl)=O,O=C(CCl)C(=O)Nc1ccccc1,1.0,0.19808199,e_coli,174023,1,True,True,32 ug/mL,1.892,ug/mL,matched_antibacterial_dose,HEK293 CC50,32.0,ug/mL,exact_cc50,,76.35,supplied EC wild-type 80% inhibition hit
coadd,CO-ADD:0293003,3634,C(=O)(Nc1ccccc1)C(CCl)=O,O=C(CCl)C(=O)Nc1ccccc1,1.0,0.19808199,e_coli,174023,1,True,True,32 ug/mL,1.892,ug/mL,fixed_10_um,HEK293 CC50,10.0,uM,exact_cc50,197.62099999999995,76.35,supplied EC wild-type 80% inhibition hit
coadd,CO-ADD:0293003,3634,C(=O)(Nc1ccccc1)C(CCl)=O,O=C(CCl)C(=O)Nc1ccccc1,1.0,0.19808199,e_coli,174023,1,True,True,32 ug/mL,1.892,ug/mL,conventional_32_ug_ml_or_10_um,HEK293 CC50,32.0,ug/mL,exact_cc50,,76.35,supplied EC wild-type 80% inhibition hit
coadd,CO-ADD:0290446,3637,c1(nonc1N)[N+](=O)[O-],Nc1nonc1[N+](=O)[O-],1.0,0.0725668376666666,e_coli,144811,1,True,True,32 ug/mL,1.391,ug/mL,matched_antibacterial_dose,HEK293 CC50,32.0,ug/mL,exact_cc50,,104.4,supplied EC wild-type 80% inhibition hit
coadd,CO-ADD:0290446,3637,c1(nonc1N)[N+](=O)[O-],Nc1nonc1[N+](=O)[O-],0.0,0.0725668376666666,e_coli,144811,1,True,True,32 ug/mL,1.391,ug/mL,fixed_10_um,HEK293 CC50,10.0,uM,exact_cc50,130.06300000000002,104.4,supplied EC wild-type 80% inhibition hit
coadd,CO-ADD:0290446,3637,c1(nonc1N)[N+](=O)[O-],Nc1nonc1[N+](=O)[O-],1.0,0.0725668376666666,e_coli,144811,1,True,True,32 ug/mL,1.391,ug/mL,conventional_32_ug_ml_or_10_um,HEK293 CC50,32.0,ug/mL,exact_cc50,,104.4,supplied EC wild-type 80% inhibition hit
coadd,CO-ADD:0290452,3640,c1(C(O)=O)c(cc(cc1[N+](=O)[O-])[N+](=O)[O-])[N+](=O)[O-],O=C(O)c1c([N+](=O)[O-])cc([N+](=O)[O-])cc1[N+](=O)[O-],1.0,0.1320856366666666,e_coli,140157,1,True,True,32 ug/mL,2.524,ug/mL,matched_antibacterial_dose,HEK293 CC50,32.0,ug/mL,exact_cc50,,102.7,supplied EC wild-type 80% inhibition hit
coadd,CO-ADD:0290452,3640,c1(C(O)=O)c(cc(cc1[N+](=O)[O-])[N+](=O)[O-])[N+](=O)[O-],O=C(O)c1c([N+](=O)[O-])cc([N+](=O)[O-])cc1[N+](=O)[O-],1.0,0.1320856366666666,e_coli,140157,1,True,True,32 ug/mL,2.524,ug/mL,fixed_10_um,HEK293 CC50,10.0,uM,exact_cc50,257.114,102.7,supplied EC wild-type 80% inhibition hit
coadd,CO-ADD:0290452,3640,c1(C(O)=O)c(cc(cc1[N+](=O)[O-])[N+](=O)[O-])[N+](=O)[O-],O=C(O)c1c([N+](=O)[O-])cc([N+](=O)[O-])cc1[N+](=O)[O-],1.0,0.1320856366666666,e_coli,140157,1,True,True,32 ug/mL,2.524,ug/mL,conventional_32_ug_ml_or_10_um,HEK293 CC50,32.0,ug/mL,exact_cc50,,102.7,supplied EC wild-type 80% inhibition hit
coadd,CO-ADD:0290730,3650,c1(c(Br)cc(c(cccn2)c12)Br)OC(=O)c3c(Cl)ccc(c3)[N+](=O)[O-],O=C(Oc1c(Br)cc(Br)c2cccnc12)c1cc([N+](=O)[O-])ccc1Cl,0.0,0.4962655066666667,e_coli,133144,1,True,True,32 ug/mL,>32,ug/mL,matched_antibacterial_dose,HEK293 CC50,32.0,ug/mL,lower_bound_proves_nontoxic,,29.55,supplied EC wild-type 80% inhibition hit
coadd,CO-ADD:0290730,3650,c1(c(Br)cc(c(cccn2)c12)Br)OC(=O)c3c(Cl)ccc(c3)[N+](=O)[O-],O=C(Oc1c(Br)cc(Br)c2cccnc12)c1cc([N+](=O)[O-])ccc1Cl,0.0,0.4962655066666667,e_coli,133144,1,True,True,32 ug/mL,>32,ug/mL,fixed_10_um,HEK293 CC50,10.0,uM,lower_bound_proves_nontoxic,486.50300000000027,29.55,supplied EC wild-type 80% inhibition hit
coadd,CO-ADD:0290730,3650,c1(c(Br)cc(c(cccn2)c12)Br)OC(=O)c3c(Cl)ccc(c3)[N+](=O)[O-],O=C(Oc1c(Br)cc(Br)c2cccnc12)c1cc([N+](=O)[O-])ccc1Cl,0.0,0.4962655066666667,e_coli,133144,1,True,True,32 ug/mL,>32,ug/mL,conventional_32_ug_ml_or_10_um,HEK293 CC50,32.0,ug/mL,lower_bound_proves_nontoxic,,29.55,supplied EC wild-type 80% inhibition hit
coadd,CO-ADD:0303753,3651,N1(c2cccc(OC)c2)C(=O)NC(\C(=C/c(ccc3[N+](=O)[O-])s3)\C1=O)=O,COc1cccc(N2C(=O)NC(=O)/C(=C\c3ccc([N+](=O)[O-])s3)C2=O)c1,0.0,0.5165670616666667,e_coli,170562,1,True,True,32 ug/mL,>32,ug/mL,matched_antibacterial_dose,HEK293 CC50,32.0,ug/mL,lower_bound_proves_nontoxic,,25.9,supplied EC wild-type 80% inhibition hit
coadd,CO-ADD:0303753,3651,N1(c2cccc(OC)c2)C(=O)NC(\C(=C/c(ccc3[N+](=O)[O-])s3)\C1=O)=O,COc1cccc(N2C(=O)NC(=O)/C(=C\c3ccc([N+](=O)[O-])s3)C2=O)c1,0.0,0.5165670616666667,e_coli,170562,1,True,True,32 ug/mL,>32,ug/mL,fixed_10_um,HEK293 CC50,10.0,uM,lower_bound_proves_nontoxic,373.3460000000001,25.9,supplied EC wild-type 80% inhibition hit
coadd,CO-ADD:0303753,3651,N1(c2cccc(OC)c2)C(=O)NC(\C(=C/c(ccc3[N+](=O)[O-])s3)\C1=O)=O,COc1cccc(N2C(=O)NC(=O)/C(=C\c3ccc([N+](=O)[O-])s3)C2=O)c1,0.0,0.5165670616666667,e_coli,170562,1,True,True,32 ug/mL,>32,ug/mL,conventional_32_ug_ml_or_10_um,HEK293 CC50,32.0,ug/mL,lower_bound_proves_nontoxic,,25.9,supplied EC wild-type 80% inhibition hit
coadd,CO-ADD:0301515,3653,c1([N+](=O)[O-])cc(cc(nsn2)c12)[N+](=O)[O-],O=[N+]([O-])c1cc([N+](=O)[O-])c2nsnc2c1,1.0,0.3825230283333333,e_coli,117648,1,True,True,32 ug/mL,0.712,ug/mL,matched_antibacterial_dose,HEK293 CC50,32.0,ug/mL,exact_cc50,,90.15,supplied EC wild-type 80% inhibition hit
coadd,CO-ADD:0301515,3653,c1([N+](=O)[O-])cc(cc(nsn2)c12)[N+](=O)[O-],O=[N+]([O-])c1cc([N+](=O)[O-])c2nsnc2c1,1.0,0.3825230283333333,e_coli,117648,1,True,True,32 ug/mL,0.712,ug/mL,fixed_10_um,HEK293 CC50,10.0,uM,exact_cc50,226.17299999999997,90.15,supplied EC wild-type 80% inhibition hit
coadd,CO-ADD:0301515,3653,c1([N+](=O)[O-])cc(cc(nsn2)c12)[N+](=O)[O-],O=[N+]([O-])c1cc([N+](=O)[O-])c2nsnc2c1,1.0,0.3825230283333333,e_coli,117648,1,True,True,32 ug/mL,0.712,ug/mL,conventional_32_ug_ml_or_10_um,HEK293 CC50,32.0,ug/mL,exact_cc50,,90.15,supplied EC wild-type 80% inhibition hit
coadd,CO-ADD:0320560,3661,[nH]1c(C)c(c(c(ccc2Cl)Cl)c12)CCN,Cc1[nH]c2c(Cl)ccc(Cl)c2c1CCN,1.0,0.250713185,e_coli,89375,1,True,True,32 ug/mL,8.994,ug/mL,matched_antibacterial_dose,HEK293 CC50,32.0,ug/mL,exact_cc50,,100.55,supplied EC wild-type 80% inhibition hit
coadd,CO-ADD:0320560,3661,[nH]1c(C)c(c(c(ccc2Cl)Cl)c12)CCN,Cc1[nH]c2c(Cl)ccc(Cl)c2c1CCN,0.0,0.250713185,e_coli,89375,1,True,True,32 ug/mL,8.994,ug/mL,fixed_10_um,HEK293 CC50,10.0,uM,exact_cc50,243.13699999999994,100.55,supplied EC wild-type 80% inhibition hit
coadd,CO-ADD:0320560,3661,[nH]1c(C)c(c(c(ccc2Cl)Cl)c12)CCN,Cc1[nH]c2c(Cl)ccc(Cl)c2c1CCN,1.0,0.250713185,e_coli,89375,1,True,True,32 ug/mL,8.994,ug/mL,conventional_32_ug_ml_or_10_um,HEK293 CC50,32.0,ug/mL,exact_cc50,,100.55,supplied EC wild-type 80% inhibition hit
coadd,CO-ADD:0323275,3671,c(Sc(cc1)ccc1Cl)(c(F)c(F)nc2N(CC3)CCN3)c2F,Fc1nc(N2CCNCC2)c(F)c(Sc2ccc(Cl)cc2)c1F,1.0,0.7358210000000001,e_coli,91094,1,True,True,32 ug/mL,8.425,ug/mL,matched_antibacterial_dose,HEK293 CC50,32.0,ug/mL,exact_cc50,,98.25,supplied EC wild-type 80% inhibition hit
coadd,CO-ADD:0323275,3671,c(Sc(cc1)ccc1Cl)(c(F)c(F)nc2N(CC3)CCN3)c2F,Fc1nc(N2CCNCC2)c(F)c(Sc2ccc(Cl)cc2)c1F,0.0,0.7358210000000001,e_coli,91094,1,True,True,32 ug/mL,8.425,ug/mL,fixed_10_um,HEK293 CC50,10.0,uM,exact_cc50,359.8040000000001,98.25,supplied EC wild-type 80% inhibition hit
coadd,CO-ADD:0323275,3671,c(Sc(cc1)ccc1Cl)(c(F)c(F)nc2N(CC3)CCN3)c2F,Fc1nc(N2CCNCC2)c(F)c(Sc2ccc(Cl)cc2)c1F,1.0,0.7358210000000001,e_coli,91094,1,True,True,32 ug/mL,8.425,ug/mL,conventional_32_ug_ml_or_10_um,HEK293 CC50,32.0,ug/mL,exact_cc50,,98.25,supplied EC wild-type 80% inhibition hit
coadd,CO-ADD:0320014,3692,c1(snc(OC)c1C#N)S(C)(=O)=O,COc1nsc(S(C)(=O)=O)c1C#N,1.0,0.2162894333333333,e_coli,115386,1,True,True,32 ug/mL,2.257,ug/mL,matched_antibacterial_dose,HEK293 CC50,32.0,ug/mL,exact_cc50,,99.85,supplied EC wild-type 80% inhibition hit
coadd,CO-ADD:0320014,3692,c1(snc(OC)c1C#N)S(C)(=O)=O,COc1nsc(S(C)(=O)=O)c1C#N,0.0,0.2162894333333333,e_coli,115386,1,True,True,32 ug/mL,2.257,ug/mL,fixed_10_um,HEK293 CC50,10.0,uM,exact_cc50,218.259,99.85,supplied EC wild-type 80% inhibition hit
coadd,CO-ADD:0320014,3692,c1(snc(OC)c1C#N)S(C)(=O)=O,COc1nsc(S(C)(=O)=O)c1C#N,1.0,0.2162894333333333,e_coli,115386,1,True,True,32 ug/mL,2.257,ug/mL,conventional_32_ug_ml_or_10_um,HEK293 CC50,32.0,ug/mL,exact_cc50,,99.85,supplied EC wild-type 80% inhibition hit
coadd,CO-ADD:0294851,3722,c1(no[n+]2[O-])c2cccc1[N+](=O)[O-],O=[N+]([O-])c1cccc2c1no[n+]2[O-],1.0,0.17519927,e_coli,149989,1,True,True,32 ug/mL,0.4747,ug/mL,matched_antibacterial_dose,HEK293 CC50,32.0,ug/mL,exact_cc50,,100.85,supplied EC wild-type 80% inhibition hit
coadd,CO-ADD:0294851,3722,c1(no[n+]2[O-])c2cccc1[N+](=O)[O-],O=[N+]([O-])c1cccc2c1no[n+]2[O-],1.0,0.17519927,e_coli,149989,1,True,True,32 ug/mL,0.4747,ug/mL,fixed_10_um,HEK293 CC50,10.0,uM,exact_cc50,181.10699999999997,100.85,supplied EC wild-type 80% inhibition hit
coadd,CO-ADD:0294851,3722,c1(no[n+]2[O-])c2cccc1[N+](=O)[O-],O=[N+]([O-])c1cccc2c1no[n+]2[O-],1.0,0.17519927,e_coli,149989,1,True,True,32 ug/mL,0.4747,ug/mL,conventional_32_ug_ml_or_10_um,HEK293 CC50,32.0,ug/mL,exact_cc50,,100.85,supplied EC wild-type 80% inhibition hit
coadd,CO-ADD:0294587,3728,[N+](=O)([O-])c1ccc(c2c1cccn2)NCCN,NCCNc1ccc([N+](=O)[O-])c2cccnc12,1.0,0.0943799301666666,e_coli,23893,1,True,True,32 ug/mL,17.11,ug/mL,matched_antibacterial_dose,HEK293 CC50,32.0,ug/mL,exact_cc50,,65.25,supplied EC wild-type 80% inhibition hit
coadd,CO-ADD:0294587,3728,[N+](=O)([O-])c1ccc(c2c1cccn2)NCCN,NCCNc1ccc([N+](=O)[O-])c2cccnc12,0.0,0.0943799301666666,e_coli,23893,1,True,True,32 ug/mL,17.11,ug/mL,fixed_10_um,HEK293 CC50,10.0,uM,exact_cc50,232.243,65.25,supplied EC wild-type 80% inhibition hit
coadd,CO-ADD:0294587,3728,[N+](=O)([O-])c1ccc(c2c1cccn2)NCCN,NCCNc1ccc([N+](=O)[O-])c2cccnc12,1.0,0.0943799301666666,e_coli,23893,1,True,True,32 ug/mL,17.11,ug/mL,conventional_32_ug_ml_or_10_um,HEK293 CC50,32.0,ug/mL,exact_cc50,,65.25,supplied EC wild-type 80% inhibition hit
coadd,CO-ADD:0300741,3730,c1(nonc1NCn2cnnn2)[N+](=O)[O-],O=[N+]([O-])c1nonc1NCn1cnnn1,1.0,0.138048625,e_coli,165073,1,True,True,32 ug/mL,3.351,ug/mL,matched_antibacterial_dose,HEK293 CC50,32.0,ug/mL,exact_cc50,,104.2,supplied EC wild-type 80% inhibition hit
coadd,CO-ADD:0300741,3730,c1(nonc1NCn2cnnn2)[N+](=O)[O-],O=[N+]([O-])c1nonc1NCn1cnnn1,0.0,0.138048625,e_coli,165073,1,True,True,32 ug/mL,3.351,ug/mL,fixed_10_um,HEK293 CC50,10.0,uM,exact_cc50,212.129,104.2,supplied EC wild-type 80% inhibition hit
coadd,CO-ADD:0300741,3730,c1(nonc1NCn2cnnn2)[N+](=O)[O-],O=[N+]([O-])c1nonc1NCn1cnnn1,1.0,0.138048625,e_coli,165073,1,True,True,32 ug/mL,3.351,ug/mL,conventional_32_ug_ml_or_10_um,HEK293 CC50,32.0,ug/mL,exact_cc50,,104.2,supplied EC wild-type 80% inhibition hit
coadd,CO-ADD:0302181,3752,[N+](=O)([O-])c1ccccc1C(OC)C[Hg]Cl,COC(C[Hg]Cl)c1ccccc1[N+](=O)[O-],1.0,0.9679112566666668,e_coli,155356,1,True,True,32 ug/mL,0.8698,ug/mL,matched_antibacterial_dose,HEK293 CC50,32.0,ug/mL,exact_cc50,,101.15,supplied EC wild-type 80% inhibition hit
coadd,CO-ADD:0302181,3752,[N+](=O)([O-])c1ccccc1C(OC)C[Hg]Cl,COC(C[Hg]Cl)c1ccccc1[N+](=O)[O-],1.0,0.9679112566666668,e_coli,155356,1,True,True,32 ug/mL,0.8698,ug/mL,fixed_10_um,HEK293 CC50,10.0,uM,exact_cc50,416.226,101.15,supplied EC wild-type 80% inhibition hit
coadd,CO-ADD:0302181,3752,[N+](=O)([O-])c1ccccc1C(OC)C[Hg]Cl,COC(C[Hg]Cl)c1ccccc1[N+](=O)[O-],1.0,0.9679112566666668,e_coli,155356,1,True,True,32 ug/mL,0.8698,ug/mL,conventional_32_ug_ml_or_10_um,HEK293 CC50,32.0,ug/mL,exact_cc50,,101.15,supplied EC wild-type 80% inhibition hit
coadd,CO-ADD:0300068,3792,N1(c2ccc(cc2)C)C(=O)NC(\C(=C/c(ccc3[N+](=O)[O-])o3)\C1=O)=O,Cc1ccc(N2C(=O)NC(=O)/C(=C\c3ccc([N+](=O)[O-])o3)C2=O)cc1,0.0,0.2519070166666666,e_coli,54494,1,True,True,32 ug/mL,>32,ug/mL,matched_antibacterial_dose,HEK293 CC50,32.0,ug/mL,lower_bound_proves_nontoxic,,38.15,supplied EC wild-type 80% inhibition hit
coadd,CO-ADD:0300068,3792,N1(c2ccc(cc2)C)C(=O)NC(\C(=C/c(ccc3[N+](=O)[O-])o3)\C1=O)=O,Cc1ccc(N2C(=O)NC(=O)/C(=C\c3ccc([N+](=O)[O-])o3)C2=O)cc1,0.0,0.2519070166666666,e_coli,54494,1,True,True,32 ug/mL,>32,ug/mL,fixed_10_um,HEK293 CC50,10.0,uM,lower_bound_proves_nontoxic,341.2790000000001,38.15,supplied EC wild-type 80% inhibition hit
coadd,CO-ADD:0300068,3792,N1(c2ccc(cc2)C)C(=O)NC(\C(=C/c(ccc3[N+](=O)[O-])o3)\C1=O)=O,Cc1ccc(N2C(=O)NC(=O)/C(=C\c3ccc([N+](=O)[O-])o3)C2=O)cc1,0.0,0.2519070166666666,e_coli,54494,1,True,True,32 ug/mL,>32,ug/mL,conventional_32_ug_ml_or_10_um,HEK293 CC50,32.0,ug/mL,lower_bound_proves_nontoxic,,38.15,supplied EC wild-type 80% inhibition hit
coadd,CO-ADD:0302872,3795,[n+]1([O-])onc(cc2C(N)=O)c1cc2,NC(=O)c1ccc2c(c1)no[n+]2[O-],1.0,0.067568991,e_coli,119856,1,True,True,32 ug/mL,12.14,ug/mL,matched_antibacterial_dose,HEK293 CC50,32.0,ug/mL,exact_cc50,,77.05,supplied EC wild-type 80% inhibition hit
coadd,CO-ADD:0302872,3795,[n+]1([O-])onc(cc2C(N)=O)c1cc2,NC(=O)c1ccc2c(c1)no[n+]2[O-],0.0,0.067568991,e_coli,119856,1,True,True,32 ug/mL,12.14,ug/mL,fixed_10_um,HEK293 CC50,10.0,uM,exact_cc50,179.135,77.05,supplied EC wild-type 80% inhibition hit
coadd,CO-ADD:0302872,3795,[n+]1([O-])onc(cc2C(N)=O)c1cc2,NC(=O)c1ccc2c(c1)no[n+]2[O-],1.0,0.067568991,e_coli,119856,1,True,True,32 ug/mL,12.14,ug/mL,conventional_32_ug_ml_or_10_um,HEK293 CC50,32.0,ug/mL,exact_cc50,,77.05,supplied EC wild-type 80% inhibition hit
coadd,CO-ADD:0288832,3808,c1(C(NCC#C)=O)oc([N+](=O)[O-])cc1,C#CCNC(=O)c1ccc([N+](=O)[O-])o1,1.0,0.1911931683333333,e_coli,179769,1,True,True,32 ug/mL,6.089,ug/mL,matched_antibacterial_dose,HEK293 CC50,32.0,ug/mL,exact_cc50,,101.95,supplied EC wild-type 80% inhibition hit
coadd,CO-ADD:0288832,3808,c1(C(NCC#C)=O)oc([N+](=O)[O-])cc1,C#CCNC(=O)c1ccc([N+](=O)[O-])o1,0.0,0.1911931683333333,e_coli,179769,1,True,True,32 ug/mL,6.089,ug/mL,fixed_10_um,HEK293 CC50,10.0,uM,exact_cc50,194.146,101.95,supplied EC wild-type 80% inhibition hit
coadd,CO-ADD:0288832,3808,c1(C(NCC#C)=O)oc([N+](=O)[O-])cc1,C#CCNC(=O)c1ccc([N+](=O)[O-])o1,1.0,0.1911931683333333,e_coli,179769,1,True,True,32 ug/mL,6.089,ug/mL,conventional_32_ug_ml_or_10_um,HEK293 CC50,32.0,ug/mL,exact_cc50,,101.95,supplied EC wild-type 80% inhibition hit
coadd,CO-ADD:0299548,3815,[n+]12c(c(ccc1)c3)c(cc3)SCC2(C)C[Hg]Br.[Br-],CC1(C[Hg]Br)CSc2cccc3ccc[n+]1c23.[Br-],1.0,0.8152717150000001,e_coli,1041,1,True,True,32 ug/mL,18.61,ug/mL,matched_antibacterial_dose,HEK293 CC50,32.0,ug/mL,exact_cc50,,90.5,supplied EC wild-type 80% inhibition hit
coadd,CO-ADD:0299548,3815,[n+]12c(c(ccc1)c3)c(cc3)SCC2(C)C[Hg]Br.[Br-],CC1(C[Hg]Br)CSc2cccc3ccc[n+]1c23.[Br-],0.0,0.8152717150000001,e_coli,1041,1,True,True,32 ug/mL,18.61,ug/mL,fixed_10_um,HEK293 CC50,10.0,uM,exact_cc50,575.7189999999999,90.5,supplied EC wild-type 80% inhibition hit
coadd,CO-ADD:0299548,3815,[n+]12c(c(ccc1)c3)c(cc3)SCC2(C)C[Hg]Br.[Br-],CC1(C[Hg]Br)CSc2cccc3ccc[n+]1c23.[Br-],1.0,0.8152717150000001,e_coli,1041,1,True,True,32 ug/mL,18.61,ug/mL,conventional_32_ug_ml_or_10_um,HEK293 CC50,32.0,ug/mL,exact_cc50,,90.5,supplied EC wild-type 80% inhibition hit
coadd,CO-ADD:0295965,3852,c1([N+](=O)[O-])ncn(CCO)c1[N+](=O)[O-],O=[N+]([O-])c1ncn(CCO)c1[N+](=O)[O-],1.0,0.1364983733333333,e_coli,51411,1,True,True,32 ug/mL,3.893,ug/mL,matched_antibacterial_dose,HEK293 CC50,32.0,ug/mL,exact_cc50,,95.75,supplied EC wild-type 80% inhibition hit
coadd,CO-ADD:0295965,3852,c1([N+](=O)[O-])ncn(CCO)c1[N+](=O)[O-],O=[N+]([O-])c1ncn(CCO)c1[N+](=O)[O-],0.0,0.1364983733333333,e_coli,51411,1,True,True,32 ug/mL,3.893,ug/mL,fixed_10_um,HEK293 CC50,10.0,uM,exact_cc50,202.126,95.75,supplied EC wild-type 80% inhibition hit
coadd,CO-ADD:0295965,3852,c1([N+](=O)[O-])ncn(CCO)c1[N+](=O)[O-],O=[N+]([O-])c1ncn(CCO)c1[N+](=O)[O-],1.0,0.1364983733333333,e_coli,51411,1,True,True,32 ug/mL,3.893,ug/mL,conventional_32_ug_ml_or_10_um,HEK293 CC50,32.0,ug/mL,exact_cc50,,95.75,supplied EC wild-type 80% inhibition hit
coadd,CO-ADD:0307303,3892,C(C(O)=O)(=CN(CC)c1c2cc(c(N(CC3)CCN3C(=S)NC(=O)c4ccccc4Cl)c1)F)C2=O,CCn1cc(C(=O)O)c(=O)c2cc(F)c(N3CCN(C(=S)NC(=O)c4ccccc4Cl)CC3)cc21,1.0,0.0883923718333333,e_coli,2942,1,True,True,32 ug/mL,30.25,ug/mL,matched_antibacterial_dose,HEK293 CC50,32.0,ug/mL,exact_cc50,,56.0,supplied EC wild-type 80% inhibition hit
coadd,CO-ADD:0307303,3892,C(C(O)=O)(=CN(CC)c1c2cc(c(N(CC3)CCN3C(=S)NC(=O)c4ccccc4Cl)c1)F)C2=O,CCn1cc(C(=O)O)c(=O)c2cc(F)c(N3CCN(C(=S)NC(=O)c4ccccc4Cl)CC3)cc21,0.0,0.0883923718333333,e_coli,2942,1,True,True,32 ug/mL,30.25,ug/mL,fixed_10_um,HEK293 CC50,10.0,uM,exact_cc50,516.9820000000001,56.0,supplied EC wild-type 80% inhibition hit
coadd,CO-ADD:0307303,3892,C(C(O)=O)(=CN(CC)c1c2cc(c(N(CC3)CCN3C(=S)NC(=O)c4ccccc4Cl)c1)F)C2=O,CCn1cc(C(=O)O)c(=O)c2cc(F)c(N3CCN(C(=S)NC(=O)c4ccccc4Cl)CC3)cc21,1.0,0.0883923718333333,e_coli,2942,1,True,True,32 ug/mL,30.25,ug/mL,conventional_32_ug_ml_or_10_um,HEK293 CC50,32.0,ug/mL,exact_cc50,,56.0,supplied EC wild-type 80% inhibition hit
coadd,CO-ADD:0329979,3904,N1(c2c(OC)ccc(OC)c2)C(=O)NC(\C(=C/c(ccc3[N+](=O)[O-])s3)\C1=O)=O,COc1ccc(OC)c(N2C(=O)NC(=O)/C(=C\c3ccc([N+](=O)[O-])s3)C2=O)c1,1.0,0.44266878,e_coli,137680,1,True,True,32 ug/mL,18.25,ug/mL,matched_antibacterial_dose,HEK293 CC50,32.0,ug/mL,exact_cc50,,76.7,supplied EC wild-type 80% inhibition hit
coadd,CO-ADD:0329979,3904,N1(c2c(OC)ccc(OC)c2)C(=O)NC(\C(=C/c(ccc3[N+](=O)[O-])s3)\C1=O)=O,COc1ccc(OC)c(N2C(=O)NC(=O)/C(=C\c3ccc([N+](=O)[O-])s3)C2=O)c1,0.0,0.44266878,e_coli,137680,1,True,True,32 ug/mL,18.25,ug/mL,fixed_10_um,HEK293 CC50,10.0,uM,exact_cc50,403.3720000000001,76.7,supplied EC wild-type 80% inhibition hit
coadd,CO-ADD:0329979,3904,N1(c2c(OC)ccc(OC)c2)C(=O)NC(\C(=C/c(ccc3[N+](=O)[O-])s3)\C1=O)=O,COc1ccc(OC)c(N2C(=O)NC(=O)/C(=C\c3ccc([N+](=O)[O-])s3)C2=O)c1,1.0,0.44266878,e_coli,137680,1,True,True,32 ug/mL,18.25,ug/mL,conventional_32_ug_ml_or_10_um,HEK293 CC50,32.0,ug/mL,exact_cc50,,76.7,supplied EC wild-type 80% inhibition hit
coadd,CO-ADD:0329400,3909,C(C(O)=O)(=CN(CC)c1c2cc(c(N(CC3)CCN3C(=S)Nc(cc4)ccc4C(C)=O)c1)F)C2=O,CCn1cc(C(=O)O)c(=O)c2cc(F)c(N3CCN(C(=S)Nc4ccc(C(C)=O)cc4)CC3)cc21,0.0,0.0696085981666666,e_coli,177659,1,True,True,32 ug/mL,>32,ug/mL,matched_antibacterial_dose,HEK293 CC50,32.0,ug/mL,lower_bound_proves_nontoxic,,22.65,supplied EC wild-type 80% inhibition hit
coadd,CO-ADD:0329400,3909,C(C(O)=O)(=CN(CC)c1c2cc(c(N(CC3)CCN3C(=S)Nc(cc4)ccc4C(C)=O)c1)F)C2=O,CCn1cc(C(=O)O)c(=O)c2cc(F)c(N3CCN(C(=S)Nc4ccc(C(C)=O)cc4)CC3)cc21,0.0,0.0696085981666666,e_coli,177659,1,True,True,32 ug/mL,>32,ug/mL,fixed_10_um,HEK293 CC50,10.0,uM,lower_bound_proves_nontoxic,496.56400000000014,22.65,supplied EC wild-type 80% inhibition hit
coadd,CO-ADD:0329400,3909,C(C(O)=O)(=CN(CC)c1c2cc(c(N(CC3)CCN3C(=S)Nc(cc4)ccc4C(C)=O)c1)F)C2=O,CCn1cc(C(=O)O)c(=O)c2cc(F)c(N3CCN(C(=S)Nc4ccc(C(C)=O)cc4)CC3)cc21,0.0,0.0696085981666666,e_coli,177659,1,True,True,32 ug/mL,>32,ug/mL,conventional_32_ug_ml_or_10_um,HEK293 CC50,32.0,ug/mL,lower_bound_proves_nontoxic,,22.65,supplied EC wild-type 80% inhibition hit
coadd,CO-ADD:0329404,3910,C(C(O)=O)(=CN(CC)c1c2cc(c(N(CC3)CCN3C(=S)NC(=O)c4c(cccc4OC)OC)c1)F)C2=O,CCn1cc(C(=O)O)c(=O)c2cc(F)c(N3CCN(C(=S)NC(=O)c4c(OC)cccc4OC)CC3)cc21,1.0,0.15440162,e_coli,81555,1,True,True,32 ug/mL,26.78,ug/mL,matched_antibacterial_dose,HEK293 CC50,32.0,ug/mL,exact_cc50,,54.5,supplied EC wild-type 80% inhibition hit
coadd,CO-ADD:0329404,3910,C(C(O)=O)(=CN(CC)c1c2cc(c(N(CC3)CCN3C(=S)NC(=O)c4c(cccc4OC)OC)c1)F)C2=O,CCn1cc(C(=O)O)c(=O)c2cc(F)c(N3CCN(C(=S)NC(=O)c4c(OC)cccc4OC)CC3)cc21,0.0,0.15440162,e_coli,81555,1,True,True,32 ug/mL,26.78,ug/mL,fixed_10_um,HEK293 CC50,10.0,uM,exact_cc50,542.5890000000002,54.5,supplied EC wild-type 80% inhibition hit
coadd,CO-ADD:0329404,3910,C(C(O)=O)(=CN(CC)c1c2cc(c(N(CC3)CCN3C(=S)NC(=O)c4c(cccc4OC)OC)c1)F)C2=O,CCn1cc(C(=O)O)c(=O)c2cc(F)c(N3CCN(C(=S)NC(=O)c4c(OC)cccc4OC)CC3)cc21,1.0,0.15440162,e_coli,81555,1,True,True,32 ug/mL,26.78,ug/mL,conventional_32_ug_ml_or_10_um,HEK293 CC50,32.0,ug/mL,exact_cc50,,54.5,supplied EC wild-type 80% inhibition hit
coadd,CO-ADD:0329413,3912,C(C(O)=O)(=C1)C(=O)c(c2N1C3CC3)cc(c(N(CC4)CCN4C(=S)NC(=O)c5ccc(cc5)Cl)c2)F,O=C(NC(=S)N1CCN(c2cc3c(cc2F)c(=O)c(C(=O)O)cn3C2CC2)CC1)c1ccc(Cl)cc1,0.0,0.0761707559999999,e_coli,87807,1,True,True,32 ug/mL,>32,ug/mL,matched_antibacterial_dose,HEK293 CC50,32.0,ug/mL,lower_bound_proves_nontoxic,,10.5,supplied EC wild-type 80% inhibition hit
coadd,CO-ADD:0329413,3912,C(C(O)=O)(=C1)C(=O)c(c2N1C3CC3)cc(c(N(CC4)CCN4C(=S)NC(=O)c5ccc(cc5)Cl)c2)F,O=C(NC(=S)N1CCN(c2cc3c(cc2F)c(=O)c(C(=O)O)cn3C2CC2)CC1)c1ccc(Cl)cc1,0.0,0.0761707559999999,e_coli,87807,1,True,True,32 ug/mL,>32,ug/mL,fixed_10_um,HEK293 CC50,10.0,uM,lower_bound_proves_nontoxic,528.9930000000003,10.5,supplied EC wild-type 80% inhibition hit
coadd,CO-ADD:0329413,3912,C(C(O)=O)(=C1)C(=O)c(c2N1C3CC3)cc(c(N(CC4)CCN4C(=S)NC(=O)c5ccc(cc5)Cl)c2)F,O=C(NC(=S)N1CCN(c2cc3c(cc2F)c(=O)c(C(=O)O)cn3C2CC2)CC1)c1ccc(Cl)cc1,0.0,0.0761707559999999,e_coli,87807,1,True,True,32 ug/mL,>32,ug/mL,conventional_32_ug_ml_or_10_um,HEK293 CC50,32.0,ug/mL,lower_bound_proves_nontoxic,,10.5,supplied EC wild-type 80% inhibition hit
coadd,CO-ADD:0329168,3926,C(C(O)=O)(=CN1CC)C(=O)c(c12)cnc(N(CC3)CCN3C(=S)Nc(cc4)ccc4C(OC)=O)n2,CCn1cc(C(=O)O)c(=O)c2cnc(N3CCN(C(=S)Nc4ccc(C(=O)OC)cc4)CC3)nc21,0.0,0.1016020845,e_coli,68098,1,True,True,32 ug/mL,>32,ug/mL,matched_antibacterial_dose,HEK293 CC50,32.0,ug/mL,lower_bound_proves_nontoxic,,9.8,supplied EC wild-type 80% inhibition hit
coadd,CO-ADD:0329168,3926,C(C(O)=O)(=CN1CC)C(=O)c(c12)cnc(N(CC3)CCN3C(=S)Nc(cc4)ccc4C(OC)=O)n2,CCn1cc(C(=O)O)c(=O)c2cnc(N3CCN(C(=S)Nc4ccc(C(=O)OC)cc4)CC3)nc21,0.0,0.1016020845,e_coli,68098,1,True,True,32 ug/mL,>32,ug/mL,fixed_10_um,HEK293 CC50,10.0,uM,lower_bound_proves_nontoxic,496.54900000000026,9.8,supplied EC wild-type 80% inhibition hit
coadd,CO-ADD:0329168,3926,C(C(O)=O)(=CN1CC)C(=O)c(c12)cnc(N(CC3)CCN3C(=S)Nc(cc4)ccc4C(OC)=O)n2,CCn1cc(C(=O)O)c(=O)c2cnc(N3CCN(C(=S)Nc4ccc(C(=O)OC)cc4)CC3)nc21,0.0,0.1016020845,e_coli,68098,1,True,True,32 ug/mL,>32,ug/mL,conventional_32_ug_ml_or_10_um,HEK293 CC50,32.0,ug/mL,lower_bound_proves_nontoxic,,9.8,supplied EC wild-type 80% inhibition hit
coadd,CO-ADD:0236869,3995,c1(ccc(C(OC(C)=O)OC(C)=O)s1)[N+](=O)[O-],CC(=O)OC(OC(C)=O)c1ccc([N+](=O)[O-])s1,1.0,0.2893248383333333,e_coli,75404,1,True,True,32 ug/mL,1.93,ug/mL,matched_antibacterial_dose,HEK293 CC50,32.0,ug/mL,exact_cc50,,102.25,supplied EC wild-type 80% inhibition hit
coadd,CO-ADD:0236869,3995,c1(ccc(C(OC(C)=O)OC(C)=O)s1)[N+](=O)[O-],CC(=O)OC(OC(C)=O)c1ccc([N+](=O)[O-])s1,1.0,0.2893248383333333,e_coli,75404,1,True,True,32 ug/mL,1.93,ug/mL,fixed_10_um,HEK293 CC50,10.0,uM,exact_cc50,259.239,102.25,supplied EC wild-type 80% inhibition hit
coadd,CO-ADD:0236869,3995,c1(ccc(C(OC(C)=O)OC(C)=O)s1)[N+](=O)[O-],CC(=O)OC(OC(C)=O)c1ccc([N+](=O)[O-])s1,1.0,0.2893248383333333,e_coli,75404,1,True,True,32 ug/mL,1.93,ug/mL,conventional_32_ug_ml_or_10_um,HEK293 CC50,32.0,ug/mL,exact_cc50,,102.25,supplied EC wild-type 80% inhibition hit
coadd,CO-ADD:0331811,4079,c1(c(Cl)ccc(Cl)n1)C(NCC[N+]2(CCCCC2)CCCCCCCCCCCC)=O.[Br-],CCCCCCCCCCCC[N+]1(CCNC(=O)c2nc(Cl)ccc2Cl)CCCCC1.[Br-],1.0,0.258849115,e_coli,59626,1,True,True,32 ug/mL,5.694,ug/mL,matched_antibacterial_dose,HEK293 CC50,32.0,ug/mL,exact_cc50,,98.55,supplied EC wild-type 80% inhibition hit
coadd,CO-ADD:0331811,4079,c1(c(Cl)ccc(Cl)n1)C(NCC[N+]2(CCCCC2)CCCCCCCCCCCC)=O.[Br-],CCCCCCCCCCCC[N+]1(CCNC(=O)c2nc(Cl)ccc2Cl)CCCCC1.[Br-],0.0,0.258849115,e_coli,59626,1,True,True,32 ug/mL,5.694,ug/mL,fixed_10_um,HEK293 CC50,10.0,uM,exact_cc50,551.4410000000006,98.55,supplied EC wild-type 80% inhibition hit
coadd,CO-ADD:0331811,4079,c1(c(Cl)ccc(Cl)n1)C(NCC[N+]2(CCCCC2)CCCCCCCCCCCC)=O.[Br-],CCCCCCCCCCCC[N+]1(CCNC(=O)c2nc(Cl)ccc2Cl)CCCCC1.[Br-],1.0,0.258849115,e_coli,59626,1,True,True,32 ug/mL,5.694,ug/mL,conventional_32_ug_ml_or_10_um,HEK293 CC50,32.0,ug/mL,exact_cc50,,98.55,supplied EC wild-type 80% inhibition hit
coadd,CO-ADD:0332128,4091,c12c(CCCN1)c(Cl)cc(Cl)c2O,Oc1c(Cl)cc(Cl)c2c1NCCC2,1.0,0.1445028733333333,e_coli,15871,1,True,True,32 ug/mL,15.23,ug/mL,matched_antibacterial_dose,HEK293 CC50,32.0,ug/mL,exact_cc50,,72.55,supplied EC wild-type 80% inhibition hit
coadd,CO-ADD:0332128,4091,c12c(CCCN1)c(Cl)cc(Cl)c2O,Oc1c(Cl)cc(Cl)c2c1NCCC2,0.0,0.1445028733333333,e_coli,15871,1,True,True,32 ug/mL,15.23,ug/mL,fixed_10_um,HEK293 CC50,10.0,uM,exact_cc50,218.083,72.55,supplied EC wild-type 80% inhibition hit
coadd,CO-ADD:0332128,4091,c12c(CCCN1)c(Cl)cc(Cl)c2O,Oc1c(Cl)cc(Cl)c2c1NCCC2,1.0,0.1445028733333333,e_coli,15871,1,True,True,32 ug/mL,15.23,ug/mL,conventional_32_ug_ml_or_10_um,HEK293 CC50,32.0,ug/mL,exact_cc50,,72.55,supplied EC wild-type 80% inhibition hit
coadd,CO-ADD:0237361,4121,CO[C@H]1\C=C\O[C@@]2(C)OC3=C(C2=O)C4=C(O)\C(=C/NN5CCN(C)CC5)\C(=N\C(=O)\C(=C/C=C\[C@H](C)[C@H](O)[C@@H](C)[C@@H](O)[C@@H](C)[C@H](OC(=O)C)[C@@H]1C)\C)\C(=C4C(=C3C)O)O,CO[C@H]1/C=C/O[C@@]2(C)Oc3c(C)c(O)c4c(O)c(/c(=C/NN5CCN(C)CC5)c(O)c4c3C2=O)=N\C(=O)/C(C)=C\C=C/[C@H](C)[C@H](O)[C@@H](C)[C@@H](O)[C@@H](C)[C@H](OC(C)=O)[C@@H]1C,,0.078797818,e_coli,49713,1,True,True,20 uM,>10,uM,matched_antibacterial_dose,HEK293 CC50,20.0,uM,censoring_interval_straddles_threshold,,-8.1,supplied EC wild-type 80% inhibition hit
coadd,CO-ADD:0237361,4121,CO[C@H]1\C=C\O[C@@]2(C)OC3=C(C2=O)C4=C(O)\C(=C/NN5CCN(C)CC5)\C(=N\C(=O)\C(=C/C=C\[C@H](C)[C@H](O)[C@@H](C)[C@@H](O)[C@@H](C)[C@H](OC(=O)C)[C@@H]1C)\C)\C(=C4C(=C3C)O)O,CO[C@H]1/C=C/O[C@@]2(C)Oc3c(C)c(O)c4c(O)c(/c(=C/NN5CCN(C)CC5)c(O)c4c3C2=O)=N\C(=O)/C(C)=C\C=C/[C@H](C)[C@H](O)[C@@H](C)[C@@H](O)[C@@H](C)[C@H](OC(C)=O)[C@@H]1C,0.0,0.078797818,e_coli,49713,1,True,True,20 uM,>10,uM,fixed_10_um,HEK293 CC50,10.0,uM,lower_bound_proves_nontoxic,,-8.1,supplied EC wild-type 80% inhibition hit
coadd,CO-ADD:0237361,4121,CO[C@H]1\C=C\O[C@@]2(C)OC3=C(C2=O)C4=C(O)\C(=C/NN5CCN(C)CC5)\C(=N\C(=O)\C(=C/C=C\[C@H](C)[C@H](O)[C@@H](C)[C@@H](O)[C@@H](C)[C@H](OC(=O)C)[C@@H]1C)\C)\C(=C4C(=C3C)O)O,CO[C@H]1/C=C/O[C@@]2(C)Oc3c(C)c(O)c4c(O)c(/c(=C/NN5CCN(C)CC5)c(O)c4c3C2=O)=N\C(=O)/C(C)=C\C=C/[C@H](C)[C@H](O)[C@@H](C)[C@@H](O)[C@@H](C)[C@H](OC(C)=O)[C@@H]1C,0.0,0.078797818,e_coli,49713,1,True,True,20 uM,>10,uM,conventional_32_ug_ml_or_10_um,HEK293 CC50,10.0,uM,lower_bound_proves_nontoxic,,-8.1,supplied EC wild-type 80% inhibition hit
coadd,CO-ADD:0164430,4175,CC[C@H]1OC(=O)[C@H](C)[C@@H](O[C@H]2C[C@@](C)(OC)[C@@H](O)[C@H](C)O2)[C@H](C)[C@@H](O[C@@H]2O[C@H](C)C[C@@H]([C@H]2O)N(C)C)[C@](C)(O)C[C@@H](C)CN(C)[C@H](C)[C@@H](O)[C@]1(C)O,CC[C@H]1OC(=O)[C@H](C)[C@@H](O[C@H]2C[C@@](C)(OC)[C@@H](O)[C@H](C)O2)[C@H](C)[C@@H](O[C@@H]2O[C@H](C)C[C@H](N(C)C)[C@H]2O)[C@](C)(O)C[C@@H](C)CN(C)[C@H](C)[C@@H](O)[C@]1(C)O,,0.1182704766666666,e_coli,60443,1,True,True,20 uM,>10,uM,matched_antibacterial_dose,HEK293 CC50,20.0,uM,censoring_interval_straddles_threshold,,42.3,supplied EC wild-type 80% inhibition hit
coadd,CO-ADD:0164430,4175,CC[C@H]1OC(=O)[C@H](C)[C@@H](O[C@H]2C[C@@](C)(OC)[C@@H](O)[C@H](C)O2)[C@H](C)[C@@H](O[C@@H]2O[C@H](C)C[C@@H]([C@H]2O)N(C)C)[C@](C)(O)C[C@@H](C)CN(C)[C@H](C)[C@@H](O)[C@]1(C)O,CC[C@H]1OC(=O)[C@H](C)[C@@H](O[C@H]2C[C@@](C)(OC)[C@@H](O)[C@H](C)O2)[C@H](C)[C@@H](O[C@@H]2O[C@H](C)C[C@H](N(C)C)[C@H]2O)[C@](C)(O)C[C@@H](C)CN(C)[C@H](C)[C@@H](O)[C@]1(C)O,0.0,0.1182704766666666,e_coli,60443,1,True,True,20 uM,>10,uM,fixed_10_um,HEK293 CC50,10.0,uM,lower_bound_proves_nontoxic,,42.3,supplied EC wild-type 80% inhibition hit
coadd,CO-ADD:0164430,4175,CC[C@H]1OC(=O)[C@H](C)[C@@H](O[C@H]2C[C@@](C)(OC)[C@@H](O)[C@H](C)O2)[C@H](C)[C@@H](O[C@@H]2O[C@H](C)C[C@@H]([C@H]2O)N(C)C)[C@](C)(O)C[C@@H](C)CN(C)[C@H](C)[C@@H](O)[C@]1(C)O,CC[C@H]1OC(=O)[C@H](C)[C@@H](O[C@H]2C[C@@](C)(OC)[C@@H](O)[C@H](C)O2)[C@H](C)[C@@H](O[C@@H]2O[C@H](C)C[C@H](N(C)C)[C@H]2O)[C@](C)(O)C[C@@H](C)CN(C)[C@H](C)[C@@H](O)[C@]1(C)O,0.0,0.1182704766666666,e_coli,60443,1,True,True,20 uM,>10,uM,conventional_32_ug_ml_or_10_um,HEK293 CC50,10.0,uM,lower_bound_proves_nontoxic,,42.3,supplied EC wild-type 80% inhibition hit
coadd,CO-ADD:0164501,4176,CCn1cc(C(O)=O)c(=O)c2cc(F)c(cc12)N1CCNCC1,CCn1cc(C(=O)O)c(=O)c2cc(F)c(N3CCNCC3)cc21,,0.0567802578333333,e_coli,144594,1,True,True,20 uM,>10,uM,matched_antibacterial_dose,HEK293 CC50,20.0,uM,censoring_interval_straddles_threshold,,33.3,supplied EC wild-type 80% inhibition hit
coadd,CO-ADD:0164501,4176,CCn1cc(C(O)=O)c(=O)c2cc(F)c(cc12)N1CCNCC1,CCn1cc(C(=O)O)c(=O)c2cc(F)c(N3CCNCC3)cc21,0.0,0.0567802578333333,e_coli,144594,1,True,True,20 uM,>10,uM,fixed_10_um,HEK293 CC50,10.0,uM,lower_bound_proves_nontoxic,,33.3,supplied EC wild-type 80% inhibition hit
coadd,CO-ADD:0164501,4176,CCn1cc(C(O)=O)c(=O)c2cc(F)c(cc12)N1CCNCC1,CCn1cc(C(=O)O)c(=O)c2cc(F)c(N3CCNCC3)cc21,0.0,0.0567802578333333,e_coli,144594,1,True,True,20 uM,>10,uM,conventional_32_ug_ml_or_10_um,HEK293 CC50,10.0,uM,lower_bound_proves_nontoxic,,33.3,supplied EC wild-type 80% inhibition hit
