version,organism,activity_rule,toxicity_rule,novelty_rule,duplication_rule,missing_label_score_or_structure,native_hits_with_known_provided_similarity,n,nontoxic,toxic,auroc,average_precision
assay_101097,e_coli,native,native,none,source_rows,0,10,62,41,21,0.8315911730545877,0.7755073163904698
assay_101097,e_coli,native,native,none,unique_consistent_isomeric_molecules,0,10,62,41,21,0.8315911730545877,0.7755073163904698
assay_101097,e_coli,native,native,computed_100k_lt_0_9,source_rows,0,10,40,26,14,0.8543956043956045,0.7941530076382293
assay_101097,e_coli,native,native,computed_100k_lt_0_9,unique_consistent_isomeric_molecules,0,10,40,26,14,0.8543956043956045,0.7941530076382293
assay_101097,e_coli,native,native,computed_39k_lt_0_9,source_rows,0,10,42,26,16,0.8701923076923077,0.836245480549916
assay_101097,e_coli,native,native,computed_39k_lt_0_9,unique_consistent_isomeric_molecules,0,10,42,26,16,0.8701923076923077,0.836245480549916
assay_101097,e_coli,native,native,computed_both_lt_0_9,source_rows,0,10,40,26,14,0.8543956043956045,0.7941530076382293
assay_101097,e_coli,native,native,computed_both_lt_0_9,unique_consistent_isomeric_molecules,0,10,40,26,14,0.8543956043956045,0.7941530076382293
assay_101097,e_coli,native,native,computed_100k_lt_1,source_rows,0,10,42,28,14,0.8596938775510203,0.7929625314477531
assay_101097,e_coli,native,native,computed_100k_lt_1,unique_consistent_isomeric_molecules,0,10,42,28,14,0.8596938775510203,0.7929625314477531
assay_101097,e_coli,native,native,provided_100k_lt_0_9_known_matches_only,source_rows,0,10,8,8,0,,
assay_101097,e_coli,native,native,provided_100k_lt_0_9_known_matches_only,unique_consistent_isomeric_molecules,0,10,8,8,0,,
assay_101097,e_coli,native,native,provided_39k_lt_0_9_known_matches_only,source_rows,0,10,8,8,0,,
assay_101097,e_coli,native,native,provided_39k_lt_0_9_known_matches_only,unique_consistent_isomeric_molecules,0,10,8,8,0,,
assay_101097,e_coli,native,native,provided_100k_39k_lt_0_9_abx_lt_0_7_known_matches_only,source_rows,0,10,8,8,0,,
assay_101097,e_coli,native,native,provided_100k_39k_lt_0_9_abx_lt_0_7_known_matches_only,unique_consistent_isomeric_molecules,0,10,8,8,0,,
assay_101097,e_coli,native,growth_inhibition_gt_20,none,source_rows,0,10,62,41,21,0.8315911730545877,0.7755073163904698
assay_101097,e_coli,native,growth_inhibition_gt_20,none,unique_consistent_isomeric_molecules,0,10,62,41,21,0.8315911730545877,0.7755073163904698
assay_101097,e_coli,native,growth_inhibition_gt_20,computed_100k_lt_0_9,source_rows,0,10,40,26,14,0.8543956043956045,0.7941530076382293
assay_101097,e_coli,native,growth_inhibition_gt_20,computed_100k_lt_0_9,unique_consistent_isomeric_molecules,0,10,40,26,14,0.8543956043956045,0.7941530076382293
assay_101097,e_coli,native,growth_inhibition_gt_20,computed_39k_lt_0_9,source_rows,0,10,42,26,16,0.8701923076923077,0.836245480549916
assay_101097,e_coli,native,growth_inhibition_gt_20,computed_39k_lt_0_9,unique_consistent_isomeric_molecules,0,10,42,26,16,0.8701923076923077,0.836245480549916
assay_101097,e_coli,native,growth_inhibition_gt_20,computed_both_lt_0_9,source_rows,0,10,40,26,14,0.8543956043956045,0.7941530076382293
assay_101097,e_coli,native,growth_inhibition_gt_20,computed_both_lt_0_9,unique_consistent_isomeric_molecules,0,10,40,26,14,0.8543956043956045,0.7941530076382293
assay_101097,e_coli,native,growth_inhibition_gt_20,computed_100k_lt_1,source_rows,0,10,42,28,14,0.8596938775510203,0.7929625314477531
assay_101097,e_coli,native,growth_inhibition_gt_20,computed_100k_lt_1,unique_consistent_isomeric_molecules,0,10,42,28,14,0.8596938775510203,0.7929625314477531
assay_101097,e_coli,native,growth_inhibition_gt_20,provided_100k_lt_0_9_known_matches_only,source_rows,0,10,8,8,0,,
assay_101097,e_coli,native,growth_inhibition_gt_20,provided_100k_lt_0_9_known_matches_only,unique_consistent_isomeric_molecules,0,10,8,8,0,,
assay_101097,e_coli,native,growth_inhibition_gt_20,provided_39k_lt_0_9_known_matches_only,source_rows,0,10,8,8,0,,
assay_101097,e_coli,native,growth_inhibition_gt_20,provided_39k_lt_0_9_known_matches_only,unique_consistent_isomeric_molecules,0,10,8,8,0,,
assay_101097,e_coli,native,growth_inhibition_gt_20,provided_100k_39k_lt_0_9_abx_lt_0_7_known_matches_only,source_rows,0,10,8,8,0,,
assay_101097,e_coli,native,growth_inhibition_gt_20,provided_100k_39k_lt_0_9_abx_lt_0_7_known_matches_only,unique_consistent_isomeric_molecules,0,10,8,8,0,,
assay_101097,e_coli,native,growth_inhibition_gt_50,none,source_rows,0,10,62,44,18,0.9318181818181818,0.8323511050162236
assay_101097,e_coli,native,growth_inhibition_gt_50,none,unique_consistent_isomeric_molecules,0,10,62,44,18,0.9318181818181818,0.8323511050162236
assay_101097,e_coli,native,growth_inhibition_gt_50,computed_100k_lt_0_9,source_rows,0,10,40,27,13,0.9230769230769231,0.8283186236104008
assay_101097,e_coli,native,growth_inhibition_gt_50,computed_100k_lt_0_9,unique_consistent_isomeric_molecules,0,10,40,27,13,0.9230769230769231,0.8283186236104008
assay_101097,e_coli,native,growth_inhibition_gt_50,computed_39k_lt_0_9,source_rows,0,10,42,27,15,0.9308641975308644,0.8665983538564184
assay_101097,e_coli,native,growth_inhibition_gt_50,computed_39k_lt_0_9,unique_consistent_isomeric_molecules,0,10,42,27,15,0.9308641975308644,0.8665983538564184
assay_101097,e_coli,native,growth_inhibition_gt_50,computed_both_lt_0_9,source_rows,0,10,40,27,13,0.9230769230769231,0.8283186236104008
assay_101097,e_coli,native,growth_inhibition_gt_50,computed_both_lt_0_9,unique_consistent_isomeric_molecules,0,10,40,27,13,0.9230769230769231,0.8283186236104008
assay_101097,e_coli,native,growth_inhibition_gt_50,computed_100k_lt_1,source_rows,0,10,42,29,13,0.9283819628647215,0.8283186236104008
assay_101097,e_coli,native,growth_inhibition_gt_50,computed_100k_lt_1,unique_consistent_isomeric_molecules,0,10,42,29,13,0.9283819628647215,0.8283186236104008
assay_101097,e_coli,native,growth_inhibition_gt_50,provided_100k_lt_0_9_known_matches_only,source_rows,0,10,8,8,0,,
assay_101097,e_coli,native,growth_inhibition_gt_50,provided_100k_lt_0_9_known_matches_only,unique_consistent_isomeric_molecules,0,10,8,8,0,,
assay_101097,e_coli,native,growth_inhibition_gt_50,provided_39k_lt_0_9_known_matches_only,source_rows,0,10,8,8,0,,
assay_101097,e_coli,native,growth_inhibition_gt_50,provided_39k_lt_0_9_known_matches_only,unique_consistent_isomeric_molecules,0,10,8,8,0,,
assay_101097,e_coli,native,growth_inhibition_gt_50,provided_100k_39k_lt_0_9_abx_lt_0_7_known_matches_only,source_rows,0,10,8,8,0,,
assay_101097,e_coli,native,growth_inhibition_gt_50,provided_100k_39k_lt_0_9_abx_lt_0_7_known_matches_only,unique_consistent_isomeric_molecules,0,10,8,8,0,,
assay_101097,e_coli,growth_inhibition_gt_50,native,none,source_rows,0,10,78,54,24,0.8341049382716049,0.7201773223599848
assay_101097,e_coli,growth_inhibition_gt_50,native,none,unique_consistent_isomeric_molecules,0,10,78,54,24,0.8341049382716049,0.7201773223599848
assay_101097,e_coli,growth_inhibition_gt_50,native,computed_100k_lt_0_9,source_rows,0,10,50,34,16,0.8805147058823529,0.8097697788322789
assay_101097,e_coli,growth_inhibition_gt_50,native,computed_100k_lt_0_9,unique_consistent_isomeric_molecules,0,10,50,34,16,0.8805147058823529,0.8097697788322789
assay_101097,e_coli,growth_inhibition_gt_50,native,computed_39k_lt_0_9,source_rows,0,10,52,34,18,0.892156862745098,0.8458693856978171
assay_101097,e_coli,growth_inhibition_gt_50,native,computed_39k_lt_0_9,unique_consistent_isomeric_molecules,0,10,52,34,18,0.892156862745098,0.8458693856978171
assay_101097,e_coli,growth_inhibition_gt_50,native,computed_both_lt_0_9,source_rows,0,10,50,34,16,0.8805147058823529,0.8097697788322789
assay_101097,e_coli,growth_inhibition_gt_50,native,computed_both_lt_0_9,unique_consistent_isomeric_molecules,0,10,50,34,16,0.8805147058823529,0.8097697788322789
assay_101097,e_coli,growth_inhibition_gt_50,native,computed_100k_lt_1,source_rows,0,10,53,37,16,0.8834459459459459,0.8078021418632545
assay_101097,e_coli,growth_inhibition_gt_50,native,computed_100k_lt_1,unique_consistent_isomeric_molecules,0,10,53,37,16,0.8834459459459459,0.8078021418632545
assay_101097,e_coli,growth_inhibition_gt_50,native,provided_100k_lt_0_9_known_matches_only,source_rows,0,10,8,8,0,,
assay_101097,e_coli,growth_inhibition_gt_50,native,provided_100k_lt_0_9_known_matches_only,unique_consistent_isomeric_molecules,0,10,8,8,0,,
assay_101097,e_coli,growth_inhibition_gt_50,native,provided_39k_lt_0_9_known_matches_only,source_rows,0,10,8,8,0,,
assay_101097,e_coli,growth_inhibition_gt_50,native,provided_39k_lt_0_9_known_matches_only,unique_consistent_isomeric_molecules,0,10,8,8,0,,
assay_101097,e_coli,growth_inhibition_gt_50,native,provided_100k_39k_lt_0_9_abx_lt_0_7_known_matches_only,source_rows,0,10,8,8,0,,
assay_101097,e_coli,growth_inhibition_gt_50,native,provided_100k_39k_lt_0_9_abx_lt_0_7_known_matches_only,unique_consistent_isomeric_molecules,0,10,8,8,0,,
assay_101097,e_coli,growth_inhibition_gt_50,growth_inhibition_gt_20,none,source_rows,0,10,78,54,24,0.8341049382716049,0.7201773223599848
assay_101097,e_coli,growth_inhibition_gt_50,growth_inhibition_gt_20,none,unique_consistent_isomeric_molecules,0,10,78,54,24,0.8341049382716049,0.7201773223599848
assay_101097,e_coli,growth_inhibition_gt_50,growth_inhibition_gt_20,computed_100k_lt_0_9,source_rows,0,10,50,34,16,0.8805147058823529,0.8097697788322789
assay_101097,e_coli,growth_inhibition_gt_50,growth_inhibition_gt_20,computed_100k_lt_0_9,unique_consistent_isomeric_molecules,0,10,50,34,16,0.8805147058823529,0.8097697788322789
assay_101097,e_coli,growth_inhibition_gt_50,growth_inhibition_gt_20,computed_39k_lt_0_9,source_rows,0,10,52,34,18,0.892156862745098,0.8458693856978171
assay_101097,e_coli,growth_inhibition_gt_50,growth_inhibition_gt_20,computed_39k_lt_0_9,unique_consistent_isomeric_molecules,0,10,52,34,18,0.892156862745098,0.8458693856978171
assay_101097,e_coli,growth_inhibition_gt_50,growth_inhibition_gt_20,computed_both_lt_0_9,source_rows,0,10,50,34,16,0.8805147058823529,0.8097697788322789
assay_101097,e_coli,growth_inhibition_gt_50,growth_inhibition_gt_20,computed_both_lt_0_9,unique_consistent_isomeric_molecules,0,10,50,34,16,0.8805147058823529,0.8097697788322789
assay_101097,e_coli,growth_inhibition_gt_50,growth_inhibition_gt_20,computed_100k_lt_1,source_rows,0,10,53,37,16,0.8834459459459459,0.8078021418632545
assay_101097,e_coli,growth_inhibition_gt_50,growth_inhibition_gt_20,computed_100k_lt_1,unique_consistent_isomeric_molecules,0,10,53,37,16,0.8834459459459459,0.8078021418632545
assay_101097,e_coli,growth_inhibition_gt_50,growth_inhibition_gt_20,provided_100k_lt_0_9_known_matches_only,source_rows,0,10,8,8,0,,
assay_101097,e_coli,growth_inhibition_gt_50,growth_inhibition_gt_20,provided_100k_lt_0_9_known_matches_only,unique_consistent_isomeric_molecules,0,10,8,8,0,,
assay_101097,e_coli,growth_inhibition_gt_50,growth_inhibition_gt_20,provided_39k_lt_0_9_known_matches_only,source_rows,0,10,8,8,0,,
assay_101097,e_coli,growth_inhibition_gt_50,growth_inhibition_gt_20,provided_39k_lt_0_9_known_matches_only,unique_consistent_isomeric_molecules,0,10,8,8,0,,
assay_101097,e_coli,growth_inhibition_gt_50,growth_inhibition_gt_20,provided_100k_39k_lt_0_9_abx_lt_0_7_known_matches_only,source_rows,0,10,8,8,0,,
assay_101097,e_coli,growth_inhibition_gt_50,growth_inhibition_gt_20,provided_100k_39k_lt_0_9_abx_lt_0_7_known_matches_only,unique_consistent_isomeric_molecules,0,10,8,8,0,,
assay_101097,e_coli,growth_inhibition_gt_50,growth_inhibition_gt_50,none,source_rows,0,10,78,59,19,0.911685994647636,0.7378822055137844
assay_101097,e_coli,growth_inhibition_gt_50,growth_inhibition_gt_50,none,unique_consistent_isomeric_molecules,0,10,78,59,19,0.911685994647636,0.7378822055137844
assay_101097,e_coli,growth_inhibition_gt_50,growth_inhibition_gt_50,computed_100k_lt_0_9,source_rows,0,10,50,36,14,0.9325396825396826,0.8195948892377464
assay_101097,e_coli,growth_inhibition_gt_50,growth_inhibition_gt_50,computed_100k_lt_0_9,unique_consistent_isomeric_molecules,0,10,50,36,14,0.9325396825396826,0.8195948892377464
assay_101097,e_coli,growth_inhibition_gt_50,growth_inhibition_gt_50,computed_39k_lt_0_9,source_rows,0,10,52,36,16,0.939236111111111,0.8583976276990983
assay_101097,e_coli,growth_inhibition_gt_50,growth_inhibition_gt_50,computed_39k_lt_0_9,unique_consistent_isomeric_molecules,0,10,52,36,16,0.939236111111111,0.8583976276990983
assay_101097,e_coli,growth_inhibition_gt_50,growth_inhibition_gt_50,computed_both_lt_0_9,source_rows,0,10,50,36,14,0.9325396825396826,0.8195948892377464
assay_101097,e_coli,growth_inhibition_gt_50,growth_inhibition_gt_50,computed_both_lt_0_9,unique_consistent_isomeric_molecules,0,10,50,36,14,0.9325396825396826,0.8195948892377464
assay_101097,e_coli,growth_inhibition_gt_50,growth_inhibition_gt_50,computed_100k_lt_1,source_rows,0,10,53,39,14,0.935897435897436,0.8187036236405985
assay_101097,e_coli,growth_inhibition_gt_50,growth_inhibition_gt_50,computed_100k_lt_1,unique_consistent_isomeric_molecules,0,10,53,39,14,0.935897435897436,0.8187036236405985
assay_101097,e_coli,growth_inhibition_gt_50,growth_inhibition_gt_50,provided_100k_lt_0_9_known_matches_only,source_rows,0,10,8,8,0,,
assay_101097,e_coli,growth_inhibition_gt_50,growth_inhibition_gt_50,provided_100k_lt_0_9_known_matches_only,unique_consistent_isomeric_molecules,0,10,8,8,0,,
assay_101097,e_coli,growth_inhibition_gt_50,growth_inhibition_gt_50,provided_39k_lt_0_9_known_matches_only,source_rows,0,10,8,8,0,,
assay_101097,e_coli,growth_inhibition_gt_50,growth_inhibition_gt_50,provided_39k_lt_0_9_known_matches_only,unique_consistent_isomeric_molecules,0,10,8,8,0,,
assay_101097,e_coli,growth_inhibition_gt_50,growth_inhibition_gt_50,provided_100k_39k_lt_0_9_abx_lt_0_7_known_matches_only,source_rows,0,10,8,8,0,,
assay_101097,e_coli,growth_inhibition_gt_50,growth_inhibition_gt_50,provided_100k_39k_lt_0_9_abx_lt_0_7_known_matches_only,unique_consistent_isomeric_molecules,0,10,8,8,0,,
assay_101097,e_coli,growth_inhibition_gt_80,native,none,source_rows,0,10,62,41,21,0.8315911730545877,0.7755073163904698
assay_101097,e_coli,growth_inhibition_gt_80,native,none,unique_consistent_isomeric_molecules,0,10,62,41,21,0.8315911730545877,0.7755073163904698
assay_101097,e_coli,growth_inhibition_gt_80,native,computed_100k_lt_0_9,source_rows,0,10,40,26,14,0.8543956043956045,0.7941530076382293
assay_101097,e_coli,growth_inhibition_gt_80,native,computed_100k_lt_0_9,unique_consistent_isomeric_molecules,0,10,40,26,14,0.8543956043956045,0.7941530076382293
assay_101097,e_coli,growth_inhibition_gt_80,native,computed_39k_lt_0_9,source_rows,0,10,42,26,16,0.8701923076923077,0.836245480549916
assay_101097,e_coli,growth_inhibition_gt_80,native,computed_39k_lt_0_9,unique_consistent_isomeric_molecules,0,10,42,26,16,0.8701923076923077,0.836245480549916
assay_101097,e_coli,growth_inhibition_gt_80,native,computed_both_lt_0_9,source_rows,0,10,40,26,14,0.8543956043956045,0.7941530076382293
assay_101097,e_coli,growth_inhibition_gt_80,native,computed_both_lt_0_9,unique_consistent_isomeric_molecules,0,10,40,26,14,0.8543956043956045,0.7941530076382293
assay_101097,e_coli,growth_inhibition_gt_80,native,computed_100k_lt_1,source_rows,0,10,42,28,14,0.8596938775510203,0.7929625314477531
assay_101097,e_coli,growth_inhibition_gt_80,native,computed_100k_lt_1,unique_consistent_isomeric_molecules,0,10,42,28,14,0.8596938775510203,0.7929625314477531
assay_101097,e_coli,growth_inhibition_gt_80,native,provided_100k_lt_0_9_known_matches_only,source_rows,0,10,8,8,0,,
assay_101097,e_coli,growth_inhibition_gt_80,native,provided_100k_lt_0_9_known_matches_only,unique_consistent_isomeric_molecules,0,10,8,8,0,,
assay_101097,e_coli,growth_inhibition_gt_80,native,provided_39k_lt_0_9_known_matches_only,source_rows,0,10,8,8,0,,
assay_101097,e_coli,growth_inhibition_gt_80,native,provided_39k_lt_0_9_known_matches_only,unique_consistent_isomeric_molecules,0,10,8,8,0,,
assay_101097,e_coli,growth_inhibition_gt_80,native,provided_100k_39k_lt_0_9_abx_lt_0_7_known_matches_only,source_rows,0,10,8,8,0,,
assay_101097,e_coli,growth_inhibition_gt_80,native,provided_100k_39k_lt_0_9_abx_lt_0_7_known_matches_only,unique_consistent_isomeric_molecules,0,10,8,8,0,,
assay_101097,e_coli,growth_inhibition_gt_80,growth_inhibition_gt_20,none,source_rows,0,10,62,41,21,0.8315911730545877,0.7755073163904698
assay_101097,e_coli,growth_inhibition_gt_80,growth_inhibition_gt_20,none,unique_consistent_isomeric_molecules,0,10,62,41,21,0.8315911730545877,0.7755073163904698
assay_101097,e_coli,growth_inhibition_gt_80,growth_inhibition_gt_20,computed_100k_lt_0_9,source_rows,0,10,40,26,14,0.8543956043956045,0.7941530076382293
assay_101097,e_coli,growth_inhibition_gt_80,growth_inhibition_gt_20,computed_100k_lt_0_9,unique_consistent_isomeric_molecules,0,10,40,26,14,0.8543956043956045,0.7941530076382293
assay_101097,e_coli,growth_inhibition_gt_80,growth_inhibition_gt_20,computed_39k_lt_0_9,source_rows,0,10,42,26,16,0.8701923076923077,0.836245480549916
assay_101097,e_coli,growth_inhibition_gt_80,growth_inhibition_gt_20,computed_39k_lt_0_9,unique_consistent_isomeric_molecules,0,10,42,26,16,0.8701923076923077,0.836245480549916
assay_101097,e_coli,growth_inhibition_gt_80,growth_inhibition_gt_20,computed_both_lt_0_9,source_rows,0,10,40,26,14,0.8543956043956045,0.7941530076382293
assay_101097,e_coli,growth_inhibition_gt_80,growth_inhibition_gt_20,computed_both_lt_0_9,unique_consistent_isomeric_molecules,0,10,40,26,14,0.8543956043956045,0.7941530076382293
assay_101097,e_coli,growth_inhibition_gt_80,growth_inhibition_gt_20,computed_100k_lt_1,source_rows,0,10,42,28,14,0.8596938775510203,0.7929625314477531
assay_101097,e_coli,growth_inhibition_gt_80,growth_inhibition_gt_20,computed_100k_lt_1,unique_consistent_isomeric_molecules,0,10,42,28,14,0.8596938775510203,0.7929625314477531
assay_101097,e_coli,growth_inhibition_gt_80,growth_inhibition_gt_20,provided_100k_lt_0_9_known_matches_only,source_rows,0,10,8,8,0,,
assay_101097,e_coli,growth_inhibition_gt_80,growth_inhibition_gt_20,provided_100k_lt_0_9_known_matches_only,unique_consistent_isomeric_molecules,0,10,8,8,0,,
assay_101097,e_coli,growth_inhibition_gt_80,growth_inhibition_gt_20,provided_39k_lt_0_9_known_matches_only,source_rows,0,10,8,8,0,,
assay_101097,e_coli,growth_inhibition_gt_80,growth_inhibition_gt_20,provided_39k_lt_0_9_known_matches_only,unique_consistent_isomeric_molecules,0,10,8,8,0,,
assay_101097,e_coli,growth_inhibition_gt_80,growth_inhibition_gt_20,provided_100k_39k_lt_0_9_abx_lt_0_7_known_matches_only,source_rows,0,10,8,8,0,,
assay_101097,e_coli,growth_inhibition_gt_80,growth_inhibition_gt_20,provided_100k_39k_lt_0_9_abx_lt_0_7_known_matches_only,unique_consistent_isomeric_molecules,0,10,8,8,0,,
assay_101097,e_coli,growth_inhibition_gt_80,growth_inhibition_gt_50,none,source_rows,0,10,62,44,18,0.9318181818181818,0.8323511050162236
assay_101097,e_coli,growth_inhibition_gt_80,growth_inhibition_gt_50,none,unique_consistent_isomeric_molecules,0,10,62,44,18,0.9318181818181818,0.8323511050162236
assay_101097,e_coli,growth_inhibition_gt_80,growth_inhibition_gt_50,computed_100k_lt_0_9,source_rows,0,10,40,27,13,0.9230769230769231,0.8283186236104008
assay_101097,e_coli,growth_inhibition_gt_80,growth_inhibition_gt_50,computed_100k_lt_0_9,unique_consistent_isomeric_molecules,0,10,40,27,13,0.9230769230769231,0.8283186236104008
assay_101097,e_coli,growth_inhibition_gt_80,growth_inhibition_gt_50,computed_39k_lt_0_9,source_rows,0,10,42,27,15,0.9308641975308644,0.8665983538564184
assay_101097,e_coli,growth_inhibition_gt_80,growth_inhibition_gt_50,computed_39k_lt_0_9,unique_consistent_isomeric_molecules,0,10,42,27,15,0.9308641975308644,0.8665983538564184
assay_101097,e_coli,growth_inhibition_gt_80,growth_inhibition_gt_50,computed_both_lt_0_9,source_rows,0,10,40,27,13,0.9230769230769231,0.8283186236104008
assay_101097,e_coli,growth_inhibition_gt_80,growth_inhibition_gt_50,computed_both_lt_0_9,unique_consistent_isomeric_molecules,0,10,40,27,13,0.9230769230769231,0.8283186236104008
assay_101097,e_coli,growth_inhibition_gt_80,growth_inhibition_gt_50,computed_100k_lt_1,source_rows,0,10,42,29,13,0.9283819628647215,0.8283186236104008
assay_101097,e_coli,growth_inhibition_gt_80,growth_inhibition_gt_50,computed_100k_lt_1,unique_consistent_isomeric_molecules,0,10,42,29,13,0.9283819628647215,0.8283186236104008
assay_101097,e_coli,growth_inhibition_gt_80,growth_inhibition_gt_50,provided_100k_lt_0_9_known_matches_only,source_rows,0,10,8,8,0,,
assay_101097,e_coli,growth_inhibition_gt_80,growth_inhibition_gt_50,provided_100k_lt_0_9_known_matches_only,unique_consistent_isomeric_molecules,0,10,8,8,0,,
assay_101097,e_coli,growth_inhibition_gt_80,growth_inhibition_gt_50,provided_39k_lt_0_9_known_matches_only,source_rows,0,10,8,8,0,,
assay_101097,e_coli,growth_inhibition_gt_80,growth_inhibition_gt_50,provided_39k_lt_0_9_known_matches_only,unique_consistent_isomeric_molecules,0,10,8,8,0,,
assay_101097,e_coli,growth_inhibition_gt_80,growth_inhibition_gt_50,provided_100k_39k_lt_0_9_abx_lt_0_7_known_matches_only,source_rows,0,10,8,8,0,,
assay_101097,e_coli,growth_inhibition_gt_80,growth_inhibition_gt_50,provided_100k_39k_lt_0_9_abx_lt_0_7_known_matches_only,unique_consistent_isomeric_molecules,0,10,8,8,0,,
assay_101097,k_pneumoniae,native,native,none,source_rows,0,19,110,85,25,0.8870588235294117,0.8072695008964137
assay_101097,k_pneumoniae,native,native,none,unique_consistent_isomeric_molecules,0,19,110,85,25,0.8870588235294117,0.8072695008964137
assay_101097,k_pneumoniae,native,native,computed_100k_lt_0_9,source_rows,0,19,87,66,21,0.9235209235209234,0.8459579347388817
assay_101097,k_pneumoniae,native,native,computed_100k_lt_0_9,unique_consistent_isomeric_molecules,0,19,87,66,21,0.9235209235209234,0.8459579347388817
assay_101097,k_pneumoniae,native,native,computed_39k_lt_0_9,source_rows,0,19,88,67,21,0.923951670220327,0.8458242806357006
assay_101097,k_pneumoniae,native,native,computed_39k_lt_0_9,unique_consistent_isomeric_molecules,0,19,88,67,21,0.923951670220327,0.8458242806357006
assay_101097,k_pneumoniae,native,native,computed_both_lt_0_9,source_rows,0,19,87,66,21,0.9235209235209234,0.8459579347388817
assay_101097,k_pneumoniae,native,native,computed_both_lt_0_9,unique_consistent_isomeric_molecules,0,19,87,66,21,0.9235209235209234,0.8459579347388817
assay_101097,k_pneumoniae,native,native,computed_100k_lt_1,source_rows,0,19,91,69,22,0.9281949934123847,0.8609902817262793
assay_101097,k_pneumoniae,native,native,computed_100k_lt_1,unique_consistent_isomeric_molecules,0,19,91,69,22,0.9281949934123847,0.8609902817262793
assay_101097,k_pneumoniae,native,native,provided_100k_lt_0_9_known_matches_only,source_rows,0,19,15,15,0,,
assay_101097,k_pneumoniae,native,native,provided_100k_lt_0_9_known_matches_only,unique_consistent_isomeric_molecules,0,19,15,15,0,,
assay_101097,k_pneumoniae,native,native,provided_39k_lt_0_9_known_matches_only,source_rows,0,19,16,16,0,,
assay_101097,k_pneumoniae,native,native,provided_39k_lt_0_9_known_matches_only,unique_consistent_isomeric_molecules,0,19,16,16,0,,
assay_101097,k_pneumoniae,native,native,provided_100k_39k_lt_0_9_abx_lt_0_7_known_matches_only,source_rows,0,19,15,15,0,,
assay_101097,k_pneumoniae,native,native,provided_100k_39k_lt_0_9_abx_lt_0_7_known_matches_only,unique_consistent_isomeric_molecules,0,19,15,15,0,,
assay_101097,k_pneumoniae,native,growth_inhibition_gt_20,none,source_rows,0,19,110,85,25,0.8870588235294117,0.8072695008964137
assay_101097,k_pneumoniae,native,growth_inhibition_gt_20,none,unique_consistent_isomeric_molecules,0,19,110,85,25,0.8870588235294117,0.8072695008964137
assay_101097,k_pneumoniae,native,growth_inhibition_gt_20,computed_100k_lt_0_9,source_rows,0,19,87,66,21,0.9235209235209234,0.8459579347388817
assay_101097,k_pneumoniae,native,growth_inhibition_gt_20,computed_100k_lt_0_9,unique_consistent_isomeric_molecules,0,19,87,66,21,0.9235209235209234,0.8459579347388817
assay_101097,k_pneumoniae,native,growth_inhibition_gt_20,computed_39k_lt_0_9,source_rows,0,19,88,67,21,0.923951670220327,0.8458242806357006
assay_101097,k_pneumoniae,native,growth_inhibition_gt_20,computed_39k_lt_0_9,unique_consistent_isomeric_molecules,0,19,88,67,21,0.923951670220327,0.8458242806357006
assay_101097,k_pneumoniae,native,growth_inhibition_gt_20,computed_both_lt_0_9,source_rows,0,19,87,66,21,0.9235209235209234,0.8459579347388817
assay_101097,k_pneumoniae,native,growth_inhibition_gt_20,computed_both_lt_0_9,unique_consistent_isomeric_molecules,0,19,87,66,21,0.9235209235209234,0.8459579347388817
assay_101097,k_pneumoniae,native,growth_inhibition_gt_20,computed_100k_lt_1,source_rows,0,19,91,69,22,0.9281949934123847,0.8609902817262793
assay_101097,k_pneumoniae,native,growth_inhibition_gt_20,computed_100k_lt_1,unique_consistent_isomeric_molecules,0,19,91,69,22,0.9281949934123847,0.8609902817262793
assay_101097,k_pneumoniae,native,growth_inhibition_gt_20,provided_100k_lt_0_9_known_matches_only,source_rows,0,19,15,15,0,,
assay_101097,k_pneumoniae,native,growth_inhibition_gt_20,provided_100k_lt_0_9_known_matches_only,unique_consistent_isomeric_molecules,0,19,15,15,0,,
assay_101097,k_pneumoniae,native,growth_inhibition_gt_20,provided_39k_lt_0_9_known_matches_only,source_rows,0,19,16,16,0,,
assay_101097,k_pneumoniae,native,growth_inhibition_gt_20,provided_39k_lt_0_9_known_matches_only,unique_consistent_isomeric_molecules,0,19,16,16,0,,
assay_101097,k_pneumoniae,native,growth_inhibition_gt_20,provided_100k_39k_lt_0_9_abx_lt_0_7_known_matches_only,source_rows,0,19,15,15,0,,
assay_101097,k_pneumoniae,native,growth_inhibition_gt_20,provided_100k_39k_lt_0_9_abx_lt_0_7_known_matches_only,unique_consistent_isomeric_molecules,0,19,15,15,0,,
assay_101097,k_pneumoniae,native,growth_inhibition_gt_50,none,source_rows,0,19,110,91,19,0.9728166570271833,0.8641252032253728
assay_101097,k_pneumoniae,native,growth_inhibition_gt_50,none,unique_consistent_isomeric_molecules,0,19,110,91,19,0.9728166570271833,0.8641252032253728
assay_101097,k_pneumoniae,native,growth_inhibition_gt_50,computed_100k_lt_0_9,source_rows,0,19,87,70,17,0.9747899159663865,0.8711459774972797
assay_101097,k_pneumoniae,native,growth_inhibition_gt_50,computed_100k_lt_0_9,unique_consistent_isomeric_molecules,0,19,87,70,17,0.9747899159663865,0.8711459774972797
assay_101097,k_pneumoniae,native,growth_inhibition_gt_50,computed_39k_lt_0_9,source_rows,0,19,88,71,17,0.9751449875724938,0.8711459774972795
assay_101097,k_pneumoniae,native,growth_inhibition_gt_50,computed_39k_lt_0_9,unique_consistent_isomeric_molecules,0,19,88,71,17,0.9751449875724938,0.8711459774972795
assay_101097,k_pneumoniae,native,growth_inhibition_gt_50,computed_both_lt_0_9,source_rows,0,19,87,70,17,0.9747899159663865,0.8711459774972797
assay_101097,k_pneumoniae,native,growth_inhibition_gt_50,computed_both_lt_0_9,unique_consistent_isomeric_molecules,0,19,87,70,17,0.9747899159663865,0.8711459774972797
assay_101097,k_pneumoniae,native,growth_inhibition_gt_50,computed_100k_lt_1,source_rows,0,19,91,73,18,0.9771689497716896,0.8876971793638461
assay_101097,k_pneumoniae,native,growth_inhibition_gt_50,computed_100k_lt_1,unique_consistent_isomeric_molecules,0,19,91,73,18,0.9771689497716896,0.8876971793638461
assay_101097,k_pneumoniae,native,growth_inhibition_gt_50,provided_100k_lt_0_9_known_matches_only,source_rows,0,19,15,15,0,,
assay_101097,k_pneumoniae,native,growth_inhibition_gt_50,provided_100k_lt_0_9_known_matches_only,unique_consistent_isomeric_molecules,0,19,15,15,0,,
assay_101097,k_pneumoniae,native,growth_inhibition_gt_50,provided_39k_lt_0_9_known_matches_only,source_rows,0,19,16,16,0,,
assay_101097,k_pneumoniae,native,growth_inhibition_gt_50,provided_39k_lt_0_9_known_matches_only,unique_consistent_isomeric_molecules,0,19,16,16,0,,
assay_101097,k_pneumoniae,native,growth_inhibition_gt_50,provided_100k_39k_lt_0_9_abx_lt_0_7_known_matches_only,source_rows,0,19,15,15,0,,
assay_101097,k_pneumoniae,native,growth_inhibition_gt_50,provided_100k_39k_lt_0_9_abx_lt_0_7_known_matches_only,unique_consistent_isomeric_molecules,0,19,15,15,0,,
assay_101097,k_pneumoniae,growth_inhibition_gt_50,native,none,source_rows,0,24,138,106,32,0.8956367924528301,0.8050729213850351
assay_101097,k_pneumoniae,growth_inhibition_gt_50,native,none,unique_consistent_isomeric_molecules,0,24,138,106,32,0.8956367924528301,0.8050729213850351
assay_101097,k_pneumoniae,growth_inhibition_gt_50,native,computed_100k_lt_0_9,source_rows,0,24,108,83,25,0.9315662650602409,0.8494714229136562
assay_101097,k_pneumoniae,growth_inhibition_gt_50,native,computed_100k_lt_0_9,unique_consistent_isomeric_molecules,0,24,108,83,25,0.9315662650602409,0.8494714229136562
assay_101097,k_pneumoniae,growth_inhibition_gt_50,native,computed_39k_lt_0_9,source_rows,0,24,109,84,25,0.9319047619047619,0.849384887780392
assay_101097,k_pneumoniae,growth_inhibition_gt_50,native,computed_39k_lt_0_9,unique_consistent_isomeric_molecules,0,24,109,84,25,0.9319047619047619,0.849384887780392
assay_101097,k_pneumoniae,growth_inhibition_gt_50,native,computed_both_lt_0_9,source_rows,0,24,108,83,25,0.9315662650602409,0.8494714229136562
assay_101097,k_pneumoniae,growth_inhibition_gt_50,native,computed_both_lt_0_9,unique_consistent_isomeric_molecules,0,24,108,83,25,0.9315662650602409,0.8494714229136562
assay_101097,k_pneumoniae,growth_inhibition_gt_50,native,computed_100k_lt_1,source_rows,0,24,112,86,26,0.9351520572450804,0.8626937935826963
assay_101097,k_pneumoniae,growth_inhibition_gt_50,native,computed_100k_lt_1,unique_consistent_isomeric_molecules,0,24,112,86,26,0.9351520572450804,0.8626937935826963
assay_101097,k_pneumoniae,growth_inhibition_gt_50,native,provided_100k_lt_0_9_known_matches_only,source_rows,0,24,20,20,0,,
assay_101097,k_pneumoniae,growth_inhibition_gt_50,native,provided_100k_lt_0_9_known_matches_only,unique_consistent_isomeric_molecules,0,24,20,20,0,,
assay_101097,k_pneumoniae,growth_inhibition_gt_50,native,provided_39k_lt_0_9_known_matches_only,source_rows,0,24,21,21,0,,
assay_101097,k_pneumoniae,growth_inhibition_gt_50,native,provided_39k_lt_0_9_known_matches_only,unique_consistent_isomeric_molecules,0,24,21,21,0,,
assay_101097,k_pneumoniae,growth_inhibition_gt_50,native,provided_100k_39k_lt_0_9_abx_lt_0_7_known_matches_only,source_rows,0,24,20,20,0,,
assay_101097,k_pneumoniae,growth_inhibition_gt_50,native,provided_100k_39k_lt_0_9_abx_lt_0_7_known_matches_only,unique_consistent_isomeric_molecules,0,24,20,20,0,,
assay_101097,k_pneumoniae,growth_inhibition_gt_50,growth_inhibition_gt_20,none,source_rows,0,24,138,106,32,0.8956367924528301,0.8050729213850351
assay_101097,k_pneumoniae,growth_inhibition_gt_50,growth_inhibition_gt_20,none,unique_consistent_isomeric_molecules,0,24,138,106,32,0.8956367924528301,0.8050729213850351
assay_101097,k_pneumoniae,growth_inhibition_gt_50,growth_inhibition_gt_20,computed_100k_lt_0_9,source_rows,0,24,108,83,25,0.9315662650602409,0.8494714229136562
assay_101097,k_pneumoniae,growth_inhibition_gt_50,growth_inhibition_gt_20,computed_100k_lt_0_9,unique_consistent_isomeric_molecules,0,24,108,83,25,0.9315662650602409,0.8494714229136562
assay_101097,k_pneumoniae,growth_inhibition_gt_50,growth_inhibition_gt_20,computed_39k_lt_0_9,source_rows,0,24,109,84,25,0.9319047619047619,0.849384887780392
assay_101097,k_pneumoniae,growth_inhibition_gt_50,growth_inhibition_gt_20,computed_39k_lt_0_9,unique_consistent_isomeric_molecules,0,24,109,84,25,0.9319047619047619,0.849384887780392
assay_101097,k_pneumoniae,growth_inhibition_gt_50,growth_inhibition_gt_20,computed_both_lt_0_9,source_rows,0,24,108,83,25,0.9315662650602409,0.8494714229136562
assay_101097,k_pneumoniae,growth_inhibition_gt_50,growth_inhibition_gt_20,computed_both_lt_0_9,unique_consistent_isomeric_molecules,0,24,108,83,25,0.9315662650602409,0.8494714229136562
assay_101097,k_pneumoniae,growth_inhibition_gt_50,growth_inhibition_gt_20,computed_100k_lt_1,source_rows,0,24,112,86,26,0.9351520572450804,0.8626937935826963
assay_101097,k_pneumoniae,growth_inhibition_gt_50,growth_inhibition_gt_20,computed_100k_lt_1,unique_consistent_isomeric_molecules,0,24,112,86,26,0.9351520572450804,0.8626937935826963
assay_101097,k_pneumoniae,growth_inhibition_gt_50,growth_inhibition_gt_20,provided_100k_lt_0_9_known_matches_only,source_rows,0,24,20,20,0,,
assay_101097,k_pneumoniae,growth_inhibition_gt_50,growth_inhibition_gt_20,provided_100k_lt_0_9_known_matches_only,unique_consistent_isomeric_molecules,0,24,20,20,0,,
assay_101097,k_pneumoniae,growth_inhibition_gt_50,growth_inhibition_gt_20,provided_39k_lt_0_9_known_matches_only,source_rows,0,24,21,21,0,,
assay_101097,k_pneumoniae,growth_inhibition_gt_50,growth_inhibition_gt_20,provided_39k_lt_0_9_known_matches_only,unique_consistent_isomeric_molecules,0,24,21,21,0,,
assay_101097,k_pneumoniae,growth_inhibition_gt_50,growth_inhibition_gt_20,provided_100k_39k_lt_0_9_abx_lt_0_7_known_matches_only,source_rows,0,24,20,20,0,,
assay_101097,k_pneumoniae,growth_inhibition_gt_50,growth_inhibition_gt_20,provided_100k_39k_lt_0_9_abx_lt_0_7_known_matches_only,unique_consistent_isomeric_molecules,0,24,20,20,0,,
assay_101097,k_pneumoniae,growth_inhibition_gt_50,growth_inhibition_gt_50,none,source_rows,0,24,138,116,22,0.9674764890282133,0.8450455077648049
assay_101097,k_pneumoniae,growth_inhibition_gt_50,growth_inhibition_gt_50,none,unique_consistent_isomeric_molecules,0,24,138,116,22,0.9674764890282133,0.8450455077648049
assay_101097,k_pneumoniae,growth_inhibition_gt_50,growth_inhibition_gt_50,computed_100k_lt_0_9,source_rows,0,24,108,89,19,0.9722057953873448,0.8489544081649343
assay_101097,k_pneumoniae,growth_inhibition_gt_50,growth_inhibition_gt_50,computed_100k_lt_0_9,unique_consistent_isomeric_molecules,0,24,108,89,19,0.9722057953873448,0.8489544081649343
assay_101097,k_pneumoniae,growth_inhibition_gt_50,growth_inhibition_gt_50,computed_39k_lt_0_9,source_rows,0,24,109,90,19,0.972514619883041,0.8489544081649343
assay_101097,k_pneumoniae,growth_inhibition_gt_50,growth_inhibition_gt_50,computed_39k_lt_0_9,unique_consistent_isomeric_molecules,0,24,109,90,19,0.972514619883041,0.8489544081649343
assay_101097,k_pneumoniae,growth_inhibition_gt_50,growth_inhibition_gt_50,computed_both_lt_0_9,source_rows,0,24,108,89,19,0.9722057953873448,0.8489544081649343
assay_101097,k_pneumoniae,growth_inhibition_gt_50,growth_inhibition_gt_50,computed_both_lt_0_9,unique_consistent_isomeric_molecules,0,24,108,89,19,0.9722057953873448,0.8489544081649343
assay_101097,k_pneumoniae,growth_inhibition_gt_50,growth_inhibition_gt_50,computed_100k_lt_1,source_rows,0,24,112,92,20,0.9744565217391304,0.8662482711372872
assay_101097,k_pneumoniae,growth_inhibition_gt_50,growth_inhibition_gt_50,computed_100k_lt_1,unique_consistent_isomeric_molecules,0,24,112,92,20,0.9744565217391304,0.8662482711372872
assay_101097,k_pneumoniae,growth_inhibition_gt_50,growth_inhibition_gt_50,provided_100k_lt_0_9_known_matches_only,source_rows,0,24,20,20,0,,
assay_101097,k_pneumoniae,growth_inhibition_gt_50,growth_inhibition_gt_50,provided_100k_lt_0_9_known_matches_only,unique_consistent_isomeric_molecules,0,24,20,20,0,,
assay_101097,k_pneumoniae,growth_inhibition_gt_50,growth_inhibition_gt_50,provided_39k_lt_0_9_known_matches_only,source_rows,0,24,21,21,0,,
assay_101097,k_pneumoniae,growth_inhibition_gt_50,growth_inhibition_gt_50,provided_39k_lt_0_9_known_matches_only,unique_consistent_isomeric_molecules,0,24,21,21,0,,
assay_101097,k_pneumoniae,growth_inhibition_gt_50,growth_inhibition_gt_50,provided_100k_39k_lt_0_9_abx_lt_0_7_known_matches_only,source_rows,0,24,20,20,0,,
assay_101097,k_pneumoniae,growth_inhibition_gt_50,growth_inhibition_gt_50,provided_100k_39k_lt_0_9_abx_lt_0_7_known_matches_only,unique_consistent_isomeric_molecules,0,24,20,20,0,,
assay_101097,k_pneumoniae,growth_inhibition_gt_80,native,none,source_rows,0,19,110,85,25,0.8870588235294117,0.8072695008964137
assay_101097,k_pneumoniae,growth_inhibition_gt_80,native,none,unique_consistent_isomeric_molecules,0,19,110,85,25,0.8870588235294117,0.8072695008964137
assay_101097,k_pneumoniae,growth_inhibition_gt_80,native,computed_100k_lt_0_9,source_rows,0,19,87,66,21,0.9235209235209234,0.8459579347388817
assay_101097,k_pneumoniae,growth_inhibition_gt_80,native,computed_100k_lt_0_9,unique_consistent_isomeric_molecules,0,19,87,66,21,0.9235209235209234,0.8459579347388817
assay_101097,k_pneumoniae,growth_inhibition_gt_80,native,computed_39k_lt_0_9,source_rows,0,19,88,67,21,0.923951670220327,0.8458242806357006
assay_101097,k_pneumoniae,growth_inhibition_gt_80,native,computed_39k_lt_0_9,unique_consistent_isomeric_molecules,0,19,88,67,21,0.923951670220327,0.8458242806357006
assay_101097,k_pneumoniae,growth_inhibition_gt_80,native,computed_both_lt_0_9,source_rows,0,19,87,66,21,0.9235209235209234,0.8459579347388817
assay_101097,k_pneumoniae,growth_inhibition_gt_80,native,computed_both_lt_0_9,unique_consistent_isomeric_molecules,0,19,87,66,21,0.9235209235209234,0.8459579347388817
assay_101097,k_pneumoniae,growth_inhibition_gt_80,native,computed_100k_lt_1,source_rows,0,19,91,69,22,0.9281949934123847,0.8609902817262793
assay_101097,k_pneumoniae,growth_inhibition_gt_80,native,computed_100k_lt_1,unique_consistent_isomeric_molecules,0,19,91,69,22,0.9281949934123847,0.8609902817262793
assay_101097,k_pneumoniae,growth_inhibition_gt_80,native,provided_100k_lt_0_9_known_matches_only,source_rows,0,19,15,15,0,,
assay_101097,k_pneumoniae,growth_inhibition_gt_80,native,provided_100k_lt_0_9_known_matches_only,unique_consistent_isomeric_molecules,0,19,15,15,0,,
assay_101097,k_pneumoniae,growth_inhibition_gt_80,native,provided_39k_lt_0_9_known_matches_only,source_rows,0,19,16,16,0,,
assay_101097,k_pneumoniae,growth_inhibition_gt_80,native,provided_39k_lt_0_9_known_matches_only,unique_consistent_isomeric_molecules,0,19,16,16,0,,
assay_101097,k_pneumoniae,growth_inhibition_gt_80,native,provided_100k_39k_lt_0_9_abx_lt_0_7_known_matches_only,source_rows,0,19,15,15,0,,
assay_101097,k_pneumoniae,growth_inhibition_gt_80,native,provided_100k_39k_lt_0_9_abx_lt_0_7_known_matches_only,unique_consistent_isomeric_molecules,0,19,15,15,0,,
assay_101097,k_pneumoniae,growth_inhibition_gt_80,growth_inhibition_gt_20,none,source_rows,0,19,110,85,25,0.8870588235294117,0.8072695008964137
assay_101097,k_pneumoniae,growth_inhibition_gt_80,growth_inhibition_gt_20,none,unique_consistent_isomeric_molecules,0,19,110,85,25,0.8870588235294117,0.8072695008964137
assay_101097,k_pneumoniae,growth_inhibition_gt_80,growth_inhibition_gt_20,computed_100k_lt_0_9,source_rows,0,19,87,66,21,0.9235209235209234,0.8459579347388817
assay_101097,k_pneumoniae,growth_inhibition_gt_80,growth_inhibition_gt_20,computed_100k_lt_0_9,unique_consistent_isomeric_molecules,0,19,87,66,21,0.9235209235209234,0.8459579347388817
assay_101097,k_pneumoniae,growth_inhibition_gt_80,growth_inhibition_gt_20,computed_39k_lt_0_9,source_rows,0,19,88,67,21,0.923951670220327,0.8458242806357006
assay_101097,k_pneumoniae,growth_inhibition_gt_80,growth_inhibition_gt_20,computed_39k_lt_0_9,unique_consistent_isomeric_molecules,0,19,88,67,21,0.923951670220327,0.8458242806357006
assay_101097,k_pneumoniae,growth_inhibition_gt_80,growth_inhibition_gt_20,computed_both_lt_0_9,source_rows,0,19,87,66,21,0.9235209235209234,0.8459579347388817
assay_101097,k_pneumoniae,growth_inhibition_gt_80,growth_inhibition_gt_20,computed_both_lt_0_9,unique_consistent_isomeric_molecules,0,19,87,66,21,0.9235209235209234,0.8459579347388817
assay_101097,k_pneumoniae,growth_inhibition_gt_80,growth_inhibition_gt_20,computed_100k_lt_1,source_rows,0,19,91,69,22,0.9281949934123847,0.8609902817262793
assay_101097,k_pneumoniae,growth_inhibition_gt_80,growth_inhibition_gt_20,computed_100k_lt_1,unique_consistent_isomeric_molecules,0,19,91,69,22,0.9281949934123847,0.8609902817262793
assay_101097,k_pneumoniae,growth_inhibition_gt_80,growth_inhibition_gt_20,provided_100k_lt_0_9_known_matches_only,source_rows,0,19,15,15,0,,
assay_101097,k_pneumoniae,growth_inhibition_gt_80,growth_inhibition_gt_20,provided_100k_lt_0_9_known_matches_only,unique_consistent_isomeric_molecules,0,19,15,15,0,,
assay_101097,k_pneumoniae,growth_inhibition_gt_80,growth_inhibition_gt_20,provided_39k_lt_0_9_known_matches_only,source_rows,0,19,16,16,0,,
assay_101097,k_pneumoniae,growth_inhibition_gt_80,growth_inhibition_gt_20,provided_39k_lt_0_9_known_matches_only,unique_consistent_isomeric_molecules,0,19,16,16,0,,
assay_101097,k_pneumoniae,growth_inhibition_gt_80,growth_inhibition_gt_20,provided_100k_39k_lt_0_9_abx_lt_0_7_known_matches_only,source_rows,0,19,15,15,0,,
assay_101097,k_pneumoniae,growth_inhibition_gt_80,growth_inhibition_gt_20,provided_100k_39k_lt_0_9_abx_lt_0_7_known_matches_only,unique_consistent_isomeric_molecules,0,19,15,15,0,,
assay_101097,k_pneumoniae,growth_inhibition_gt_80,growth_inhibition_gt_50,none,source_rows,0,19,110,91,19,0.9728166570271833,0.8641252032253728
assay_101097,k_pneumoniae,growth_inhibition_gt_80,growth_inhibition_gt_50,none,unique_consistent_isomeric_molecules,0,19,110,91,19,0.9728166570271833,0.8641252032253728
assay_101097,k_pneumoniae,growth_inhibition_gt_80,growth_inhibition_gt_50,computed_100k_lt_0_9,source_rows,0,19,87,70,17,0.9747899159663865,0.8711459774972797
assay_101097,k_pneumoniae,growth_inhibition_gt_80,growth_inhibition_gt_50,computed_100k_lt_0_9,unique_consistent_isomeric_molecules,0,19,87,70,17,0.9747899159663865,0.8711459774972797
assay_101097,k_pneumoniae,growth_inhibition_gt_80,growth_inhibition_gt_50,computed_39k_lt_0_9,source_rows,0,19,88,71,17,0.9751449875724938,0.8711459774972795
assay_101097,k_pneumoniae,growth_inhibition_gt_80,growth_inhibition_gt_50,computed_39k_lt_0_9,unique_consistent_isomeric_molecules,0,19,88,71,17,0.9751449875724938,0.8711459774972795
assay_101097,k_pneumoniae,growth_inhibition_gt_80,growth_inhibition_gt_50,computed_both_lt_0_9,source_rows,0,19,87,70,17,0.9747899159663865,0.8711459774972797
assay_101097,k_pneumoniae,growth_inhibition_gt_80,growth_inhibition_gt_50,computed_both_lt_0_9,unique_consistent_isomeric_molecules,0,19,87,70,17,0.9747899159663865,0.8711459774972797
assay_101097,k_pneumoniae,growth_inhibition_gt_80,growth_inhibition_gt_50,computed_100k_lt_1,source_rows,0,19,91,73,18,0.9771689497716896,0.8876971793638461
assay_101097,k_pneumoniae,growth_inhibition_gt_80,growth_inhibition_gt_50,computed_100k_lt_1,unique_consistent_isomeric_molecules,0,19,91,73,18,0.9771689497716896,0.8876971793638461
assay_101097,k_pneumoniae,growth_inhibition_gt_80,growth_inhibition_gt_50,provided_100k_lt_0_9_known_matches_only,source_rows,0,19,15,15,0,,
assay_101097,k_pneumoniae,growth_inhibition_gt_80,growth_inhibition_gt_50,provided_100k_lt_0_9_known_matches_only,unique_consistent_isomeric_molecules,0,19,15,15,0,,
assay_101097,k_pneumoniae,growth_inhibition_gt_80,growth_inhibition_gt_50,provided_39k_lt_0_9_known_matches_only,source_rows,0,19,16,16,0,,
assay_101097,k_pneumoniae,growth_inhibition_gt_80,growth_inhibition_gt_50,provided_39k_lt_0_9_known_matches_only,unique_consistent_isomeric_molecules,0,19,16,16,0,,
assay_101097,k_pneumoniae,growth_inhibition_gt_80,growth_inhibition_gt_50,provided_100k_39k_lt_0_9_abx_lt_0_7_known_matches_only,source_rows,0,19,15,15,0,,
assay_101097,k_pneumoniae,growth_inhibition_gt_80,growth_inhibition_gt_50,provided_100k_39k_lt_0_9_abx_lt_0_7_known_matches_only,unique_consistent_isomeric_molecules,0,19,15,15,0,,
merged_106373,e_coli,native,native,none,source_rows,0,22,111,64,47,0.828125,0.752352533270218
merged_106373,e_coli,native,native,none,unique_consistent_isomeric_molecules,0,22,111,64,47,0.828125,0.752352533270218
merged_106373,e_coli,native,native,computed_100k_lt_0_9,source_rows,0,22,80,42,38,0.825187969924812,0.791703836893568
merged_106373,e_coli,native,native,computed_100k_lt_0_9,unique_consistent_isomeric_molecules,0,22,80,42,38,0.825187969924812,0.791703836893568
merged_106373,e_coli,native,native,computed_39k_lt_0_9,source_rows,0,22,82,42,40,0.8327380952380953,0.8110748419759753
merged_106373,e_coli,native,native,computed_39k_lt_0_9,unique_consistent_isomeric_molecules,0,22,82,42,40,0.8327380952380953,0.8110748419759753
merged_106373,e_coli,native,native,computed_both_lt_0_9,source_rows,0,22,80,42,38,0.825187969924812,0.791703836893568
merged_106373,e_coli,native,native,computed_both_lt_0_9,unique_consistent_isomeric_molecules,0,22,80,42,38,0.825187969924812,0.791703836893568
merged_106373,e_coli,native,native,computed_100k_lt_1,source_rows,0,22,84,45,39,0.8358974358974358,0.798627244544192
merged_106373,e_coli,native,native,computed_100k_lt_1,unique_consistent_isomeric_molecules,0,22,84,45,39,0.8358974358974358,0.798627244544192
merged_106373,e_coli,native,native,provided_100k_lt_0_9_known_matches_only,source_rows,0,22,20,9,11,0.5656565656565656,0.6942018765548178
merged_106373,e_coli,native,native,provided_100k_lt_0_9_known_matches_only,unique_consistent_isomeric_molecules,0,22,20,9,11,0.5656565656565656,0.6942018765548178
merged_106373,e_coli,native,native,provided_39k_lt_0_9_known_matches_only,source_rows,0,22,20,9,11,0.5656565656565656,0.6942018765548178
merged_106373,e_coli,native,native,provided_39k_lt_0_9_known_matches_only,unique_consistent_isomeric_molecules,0,22,20,9,11,0.5656565656565656,0.6942018765548178
merged_106373,e_coli,native,native,provided_100k_39k_lt_0_9_abx_lt_0_7_known_matches_only,source_rows,0,22,20,9,11,0.5656565656565656,0.6942018765548178
merged_106373,e_coli,native,native,provided_100k_39k_lt_0_9_abx_lt_0_7_known_matches_only,unique_consistent_isomeric_molecules,0,22,20,9,11,0.5656565656565656,0.6942018765548178
merged_106373,e_coli,native,growth_inhibition_gt_20,none,source_rows,0,22,111,62,49,0.8449637919684002,0.7891704553721235
merged_106373,e_coli,native,growth_inhibition_gt_20,none,unique_consistent_isomeric_molecules,0,22,111,62,49,0.8449637919684002,0.7891704553721235
merged_106373,e_coli,native,growth_inhibition_gt_20,computed_100k_lt_0_9,source_rows,0,22,80,40,40,0.8525,0.8443246383422482
merged_106373,e_coli,native,growth_inhibition_gt_20,computed_100k_lt_0_9,unique_consistent_isomeric_molecules,0,22,80,40,40,0.8525,0.8443246383422482
merged_106373,e_coli,native,growth_inhibition_gt_20,computed_39k_lt_0_9,source_rows,0,22,82,40,42,0.8589285714285715,0.8588219410322693
merged_106373,e_coli,native,growth_inhibition_gt_20,computed_39k_lt_0_9,unique_consistent_isomeric_molecules,0,22,82,40,42,0.8589285714285715,0.8588219410322693
merged_106373,e_coli,native,growth_inhibition_gt_20,computed_both_lt_0_9,source_rows,0,22,80,40,40,0.8525,0.8443246383422482
merged_106373,e_coli,native,growth_inhibition_gt_20,computed_both_lt_0_9,unique_consistent_isomeric_molecules,0,22,80,40,40,0.8525,0.8443246383422482
merged_106373,e_coli,native,growth_inhibition_gt_20,computed_100k_lt_1,source_rows,0,22,84,43,41,0.8610323312535451,0.8473174896520468
merged_106373,e_coli,native,growth_inhibition_gt_20,computed_100k_lt_1,unique_consistent_isomeric_molecules,0,22,84,43,41,0.8610323312535451,0.8473174896520468
merged_106373,e_coli,native,growth_inhibition_gt_20,provided_100k_lt_0_9_known_matches_only,source_rows,0,22,20,9,11,0.5656565656565656,0.6942018765548178
merged_106373,e_coli,native,growth_inhibition_gt_20,provided_100k_lt_0_9_known_matches_only,unique_consistent_isomeric_molecules,0,22,20,9,11,0.5656565656565656,0.6942018765548178
merged_106373,e_coli,native,growth_inhibition_gt_20,provided_39k_lt_0_9_known_matches_only,source_rows,0,22,20,9,11,0.5656565656565656,0.6942018765548178
merged_106373,e_coli,native,growth_inhibition_gt_20,provided_39k_lt_0_9_known_matches_only,unique_consistent_isomeric_molecules,0,22,20,9,11,0.5656565656565656,0.6942018765548178
merged_106373,e_coli,native,growth_inhibition_gt_20,provided_100k_39k_lt_0_9_abx_lt_0_7_known_matches_only,source_rows,0,22,20,9,11,0.5656565656565656,0.6942018765548178
merged_106373,e_coli,native,growth_inhibition_gt_20,provided_100k_39k_lt_0_9_abx_lt_0_7_known_matches_only,unique_consistent_isomeric_molecules,0,22,20,9,11,0.5656565656565656,0.6942018765548178
merged_106373,e_coli,native,growth_inhibition_gt_50,none,source_rows,0,22,111,70,41,0.805574912891986,0.6837349623820715
merged_106373,e_coli,native,growth_inhibition_gt_50,none,unique_consistent_isomeric_molecules,0,22,111,70,41,0.805574912891986,0.6837349623820715
merged_106373,e_coli,native,growth_inhibition_gt_50,computed_100k_lt_0_9,source_rows,0,22,80,46,34,0.7921994884910486,0.7128523536129855
merged_106373,e_coli,native,growth_inhibition_gt_50,computed_100k_lt_0_9,unique_consistent_isomeric_molecules,0,22,80,46,34,0.7921994884910486,0.7128523536129855
merged_106373,e_coli,native,growth_inhibition_gt_50,computed_39k_lt_0_9,source_rows,0,22,82,46,36,0.8013285024154589,0.7390022460711412
merged_106373,e_coli,native,growth_inhibition_gt_50,computed_39k_lt_0_9,unique_consistent_isomeric_molecules,0,22,82,46,36,0.8013285024154589,0.7390022460711412
merged_106373,e_coli,native,growth_inhibition_gt_50,computed_both_lt_0_9,source_rows,0,22,80,46,34,0.7921994884910486,0.7128523536129855
merged_106373,e_coli,native,growth_inhibition_gt_50,computed_both_lt_0_9,unique_consistent_isomeric_molecules,0,22,80,46,34,0.7921994884910486,0.7128523536129855
merged_106373,e_coli,native,growth_inhibition_gt_50,computed_100k_lt_1,source_rows,0,22,84,49,35,0.8058309037900875,0.7256095352995324
merged_106373,e_coli,native,growth_inhibition_gt_50,computed_100k_lt_1,unique_consistent_isomeric_molecules,0,22,84,49,35,0.8058309037900875,0.7256095352995324
merged_106373,e_coli,native,growth_inhibition_gt_50,provided_100k_lt_0_9_known_matches_only,source_rows,0,22,20,10,10,0.61,0.6921841557135674
merged_106373,e_coli,native,growth_inhibition_gt_50,provided_100k_lt_0_9_known_matches_only,unique_consistent_isomeric_molecules,0,22,20,10,10,0.61,0.6921841557135674
merged_106373,e_coli,native,growth_inhibition_gt_50,provided_39k_lt_0_9_known_matches_only,source_rows,0,22,20,10,10,0.61,0.6921841557135674
merged_106373,e_coli,native,growth_inhibition_gt_50,provided_39k_lt_0_9_known_matches_only,unique_consistent_isomeric_molecules,0,22,20,10,10,0.61,0.6921841557135674
merged_106373,e_coli,native,growth_inhibition_gt_50,provided_100k_39k_lt_0_9_abx_lt_0_7_known_matches_only,source_rows,0,22,20,10,10,0.61,0.6921841557135674
merged_106373,e_coli,native,growth_inhibition_gt_50,provided_100k_39k_lt_0_9_abx_lt_0_7_known_matches_only,unique_consistent_isomeric_molecules,0,22,20,10,10,0.61,0.6921841557135674
merged_106373,e_coli,growth_inhibition_gt_50,native,none,source_rows,0,22,111,64,47,0.828125,0.752352533270218
merged_106373,e_coli,growth_inhibition_gt_50,native,none,unique_consistent_isomeric_molecules,0,22,111,64,47,0.828125,0.752352533270218
merged_106373,e_coli,growth_inhibition_gt_50,native,computed_100k_lt_0_9,source_rows,0,22,80,42,38,0.825187969924812,0.791703836893568
merged_106373,e_coli,growth_inhibition_gt_50,native,computed_100k_lt_0_9,unique_consistent_isomeric_molecules,0,22,80,42,38,0.825187969924812,0.791703836893568
merged_106373,e_coli,growth_inhibition_gt_50,native,computed_39k_lt_0_9,source_rows,0,22,82,42,40,0.8327380952380953,0.8110748419759753
merged_106373,e_coli,growth_inhibition_gt_50,native,computed_39k_lt_0_9,unique_consistent_isomeric_molecules,0,22,82,42,40,0.8327380952380953,0.8110748419759753
merged_106373,e_coli,growth_inhibition_gt_50,native,computed_both_lt_0_9,source_rows,0,22,80,42,38,0.825187969924812,0.791703836893568
merged_106373,e_coli,growth_inhibition_gt_50,native,computed_both_lt_0_9,unique_consistent_isomeric_molecules,0,22,80,42,38,0.825187969924812,0.791703836893568
merged_106373,e_coli,growth_inhibition_gt_50,native,computed_100k_lt_1,source_rows,0,22,84,45,39,0.8358974358974358,0.798627244544192
merged_106373,e_coli,growth_inhibition_gt_50,native,computed_100k_lt_1,unique_consistent_isomeric_molecules,0,22,84,45,39,0.8358974358974358,0.798627244544192
merged_106373,e_coli,growth_inhibition_gt_50,native,provided_100k_lt_0_9_known_matches_only,source_rows,0,22,20,9,11,0.5656565656565656,0.6942018765548178
merged_106373,e_coli,growth_inhibition_gt_50,native,provided_100k_lt_0_9_known_matches_only,unique_consistent_isomeric_molecules,0,22,20,9,11,0.5656565656565656,0.6942018765548178
merged_106373,e_coli,growth_inhibition_gt_50,native,provided_39k_lt_0_9_known_matches_only,source_rows,0,22,20,9,11,0.5656565656565656,0.6942018765548178
merged_106373,e_coli,growth_inhibition_gt_50,native,provided_39k_lt_0_9_known_matches_only,unique_consistent_isomeric_molecules,0,22,20,9,11,0.5656565656565656,0.6942018765548178
merged_106373,e_coli,growth_inhibition_gt_50,native,provided_100k_39k_lt_0_9_abx_lt_0_7_known_matches_only,source_rows,0,22,20,9,11,0.5656565656565656,0.6942018765548178
merged_106373,e_coli,growth_inhibition_gt_50,native,provided_100k_39k_lt_0_9_abx_lt_0_7_known_matches_only,unique_consistent_isomeric_molecules,0,22,20,9,11,0.5656565656565656,0.6942018765548178
merged_106373,e_coli,growth_inhibition_gt_50,growth_inhibition_gt_20,none,source_rows,0,22,111,62,49,0.8449637919684002,0.7891704553721235
merged_106373,e_coli,growth_inhibition_gt_50,growth_inhibition_gt_20,none,unique_consistent_isomeric_molecules,0,22,111,62,49,0.8449637919684002,0.7891704553721235
merged_106373,e_coli,growth_inhibition_gt_50,growth_inhibition_gt_20,computed_100k_lt_0_9,source_rows,0,22,80,40,40,0.8525,0.8443246383422482
merged_106373,e_coli,growth_inhibition_gt_50,growth_inhibition_gt_20,computed_100k_lt_0_9,unique_consistent_isomeric_molecules,0,22,80,40,40,0.8525,0.8443246383422482
merged_106373,e_coli,growth_inhibition_gt_50,growth_inhibition_gt_20,computed_39k_lt_0_9,source_rows,0,22,82,40,42,0.8589285714285715,0.8588219410322693
merged_106373,e_coli,growth_inhibition_gt_50,growth_inhibition_gt_20,computed_39k_lt_0_9,unique_consistent_isomeric_molecules,0,22,82,40,42,0.8589285714285715,0.8588219410322693
merged_106373,e_coli,growth_inhibition_gt_50,growth_inhibition_gt_20,computed_both_lt_0_9,source_rows,0,22,80,40,40,0.8525,0.8443246383422482
merged_106373,e_coli,growth_inhibition_gt_50,growth_inhibition_gt_20,computed_both_lt_0_9,unique_consistent_isomeric_molecules,0,22,80,40,40,0.8525,0.8443246383422482
merged_106373,e_coli,growth_inhibition_gt_50,growth_inhibition_gt_20,computed_100k_lt_1,source_rows,0,22,84,43,41,0.8610323312535451,0.8473174896520468
merged_106373,e_coli,growth_inhibition_gt_50,growth_inhibition_gt_20,computed_100k_lt_1,unique_consistent_isomeric_molecules,0,22,84,43,41,0.8610323312535451,0.8473174896520468
merged_106373,e_coli,growth_inhibition_gt_50,growth_inhibition_gt_20,provided_100k_lt_0_9_known_matches_only,source_rows,0,22,20,9,11,0.5656565656565656,0.6942018765548178
merged_106373,e_coli,growth_inhibition_gt_50,growth_inhibition_gt_20,provided_100k_lt_0_9_known_matches_only,unique_consistent_isomeric_molecules,0,22,20,9,11,0.5656565656565656,0.6942018765548178
merged_106373,e_coli,growth_inhibition_gt_50,growth_inhibition_gt_20,provided_39k_lt_0_9_known_matches_only,source_rows,0,22,20,9,11,0.5656565656565656,0.6942018765548178
merged_106373,e_coli,growth_inhibition_gt_50,growth_inhibition_gt_20,provided_39k_lt_0_9_known_matches_only,unique_consistent_isomeric_molecules,0,22,20,9,11,0.5656565656565656,0.6942018765548178
merged_106373,e_coli,growth_inhibition_gt_50,growth_inhibition_gt_20,provided_100k_39k_lt_0_9_abx_lt_0_7_known_matches_only,source_rows,0,22,20,9,11,0.5656565656565656,0.6942018765548178
merged_106373,e_coli,growth_inhibition_gt_50,growth_inhibition_gt_20,provided_100k_39k_lt_0_9_abx_lt_0_7_known_matches_only,unique_consistent_isomeric_molecules,0,22,20,9,11,0.5656565656565656,0.6942018765548178
merged_106373,e_coli,growth_inhibition_gt_50,growth_inhibition_gt_50,none,source_rows,0,22,111,70,41,0.805574912891986,0.6837349623820715
merged_106373,e_coli,growth_inhibition_gt_50,growth_inhibition_gt_50,none,unique_consistent_isomeric_molecules,0,22,111,70,41,0.805574912891986,0.6837349623820715
merged_106373,e_coli,growth_inhibition_gt_50,growth_inhibition_gt_50,computed_100k_lt_0_9,source_rows,0,22,80,46,34,0.7921994884910486,0.7128523536129855
merged_106373,e_coli,growth_inhibition_gt_50,growth_inhibition_gt_50,computed_100k_lt_0_9,unique_consistent_isomeric_molecules,0,22,80,46,34,0.7921994884910486,0.7128523536129855
merged_106373,e_coli,growth_inhibition_gt_50,growth_inhibition_gt_50,computed_39k_lt_0_9,source_rows,0,22,82,46,36,0.8013285024154589,0.7390022460711412
merged_106373,e_coli,growth_inhibition_gt_50,growth_inhibition_gt_50,computed_39k_lt_0_9,unique_consistent_isomeric_molecules,0,22,82,46,36,0.8013285024154589,0.7390022460711412
merged_106373,e_coli,growth_inhibition_gt_50,growth_inhibition_gt_50,computed_both_lt_0_9,source_rows,0,22,80,46,34,0.7921994884910486,0.7128523536129855
merged_106373,e_coli,growth_inhibition_gt_50,growth_inhibition_gt_50,computed_both_lt_0_9,unique_consistent_isomeric_molecules,0,22,80,46,34,0.7921994884910486,0.7128523536129855
merged_106373,e_coli,growth_inhibition_gt_50,growth_inhibition_gt_50,computed_100k_lt_1,source_rows,0,22,84,49,35,0.8058309037900875,0.7256095352995324
merged_106373,e_coli,growth_inhibition_gt_50,growth_inhibition_gt_50,computed_100k_lt_1,unique_consistent_isomeric_molecules,0,22,84,49,35,0.8058309037900875,0.7256095352995324
merged_106373,e_coli,growth_inhibition_gt_50,growth_inhibition_gt_50,provided_100k_lt_0_9_known_matches_only,source_rows,0,22,20,10,10,0.61,0.6921841557135674
merged_106373,e_coli,growth_inhibition_gt_50,growth_inhibition_gt_50,provided_100k_lt_0_9_known_matches_only,unique_consistent_isomeric_molecules,0,22,20,10,10,0.61,0.6921841557135674
merged_106373,e_coli,growth_inhibition_gt_50,growth_inhibition_gt_50,provided_39k_lt_0_9_known_matches_only,source_rows,0,22,20,10,10,0.61,0.6921841557135674
merged_106373,e_coli,growth_inhibition_gt_50,growth_inhibition_gt_50,provided_39k_lt_0_9_known_matches_only,unique_consistent_isomeric_molecules,0,22,20,10,10,0.61,0.6921841557135674
merged_106373,e_coli,growth_inhibition_gt_50,growth_inhibition_gt_50,provided_100k_39k_lt_0_9_abx_lt_0_7_known_matches_only,source_rows,0,22,20,10,10,0.61,0.6921841557135674
merged_106373,e_coli,growth_inhibition_gt_50,growth_inhibition_gt_50,provided_100k_39k_lt_0_9_abx_lt_0_7_known_matches_only,unique_consistent_isomeric_molecules,0,22,20,10,10,0.61,0.6921841557135674
merged_106373,e_coli,growth_inhibition_gt_80,native,none,source_rows,0,19,79,44,35,0.8642857142857143,0.8242993014787733
merged_106373,e_coli,growth_inhibition_gt_80,native,none,unique_consistent_isomeric_molecules,0,19,79,44,35,0.8642857142857143,0.8242993014787733
merged_106373,e_coli,growth_inhibition_gt_80,native,computed_100k_lt_0_9,source_rows,0,19,56,28,28,0.8482142857142858,0.844597424567846
merged_106373,e_coli,growth_inhibition_gt_80,native,computed_100k_lt_0_9,unique_consistent_isomeric_molecules,0,19,56,28,28,0.8482142857142858,0.844597424567846
merged_106373,e_coli,growth_inhibition_gt_80,native,computed_39k_lt_0_9,source_rows,0,19,58,28,30,0.8571428571428572,0.8635831747531453
merged_106373,e_coli,growth_inhibition_gt_80,native,computed_39k_lt_0_9,unique_consistent_isomeric_molecules,0,19,58,28,30,0.8571428571428572,0.8635831747531453
merged_106373,e_coli,growth_inhibition_gt_80,native,computed_both_lt_0_9,source_rows,0,19,56,28,28,0.8482142857142858,0.844597424567846
merged_106373,e_coli,growth_inhibition_gt_80,native,computed_both_lt_0_9,unique_consistent_isomeric_molecules,0,19,56,28,28,0.8482142857142858,0.844597424567846
merged_106373,e_coli,growth_inhibition_gt_80,native,computed_100k_lt_1,source_rows,0,19,58,30,28,0.8583333333333334,0.844597424567846
merged_106373,e_coli,growth_inhibition_gt_80,native,computed_100k_lt_1,unique_consistent_isomeric_molecules,0,19,58,30,28,0.8583333333333334,0.844597424567846
merged_106373,e_coli,growth_inhibition_gt_80,native,provided_100k_lt_0_9_known_matches_only,source_rows,0,19,17,8,9,0.625,0.7324314574314574
merged_106373,e_coli,growth_inhibition_gt_80,native,provided_100k_lt_0_9_known_matches_only,unique_consistent_isomeric_molecules,0,19,17,8,9,0.625,0.7324314574314574
merged_106373,e_coli,growth_inhibition_gt_80,native,provided_39k_lt_0_9_known_matches_only,source_rows,0,19,17,8,9,0.625,0.7324314574314574
merged_106373,e_coli,growth_inhibition_gt_80,native,provided_39k_lt_0_9_known_matches_only,unique_consistent_isomeric_molecules,0,19,17,8,9,0.625,0.7324314574314574
merged_106373,e_coli,growth_inhibition_gt_80,native,provided_100k_39k_lt_0_9_abx_lt_0_7_known_matches_only,source_rows,0,19,17,8,9,0.625,0.7324314574314574
merged_106373,e_coli,growth_inhibition_gt_80,native,provided_100k_39k_lt_0_9_abx_lt_0_7_known_matches_only,unique_consistent_isomeric_molecules,0,19,17,8,9,0.625,0.7324314574314574
merged_106373,e_coli,growth_inhibition_gt_80,growth_inhibition_gt_20,none,source_rows,0,19,79,44,35,0.8642857142857143,0.8242993014787733
merged_106373,e_coli,growth_inhibition_gt_80,growth_inhibition_gt_20,none,unique_consistent_isomeric_molecules,0,19,79,44,35,0.8642857142857143,0.8242993014787733
merged_106373,e_coli,growth_inhibition_gt_80,growth_inhibition_gt_20,computed_100k_lt_0_9,source_rows,0,19,56,28,28,0.8482142857142858,0.844597424567846
merged_106373,e_coli,growth_inhibition_gt_80,growth_inhibition_gt_20,computed_100k_lt_0_9,unique_consistent_isomeric_molecules,0,19,56,28,28,0.8482142857142858,0.844597424567846
merged_106373,e_coli,growth_inhibition_gt_80,growth_inhibition_gt_20,computed_39k_lt_0_9,source_rows,0,19,58,28,30,0.8571428571428572,0.8635831747531453
merged_106373,e_coli,growth_inhibition_gt_80,growth_inhibition_gt_20,computed_39k_lt_0_9,unique_consistent_isomeric_molecules,0,19,58,28,30,0.8571428571428572,0.8635831747531453
merged_106373,e_coli,growth_inhibition_gt_80,growth_inhibition_gt_20,computed_both_lt_0_9,source_rows,0,19,56,28,28,0.8482142857142858,0.844597424567846
merged_106373,e_coli,growth_inhibition_gt_80,growth_inhibition_gt_20,computed_both_lt_0_9,unique_consistent_isomeric_molecules,0,19,56,28,28,0.8482142857142858,0.844597424567846
merged_106373,e_coli,growth_inhibition_gt_80,growth_inhibition_gt_20,computed_100k_lt_1,source_rows,0,19,58,30,28,0.8583333333333334,0.844597424567846
merged_106373,e_coli,growth_inhibition_gt_80,growth_inhibition_gt_20,computed_100k_lt_1,unique_consistent_isomeric_molecules,0,19,58,30,28,0.8583333333333334,0.844597424567846
merged_106373,e_coli,growth_inhibition_gt_80,growth_inhibition_gt_20,provided_100k_lt_0_9_known_matches_only,source_rows,0,19,17,8,9,0.625,0.7324314574314574
merged_106373,e_coli,growth_inhibition_gt_80,growth_inhibition_gt_20,provided_100k_lt_0_9_known_matches_only,unique_consistent_isomeric_molecules,0,19,17,8,9,0.625,0.7324314574314574
merged_106373,e_coli,growth_inhibition_gt_80,growth_inhibition_gt_20,provided_39k_lt_0_9_known_matches_only,source_rows,0,19,17,8,9,0.625,0.7324314574314574
merged_106373,e_coli,growth_inhibition_gt_80,growth_inhibition_gt_20,provided_39k_lt_0_9_known_matches_only,unique_consistent_isomeric_molecules,0,19,17,8,9,0.625,0.7324314574314574
merged_106373,e_coli,growth_inhibition_gt_80,growth_inhibition_gt_20,provided_100k_39k_lt_0_9_abx_lt_0_7_known_matches_only,source_rows,0,19,17,8,9,0.625,0.7324314574314574
merged_106373,e_coli,growth_inhibition_gt_80,growth_inhibition_gt_20,provided_100k_39k_lt_0_9_abx_lt_0_7_known_matches_only,unique_consistent_isomeric_molecules,0,19,17,8,9,0.625,0.7324314574314574
merged_106373,e_coli,growth_inhibition_gt_80,growth_inhibition_gt_50,none,source_rows,0,19,79,48,31,0.8245967741935484,0.7263174478876565
merged_106373,e_coli,growth_inhibition_gt_80,growth_inhibition_gt_50,none,unique_consistent_isomeric_molecules,0,19,79,48,31,0.8245967741935484,0.7263174478876565
merged_106373,e_coli,growth_inhibition_gt_80,growth_inhibition_gt_50,computed_100k_lt_0_9,source_rows,0,19,56,31,25,0.7819354838709678,0.7234044741667676
merged_106373,e_coli,growth_inhibition_gt_80,growth_inhibition_gt_50,computed_100k_lt_0_9,unique_consistent_isomeric_molecules,0,19,56,31,25,0.7819354838709678,0.7234044741667676
merged_106373,e_coli,growth_inhibition_gt_80,growth_inhibition_gt_50,computed_39k_lt_0_9,source_rows,0,19,58,31,27,0.7945041816009558,0.7561839182804293
merged_106373,e_coli,growth_inhibition_gt_80,growth_inhibition_gt_50,computed_39k_lt_0_9,unique_consistent_isomeric_molecules,0,19,58,31,27,0.7945041816009558,0.7561839182804293
merged_106373,e_coli,growth_inhibition_gt_80,growth_inhibition_gt_50,computed_both_lt_0_9,source_rows,0,19,56,31,25,0.7819354838709678,0.7234044741667676
merged_106373,e_coli,growth_inhibition_gt_80,growth_inhibition_gt_50,computed_both_lt_0_9,unique_consistent_isomeric_molecules,0,19,56,31,25,0.7819354838709678,0.7234044741667676
merged_106373,e_coli,growth_inhibition_gt_80,growth_inhibition_gt_50,computed_100k_lt_1,source_rows,0,19,58,33,25,0.7951515151515152,0.7234044741667676
merged_106373,e_coli,growth_inhibition_gt_80,growth_inhibition_gt_50,computed_100k_lt_1,unique_consistent_isomeric_molecules,0,19,58,33,25,0.7951515151515152,0.7234044741667676
merged_106373,e_coli,growth_inhibition_gt_80,growth_inhibition_gt_50,provided_100k_lt_0_9_known_matches_only,source_rows,0,19,17,8,9,0.625,0.7324314574314574
merged_106373,e_coli,growth_inhibition_gt_80,growth_inhibition_gt_50,provided_100k_lt_0_9_known_matches_only,unique_consistent_isomeric_molecules,0,19,17,8,9,0.625,0.7324314574314574
merged_106373,e_coli,growth_inhibition_gt_80,growth_inhibition_gt_50,provided_39k_lt_0_9_known_matches_only,source_rows,0,19,17,8,9,0.625,0.7324314574314574
merged_106373,e_coli,growth_inhibition_gt_80,growth_inhibition_gt_50,provided_39k_lt_0_9_known_matches_only,unique_consistent_isomeric_molecules,0,19,17,8,9,0.625,0.7324314574314574
merged_106373,e_coli,growth_inhibition_gt_80,growth_inhibition_gt_50,provided_100k_39k_lt_0_9_abx_lt_0_7_known_matches_only,source_rows,0,19,17,8,9,0.625,0.7324314574314574
merged_106373,e_coli,growth_inhibition_gt_80,growth_inhibition_gt_50,provided_100k_39k_lt_0_9_abx_lt_0_7_known_matches_only,unique_consistent_isomeric_molecules,0,19,17,8,9,0.625,0.7324314574314574
merged_106373,k_pneumoniae,native,native,none,source_rows,0,42,186,125,61,0.8933770491803278,0.7958284016209067
merged_106373,k_pneumoniae,native,native,none,unique_consistent_isomeric_molecules,0,42,185,124,61,0.8925171866737175,0.7958284016209067
merged_106373,k_pneumoniae,native,native,computed_100k_lt_0_9,source_rows,0,42,153,97,56,0.892120765832106,0.8117788111114657
merged_106373,k_pneumoniae,native,native,computed_100k_lt_0_9,unique_consistent_isomeric_molecules,0,42,153,97,56,0.892120765832106,0.8117788111114657
merged_106373,k_pneumoniae,native,native,computed_39k_lt_0_9,source_rows,0,42,154,98,56,0.8932215743440233,0.8117788111114658
merged_106373,k_pneumoniae,native,native,computed_39k_lt_0_9,unique_consistent_isomeric_molecules,0,42,154,98,56,0.8932215743440233,0.8117788111114658
merged_106373,k_pneumoniae,native,native,computed_both_lt_0_9,source_rows,0,42,153,97,56,0.892120765832106,0.8117788111114657
merged_106373,k_pneumoniae,native,native,computed_both_lt_0_9,unique_consistent_isomeric_molecules,0,42,153,97,56,0.892120765832106,0.8117788111114657
merged_106373,k_pneumoniae,native,native,computed_100k_lt_1,source_rows,0,42,158,100,58,0.8987931034482759,0.825625384093256
merged_106373,k_pneumoniae,native,native,computed_100k_lt_1,unique_consistent_isomeric_molecules,0,42,158,100,58,0.8987931034482759,0.825625384093256
merged_106373,k_pneumoniae,native,native,provided_100k_lt_0_9_known_matches_only,source_rows,0,42,38,24,14,0.7589285714285714,0.7255762563444811
merged_106373,k_pneumoniae,native,native,provided_100k_lt_0_9_known_matches_only,unique_consistent_isomeric_molecules,0,42,38,24,14,0.7589285714285714,0.7255762563444811
merged_106373,k_pneumoniae,native,native,provided_39k_lt_0_9_known_matches_only,source_rows,0,42,39,25,14,0.7685714285714286,0.7255762563444812
merged_106373,k_pneumoniae,native,native,provided_39k_lt_0_9_known_matches_only,unique_consistent_isomeric_molecules,0,42,39,25,14,0.7685714285714286,0.7255762563444812
merged_106373,k_pneumoniae,native,native,provided_100k_39k_lt_0_9_abx_lt_0_7_known_matches_only,source_rows,0,42,38,24,14,0.7589285714285714,0.7255762563444811
merged_106373,k_pneumoniae,native,native,provided_100k_39k_lt_0_9_abx_lt_0_7_known_matches_only,unique_consistent_isomeric_molecules,0,42,38,24,14,0.7589285714285714,0.7255762563444811
merged_106373,k_pneumoniae,native,growth_inhibition_gt_20,none,source_rows,0,42,186,120,66,0.9034090909090909,0.8324389915435715
merged_106373,k_pneumoniae,native,growth_inhibition_gt_20,none,unique_consistent_isomeric_molecules,0,42,185,119,66,0.9025974025974026,0.8324389915435715
merged_106373,k_pneumoniae,native,growth_inhibition_gt_20,computed_100k_lt_0_9,source_rows,0,42,153,93,60,0.9017921146953405,0.8496677998188503
merged_106373,k_pneumoniae,native,growth_inhibition_gt_20,computed_100k_lt_0_9,unique_consistent_isomeric_molecules,0,42,153,93,60,0.9017921146953405,0.8496677998188503
merged_106373,k_pneumoniae,native,growth_inhibition_gt_20,computed_39k_lt_0_9,source_rows,0,42,154,94,60,0.9026595744680851,0.8495762247272753
merged_106373,k_pneumoniae,native,growth_inhibition_gt_20,computed_39k_lt_0_9,unique_consistent_isomeric_molecules,0,42,154,94,60,0.9026595744680851,0.8495762247272753
merged_106373,k_pneumoniae,native,growth_inhibition_gt_20,computed_both_lt_0_9,source_rows,0,42,153,93,60,0.9017921146953405,0.8496677998188503
merged_106373,k_pneumoniae,native,growth_inhibition_gt_20,computed_both_lt_0_9,unique_consistent_isomeric_molecules,0,42,153,93,60,0.9017921146953405,0.8496677998188503
merged_106373,k_pneumoniae,native,growth_inhibition_gt_20,computed_100k_lt_1,source_rows,0,42,158,96,62,0.9077620967741936,0.8596480721833073
merged_106373,k_pneumoniae,native,growth_inhibition_gt_20,computed_100k_lt_1,unique_consistent_isomeric_molecules,0,42,158,96,62,0.9077620967741936,0.8596480721833073
merged_106373,k_pneumoniae,native,growth_inhibition_gt_20,provided_100k_lt_0_9_known_matches_only,source_rows,0,42,38,23,15,0.727536231884058,0.7129187916358015
merged_106373,k_pneumoniae,native,growth_inhibition_gt_20,provided_100k_lt_0_9_known_matches_only,unique_consistent_isomeric_molecules,0,42,38,23,15,0.727536231884058,0.7129187916358015
merged_106373,k_pneumoniae,native,growth_inhibition_gt_20,provided_39k_lt_0_9_known_matches_only,source_rows,0,42,39,24,15,0.7361111111111112,0.7116872645422054
merged_106373,k_pneumoniae,native,growth_inhibition_gt_20,provided_39k_lt_0_9_known_matches_only,unique_consistent_isomeric_molecules,0,42,39,24,15,0.7361111111111112,0.7116872645422054
merged_106373,k_pneumoniae,native,growth_inhibition_gt_20,provided_100k_39k_lt_0_9_abx_lt_0_7_known_matches_only,source_rows,0,42,38,23,15,0.727536231884058,0.7129187916358015
merged_106373,k_pneumoniae,native,growth_inhibition_gt_20,provided_100k_39k_lt_0_9_abx_lt_0_7_known_matches_only,unique_consistent_isomeric_molecules,0,42,38,23,15,0.727536231884058,0.7129187916358015
merged_106373,k_pneumoniae,native,growth_inhibition_gt_50,none,source_rows,0,42,186,136,50,0.875,0.729516085521407
merged_106373,k_pneumoniae,native,growth_inhibition_gt_50,none,unique_consistent_isomeric_molecules,0,42,185,135,50,0.8740740740740741,0.729516085521407
merged_106373,k_pneumoniae,native,growth_inhibition_gt_50,computed_100k_lt_0_9,source_rows,0,42,153,107,46,0.8618447785453067,0.7238216332545522
merged_106373,k_pneumoniae,native,growth_inhibition_gt_50,computed_100k_lt_0_9,unique_consistent_isomeric_molecules,0,42,153,107,46,0.8618447785453067,0.7238216332545522
merged_106373,k_pneumoniae,native,growth_inhibition_gt_50,computed_39k_lt_0_9,source_rows,0,42,154,108,46,0.8631239935587762,0.7238216332545522
merged_106373,k_pneumoniae,native,growth_inhibition_gt_50,computed_39k_lt_0_9,unique_consistent_isomeric_molecules,0,42,154,108,46,0.8631239935587762,0.7238216332545522
merged_106373,k_pneumoniae,native,growth_inhibition_gt_50,computed_both_lt_0_9,source_rows,0,42,153,107,46,0.8618447785453067,0.7238216332545522
merged_106373,k_pneumoniae,native,growth_inhibition_gt_50,computed_both_lt_0_9,unique_consistent_isomeric_molecules,0,42,153,107,46,0.8618447785453067,0.7238216332545522
merged_106373,k_pneumoniae,native,growth_inhibition_gt_50,computed_100k_lt_1,source_rows,0,42,158,110,48,0.8710227272727273,0.7465290575685941
merged_106373,k_pneumoniae,native,growth_inhibition_gt_50,computed_100k_lt_1,unique_consistent_isomeric_molecules,0,42,158,110,48,0.8710227272727273,0.7465290575685941
merged_106373,k_pneumoniae,native,growth_inhibition_gt_50,provided_100k_lt_0_9_known_matches_only,source_rows,0,42,38,25,13,0.7846153846153846,0.7386591548710892
merged_106373,k_pneumoniae,native,growth_inhibition_gt_50,provided_100k_lt_0_9_known_matches_only,unique_consistent_isomeric_molecules,0,42,38,25,13,0.7846153846153846,0.7386591548710892
merged_106373,k_pneumoniae,native,growth_inhibition_gt_50,provided_39k_lt_0_9_known_matches_only,source_rows,0,42,39,26,13,0.7928994082840237,0.7386591548710892
merged_106373,k_pneumoniae,native,growth_inhibition_gt_50,provided_39k_lt_0_9_known_matches_only,unique_consistent_isomeric_molecules,0,42,39,26,13,0.7928994082840237,0.7386591548710892
merged_106373,k_pneumoniae,native,growth_inhibition_gt_50,provided_100k_39k_lt_0_9_abx_lt_0_7_known_matches_only,source_rows,0,42,38,25,13,0.7846153846153846,0.7386591548710892
merged_106373,k_pneumoniae,native,growth_inhibition_gt_50,provided_100k_39k_lt_0_9_abx_lt_0_7_known_matches_only,unique_consistent_isomeric_molecules,0,42,38,25,13,0.7846153846153846,0.7386591548710892
merged_106373,k_pneumoniae,growth_inhibition_gt_50,native,none,source_rows,0,41,182,124,58,0.8914071190211346,0.7864816641514821
merged_106373,k_pneumoniae,growth_inhibition_gt_50,native,none,unique_consistent_isomeric_molecules,0,41,181,123,58,0.890524250070087,0.7864816641514821
merged_106373,k_pneumoniae,growth_inhibition_gt_50,native,computed_100k_lt_0_9,source_rows,0,41,149,96,53,0.8891509433962264,0.7999798178783842
merged_106373,k_pneumoniae,growth_inhibition_gt_50,native,computed_100k_lt_0_9,unique_consistent_isomeric_molecules,0,41,149,96,53,0.8891509433962264,0.7999798178783842
merged_106373,k_pneumoniae,growth_inhibition_gt_50,native,computed_39k_lt_0_9,source_rows,0,41,150,97,53,0.8902937171756468,0.7999798178783842
merged_106373,k_pneumoniae,growth_inhibition_gt_50,native,computed_39k_lt_0_9,unique_consistent_isomeric_molecules,0,41,150,97,53,0.8902937171756468,0.7999798178783842
merged_106373,k_pneumoniae,growth_inhibition_gt_50,native,computed_both_lt_0_9,source_rows,0,41,149,96,53,0.8891509433962264,0.7999798178783842
merged_106373,k_pneumoniae,growth_inhibition_gt_50,native,computed_both_lt_0_9,unique_consistent_isomeric_molecules,0,41,149,96,53,0.8891509433962264,0.7999798178783842
merged_106373,k_pneumoniae,growth_inhibition_gt_50,native,computed_100k_lt_1,source_rows,0,41,154,99,55,0.8962350780532597,0.8155185880264583
merged_106373,k_pneumoniae,growth_inhibition_gt_50,native,computed_100k_lt_1,unique_consistent_isomeric_molecules,0,41,154,99,55,0.8962350780532597,0.8155185880264583
merged_106373,k_pneumoniae,growth_inhibition_gt_50,native,provided_100k_lt_0_9_known_matches_only,source_rows,0,41,37,23,14,0.7639751552795031,0.7326929279176745
merged_106373,k_pneumoniae,growth_inhibition_gt_50,native,provided_100k_lt_0_9_known_matches_only,unique_consistent_isomeric_molecules,0,41,37,23,14,0.7639751552795031,0.7326929279176745
merged_106373,k_pneumoniae,growth_inhibition_gt_50,native,provided_39k_lt_0_9_known_matches_only,source_rows,0,41,38,24,14,0.7738095238095237,0.7326929279176745
merged_106373,k_pneumoniae,growth_inhibition_gt_50,native,provided_39k_lt_0_9_known_matches_only,unique_consistent_isomeric_molecules,0,41,38,24,14,0.7738095238095237,0.7326929279176745
merged_106373,k_pneumoniae,growth_inhibition_gt_50,native,provided_100k_39k_lt_0_9_abx_lt_0_7_known_matches_only,source_rows,0,41,37,23,14,0.7639751552795031,0.7326929279176745
merged_106373,k_pneumoniae,growth_inhibition_gt_50,native,provided_100k_39k_lt_0_9_abx_lt_0_7_known_matches_only,unique_consistent_isomeric_molecules,0,41,37,23,14,0.7639751552795031,0.7326929279176745
merged_106373,k_pneumoniae,growth_inhibition_gt_50,growth_inhibition_gt_20,none,source_rows,0,41,182,119,63,0.9015606242497,0.8247883512736387
merged_106373,k_pneumoniae,growth_inhibition_gt_50,growth_inhibition_gt_20,none,unique_consistent_isomeric_molecules,0,41,181,118,63,0.900726392251816,0.8247883512736387
merged_106373,k_pneumoniae,growth_inhibition_gt_50,growth_inhibition_gt_20,computed_100k_lt_0_9,source_rows,0,41,149,92,57,0.8991228070175438,0.8404960809635885
merged_106373,k_pneumoniae,growth_inhibition_gt_50,growth_inhibition_gt_20,computed_100k_lt_0_9,unique_consistent_isomeric_molecules,0,41,149,92,57,0.8991228070175438,0.8404960809635885
merged_106373,k_pneumoniae,growth_inhibition_gt_50,growth_inhibition_gt_20,computed_39k_lt_0_9,source_rows,0,41,150,93,57,0.900018864365214,0.8403970710625986
merged_106373,k_pneumoniae,growth_inhibition_gt_50,growth_inhibition_gt_20,computed_39k_lt_0_9,unique_consistent_isomeric_molecules,0,41,150,93,57,0.900018864365214,0.8403970710625986
merged_106373,k_pneumoniae,growth_inhibition_gt_50,growth_inhibition_gt_20,computed_both_lt_0_9,source_rows,0,41,149,92,57,0.8991228070175438,0.8404960809635885
merged_106373,k_pneumoniae,growth_inhibition_gt_50,growth_inhibition_gt_20,computed_both_lt_0_9,unique_consistent_isomeric_molecules,0,41,149,92,57,0.8991228070175438,0.8404960809635885
merged_106373,k_pneumoniae,growth_inhibition_gt_50,growth_inhibition_gt_20,computed_100k_lt_1,source_rows,0,41,154,95,59,0.9054415700267617,0.851654690660427
merged_106373,k_pneumoniae,growth_inhibition_gt_50,growth_inhibition_gt_20,computed_100k_lt_1,unique_consistent_isomeric_molecules,0,41,154,95,59,0.9054415700267617,0.851654690660427
merged_106373,k_pneumoniae,growth_inhibition_gt_50,growth_inhibition_gt_20,provided_100k_lt_0_9_known_matches_only,source_rows,0,41,37,22,15,0.7333333333333334,0.7208837697602
merged_106373,k_pneumoniae,growth_inhibition_gt_50,growth_inhibition_gt_20,provided_100k_lt_0_9_known_matches_only,unique_consistent_isomeric_molecules,0,41,37,22,15,0.7333333333333334,0.7208837697602
merged_106373,k_pneumoniae,growth_inhibition_gt_50,growth_inhibition_gt_20,provided_39k_lt_0_9_known_matches_only,source_rows,0,41,38,23,15,0.7420289855072464,0.7195610184374486
merged_106373,k_pneumoniae,growth_inhibition_gt_50,growth_inhibition_gt_20,provided_39k_lt_0_9_known_matches_only,unique_consistent_isomeric_molecules,0,41,38,23,15,0.7420289855072464,0.7195610184374486
merged_106373,k_pneumoniae,growth_inhibition_gt_50,growth_inhibition_gt_20,provided_100k_39k_lt_0_9_abx_lt_0_7_known_matches_only,source_rows,0,41,37,22,15,0.7333333333333334,0.7208837697602
merged_106373,k_pneumoniae,growth_inhibition_gt_50,growth_inhibition_gt_20,provided_100k_39k_lt_0_9_abx_lt_0_7_known_matches_only,unique_consistent_isomeric_molecules,0,41,37,22,15,0.7333333333333334,0.7208837697602
merged_106373,k_pneumoniae,growth_inhibition_gt_50,growth_inhibition_gt_50,none,source_rows,0,41,182,134,48,0.8739116915422885,0.7199834960708479
merged_106373,k_pneumoniae,growth_inhibition_gt_50,growth_inhibition_gt_50,none,unique_consistent_isomeric_molecules,0,41,181,133,48,0.8729636591478698,0.7199834960708479
merged_106373,k_pneumoniae,growth_inhibition_gt_50,growth_inhibition_gt_50,computed_100k_lt_0_9,source_rows,0,41,149,105,44,0.8599567099567099,0.7113881708295089
merged_106373,k_pneumoniae,growth_inhibition_gt_50,growth_inhibition_gt_50,computed_100k_lt_0_9,unique_consistent_isomeric_molecules,0,41,149,105,44,0.8599567099567099,0.7113881708295089
merged_106373,k_pneumoniae,growth_inhibition_gt_50,growth_inhibition_gt_50,computed_39k_lt_0_9,source_rows,0,41,150,106,44,0.8612778730703259,0.7113881708295089
merged_106373,k_pneumoniae,growth_inhibition_gt_50,growth_inhibition_gt_50,computed_39k_lt_0_9,unique_consistent_isomeric_molecules,0,41,150,106,44,0.8612778730703259,0.7113881708295089
merged_106373,k_pneumoniae,growth_inhibition_gt_50,growth_inhibition_gt_50,computed_both_lt_0_9,source_rows,0,41,149,105,44,0.8599567099567099,0.7113881708295089
merged_106373,k_pneumoniae,growth_inhibition_gt_50,growth_inhibition_gt_50,computed_both_lt_0_9,unique_consistent_isomeric_molecules,0,41,149,105,44,0.8599567099567099,0.7113881708295089
merged_106373,k_pneumoniae,growth_inhibition_gt_50,growth_inhibition_gt_50,computed_100k_lt_1,source_rows,0,41,154,108,46,0.8695652173913043,0.7363118154133852
merged_106373,k_pneumoniae,growth_inhibition_gt_50,growth_inhibition_gt_50,computed_100k_lt_1,unique_consistent_isomeric_molecules,0,41,154,108,46,0.8695652173913043,0.7363118154133852
merged_106373,k_pneumoniae,growth_inhibition_gt_50,growth_inhibition_gt_50,provided_100k_lt_0_9_known_matches_only,source_rows,0,41,37,24,13,0.7884615384615385,0.7445568809527618
merged_106373,k_pneumoniae,growth_inhibition_gt_50,growth_inhibition_gt_50,provided_100k_lt_0_9_known_matches_only,unique_consistent_isomeric_molecules,0,41,37,24,13,0.7884615384615385,0.7445568809527618
merged_106373,k_pneumoniae,growth_inhibition_gt_50,growth_inhibition_gt_50,provided_39k_lt_0_9_known_matches_only,source_rows,0,41,38,25,13,0.7969230769230768,0.7445568809527618
merged_106373,k_pneumoniae,growth_inhibition_gt_50,growth_inhibition_gt_50,provided_39k_lt_0_9_known_matches_only,unique_consistent_isomeric_molecules,0,41,38,25,13,0.7969230769230768,0.7445568809527618
merged_106373,k_pneumoniae,growth_inhibition_gt_50,growth_inhibition_gt_50,provided_100k_39k_lt_0_9_abx_lt_0_7_known_matches_only,source_rows,0,41,37,24,13,0.7884615384615385,0.7445568809527618
merged_106373,k_pneumoniae,growth_inhibition_gt_50,growth_inhibition_gt_50,provided_100k_39k_lt_0_9_abx_lt_0_7_known_matches_only,unique_consistent_isomeric_molecules,0,41,37,24,13,0.7884615384615385,0.7445568809527618
merged_106373,k_pneumoniae,growth_inhibition_gt_80,native,none,source_rows,0,32,140,97,43,0.9029009829777032,0.7949329216792426
merged_106373,k_pneumoniae,growth_inhibition_gt_80,native,none,unique_consistent_isomeric_molecules,0,32,139,96,43,0.9018895348837209,0.7949329216792426
merged_106373,k_pneumoniae,growth_inhibition_gt_80,native,computed_100k_lt_0_9,source_rows,0,32,115,76,39,0.8947368421052632,0.8003692430445293
merged_106373,k_pneumoniae,growth_inhibition_gt_80,native,computed_100k_lt_0_9,unique_consistent_isomeric_molecules,0,32,115,76,39,0.8947368421052632,0.8003692430445293
merged_106373,k_pneumoniae,growth_inhibition_gt_80,native,computed_39k_lt_0_9,source_rows,0,32,116,77,39,0.8961038961038961,0.8003692430445294
merged_106373,k_pneumoniae,growth_inhibition_gt_80,native,computed_39k_lt_0_9,unique_consistent_isomeric_molecules,0,32,116,77,39,0.8961038961038961,0.8003692430445294
merged_106373,k_pneumoniae,growth_inhibition_gt_80,native,computed_both_lt_0_9,source_rows,0,32,115,76,39,0.8947368421052632,0.8003692430445293
merged_106373,k_pneumoniae,growth_inhibition_gt_80,native,computed_both_lt_0_9,unique_consistent_isomeric_molecules,0,32,115,76,39,0.8947368421052632,0.8003692430445293
merged_106373,k_pneumoniae,growth_inhibition_gt_80,native,computed_100k_lt_1,source_rows,0,32,120,79,41,0.9033652361840074,0.8196305088445797
merged_106373,k_pneumoniae,growth_inhibition_gt_80,native,computed_100k_lt_1,unique_consistent_isomeric_molecules,0,32,120,79,41,0.9033652361840074,0.8196305088445797
merged_106373,k_pneumoniae,growth_inhibition_gt_80,native,provided_100k_lt_0_9_known_matches_only,source_rows,0,32,28,17,11,0.7433155080213903,0.7204957409291775
merged_106373,k_pneumoniae,growth_inhibition_gt_80,native,provided_100k_lt_0_9_known_matches_only,unique_consistent_isomeric_molecules,0,32,28,17,11,0.7433155080213903,0.7204957409291775
merged_106373,k_pneumoniae,growth_inhibition_gt_80,native,provided_39k_lt_0_9_known_matches_only,source_rows,0,32,29,18,11,0.7575757575757576,0.7204957409291775
merged_106373,k_pneumoniae,growth_inhibition_gt_80,native,provided_39k_lt_0_9_known_matches_only,unique_consistent_isomeric_molecules,0,32,29,18,11,0.7575757575757576,0.7204957409291775
merged_106373,k_pneumoniae,growth_inhibition_gt_80,native,provided_100k_39k_lt_0_9_abx_lt_0_7_known_matches_only,source_rows,0,32,28,17,11,0.7433155080213903,0.7204957409291775
merged_106373,k_pneumoniae,growth_inhibition_gt_80,native,provided_100k_39k_lt_0_9_abx_lt_0_7_known_matches_only,unique_consistent_isomeric_molecules,0,32,28,17,11,0.7433155080213903,0.7204957409291775
merged_106373,k_pneumoniae,growth_inhibition_gt_80,growth_inhibition_gt_20,none,source_rows,0,32,140,93,47,0.91283459162663,0.834539715438512
merged_106373,k_pneumoniae,growth_inhibition_gt_80,growth_inhibition_gt_20,none,unique_consistent_isomeric_molecules,0,32,139,92,47,0.9118871415356151,0.834539715438512
merged_106373,k_pneumoniae,growth_inhibition_gt_80,growth_inhibition_gt_20,computed_100k_lt_0_9,source_rows,0,32,115,72,43,0.907622739018088,0.8468806820397051
merged_106373,k_pneumoniae,growth_inhibition_gt_80,growth_inhibition_gt_20,computed_100k_lt_0_9,unique_consistent_isomeric_molecules,0,32,115,72,43,0.907622739018088,0.8468806820397051
merged_106373,k_pneumoniae,growth_inhibition_gt_80,growth_inhibition_gt_20,computed_39k_lt_0_9,source_rows,0,32,116,73,43,0.9085696081554635,0.8466850638863406
merged_106373,k_pneumoniae,growth_inhibition_gt_80,growth_inhibition_gt_20,computed_39k_lt_0_9,unique_consistent_isomeric_molecules,0,32,116,73,43,0.9085696081554635,0.8466850638863406
merged_106373,k_pneumoniae,growth_inhibition_gt_80,growth_inhibition_gt_20,computed_both_lt_0_9,source_rows,0,32,115,72,43,0.907622739018088,0.8468806820397051
merged_106373,k_pneumoniae,growth_inhibition_gt_80,growth_inhibition_gt_20,computed_both_lt_0_9,unique_consistent_isomeric_molecules,0,32,115,72,43,0.907622739018088,0.8468806820397051
merged_106373,k_pneumoniae,growth_inhibition_gt_80,growth_inhibition_gt_20,computed_100k_lt_1,source_rows,0,32,120,75,45,0.914962962962963,0.8601274781262875
merged_106373,k_pneumoniae,growth_inhibition_gt_80,growth_inhibition_gt_20,computed_100k_lt_1,unique_consistent_isomeric_molecules,0,32,120,75,45,0.914962962962963,0.8601274781262875
merged_106373,k_pneumoniae,growth_inhibition_gt_80,growth_inhibition_gt_20,provided_100k_lt_0_9_known_matches_only,source_rows,0,32,28,16,12,0.7083333333333334,0.7104544291850794
merged_106373,k_pneumoniae,growth_inhibition_gt_80,growth_inhibition_gt_20,provided_100k_lt_0_9_known_matches_only,unique_consistent_isomeric_molecules,0,32,28,16,12,0.7083333333333334,0.7104544291850794
merged_106373,k_pneumoniae,growth_inhibition_gt_80,growth_inhibition_gt_20,provided_39k_lt_0_9_known_matches_only,source_rows,0,32,29,17,12,0.7205882352941178,0.708073476804127
merged_106373,k_pneumoniae,growth_inhibition_gt_80,growth_inhibition_gt_20,provided_39k_lt_0_9_known_matches_only,unique_consistent_isomeric_molecules,0,32,29,17,12,0.7205882352941178,0.708073476804127
merged_106373,k_pneumoniae,growth_inhibition_gt_80,growth_inhibition_gt_20,provided_100k_39k_lt_0_9_abx_lt_0_7_known_matches_only,source_rows,0,32,28,16,12,0.7083333333333334,0.7104544291850794
merged_106373,k_pneumoniae,growth_inhibition_gt_80,growth_inhibition_gt_20,provided_100k_39k_lt_0_9_abx_lt_0_7_known_matches_only,unique_consistent_isomeric_molecules,0,32,28,16,12,0.7083333333333334,0.7104544291850794
merged_106373,k_pneumoniae,growth_inhibition_gt_80,growth_inhibition_gt_50,none,source_rows,0,32,140,103,37,0.8942534767777487,0.7499288215375502
merged_106373,k_pneumoniae,growth_inhibition_gt_80,growth_inhibition_gt_50,none,unique_consistent_isomeric_molecules,0,32,139,102,37,0.8932167461579227,0.7499288215375502
merged_106373,k_pneumoniae,growth_inhibition_gt_80,growth_inhibition_gt_50,computed_100k_lt_0_9,source_rows,0,32,115,81,34,0.879448075526507,0.7437223319816081
merged_106373,k_pneumoniae,growth_inhibition_gt_80,growth_inhibition_gt_50,computed_100k_lt_0_9,unique_consistent_isomeric_molecules,0,32,115,81,34,0.879448075526507,0.7437223319816081
merged_106373,k_pneumoniae,growth_inhibition_gt_80,growth_inhibition_gt_50,computed_39k_lt_0_9,source_rows,0,32,116,82,34,0.8809182209469153,0.7437223319816081
merged_106373,k_pneumoniae,growth_inhibition_gt_80,growth_inhibition_gt_50,computed_39k_lt_0_9,unique_consistent_isomeric_molecules,0,32,116,82,34,0.8809182209469153,0.7437223319816081
merged_106373,k_pneumoniae,growth_inhibition_gt_80,growth_inhibition_gt_50,computed_both_lt_0_9,source_rows,0,32,115,81,34,0.879448075526507,0.7437223319816081
merged_106373,k_pneumoniae,growth_inhibition_gt_80,growth_inhibition_gt_50,computed_both_lt_0_9,unique_consistent_isomeric_molecules,0,32,115,81,34,0.879448075526507,0.7437223319816081
merged_106373,k_pneumoniae,growth_inhibition_gt_80,growth_inhibition_gt_50,computed_100k_lt_1,source_rows,0,32,120,84,36,0.8898809523809523,0.770750470929837
merged_106373,k_pneumoniae,growth_inhibition_gt_80,growth_inhibition_gt_50,computed_100k_lt_1,unique_consistent_isomeric_molecules,0,32,120,84,36,0.8898809523809523,0.770750470929837
merged_106373,k_pneumoniae,growth_inhibition_gt_80,growth_inhibition_gt_50,provided_100k_lt_0_9_known_matches_only,source_rows,0,32,28,18,10,0.7666666666666667,0.7287854251012145
merged_106373,k_pneumoniae,growth_inhibition_gt_80,growth_inhibition_gt_50,provided_100k_lt_0_9_known_matches_only,unique_consistent_isomeric_molecules,0,32,28,18,10,0.7666666666666667,0.7287854251012145
merged_106373,k_pneumoniae,growth_inhibition_gt_80,growth_inhibition_gt_50,provided_39k_lt_0_9_known_matches_only,source_rows,0,32,29,19,10,0.7789473684210527,0.7287854251012145
merged_106373,k_pneumoniae,growth_inhibition_gt_80,growth_inhibition_gt_50,provided_39k_lt_0_9_known_matches_only,unique_consistent_isomeric_molecules,0,32,29,19,10,0.7789473684210527,0.7287854251012145
merged_106373,k_pneumoniae,growth_inhibition_gt_80,growth_inhibition_gt_50,provided_100k_39k_lt_0_9_abx_lt_0_7_known_matches_only,source_rows,0,32,28,18,10,0.7666666666666667,0.7287854251012145
merged_106373,k_pneumoniae,growth_inhibition_gt_80,growth_inhibition_gt_50,provided_100k_39k_lt_0_9_abx_lt_0_7_known_matches_only,unique_consistent_isomeric_molecules,0,32,28,18,10,0.7666666666666667,0.7287854251012145
restricted_43993,e_coli,native,native,none,source_rows,9,33,33,16,17,0.8382352941176471,0.8207106689843262
restricted_43993,e_coli,native,native,none,unique_consistent_isomeric_molecules,9,33,33,16,17,0.8382352941176471,0.8207106689843262
restricted_43993,e_coli,native,native,computed_100k_lt_0_9,source_rows,9,33,27,12,15,0.7555555555555555,0.7391986911723754
restricted_43993,e_coli,native,native,computed_100k_lt_0_9,unique_consistent_isomeric_molecules,9,33,27,12,15,0.7555555555555555,0.7391986911723754
restricted_43993,e_coli,native,native,computed_39k_lt_0_9,source_rows,9,33,28,12,16,0.7708333333333334,0.7878279480882034
restricted_43993,e_coli,native,native,computed_39k_lt_0_9,unique_consistent_isomeric_molecules,9,33,28,12,16,0.7708333333333334,0.7878279480882034
restricted_43993,e_coli,native,native,computed_both_lt_0_9,source_rows,9,33,27,12,15,0.7555555555555555,0.7391986911723754
restricted_43993,e_coli,native,native,computed_both_lt_0_9,unique_consistent_isomeric_molecules,9,33,27,12,15,0.7555555555555555,0.7391986911723754
restricted_43993,e_coli,native,native,computed_100k_lt_1,source_rows,9,33,27,12,15,0.7555555555555555,0.7391986911723754
restricted_43993,e_coli,native,native,computed_100k_lt_1,unique_consistent_isomeric_molecules,9,33,27,12,15,0.7555555555555555,0.7391986911723754
restricted_43993,e_coli,native,native,provided_100k_lt_0_9_known_matches_only,source_rows,9,33,23,8,15,0.675,0.7522398316051567
restricted_43993,e_coli,native,native,provided_100k_lt_0_9_known_matches_only,unique_consistent_isomeric_molecules,9,33,23,8,15,0.675,0.7522398316051567
restricted_43993,e_coli,native,native,provided_39k_lt_0_9_known_matches_only,source_rows,9,33,24,8,16,0.6953125,0.7996603086241243
restricted_43993,e_coli,native,native,provided_39k_lt_0_9_known_matches_only,unique_consistent_isomeric_molecules,9,33,24,8,16,0.6953125,0.7996603086241243
restricted_43993,e_coli,native,native,provided_100k_39k_lt_0_9_abx_lt_0_7_known_matches_only,source_rows,9,33,21,6,15,0.7333333333333334,0.8970056144978745
restricted_43993,e_coli,native,native,provided_100k_39k_lt_0_9_abx_lt_0_7_known_matches_only,unique_consistent_isomeric_molecules,9,33,21,6,15,0.7333333333333334,0.8970056144978745
restricted_43993,e_coli,native,growth_inhibition_gt_20,none,source_rows,9,33,33,15,18,0.8925925925925926,0.9174811869558247
restricted_43993,e_coli,native,growth_inhibition_gt_20,none,unique_consistent_isomeric_molecules,9,33,33,15,18,0.8925925925925926,0.9174811869558247
restricted_43993,e_coli,native,growth_inhibition_gt_20,computed_100k_lt_0_9,source_rows,9,33,27,11,16,0.8352272727272727,0.89625104427736
restricted_43993,e_coli,native,growth_inhibition_gt_20,computed_100k_lt_0_9,unique_consistent_isomeric_molecules,9,33,27,11,16,0.8352272727272727,0.89625104427736
restricted_43993,e_coli,native,growth_inhibition_gt_20,computed_39k_lt_0_9,source_rows,9,33,28,11,17,0.8449197860962566,0.9077843452001165
restricted_43993,e_coli,native,growth_inhibition_gt_20,computed_39k_lt_0_9,unique_consistent_isomeric_molecules,9,33,28,11,17,0.8449197860962566,0.9077843452001165
restricted_43993,e_coli,native,growth_inhibition_gt_20,computed_both_lt_0_9,source_rows,9,33,27,11,16,0.8352272727272727,0.89625104427736
restricted_43993,e_coli,native,growth_inhibition_gt_20,computed_both_lt_0_9,unique_consistent_isomeric_molecules,9,33,27,11,16,0.8352272727272727,0.89625104427736
restricted_43993,e_coli,native,growth_inhibition_gt_20,computed_100k_lt_1,source_rows,9,33,27,11,16,0.8352272727272727,0.89625104427736
restricted_43993,e_coli,native,growth_inhibition_gt_20,computed_100k_lt_1,unique_consistent_isomeric_molecules,9,33,27,11,16,0.8352272727272727,0.89625104427736
restricted_43993,e_coli,native,growth_inhibition_gt_20,provided_100k_lt_0_9_known_matches_only,source_rows,9,33,23,7,16,0.7857142857142857,0.909437810211804
restricted_43993,e_coli,native,growth_inhibition_gt_20,provided_100k_lt_0_9_known_matches_only,unique_consistent_isomeric_molecules,9,33,23,7,16,0.7857142857142857,0.909437810211804
restricted_43993,e_coli,native,growth_inhibition_gt_20,provided_39k_lt_0_9_known_matches_only,source_rows,9,33,24,7,17,0.7983193277310925,0.9197311245685859
restricted_43993,e_coli,native,growth_inhibition_gt_20,provided_39k_lt_0_9_known_matches_only,unique_consistent_isomeric_molecules,9,33,24,7,17,0.7983193277310925,0.9197311245685859
restricted_43993,e_coli,native,growth_inhibition_gt_20,provided_100k_39k_lt_0_9_abx_lt_0_7_known_matches_only,source_rows,9,33,21,6,15,0.7333333333333334,0.8970056144978745
restricted_43993,e_coli,native,growth_inhibition_gt_20,provided_100k_39k_lt_0_9_abx_lt_0_7_known_matches_only,unique_consistent_isomeric_molecules,9,33,21,6,15,0.7333333333333334,0.8970056144978745
restricted_43993,e_coli,native,growth_inhibition_gt_50,none,source_rows,9,33,33,16,17,0.8382352941176471,0.8207106689843262
restricted_43993,e_coli,native,growth_inhibition_gt_50,none,unique_consistent_isomeric_molecules,9,33,33,16,17,0.8382352941176471,0.8207106689843262
restricted_43993,e_coli,native,growth_inhibition_gt_50,computed_100k_lt_0_9,source_rows,9,33,27,12,15,0.7555555555555555,0.7391986911723754
restricted_43993,e_coli,native,growth_inhibition_gt_50,computed_100k_lt_0_9,unique_consistent_isomeric_molecules,9,33,27,12,15,0.7555555555555555,0.7391986911723754
restricted_43993,e_coli,native,growth_inhibition_gt_50,computed_39k_lt_0_9,source_rows,9,33,28,12,16,0.7708333333333334,0.7878279480882034
restricted_43993,e_coli,native,growth_inhibition_gt_50,computed_39k_lt_0_9,unique_consistent_isomeric_molecules,9,33,28,12,16,0.7708333333333334,0.7878279480882034
restricted_43993,e_coli,native,growth_inhibition_gt_50,computed_both_lt_0_9,source_rows,9,33,27,12,15,0.7555555555555555,0.7391986911723754
restricted_43993,e_coli,native,growth_inhibition_gt_50,computed_both_lt_0_9,unique_consistent_isomeric_molecules,9,33,27,12,15,0.7555555555555555,0.7391986911723754
restricted_43993,e_coli,native,growth_inhibition_gt_50,computed_100k_lt_1,source_rows,9,33,27,12,15,0.7555555555555555,0.7391986911723754
restricted_43993,e_coli,native,growth_inhibition_gt_50,computed_100k_lt_1,unique_consistent_isomeric_molecules,9,33,27,12,15,0.7555555555555555,0.7391986911723754
restricted_43993,e_coli,native,growth_inhibition_gt_50,provided_100k_lt_0_9_known_matches_only,source_rows,9,33,23,8,15,0.675,0.7522398316051567
restricted_43993,e_coli,native,growth_inhibition_gt_50,provided_100k_lt_0_9_known_matches_only,unique_consistent_isomeric_molecules,9,33,23,8,15,0.675,0.7522398316051567
restricted_43993,e_coli,native,growth_inhibition_gt_50,provided_39k_lt_0_9_known_matches_only,source_rows,9,33,24,8,16,0.6953125,0.7996603086241243
restricted_43993,e_coli,native,growth_inhibition_gt_50,provided_39k_lt_0_9_known_matches_only,unique_consistent_isomeric_molecules,9,33,24,8,16,0.6953125,0.7996603086241243
restricted_43993,e_coli,native,growth_inhibition_gt_50,provided_100k_39k_lt_0_9_abx_lt_0_7_known_matches_only,source_rows,9,33,21,6,15,0.7333333333333334,0.8970056144978745
restricted_43993,e_coli,native,growth_inhibition_gt_50,provided_100k_39k_lt_0_9_abx_lt_0_7_known_matches_only,unique_consistent_isomeric_molecules,9,33,21,6,15,0.7333333333333334,0.8970056144978745
restricted_43993,e_coli,growth_inhibition_gt_50,native,none,source_rows,9,33,33,16,17,0.8382352941176471,0.8207106689843262
restricted_43993,e_coli,growth_inhibition_gt_50,native,none,unique_consistent_isomeric_molecules,9,33,33,16,17,0.8382352941176471,0.8207106689843262
restricted_43993,e_coli,growth_inhibition_gt_50,native,computed_100k_lt_0_9,source_rows,9,33,27,12,15,0.7555555555555555,0.7391986911723754
restricted_43993,e_coli,growth_inhibition_gt_50,native,computed_100k_lt_0_9,unique_consistent_isomeric_molecules,9,33,27,12,15,0.7555555555555555,0.7391986911723754
restricted_43993,e_coli,growth_inhibition_gt_50,native,computed_39k_lt_0_9,source_rows,9,33,28,12,16,0.7708333333333334,0.7878279480882034
restricted_43993,e_coli,growth_inhibition_gt_50,native,computed_39k_lt_0_9,unique_consistent_isomeric_molecules,9,33,28,12,16,0.7708333333333334,0.7878279480882034
restricted_43993,e_coli,growth_inhibition_gt_50,native,computed_both_lt_0_9,source_rows,9,33,27,12,15,0.7555555555555555,0.7391986911723754
restricted_43993,e_coli,growth_inhibition_gt_50,native,computed_both_lt_0_9,unique_consistent_isomeric_molecules,9,33,27,12,15,0.7555555555555555,0.7391986911723754
restricted_43993,e_coli,growth_inhibition_gt_50,native,computed_100k_lt_1,source_rows,9,33,27,12,15,0.7555555555555555,0.7391986911723754
restricted_43993,e_coli,growth_inhibition_gt_50,native,computed_100k_lt_1,unique_consistent_isomeric_molecules,9,33,27,12,15,0.7555555555555555,0.7391986911723754
restricted_43993,e_coli,growth_inhibition_gt_50,native,provided_100k_lt_0_9_known_matches_only,source_rows,9,33,23,8,15,0.675,0.7522398316051567
restricted_43993,e_coli,growth_inhibition_gt_50,native,provided_100k_lt_0_9_known_matches_only,unique_consistent_isomeric_molecules,9,33,23,8,15,0.675,0.7522398316051567
restricted_43993,e_coli,growth_inhibition_gt_50,native,provided_39k_lt_0_9_known_matches_only,source_rows,9,33,24,8,16,0.6953125,0.7996603086241243
restricted_43993,e_coli,growth_inhibition_gt_50,native,provided_39k_lt_0_9_known_matches_only,unique_consistent_isomeric_molecules,9,33,24,8,16,0.6953125,0.7996603086241243
restricted_43993,e_coli,growth_inhibition_gt_50,native,provided_100k_39k_lt_0_9_abx_lt_0_7_known_matches_only,source_rows,9,33,21,6,15,0.7333333333333334,0.8970056144978745
restricted_43993,e_coli,growth_inhibition_gt_50,native,provided_100k_39k_lt_0_9_abx_lt_0_7_known_matches_only,unique_consistent_isomeric_molecules,9,33,21,6,15,0.7333333333333334,0.8970056144978745
restricted_43993,e_coli,growth_inhibition_gt_50,growth_inhibition_gt_20,none,source_rows,9,33,33,15,18,0.8925925925925926,0.9174811869558247
restricted_43993,e_coli,growth_inhibition_gt_50,growth_inhibition_gt_20,none,unique_consistent_isomeric_molecules,9,33,33,15,18,0.8925925925925926,0.9174811869558247
restricted_43993,e_coli,growth_inhibition_gt_50,growth_inhibition_gt_20,computed_100k_lt_0_9,source_rows,9,33,27,11,16,0.8352272727272727,0.89625104427736
restricted_43993,e_coli,growth_inhibition_gt_50,growth_inhibition_gt_20,computed_100k_lt_0_9,unique_consistent_isomeric_molecules,9,33,27,11,16,0.8352272727272727,0.89625104427736
restricted_43993,e_coli,growth_inhibition_gt_50,growth_inhibition_gt_20,computed_39k_lt_0_9,source_rows,9,33,28,11,17,0.8449197860962566,0.9077843452001165
restricted_43993,e_coli,growth_inhibition_gt_50,growth_inhibition_gt_20,computed_39k_lt_0_9,unique_consistent_isomeric_molecules,9,33,28,11,17,0.8449197860962566,0.9077843452001165
restricted_43993,e_coli,growth_inhibition_gt_50,growth_inhibition_gt_20,computed_both_lt_0_9,source_rows,9,33,27,11,16,0.8352272727272727,0.89625104427736
restricted_43993,e_coli,growth_inhibition_gt_50,growth_inhibition_gt_20,computed_both_lt_0_9,unique_consistent_isomeric_molecules,9,33,27,11,16,0.8352272727272727,0.89625104427736
restricted_43993,e_coli,growth_inhibition_gt_50,growth_inhibition_gt_20,computed_100k_lt_1,source_rows,9,33,27,11,16,0.8352272727272727,0.89625104427736
restricted_43993,e_coli,growth_inhibition_gt_50,growth_inhibition_gt_20,computed_100k_lt_1,unique_consistent_isomeric_molecules,9,33,27,11,16,0.8352272727272727,0.89625104427736
restricted_43993,e_coli,growth_inhibition_gt_50,growth_inhibition_gt_20,provided_100k_lt_0_9_known_matches_only,source_rows,9,33,23,7,16,0.7857142857142857,0.909437810211804
restricted_43993,e_coli,growth_inhibition_gt_50,growth_inhibition_gt_20,provided_100k_lt_0_9_known_matches_only,unique_consistent_isomeric_molecules,9,33,23,7,16,0.7857142857142857,0.909437810211804
restricted_43993,e_coli,growth_inhibition_gt_50,growth_inhibition_gt_20,provided_39k_lt_0_9_known_matches_only,source_rows,9,33,24,7,17,0.7983193277310925,0.9197311245685859
restricted_43993,e_coli,growth_inhibition_gt_50,growth_inhibition_gt_20,provided_39k_lt_0_9_known_matches_only,unique_consistent_isomeric_molecules,9,33,24,7,17,0.7983193277310925,0.9197311245685859
restricted_43993,e_coli,growth_inhibition_gt_50,growth_inhibition_gt_20,provided_100k_39k_lt_0_9_abx_lt_0_7_known_matches_only,source_rows,9,33,21,6,15,0.7333333333333334,0.8970056144978745
restricted_43993,e_coli,growth_inhibition_gt_50,growth_inhibition_gt_20,provided_100k_39k_lt_0_9_abx_lt_0_7_known_matches_only,unique_consistent_isomeric_molecules,9,33,21,6,15,0.7333333333333334,0.8970056144978745
restricted_43993,e_coli,growth_inhibition_gt_50,growth_inhibition_gt_50,none,source_rows,9,33,33,16,17,0.8382352941176471,0.8207106689843262
restricted_43993,e_coli,growth_inhibition_gt_50,growth_inhibition_gt_50,none,unique_consistent_isomeric_molecules,9,33,33,16,17,0.8382352941176471,0.8207106689843262
restricted_43993,e_coli,growth_inhibition_gt_50,growth_inhibition_gt_50,computed_100k_lt_0_9,source_rows,9,33,27,12,15,0.7555555555555555,0.7391986911723754
restricted_43993,e_coli,growth_inhibition_gt_50,growth_inhibition_gt_50,computed_100k_lt_0_9,unique_consistent_isomeric_molecules,9,33,27,12,15,0.7555555555555555,0.7391986911723754
restricted_43993,e_coli,growth_inhibition_gt_50,growth_inhibition_gt_50,computed_39k_lt_0_9,source_rows,9,33,28,12,16,0.7708333333333334,0.7878279480882034
restricted_43993,e_coli,growth_inhibition_gt_50,growth_inhibition_gt_50,computed_39k_lt_0_9,unique_consistent_isomeric_molecules,9,33,28,12,16,0.7708333333333334,0.7878279480882034
restricted_43993,e_coli,growth_inhibition_gt_50,growth_inhibition_gt_50,computed_both_lt_0_9,source_rows,9,33,27,12,15,0.7555555555555555,0.7391986911723754
restricted_43993,e_coli,growth_inhibition_gt_50,growth_inhibition_gt_50,computed_both_lt_0_9,unique_consistent_isomeric_molecules,9,33,27,12,15,0.7555555555555555,0.7391986911723754
restricted_43993,e_coli,growth_inhibition_gt_50,growth_inhibition_gt_50,computed_100k_lt_1,source_rows,9,33,27,12,15,0.7555555555555555,0.7391986911723754
restricted_43993,e_coli,growth_inhibition_gt_50,growth_inhibition_gt_50,computed_100k_lt_1,unique_consistent_isomeric_molecules,9,33,27,12,15,0.7555555555555555,0.7391986911723754
restricted_43993,e_coli,growth_inhibition_gt_50,growth_inhibition_gt_50,provided_100k_lt_0_9_known_matches_only,source_rows,9,33,23,8,15,0.675,0.7522398316051567
restricted_43993,e_coli,growth_inhibition_gt_50,growth_inhibition_gt_50,provided_100k_lt_0_9_known_matches_only,unique_consistent_isomeric_molecules,9,33,23,8,15,0.675,0.7522398316051567
restricted_43993,e_coli,growth_inhibition_gt_50,growth_inhibition_gt_50,provided_39k_lt_0_9_known_matches_only,source_rows,9,33,24,8,16,0.6953125,0.7996603086241243
restricted_43993,e_coli,growth_inhibition_gt_50,growth_inhibition_gt_50,provided_39k_lt_0_9_known_matches_only,unique_consistent_isomeric_molecules,9,33,24,8,16,0.6953125,0.7996603086241243
restricted_43993,e_coli,growth_inhibition_gt_50,growth_inhibition_gt_50,provided_100k_39k_lt_0_9_abx_lt_0_7_known_matches_only,source_rows,9,33,21,6,15,0.7333333333333334,0.8970056144978745
restricted_43993,e_coli,growth_inhibition_gt_50,growth_inhibition_gt_50,provided_100k_39k_lt_0_9_abx_lt_0_7_known_matches_only,unique_consistent_isomeric_molecules,9,33,21,6,15,0.7333333333333334,0.8970056144978745
restricted_43993,e_coli,growth_inhibition_gt_80,native,none,source_rows,6,26,26,13,13,0.8816568047337279,0.8924010629892982
restricted_43993,e_coli,growth_inhibition_gt_80,native,none,unique_consistent_isomeric_molecules,6,26,26,13,13,0.8816568047337279,0.8924010629892982
restricted_43993,e_coli,growth_inhibition_gt_80,native,computed_100k_lt_0_9,source_rows,6,26,21,9,12,0.8148148148148149,0.8743499555999558
restricted_43993,e_coli,growth_inhibition_gt_80,native,computed_100k_lt_0_9,unique_consistent_isomeric_molecules,6,26,21,9,12,0.8148148148148149,0.8743499555999558
restricted_43993,e_coli,growth_inhibition_gt_80,native,computed_39k_lt_0_9,source_rows,6,26,22,9,13,0.8290598290598291,0.892401062989298
restricted_43993,e_coli,growth_inhibition_gt_80,native,computed_39k_lt_0_9,unique_consistent_isomeric_molecules,6,26,22,9,13,0.8290598290598291,0.892401062989298
restricted_43993,e_coli,growth_inhibition_gt_80,native,computed_both_lt_0_9,source_rows,6,26,21,9,12,0.8148148148148149,0.8743499555999558
restricted_43993,e_coli,growth_inhibition_gt_80,native,computed_both_lt_0_9,unique_consistent_isomeric_molecules,6,26,21,9,12,0.8148148148148149,0.8743499555999558
restricted_43993,e_coli,growth_inhibition_gt_80,native,computed_100k_lt_1,source_rows,6,26,21,9,12,0.8148148148148149,0.8743499555999558
restricted_43993,e_coli,growth_inhibition_gt_80,native,computed_100k_lt_1,unique_consistent_isomeric_molecules,6,26,21,9,12,0.8148148148148149,0.8743499555999558
restricted_43993,e_coli,growth_inhibition_gt_80,native,provided_100k_lt_0_9_known_matches_only,source_rows,6,26,17,5,12,0.75,0.8983287545787546
restricted_43993,e_coli,growth_inhibition_gt_80,native,provided_100k_lt_0_9_known_matches_only,unique_consistent_isomeric_molecules,6,26,17,5,12,0.75,0.8983287545787546
restricted_43993,e_coli,growth_inhibition_gt_80,native,provided_39k_lt_0_9_known_matches_only,source_rows,6,26,18,5,13,0.7692307692307692,0.9134242893858278
restricted_43993,e_coli,growth_inhibition_gt_80,native,provided_39k_lt_0_9_known_matches_only,unique_consistent_isomeric_molecules,6,26,18,5,13,0.7692307692307692,0.9134242893858278
restricted_43993,e_coli,growth_inhibition_gt_80,native,provided_100k_39k_lt_0_9_abx_lt_0_7_known_matches_only,source_rows,6,26,17,5,12,0.75,0.8983287545787546
restricted_43993,e_coli,growth_inhibition_gt_80,native,provided_100k_39k_lt_0_9_abx_lt_0_7_known_matches_only,unique_consistent_isomeric_molecules,6,26,17,5,12,0.75,0.8983287545787546
restricted_43993,e_coli,growth_inhibition_gt_80,growth_inhibition_gt_20,none,source_rows,6,26,26,13,13,0.8816568047337279,0.8924010629892982
restricted_43993,e_coli,growth_inhibition_gt_80,growth_inhibition_gt_20,none,unique_consistent_isomeric_molecules,6,26,26,13,13,0.8816568047337279,0.8924010629892982
restricted_43993,e_coli,growth_inhibition_gt_80,growth_inhibition_gt_20,computed_100k_lt_0_9,source_rows,6,26,21,9,12,0.8148148148148149,0.8743499555999558
restricted_43993,e_coli,growth_inhibition_gt_80,growth_inhibition_gt_20,computed_100k_lt_0_9,unique_consistent_isomeric_molecules,6,26,21,9,12,0.8148148148148149,0.8743499555999558
restricted_43993,e_coli,growth_inhibition_gt_80,growth_inhibition_gt_20,computed_39k_lt_0_9,source_rows,6,26,22,9,13,0.8290598290598291,0.892401062989298
restricted_43993,e_coli,growth_inhibition_gt_80,growth_inhibition_gt_20,computed_39k_lt_0_9,unique_consistent_isomeric_molecules,6,26,22,9,13,0.8290598290598291,0.892401062989298
restricted_43993,e_coli,growth_inhibition_gt_80,growth_inhibition_gt_20,computed_both_lt_0_9,source_rows,6,26,21,9,12,0.8148148148148149,0.8743499555999558
restricted_43993,e_coli,growth_inhibition_gt_80,growth_inhibition_gt_20,computed_both_lt_0_9,unique_consistent_isomeric_molecules,6,26,21,9,12,0.8148148148148149,0.8743499555999558
restricted_43993,e_coli,growth_inhibition_gt_80,growth_inhibition_gt_20,computed_100k_lt_1,source_rows,6,26,21,9,12,0.8148148148148149,0.8743499555999558
restricted_43993,e_coli,growth_inhibition_gt_80,growth_inhibition_gt_20,computed_100k_lt_1,unique_consistent_isomeric_molecules,6,26,21,9,12,0.8148148148148149,0.8743499555999558
restricted_43993,e_coli,growth_inhibition_gt_80,growth_inhibition_gt_20,provided_100k_lt_0_9_known_matches_only,source_rows,6,26,17,5,12,0.75,0.8983287545787546
restricted_43993,e_coli,growth_inhibition_gt_80,growth_inhibition_gt_20,provided_100k_lt_0_9_known_matches_only,unique_consistent_isomeric_molecules,6,26,17,5,12,0.75,0.8983287545787546
restricted_43993,e_coli,growth_inhibition_gt_80,growth_inhibition_gt_20,provided_39k_lt_0_9_known_matches_only,source_rows,6,26,18,5,13,0.7692307692307692,0.9134242893858278
restricted_43993,e_coli,growth_inhibition_gt_80,growth_inhibition_gt_20,provided_39k_lt_0_9_known_matches_only,unique_consistent_isomeric_molecules,6,26,18,5,13,0.7692307692307692,0.9134242893858278
restricted_43993,e_coli,growth_inhibition_gt_80,growth_inhibition_gt_20,provided_100k_39k_lt_0_9_abx_lt_0_7_known_matches_only,source_rows,6,26,17,5,12,0.75,0.8983287545787546
restricted_43993,e_coli,growth_inhibition_gt_80,growth_inhibition_gt_20,provided_100k_39k_lt_0_9_abx_lt_0_7_known_matches_only,unique_consistent_isomeric_molecules,6,26,17,5,12,0.75,0.8983287545787546
restricted_43993,e_coli,growth_inhibition_gt_80,growth_inhibition_gt_50,none,source_rows,6,26,26,13,13,0.8816568047337279,0.8924010629892982
restricted_43993,e_coli,growth_inhibition_gt_80,growth_inhibition_gt_50,none,unique_consistent_isomeric_molecules,6,26,26,13,13,0.8816568047337279,0.8924010629892982
restricted_43993,e_coli,growth_inhibition_gt_80,growth_inhibition_gt_50,computed_100k_lt_0_9,source_rows,6,26,21,9,12,0.8148148148148149,0.8743499555999558
restricted_43993,e_coli,growth_inhibition_gt_80,growth_inhibition_gt_50,computed_100k_lt_0_9,unique_consistent_isomeric_molecules,6,26,21,9,12,0.8148148148148149,0.8743499555999558
restricted_43993,e_coli,growth_inhibition_gt_80,growth_inhibition_gt_50,computed_39k_lt_0_9,source_rows,6,26,22,9,13,0.8290598290598291,0.892401062989298
restricted_43993,e_coli,growth_inhibition_gt_80,growth_inhibition_gt_50,computed_39k_lt_0_9,unique_consistent_isomeric_molecules,6,26,22,9,13,0.8290598290598291,0.892401062989298
restricted_43993,e_coli,growth_inhibition_gt_80,growth_inhibition_gt_50,computed_both_lt_0_9,source_rows,6,26,21,9,12,0.8148148148148149,0.8743499555999558
restricted_43993,e_coli,growth_inhibition_gt_80,growth_inhibition_gt_50,computed_both_lt_0_9,unique_consistent_isomeric_molecules,6,26,21,9,12,0.8148148148148149,0.8743499555999558
restricted_43993,e_coli,growth_inhibition_gt_80,growth_inhibition_gt_50,computed_100k_lt_1,source_rows,6,26,21,9,12,0.8148148148148149,0.8743499555999558
restricted_43993,e_coli,growth_inhibition_gt_80,growth_inhibition_gt_50,computed_100k_lt_1,unique_consistent_isomeric_molecules,6,26,21,9,12,0.8148148148148149,0.8743499555999558
restricted_43993,e_coli,growth_inhibition_gt_80,growth_inhibition_gt_50,provided_100k_lt_0_9_known_matches_only,source_rows,6,26,17,5,12,0.75,0.8983287545787546
restricted_43993,e_coli,growth_inhibition_gt_80,growth_inhibition_gt_50,provided_100k_lt_0_9_known_matches_only,unique_consistent_isomeric_molecules,6,26,17,5,12,0.75,0.8983287545787546
restricted_43993,e_coli,growth_inhibition_gt_80,growth_inhibition_gt_50,provided_39k_lt_0_9_known_matches_only,source_rows,6,26,18,5,13,0.7692307692307692,0.9134242893858278
restricted_43993,e_coli,growth_inhibition_gt_80,growth_inhibition_gt_50,provided_39k_lt_0_9_known_matches_only,unique_consistent_isomeric_molecules,6,26,18,5,13,0.7692307692307692,0.9134242893858278
restricted_43993,e_coli,growth_inhibition_gt_80,growth_inhibition_gt_50,provided_100k_39k_lt_0_9_abx_lt_0_7_known_matches_only,source_rows,6,26,17,5,12,0.75,0.8983287545787546
restricted_43993,e_coli,growth_inhibition_gt_80,growth_inhibition_gt_50,provided_100k_39k_lt_0_9_abx_lt_0_7_known_matches_only,unique_consistent_isomeric_molecules,6,26,17,5,12,0.75,0.8983287545787546
restricted_43993,k_pneumoniae,native,native,none,source_rows,7,68,68,45,23,0.8859903381642512,0.8093684181336223
restricted_43993,k_pneumoniae,native,native,none,unique_consistent_isomeric_molecules,7,68,68,45,23,0.8859903381642512,0.8093684181336223
restricted_43993,k_pneumoniae,native,native,computed_100k_lt_0_9,source_rows,7,68,59,37,22,0.8636363636363636,0.7944218369193741
restricted_43993,k_pneumoniae,native,native,computed_100k_lt_0_9,unique_consistent_isomeric_molecules,7,68,59,37,22,0.8636363636363636,0.7944218369193741
restricted_43993,k_pneumoniae,native,native,computed_39k_lt_0_9,source_rows,7,68,59,37,22,0.8636363636363636,0.7944218369193741
restricted_43993,k_pneumoniae,native,native,computed_39k_lt_0_9,unique_consistent_isomeric_molecules,7,68,59,37,22,0.8636363636363636,0.7944218369193741
restricted_43993,k_pneumoniae,native,native,computed_both_lt_0_9,source_rows,7,68,59,37,22,0.8636363636363636,0.7944218369193741
restricted_43993,k_pneumoniae,native,native,computed_both_lt_0_9,unique_consistent_isomeric_molecules,7,68,59,37,22,0.8636363636363636,0.7944218369193741
restricted_43993,k_pneumoniae,native,native,computed_100k_lt_1,source_rows,7,68,59,37,22,0.8636363636363636,0.7944218369193741
restricted_43993,k_pneumoniae,native,native,computed_100k_lt_1,unique_consistent_isomeric_molecules,7,68,59,37,22,0.8636363636363636,0.7944218369193741
restricted_43993,k_pneumoniae,native,native,provided_100k_lt_0_9_known_matches_only,source_rows,7,68,55,33,22,0.8539944903581267,0.7978540731355253
restricted_43993,k_pneumoniae,native,native,provided_100k_lt_0_9_known_matches_only,unique_consistent_isomeric_molecules,7,68,55,33,22,0.8539944903581267,0.7978540731355253
restricted_43993,k_pneumoniae,native,native,provided_39k_lt_0_9_known_matches_only,source_rows,7,68,55,33,22,0.8539944903581267,0.7978540731355253
restricted_43993,k_pneumoniae,native,native,provided_39k_lt_0_9_known_matches_only,unique_consistent_isomeric_molecules,7,68,55,33,22,0.8539944903581267,0.7978540731355253
restricted_43993,k_pneumoniae,native,native,provided_100k_39k_lt_0_9_abx_lt_0_7_known_matches_only,source_rows,7,68,51,31,20,0.8612903225806451,0.8503116200560257
restricted_43993,k_pneumoniae,native,native,provided_100k_39k_lt_0_9_abx_lt_0_7_known_matches_only,unique_consistent_isomeric_molecules,7,68,51,31,20,0.8612903225806451,0.8503116200560257
restricted_43993,k_pneumoniae,native,growth_inhibition_gt_20,none,source_rows,7,68,68,42,26,0.9075091575091575,0.8912876125898632
restricted_43993,k_pneumoniae,native,growth_inhibition_gt_20,none,unique_consistent_isomeric_molecules,7,68,68,42,26,0.9075091575091575,0.8912876125898632
restricted_43993,k_pneumoniae,native,growth_inhibition_gt_20,computed_100k_lt_0_9,source_rows,7,68,59,34,25,0.8905882352941177,0.8908561625852649
restricted_43993,k_pneumoniae,native,growth_inhibition_gt_20,computed_100k_lt_0_9,unique_consistent_isomeric_molecules,7,68,59,34,25,0.8905882352941177,0.8908561625852649
restricted_43993,k_pneumoniae,native,growth_inhibition_gt_20,computed_39k_lt_0_9,source_rows,7,68,59,34,25,0.8905882352941177,0.8908561625852649
restricted_43993,k_pneumoniae,native,growth_inhibition_gt_20,computed_39k_lt_0_9,unique_consistent_isomeric_molecules,7,68,59,34,25,0.8905882352941177,0.8908561625852649
restricted_43993,k_pneumoniae,native,growth_inhibition_gt_20,computed_both_lt_0_9,source_rows,7,68,59,34,25,0.8905882352941177,0.8908561625852649
restricted_43993,k_pneumoniae,native,growth_inhibition_gt_20,computed_both_lt_0_9,unique_consistent_isomeric_molecules,7,68,59,34,25,0.8905882352941177,0.8908561625852649
restricted_43993,k_pneumoniae,native,growth_inhibition_gt_20,computed_100k_lt_1,source_rows,7,68,59,34,25,0.8905882352941177,0.8908561625852649
restricted_43993,k_pneumoniae,native,growth_inhibition_gt_20,computed_100k_lt_1,unique_consistent_isomeric_molecules,7,68,59,34,25,0.8905882352941177,0.8908561625852649
restricted_43993,k_pneumoniae,native,growth_inhibition_gt_20,provided_100k_lt_0_9_known_matches_only,source_rows,7,68,55,30,25,0.884,0.8949611708636478
restricted_43993,k_pneumoniae,native,growth_inhibition_gt_20,provided_100k_lt_0_9_known_matches_only,unique_consistent_isomeric_molecules,7,68,55,30,25,0.884,0.8949611708636478
restricted_43993,k_pneumoniae,native,growth_inhibition_gt_20,provided_39k_lt_0_9_known_matches_only,source_rows,7,68,55,30,25,0.884,0.8949611708636478
restricted_43993,k_pneumoniae,native,growth_inhibition_gt_20,provided_39k_lt_0_9_known_matches_only,unique_consistent_isomeric_molecules,7,68,55,30,25,0.884,0.8949611708636478
restricted_43993,k_pneumoniae,native,growth_inhibition_gt_20,provided_100k_39k_lt_0_9_abx_lt_0_7_known_matches_only,source_rows,7,68,51,29,22,0.8636363636363635,0.8676357138003655
restricted_43993,k_pneumoniae,native,growth_inhibition_gt_20,provided_100k_39k_lt_0_9_abx_lt_0_7_known_matches_only,unique_consistent_isomeric_molecules,7,68,51,29,22,0.8636363636363635,0.8676357138003655
restricted_43993,k_pneumoniae,native,growth_inhibition_gt_50,none,source_rows,7,68,68,44,24,0.8958333333333333,0.8282241588661262
restricted_43993,k_pneumoniae,native,growth_inhibition_gt_50,none,unique_consistent_isomeric_molecules,7,68,68,44,24,0.8958333333333333,0.8282241588661262
restricted_43993,k_pneumoniae,native,growth_inhibition_gt_50,computed_100k_lt_0_9,source_rows,7,68,59,36,23,0.8756038647342995,0.8155177419311219
restricted_43993,k_pneumoniae,native,growth_inhibition_gt_50,computed_100k_lt_0_9,unique_consistent_isomeric_molecules,7,68,59,36,23,0.8756038647342995,0.8155177419311219
restricted_43993,k_pneumoniae,native,growth_inhibition_gt_50,computed_39k_lt_0_9,source_rows,7,68,59,36,23,0.8756038647342995,0.8155177419311219
restricted_43993,k_pneumoniae,native,growth_inhibition_gt_50,computed_39k_lt_0_9,unique_consistent_isomeric_molecules,7,68,59,36,23,0.8756038647342995,0.8155177419311219
restricted_43993,k_pneumoniae,native,growth_inhibition_gt_50,computed_both_lt_0_9,source_rows,7,68,59,36,23,0.8756038647342995,0.8155177419311219
restricted_43993,k_pneumoniae,native,growth_inhibition_gt_50,computed_both_lt_0_9,unique_consistent_isomeric_molecules,7,68,59,36,23,0.8756038647342995,0.8155177419311219
restricted_43993,k_pneumoniae,native,growth_inhibition_gt_50,computed_100k_lt_1,source_rows,7,68,59,36,23,0.8756038647342995,0.8155177419311219
restricted_43993,k_pneumoniae,native,growth_inhibition_gt_50,computed_100k_lt_1,unique_consistent_isomeric_molecules,7,68,59,36,23,0.8756038647342995,0.8155177419311219
restricted_43993,k_pneumoniae,native,growth_inhibition_gt_50,provided_100k_lt_0_9_known_matches_only,source_rows,7,68,55,32,23,0.8668478260869565,0.8189665910447644
restricted_43993,k_pneumoniae,native,growth_inhibition_gt_50,provided_100k_lt_0_9_known_matches_only,unique_consistent_isomeric_molecules,7,68,55,32,23,0.8668478260869565,0.8189665910447644
restricted_43993,k_pneumoniae,native,growth_inhibition_gt_50,provided_39k_lt_0_9_known_matches_only,source_rows,7,68,55,32,23,0.8668478260869565,0.8189665910447644
restricted_43993,k_pneumoniae,native,growth_inhibition_gt_50,provided_39k_lt_0_9_known_matches_only,unique_consistent_isomeric_molecules,7,68,55,32,23,0.8668478260869565,0.8189665910447644
restricted_43993,k_pneumoniae,native,growth_inhibition_gt_50,provided_100k_39k_lt_0_9_abx_lt_0_7_known_matches_only,source_rows,7,68,51,30,21,0.8777777777777778,0.8765940348834742
restricted_43993,k_pneumoniae,native,growth_inhibition_gt_50,provided_100k_39k_lt_0_9_abx_lt_0_7_known_matches_only,unique_consistent_isomeric_molecules,7,68,51,30,21,0.8777777777777778,0.8765940348834742
restricted_43993,k_pneumoniae,growth_inhibition_gt_50,native,none,source_rows,7,66,66,44,22,0.884297520661157,0.8021990278305363
restricted_43993,k_pneumoniae,growth_inhibition_gt_50,native,none,unique_consistent_isomeric_molecules,7,66,66,44,22,0.884297520661157,0.8021990278305363
restricted_43993,k_pneumoniae,growth_inhibition_gt_50,native,computed_100k_lt_0_9,source_rows,7,66,57,36,21,0.861111111111111,0.7863941399864343
restricted_43993,k_pneumoniae,growth_inhibition_gt_50,native,computed_100k_lt_0_9,unique_consistent_isomeric_molecules,7,66,57,36,21,0.861111111111111,0.7863941399864343
restricted_43993,k_pneumoniae,growth_inhibition_gt_50,native,computed_39k_lt_0_9,source_rows,7,66,57,36,21,0.861111111111111,0.7863941399864343
restricted_43993,k_pneumoniae,growth_inhibition_gt_50,native,computed_39k_lt_0_9,unique_consistent_isomeric_molecules,7,66,57,36,21,0.861111111111111,0.7863941399864343
restricted_43993,k_pneumoniae,growth_inhibition_gt_50,native,computed_both_lt_0_9,source_rows,7,66,57,36,21,0.861111111111111,0.7863941399864343
restricted_43993,k_pneumoniae,growth_inhibition_gt_50,native,computed_both_lt_0_9,unique_consistent_isomeric_molecules,7,66,57,36,21,0.861111111111111,0.7863941399864343
restricted_43993,k_pneumoniae,growth_inhibition_gt_50,native,computed_100k_lt_1,source_rows,7,66,57,36,21,0.861111111111111,0.7863941399864343
restricted_43993,k_pneumoniae,growth_inhibition_gt_50,native,computed_100k_lt_1,unique_consistent_isomeric_molecules,7,66,57,36,21,0.861111111111111,0.7863941399864343
restricted_43993,k_pneumoniae,growth_inhibition_gt_50,native,provided_100k_lt_0_9_known_matches_only,source_rows,7,66,53,32,21,0.8511904761904762,0.7902205872794108
restricted_43993,k_pneumoniae,growth_inhibition_gt_50,native,provided_100k_lt_0_9_known_matches_only,unique_consistent_isomeric_molecules,7,66,53,32,21,0.8511904761904762,0.7902205872794108
restricted_43993,k_pneumoniae,growth_inhibition_gt_50,native,provided_39k_lt_0_9_known_matches_only,source_rows,7,66,53,32,21,0.8511904761904762,0.7902205872794108
restricted_43993,k_pneumoniae,growth_inhibition_gt_50,native,provided_39k_lt_0_9_known_matches_only,unique_consistent_isomeric_molecules,7,66,53,32,21,0.8511904761904762,0.7902205872794108
restricted_43993,k_pneumoniae,growth_inhibition_gt_50,native,provided_100k_39k_lt_0_9_abx_lt_0_7_known_matches_only,source_rows,7,66,49,30,19,0.8578947368421053,0.84050704649549
restricted_43993,k_pneumoniae,growth_inhibition_gt_50,native,provided_100k_39k_lt_0_9_abx_lt_0_7_known_matches_only,unique_consistent_isomeric_molecules,7,66,49,30,19,0.8578947368421053,0.84050704649549
restricted_43993,k_pneumoniae,growth_inhibition_gt_50,growth_inhibition_gt_20,none,source_rows,7,66,66,41,25,0.9073170731707316,0.8873164040981378
restricted_43993,k_pneumoniae,growth_inhibition_gt_50,growth_inhibition_gt_20,none,unique_consistent_isomeric_molecules,7,66,66,41,25,0.9073170731707316,0.8873164040981378
restricted_43993,k_pneumoniae,growth_inhibition_gt_50,growth_inhibition_gt_20,computed_100k_lt_0_9,source_rows,7,66,57,33,24,0.8901515151515151,0.8869145103220492
restricted_43993,k_pneumoniae,growth_inhibition_gt_50,growth_inhibition_gt_20,computed_100k_lt_0_9,unique_consistent_isomeric_molecules,7,66,57,33,24,0.8901515151515151,0.8869145103220492
restricted_43993,k_pneumoniae,growth_inhibition_gt_50,growth_inhibition_gt_20,computed_39k_lt_0_9,source_rows,7,66,57,33,24,0.8901515151515151,0.8869145103220492
restricted_43993,k_pneumoniae,growth_inhibition_gt_50,growth_inhibition_gt_20,computed_39k_lt_0_9,unique_consistent_isomeric_molecules,7,66,57,33,24,0.8901515151515151,0.8869145103220492
restricted_43993,k_pneumoniae,growth_inhibition_gt_50,growth_inhibition_gt_20,computed_both_lt_0_9,source_rows,7,66,57,33,24,0.8901515151515151,0.8869145103220492
restricted_43993,k_pneumoniae,growth_inhibition_gt_50,growth_inhibition_gt_20,computed_both_lt_0_9,unique_consistent_isomeric_molecules,7,66,57,33,24,0.8901515151515151,0.8869145103220492
restricted_43993,k_pneumoniae,growth_inhibition_gt_50,growth_inhibition_gt_20,computed_100k_lt_1,source_rows,7,66,57,33,24,0.8901515151515151,0.8869145103220492
restricted_43993,k_pneumoniae,growth_inhibition_gt_50,growth_inhibition_gt_20,computed_100k_lt_1,unique_consistent_isomeric_molecules,7,66,57,33,24,0.8901515151515151,0.8869145103220492
restricted_43993,k_pneumoniae,growth_inhibition_gt_50,growth_inhibition_gt_20,provided_100k_lt_0_9_known_matches_only,source_rows,7,66,53,29,24,0.8836206896551724,0.8914929838643073
restricted_43993,k_pneumoniae,growth_inhibition_gt_50,growth_inhibition_gt_20,provided_100k_lt_0_9_known_matches_only,unique_consistent_isomeric_molecules,7,66,53,29,24,0.8836206896551724,0.8914929838643073
restricted_43993,k_pneumoniae,growth_inhibition_gt_50,growth_inhibition_gt_20,provided_39k_lt_0_9_known_matches_only,source_rows,7,66,53,29,24,0.8836206896551724,0.8914929838643073
restricted_43993,k_pneumoniae,growth_inhibition_gt_50,growth_inhibition_gt_20,provided_39k_lt_0_9_known_matches_only,unique_consistent_isomeric_molecules,7,66,53,29,24,0.8836206896551724,0.8914929838643073
restricted_43993,k_pneumoniae,growth_inhibition_gt_50,growth_inhibition_gt_20,provided_100k_39k_lt_0_9_abx_lt_0_7_known_matches_only,source_rows,7,66,49,28,21,0.8622448979591837,0.8613975883782945
restricted_43993,k_pneumoniae,growth_inhibition_gt_50,growth_inhibition_gt_20,provided_100k_39k_lt_0_9_abx_lt_0_7_known_matches_only,unique_consistent_isomeric_molecules,7,66,49,28,21,0.8622448979591837,0.8613975883782945
restricted_43993,k_pneumoniae,growth_inhibition_gt_50,growth_inhibition_gt_50,none,source_rows,7,66,66,43,23,0.8948432760364003,0.8227482688412827
restricted_43993,k_pneumoniae,growth_inhibition_gt_50,growth_inhibition_gt_50,none,unique_consistent_isomeric_molecules,7,66,66,43,23,0.8948432760364003,0.8227482688412827
restricted_43993,k_pneumoniae,growth_inhibition_gt_50,growth_inhibition_gt_50,computed_100k_lt_0_9,source_rows,7,66,57,35,22,0.874025974025974,0.8094839653449823
restricted_43993,k_pneumoniae,growth_inhibition_gt_50,growth_inhibition_gt_50,computed_100k_lt_0_9,unique_consistent_isomeric_molecules,7,66,57,35,22,0.874025974025974,0.8094839653449823
restricted_43993,k_pneumoniae,growth_inhibition_gt_50,growth_inhibition_gt_50,computed_39k_lt_0_9,source_rows,7,66,57,35,22,0.874025974025974,0.8094839653449823
restricted_43993,k_pneumoniae,growth_inhibition_gt_50,growth_inhibition_gt_50,computed_39k_lt_0_9,unique_consistent_isomeric_molecules,7,66,57,35,22,0.874025974025974,0.8094839653449823
restricted_43993,k_pneumoniae,growth_inhibition_gt_50,growth_inhibition_gt_50,computed_both_lt_0_9,source_rows,7,66,57,35,22,0.874025974025974,0.8094839653449823
restricted_43993,k_pneumoniae,growth_inhibition_gt_50,growth_inhibition_gt_50,computed_both_lt_0_9,unique_consistent_isomeric_molecules,7,66,57,35,22,0.874025974025974,0.8094839653449823
restricted_43993,k_pneumoniae,growth_inhibition_gt_50,growth_inhibition_gt_50,computed_100k_lt_1,source_rows,7,66,57,35,22,0.874025974025974,0.8094839653449823
restricted_43993,k_pneumoniae,growth_inhibition_gt_50,growth_inhibition_gt_50,computed_100k_lt_1,unique_consistent_isomeric_molecules,7,66,57,35,22,0.874025974025974,0.8094839653449823
restricted_43993,k_pneumoniae,growth_inhibition_gt_50,growth_inhibition_gt_50,provided_100k_lt_0_9_known_matches_only,source_rows,7,66,53,31,22,0.8651026392961877,0.8133309321979106
restricted_43993,k_pneumoniae,growth_inhibition_gt_50,growth_inhibition_gt_50,provided_100k_lt_0_9_known_matches_only,unique_consistent_isomeric_molecules,7,66,53,31,22,0.8651026392961877,0.8133309321979106
restricted_43993,k_pneumoniae,growth_inhibition_gt_50,growth_inhibition_gt_50,provided_39k_lt_0_9_known_matches_only,source_rows,7,66,53,31,22,0.8651026392961877,0.8133309321979106
restricted_43993,k_pneumoniae,growth_inhibition_gt_50,growth_inhibition_gt_50,provided_39k_lt_0_9_known_matches_only,unique_consistent_isomeric_molecules,7,66,53,31,22,0.8651026392961877,0.8133309321979106
restricted_43993,k_pneumoniae,growth_inhibition_gt_50,growth_inhibition_gt_50,provided_100k_39k_lt_0_9_abx_lt_0_7_known_matches_only,source_rows,7,66,49,29,20,0.8758620689655171,0.8699192280467636
restricted_43993,k_pneumoniae,growth_inhibition_gt_50,growth_inhibition_gt_50,provided_100k_39k_lt_0_9_abx_lt_0_7_known_matches_only,unique_consistent_isomeric_molecules,7,66,49,29,20,0.8758620689655171,0.8699192280467636
restricted_43993,k_pneumoniae,growth_inhibition_gt_80,native,none,source_rows,7,54,54,36,18,0.8981481481481481,0.8207077671158131
restricted_43993,k_pneumoniae,growth_inhibition_gt_80,native,none,unique_consistent_isomeric_molecules,7,54,54,36,18,0.8981481481481481,0.8207077671158131
restricted_43993,k_pneumoniae,growth_inhibition_gt_80,native,computed_100k_lt_0_9,source_rows,7,54,46,29,17,0.8661257606490873,0.7949965486101829
restricted_43993,k_pneumoniae,growth_inhibition_gt_80,native,computed_100k_lt_0_9,unique_consistent_isomeric_molecules,7,54,46,29,17,0.8661257606490873,0.7949965486101829
restricted_43993,k_pneumoniae,growth_inhibition_gt_80,native,computed_39k_lt_0_9,source_rows,7,54,46,29,17,0.8661257606490873,0.7949965486101829
restricted_43993,k_pneumoniae,growth_inhibition_gt_80,native,computed_39k_lt_0_9,unique_consistent_isomeric_molecules,7,54,46,29,17,0.8661257606490873,0.7949965486101829
restricted_43993,k_pneumoniae,growth_inhibition_gt_80,native,computed_both_lt_0_9,source_rows,7,54,46,29,17,0.8661257606490873,0.7949965486101829
restricted_43993,k_pneumoniae,growth_inhibition_gt_80,native,computed_both_lt_0_9,unique_consistent_isomeric_molecules,7,54,46,29,17,0.8661257606490873,0.7949965486101829
restricted_43993,k_pneumoniae,growth_inhibition_gt_80,native,computed_100k_lt_1,source_rows,7,54,46,29,17,0.8661257606490873,0.7949965486101829
restricted_43993,k_pneumoniae,growth_inhibition_gt_80,native,computed_100k_lt_1,unique_consistent_isomeric_molecules,7,54,46,29,17,0.8661257606490873,0.7949965486101829
restricted_43993,k_pneumoniae,growth_inhibition_gt_80,native,provided_100k_lt_0_9_known_matches_only,source_rows,7,54,42,25,17,0.8564705882352941,0.8017331087024182
restricted_43993,k_pneumoniae,growth_inhibition_gt_80,native,provided_100k_lt_0_9_known_matches_only,unique_consistent_isomeric_molecules,7,54,42,25,17,0.8564705882352941,0.8017331087024182
restricted_43993,k_pneumoniae,growth_inhibition_gt_80,native,provided_39k_lt_0_9_known_matches_only,source_rows,7,54,42,25,17,0.8564705882352941,0.8017331087024182
restricted_43993,k_pneumoniae,growth_inhibition_gt_80,native,provided_39k_lt_0_9_known_matches_only,unique_consistent_isomeric_molecules,7,54,42,25,17,0.8564705882352941,0.8017331087024182
restricted_43993,k_pneumoniae,growth_inhibition_gt_80,native,provided_100k_39k_lt_0_9_abx_lt_0_7_known_matches_only,source_rows,7,54,38,23,15,0.8666666666666667,0.8618332062039156
restricted_43993,k_pneumoniae,growth_inhibition_gt_80,native,provided_100k_39k_lt_0_9_abx_lt_0_7_known_matches_only,unique_consistent_isomeric_molecules,7,54,38,23,15,0.8666666666666667,0.8618332062039156
restricted_43993,k_pneumoniae,growth_inhibition_gt_80,growth_inhibition_gt_20,none,source_rows,7,54,54,34,20,0.9161764705882351,0.8941771188581535
restricted_43993,k_pneumoniae,growth_inhibition_gt_80,growth_inhibition_gt_20,none,unique_consistent_isomeric_molecules,7,54,54,34,20,0.9161764705882351,0.8941771188581535
restricted_43993,k_pneumoniae,growth_inhibition_gt_80,growth_inhibition_gt_20,computed_100k_lt_0_9,source_rows,7,54,46,27,19,0.8888888888888888,0.8842818336028306
restricted_43993,k_pneumoniae,growth_inhibition_gt_80,growth_inhibition_gt_20,computed_100k_lt_0_9,unique_consistent_isomeric_molecules,7,54,46,27,19,0.8888888888888888,0.8842818336028306
restricted_43993,k_pneumoniae,growth_inhibition_gt_80,growth_inhibition_gt_20,computed_39k_lt_0_9,source_rows,7,54,46,27,19,0.8888888888888888,0.8842818336028306
restricted_43993,k_pneumoniae,growth_inhibition_gt_80,growth_inhibition_gt_20,computed_39k_lt_0_9,unique_consistent_isomeric_molecules,7,54,46,27,19,0.8888888888888888,0.8842818336028306
restricted_43993,k_pneumoniae,growth_inhibition_gt_80,growth_inhibition_gt_20,computed_both_lt_0_9,source_rows,7,54,46,27,19,0.8888888888888888,0.8842818336028306
restricted_43993,k_pneumoniae,growth_inhibition_gt_80,growth_inhibition_gt_20,computed_both_lt_0_9,unique_consistent_isomeric_molecules,7,54,46,27,19,0.8888888888888888,0.8842818336028306
restricted_43993,k_pneumoniae,growth_inhibition_gt_80,growth_inhibition_gt_20,computed_100k_lt_1,source_rows,7,54,46,27,19,0.8888888888888888,0.8842818336028306
restricted_43993,k_pneumoniae,growth_inhibition_gt_80,growth_inhibition_gt_20,computed_100k_lt_1,unique_consistent_isomeric_molecules,7,54,46,27,19,0.8888888888888888,0.8842818336028306
restricted_43993,k_pneumoniae,growth_inhibition_gt_80,growth_inhibition_gt_20,provided_100k_lt_0_9_known_matches_only,source_rows,7,54,42,23,19,0.8832951945080092,0.8923309718504226
restricted_43993,k_pneumoniae,growth_inhibition_gt_80,growth_inhibition_gt_20,provided_100k_lt_0_9_known_matches_only,unique_consistent_isomeric_molecules,7,54,42,23,19,0.8832951945080092,0.8923309718504226
restricted_43993,k_pneumoniae,growth_inhibition_gt_80,growth_inhibition_gt_20,provided_39k_lt_0_9_known_matches_only,source_rows,7,54,42,23,19,0.8832951945080092,0.8923309718504226
restricted_43993,k_pneumoniae,growth_inhibition_gt_80,growth_inhibition_gt_20,provided_39k_lt_0_9_known_matches_only,unique_consistent_isomeric_molecules,7,54,42,23,19,0.8832951945080092,0.8923309718504226
restricted_43993,k_pneumoniae,growth_inhibition_gt_80,growth_inhibition_gt_20,provided_100k_39k_lt_0_9_abx_lt_0_7_known_matches_only,source_rows,7,54,38,22,16,0.8551136363636362,0.8544806649776615
restricted_43993,k_pneumoniae,growth_inhibition_gt_80,growth_inhibition_gt_20,provided_100k_39k_lt_0_9_abx_lt_0_7_known_matches_only,unique_consistent_isomeric_molecules,7,54,38,22,16,0.8551136363636362,0.8544806649776615
restricted_43993,k_pneumoniae,growth_inhibition_gt_80,growth_inhibition_gt_50,none,source_rows,7,54,54,36,18,0.8981481481481481,0.8207077671158131
restricted_43993,k_pneumoniae,growth_inhibition_gt_80,growth_inhibition_gt_50,none,unique_consistent_isomeric_molecules,7,54,54,36,18,0.8981481481481481,0.8207077671158131
restricted_43993,k_pneumoniae,growth_inhibition_gt_80,growth_inhibition_gt_50,computed_100k_lt_0_9,source_rows,7,54,46,29,17,0.8661257606490873,0.7949965486101829
restricted_43993,k_pneumoniae,growth_inhibition_gt_80,growth_inhibition_gt_50,computed_100k_lt_0_9,unique_consistent_isomeric_molecules,7,54,46,29,17,0.8661257606490873,0.7949965486101829
restricted_43993,k_pneumoniae,growth_inhibition_gt_80,growth_inhibition_gt_50,computed_39k_lt_0_9,source_rows,7,54,46,29,17,0.8661257606490873,0.7949965486101829
restricted_43993,k_pneumoniae,growth_inhibition_gt_80,growth_inhibition_gt_50,computed_39k_lt_0_9,unique_consistent_isomeric_molecules,7,54,46,29,17,0.8661257606490873,0.7949965486101829
restricted_43993,k_pneumoniae,growth_inhibition_gt_80,growth_inhibition_gt_50,computed_both_lt_0_9,source_rows,7,54,46,29,17,0.8661257606490873,0.7949965486101829
restricted_43993,k_pneumoniae,growth_inhibition_gt_80,growth_inhibition_gt_50,computed_both_lt_0_9,unique_consistent_isomeric_molecules,7,54,46,29,17,0.8661257606490873,0.7949965486101829
restricted_43993,k_pneumoniae,growth_inhibition_gt_80,growth_inhibition_gt_50,computed_100k_lt_1,source_rows,7,54,46,29,17,0.8661257606490873,0.7949965486101829
restricted_43993,k_pneumoniae,growth_inhibition_gt_80,growth_inhibition_gt_50,computed_100k_lt_1,unique_consistent_isomeric_molecules,7,54,46,29,17,0.8661257606490873,0.7949965486101829
restricted_43993,k_pneumoniae,growth_inhibition_gt_80,growth_inhibition_gt_50,provided_100k_lt_0_9_known_matches_only,source_rows,7,54,42,25,17,0.8564705882352941,0.8017331087024182
restricted_43993,k_pneumoniae,growth_inhibition_gt_80,growth_inhibition_gt_50,provided_100k_lt_0_9_known_matches_only,unique_consistent_isomeric_molecules,7,54,42,25,17,0.8564705882352941,0.8017331087024182
restricted_43993,k_pneumoniae,growth_inhibition_gt_80,growth_inhibition_gt_50,provided_39k_lt_0_9_known_matches_only,source_rows,7,54,42,25,17,0.8564705882352941,0.8017331087024182
restricted_43993,k_pneumoniae,growth_inhibition_gt_80,growth_inhibition_gt_50,provided_39k_lt_0_9_known_matches_only,unique_consistent_isomeric_molecules,7,54,42,25,17,0.8564705882352941,0.8017331087024182
restricted_43993,k_pneumoniae,growth_inhibition_gt_80,growth_inhibition_gt_50,provided_100k_39k_lt_0_9_abx_lt_0_7_known_matches_only,source_rows,7,54,38,23,15,0.8666666666666667,0.8618332062039156
restricted_43993,k_pneumoniae,growth_inhibition_gt_80,growth_inhibition_gt_50,provided_100k_39k_lt_0_9_abx_lt_0_7_known_matches_only,unique_consistent_isomeric_molecules,7,54,38,23,15,0.8666666666666667,0.8618332062039156
