source,source_id,source_rows,smiles,canonical_isomeric_smiles,toxicity_label,safetynet_score,organism,antibacterial_inhibition,toxicity_endpoint,toxicity_rule,antibacterial_rule,supplied_glaxo,supplied_dundee,supplied_bms,supplied_surechembl,supplied_mlsmr,supplied_inpharmatica,supplied_lint,antibacterial_source_rows,antibacterial_distinct_facts,antibacterial_hit_consensus,standardized_structure_join_agrees,antibacterial_concentration,cc50_reported,cc50_unit,toxicity_target_concentration,toxicity_target_unit,cc50_classification_reason,whole_form_molecular_weight_for_conversion,dmax_reported,hepg2_broad_id,hepg2_dose_reported,hepg2_screen,reported_pair_tanimoto,pair_matching_rule,contributing_source_ids,contributing_sources,contributing_source_rows,merged_record_count
ecbd,ecbd_row_790,790,C/C(=C\C(=O)OCCCCCCCCC(=O)O)C[C@@H]1OC[C@H](C[C@@H]2O[C@H]2[C@@H](C)[C@H](C)O)[C@@H](O)[C@H]1O,C/C(=C\C(=O)OCCCCCCCCC(=O)O)C[C@@H]1OC[C@H](C[C@@H]2O[C@H]2[C@@H](C)[C@H](C)O)[C@@H](O)[C@H]1O,1.0,0.018656209,e_coli,99.48,HepG2 supplied binary label,HepG2_Binarized_Toxicity,supplied_binary_hit,1.0,1.0,1.0,1.0,1.0,1.0,1.0,,,,,,,,,,,,,,,,,,,,,
ecbd,ecbd_row_1809,1809,CO/N=C(\C(=O)N[C@@H]1C(=O)N2C(C(=O)[O-])=C(COC(C)=O)CS[C@H]12)c1csc(N)n1.[Na+],CO/N=C(\C(=O)N[C@@H]1C(=O)N2C(C(=O)[O-])=C(COC(C)=O)CS[C@H]12)c1csc(N)n1.[Na+],0.0,0.014961366,e_coli,99.67,HepG2 supplied binary label,HepG2_Binarized_Toxicity,supplied_binary_hit,1.0,1.0,1.0,1.0,1.0,1.0,1.0,,,,,,,,,,,,,,,,,,,,,
ecbd,ecbd_row_1812,1812,CO/N=C1\CN(c2nc3c(cc2F)c(=O)c(C(=O)O)cn3C2CC2)CC1CN.CS(=O)(=O)O,CO/N=C1\CN(c2nc3c(cc2F)c(=O)c(C(=O)O)cn3C2CC2)CC1CN.CS(=O)(=O)O,0.0,0.052044305,e_coli,99.57,HepG2 supplied binary label,HepG2_Binarized_Toxicity,supplied_binary_hit,0.0,1.0,0.0,1.0,1.0,1.0,1.0,,,,,,,,,,,,,,,,,,,,,
ecbd,ecbd_row_2291,2291,CCCCCCCCCCCCC/C=C/[C@@H](O)[C@@H](N)CO,CCCCCCCCCCCCC/C=C/[C@@H](O)[C@@H](N)CO,1.0,0.531493172,e_coli,98.84,HepG2 supplied binary label,HepG2_Binarized_Toxicity,supplied_binary_hit,1.0,1.0,1.0,0.0,1.0,1.0,1.0,,,,,,,,,,,,,,,,,,,,,
ecbd,ecbd_row_2299,2299,CCCCCCCCc1ccc(CCC(N)(CO)CO)cc1.Cl,CCCCCCCCc1ccc(CCC(N)(CO)CO)cc1.Cl,1.0,0.564338195,e_coli,99.44,HepG2 supplied binary label,HepG2_Binarized_Toxicity,supplied_binary_hit,1.0,1.0,0.0,0.0,1.0,0.0,1.0,,,,,,,,,,,,,,,,,,,,,
ecbd,ecbd_row_2680,2680,C[C@H]1[C@H](NC(=O)/C(=N\OC(C)(C)C(=O)O)c2csc(N)n2)C(=O)N1S(=O)(=O)O,C[C@H]1[C@H](NC(=O)/C(=N\OC(C)(C)C(=O)O)c2csc(N)n2)C(=O)N1S(=O)(=O)O,0.0,0.091054512,e_coli,99.42,HepG2 supplied binary label,HepG2_Binarized_Toxicity,supplied_binary_hit,1.0,1.0,1.0,1.0,1.0,1.0,1.0,,,,,,,,,,,,,,,,,,,,,
ecbd,ecbd_row_2821,2821,Cc1c(CN(C)C(=O)/C=C/C2=CNC3=NC(=O)CCC3=C2)oc2ccccc12,Cc1c(CN(C)C(=O)/C=C/C2=CNC3=NC(=O)CCC3=C2)oc2ccccc12,0.0,0.148573697,e_coli,99.66,HepG2 supplied binary label,HepG2_Binarized_Toxicity,supplied_binary_hit,0.0,1.0,0.0,0.0,1.0,1.0,1.0,,,,,,,,,,,,,,,,,,,,,
ecbd,ecbd_row_4186,4186,N=C(NCCCCCCNC(=N)NC(=N)Nc1ccc(Cl)cc1)NC(=N)Nc1ccc(Cl)cc1,N=C(NCCCCCCNC(=N)NC(=N)Nc1ccc(Cl)cc1)NC(=N)Nc1ccc(Cl)cc1,1.0,0.721367578,e_coli,99.61,HepG2 supplied binary label,HepG2_Binarized_Toxicity,supplied_binary_hit,0.0,1.0,0.0,1.0,1.0,0.0,1.0,,,,,,,,,,,,,,,,,,,,,
ecbd,ecbd_row_4973,4973,Cc1cc(Nc2ccc(NC(=O)c3ccc(Nc4ccnc5ccccc45)cc3)cc2)nc(N)n1,Cc1cc(Nc2ccc(NC(=O)c3ccc(Nc4ccnc5ccccc45)cc3)cc2)nc(N)n1,1.0,0.818577175,e_coli,97.51,HepG2 supplied binary label,HepG2_Binarized_Toxicity,supplied_binary_hit,0.0,0.0,0.0,0.0,0.0,0.0,1.0,,,,,,,,,,,,,,,,,,,,,
ecbd,ecbd_row_5528,5528,CO[C@@]1(NC(=O)Cc2cccs2)C(=O)N2C(C(=O)[O-])=C(COC(N)=O)CS[C@@H]21.[Na+],CO[C@@]1(NC(=O)Cc2cccs2)C(=O)N2C(C(=O)[O-])=C(COC(N)=O)CS[C@@H]21.[Na+],0.0,0.016948503,e_coli,99.57,HepG2 supplied binary label,HepG2_Binarized_Toxicity,supplied_binary_hit,1.0,1.0,1.0,0.0,1.0,1.0,1.0,,,,,,,,,,,,,,,,,,,,,
ecbd,ecbd_row_5532,5532,CO[C@H]1/C=C/O[C@@]2(C)Oc3c(C)c(O)c4c(O)c(c(/C=N/N5CCN(C)CC5)c(O)c4c3C2=O)NC(=O)/C(C)=C/C=C/[C@H](C)[C@H](O)[C@@H](C)[C@@H](O)[C@@H](C)[C@H](OC(C)=O)[C@@H]1C,CO[C@H]1/C=C/O[C@@]2(C)Oc3c(C)c(O)c4c(O)c(c(/C=N/N5CCN(C)CC5)c(O)c4c3C2=O)NC(=O)/C(C)=C/C=C/[C@H](C)[C@H](O)[C@@H](C)[C@@H](O)[C@@H](C)[C@H](OC(C)=O)[C@@H]1C,0.0,0.101131159,e_coli,96.94,HepG2 supplied binary label,HepG2_Binarized_Toxicity,supplied_binary_hit,0.0,1.0,0.0,0.0,1.0,1.0,1.0,,,,,,,,,,,,,,,,,,,,,
ecbd,ecbd_row_5671,5671,COc1cc(Cc2ccc(N)nc2N)cc(OC)c1OC,COc1cc(Cc2ccc(N)nc2N)cc(OC)c1OC,0.0,0.291652835,e_coli,98.63,HepG2 supplied binary label,HepG2_Binarized_Toxicity,supplied_binary_hit,0.0,0.0,0.0,0.0,0.0,0.0,1.0,,,,,,,,,,,,,,,,,,,,,
ecbd,ecbd_row_5672,5672,COc1cc(Cc2cnc(N)nc2N)cc(OC)c1OC,COc1cc(Cc2cnc(N)nc2N)cc(OC)c1OC,0.0,0.400610457,e_coli,99.6,HepG2 supplied binary label,HepG2_Binarized_Toxicity,supplied_binary_hit,0.0,0.0,0.0,0.0,0.0,0.0,1.0,,,,,,,,,,,,,,,,,,,,,
ecbd,ecbd_row_5694,5694,COc1cc(NCc2ccc3nc(N)nc(N)c3c2C)cc(OC)c1OC,COc1cc(NCc2ccc3nc(N)nc(N)c3c2C)cc(OC)c1OC,1.0,0.74457763,e_coli,99.44,HepG2 supplied binary label,HepG2_Binarized_Toxicity,supplied_binary_hit,0.0,0.0,0.0,0.0,0.0,0.0,1.0,,,,,,,,,,,,,,,,,,,,,
ecbd,ecbd_row_6165,6165,O=[N+]([O-])c1ccc(O)c2ncccc12,O=[N+]([O-])c1ccc(O)c2ncccc12,1.0,0.243174952,e_coli,99.45,HepG2 supplied binary label,HepG2_Binarized_Toxicity,supplied_binary_hit,0.0,1.0,0.0,0.0,1.0,0.0,1.0,,,,,,,,,,,,,,,,,,,,,
ecbd,ecbd_row_6168,6168,O=[N+]([O-])c1ccc(Sc2cccc[n+]2[O-])c2nonc12,O=[N+]([O-])c1ccc(Sc2cccc[n+]2[O-])c2nonc12,1.0,0.955252048,e_coli,99.17,HepG2 supplied binary label,HepG2_Binarized_Toxicity,supplied_binary_hit,0.0,1.0,0.0,1.0,1.0,0.0,1.0,,,,,,,,,,,,,,,,,,,,,
ecbd,ecbd_row_6310,6310,Oc1c(Cl)cc(Cl)c(Cl)c1Cc1c(O)c(Cl)cc(Cl)c1Cl,Oc1c(Cl)cc(Cl)c(Cl)c1Cc1c(O)c(Cl)cc(Cl)c1Cl,1.0,0.327870878,e_coli,99.48,HepG2 supplied binary label,HepG2_Binarized_Toxicity,supplied_binary_hit,0.0,1.0,1.0,1.0,0.0,0.0,1.0,,,,,,,,,,,,,,,,,,,,,
ecbd,ecbd_row_6312,6312,Oc1c(I)cc(Cl)c2cccnc12,Oc1c(I)cc(Cl)c2cccnc12,0.0,0.622475068,e_coli,84.91,HepG2 supplied binary label,HepG2_Binarized_Toxicity,supplied_binary_hit,0.0,1.0,0.0,0.0,1.0,0.0,1.0,,,,,,,,,,,,,,,,,,,,,
ecbd,ecbd_row_6335,6335,[Cl-].c1ccc2c(c1)[I+]c1ccccc1-2,[Cl-].c1ccc2c(c1)[I+]c1ccccc1-2,1.0,0.701124397,e_coli,99.58,HepG2 supplied binary label,HepG2_Binarized_Toxicity,supplied_binary_hit,1.0,1.0,1.0,0.0,1.0,1.0,1.0,,,,,,,,,,,,,,,,,,,,,
ecbd,ecbd_row_6338,6338,[O-][n+]1ccccc1S,[O-][n+]1ccccc1S,1.0,0.105469545,e_coli,99.28,HepG2 supplied binary label,HepG2_Binarized_Toxicity,supplied_binary_hit,1.0,1.0,0.0,0.0,1.0,1.0,1.0,,,,,,,,,,,,,,,,,,,,,
ecbd,ecbd_row_6919,6919,COc1ccc(Cc2cnc(N)nc2N)cc1OC,COc1ccc(Cc2cnc(N)nc2N)cc1OC,0.0,0.187827127,e_coli,99.07,HepG2 supplied binary label,HepG2_Binarized_Toxicity,supplied_binary_hit,0.0,0.0,0.0,0.0,0.0,0.0,1.0,,,,,,,,,,,,,,,,,,,,,
ecbd,ecbd_row_7370,7370,Cl.Cl.O=S(=O)(NCCNC/C=C/c1ccc(Br)cc1)c1cccc2cnccc12,Cl.Cl.O=S(=O)(NCCNC/C=C/c1ccc(Br)cc1)c1cccc2cnccc12,1.0,0.714294362,e_coli,95.09,HepG2 supplied binary label,HepG2_Binarized_Toxicity,supplied_binary_hit,0.0,1.0,0.0,1.0,1.0,0.0,1.0,,,,,,,,,,,,,,,,,,,,,
ecbd,ecbd_row_7586,7586,Cc1ccc(OCCCCn2ccnc2)cc1.O=C(O)C(=O)O,Cc1ccc(OCCCCn2ccnc2)cc1.O=C(O)C(=O)O,0.0,0.096547221,e_coli,86.61,HepG2 supplied binary label,HepG2_Binarized_Toxicity,supplied_binary_hit,0.0,1.0,1.0,0.0,1.0,1.0,1.0,,,,,,,,,,,,,,,,,,,,,
ecbd,ecbd_row_7861,7861,Cc1cn([C@H]2C[C@@H](N=[N+]=[N-])[C@@H](CO)O2)c(=O)[nH]c1=O,Cc1cn([C@H]2C[C@@H](N=[N+]=[N-])[C@@H](CO)O2)c(=O)[nH]c1=O,0.0,0.047781061,e_coli,97.48,HepG2 supplied binary label,HepG2_Binarized_Toxicity,supplied_binary_hit,0.0,1.0,1.0,0.0,1.0,1.0,1.0,,,,,,,,,,,,,,,,,,,,,
ecbd,ecbd_row_10208,10208,COc1cccc(NC(=O)CSc2nc3cc(OC)ccc3[nH]2)c1,COc1cccc(NC(=O)CSc2nc3cc(OC)ccc3[nH]2)c1,0.0,0.171154858,e_coli,97.87,HepG2 supplied binary label,HepG2_Binarized_Toxicity,supplied_binary_hit,0.0,0.0,0.0,0.0,0.0,0.0,0.0,,,,,,,,,,,,,,,,,,,,,
ecbd,ecbd_row_11039,11039,COc1ccccc1CC(=O)Nc1cc(Cl)ccc1OC,COc1ccccc1CC(=O)Nc1cc(Cl)ccc1OC,0.0,0.115260754,e_coli,98.24,HepG2 supplied binary label,HepG2_Binarized_Toxicity,supplied_binary_hit,0.0,0.0,0.0,0.0,0.0,0.0,0.0,,,,,,,,,,,,,,,,,,,,,
ecbd,ecbd_row_17304,17304,CCn1cc(C(=O)Nc2cnc3c(cnn3C(C)C)c2)c(=O)c2ccc(C)nc21,CCn1cc(C(=O)Nc2cnc3c(cnn3C(C)C)c2)c(=O)c2ccc(C)nc21,0.0,0.213201143,e_coli,88.73,HepG2 supplied binary label,HepG2_Binarized_Toxicity,supplied_binary_hit,0.0,0.0,0.0,0.0,0.0,1.0,0.0,,,,,,,,,,,,,,,,,,,,,
ecbd,ecbd_row_17311,17311,CCn1cc(C(=O)O)c(=O)c2cc(F)c(N3CCNCC3)cc21,CCn1cc(C(=O)O)c(=O)c2cc(F)c(N3CCNCC3)cc21,0.0,0.056780262,e_coli,99.61,HepG2 supplied binary label,HepG2_Binarized_Toxicity,supplied_binary_hit,0.0,0.0,0.0,0.0,0.0,1.0,0.0,,,,,,,,,,,,,,,,,,,,,
ecbd,ecbd_row_17312,17312,CCn1cc(C(=O)O)c(=O)c2ccc(C)nc21,CCn1cc(C(=O)O)c(=O)c2ccc(C)nc21,0.0,0.035800822,e_coli,99.48,HepG2 supplied binary label,HepG2_Binarized_Toxicity,supplied_binary_hit,0.0,0.0,0.0,0.0,0.0,1.0,0.0,,,,,,,,,,,,,,,,,,,,,
ecbd,ecbd_row_19883,19883,CN(C)[C@@H]1C(O)=C(C(N)=O)C(=O)[C@@]2(O)C(O)=C3C(=O)c4c(O)ccc(Cl)c4[C@@](C)(O)[C@H]3C[C@@H]12.Cl,CN(C)[C@@H]1C(O)=C(C(N)=O)C(=O)[C@@]2(O)C(O)=C3C(=O)c4c(O)ccc(Cl)c4[C@@](C)(O)[C@H]3C[C@@H]12.Cl,0.0,0.148625731,e_coli,99.48,HepG2 supplied binary label,HepG2_Binarized_Toxicity,supplied_binary_hit,0.0,1.0,0.0,0.0,1.0,0.0,0.0,,,,,,,,,,,,,,,,,,,,,
ecbd,ecbd_row_20384,20384,C=C1c2cccc(O)c2C(=O)C2=C(O)[C@]3(O)C(=O)C(C(N)=O)=C(O)[C@@H](N(C)C)[C@@H]3[C@@H](O)[C@H]12.Cl,C=C1c2cccc(O)c2C(=O)C2=C(O)[C@]3(O)C(=O)C(C(N)=O)=C(O)[C@@H](N(C)C)[C@@H]3[C@@H](O)[C@H]12.Cl,0.0,0.076621639,e_coli,99.57,HepG2 supplied binary label,HepG2_Binarized_Toxicity,supplied_binary_hit,0.0,1.0,0.0,1.0,1.0,0.0,0.0,,,,,,,,,,,,,,,,,,,,,
ecbd,ecbd_row_21031,21031,CC(=O)N1CCN(c2cc3c(cc2F)c(=O)c(C(=O)NCc2ccc(F)cc2)cn3C2CC2)CC1,CC(=O)N1CCN(c2cc3c(cc2F)c(=O)c(C(=O)NCc2ccc(F)cc2)cn3C2CC2)CC1,0.0,0.146454445,e_coli,98.89,HepG2 supplied binary label,HepG2_Binarized_Toxicity,supplied_binary_hit,0.0,0.0,0.0,0.0,0.0,1.0,0.0,,,,,,,,,,,,,,,,,,,,,
ecbd,ecbd_row_24083,24083,CC(C)(Cc1ccc2ccccc2c1)NC[C@@H](O)COc1cccc(Cl)c1C#N.Cl,CC(C)(Cc1ccc2ccccc2c1)NC[C@@H](O)COc1cccc(Cl)c1C#N.Cl,1.0,0.495702018,e_coli,93.51,HepG2 supplied binary label,HepG2_Binarized_Toxicity,supplied_binary_hit,0.0,0.0,0.0,0.0,1.0,0.0,0.0,,,,,,,,,,,,,,,,,,,,,
ecbd,ecbd_row_25059,25059,CC(C)CNC(=O)c1ccccc1NS(=O)(=O)c1ccc(F)cc1,CC(C)CNC(=O)c1ccccc1NS(=O)(=O)c1ccc(F)cc1,0.0,0.281103763,e_coli,97.71,HepG2 supplied binary label,HepG2_Binarized_Toxicity,supplied_binary_hit,0.0,0.0,0.0,0.0,1.0,0.0,0.0,,,,,,,,,,,,,,,,,,,,,
ecbd,ecbd_row_28183,28183,CN1CCCN(C(=O)c2cccc(-c3ccc(/C=C4/C(=O)Nc5ccc(Cl)cc54)o3)c2)CC1,CN1CCCN(C(=O)c2cccc(-c3ccc(/C=C4/C(=O)Nc5ccc(Cl)cc54)o3)c2)CC1,1.0,0.72429953,e_coli,88.59,HepG2 supplied binary label,HepG2_Binarized_Toxicity,supplied_binary_hit,0.0,1.0,0.0,0.0,1.0,1.0,0.0,,,,,,,,,,,,,,,,,,,,,
ecbd,ecbd_row_29177,29177,CNC(=O)N1CCc2cc(S(=O)(=O)Nc3cccc(Cl)c3)ccc21,CNC(=O)N1CCc2cc(S(=O)(=O)Nc3cccc(Cl)c3)ccc21,0.0,0.287132747,e_coli,99.5,HepG2 supplied binary label,HepG2_Binarized_Toxicity,supplied_binary_hit,0.0,0.0,0.0,0.0,1.0,0.0,0.0,,,,,,,,,,,,,,,,,,,,,
ecbd,ecbd_row_34668,34668,CC1(C)C[C@@H]2C[C@@](C)(CN2Cc2cc3n(n2)CCCNC3)C1,CC1(C)C[C@@H]2C[C@@](C)(CN2Cc2cc3n(n2)CCCNC3)C1,0.0,0.109252726,e_coli,96.15,HepG2 supplied binary label,HepG2_Binarized_Toxicity,supplied_binary_hit,0.0,0.0,0.0,0.0,0.0,0.0,0.0,,,,,,,,,,,,,,,,,,,,,
ecbd,ecbd_row_35940,35940,CCC(=O)Nc1ccc(NC(=O)c2ccco2)c(C)c1,CCC(=O)Nc1ccc(NC(=O)c2ccco2)c(C)c1,0.0,0.060616854,e_coli,97.87,HepG2 supplied binary label,HepG2_Binarized_Toxicity,supplied_binary_hit,0.0,0.0,0.0,0.0,0.0,0.0,0.0,,,,,,,,,,,,,,,,,,,,,
ecbd,ecbd_row_38229,38229,C[C@@H](O)[C@H]1C(=O)N2C(C(=O)O)=C(S[C@@H]3CN[C@H](C(=O)N(C)C)C3)[C@H](C)[C@H]12.O.O.O,C[C@@H](O)[C@H]1C(=O)N2C(C(=O)O)=C(S[C@@H]3CN[C@H](C(=O)N(C)C)C3)[C@H](C)[C@H]12.O.O.O,0.0,0.048974445,e_coli,99.57,HepG2 supplied binary label,HepG2_Binarized_Toxicity,supplied_binary_hit,1.0,0.0,1.0,0.0,1.0,1.0,0.0,,,,,,,,,,,,,,,,,,,,,
ecbd,ecbd_row_41762,41762,Cc1c(Cl)sn(-c2ccc(Cl)cc2)c1=O,Cc1c(Cl)sn(-c2ccc(Cl)cc2)c1=O,1.0,0.666155288,e_coli,99.69,HepG2 supplied binary label,HepG2_Binarized_Toxicity,supplied_binary_hit,0.0,0.0,0.0,0.0,0.0,0.0,0.0,,,,,,,,,,,,,,,,,,,,,
ecbd,ecbd_row_56731,56731,Cn1nnnc1SCC1=C(C(=O)O)N2C(=O)C(NC(=O)C(O)c3ccccc3)C2SC1,Cn1nnnc1SCC1=C(C(=O)O)N2C(=O)C(NC(=O)C(O)c3ccccc3)C2SC1,0.0,0.026306072,e_coli,99.59,HepG2 supplied binary label,HepG2_Binarized_Toxicity,supplied_binary_hit,1.0,0.0,1.0,0.0,1.0,1.0,0.0,,,,,,,,,,,,,,,,,,,,,
ecbd,ecbd_row_58591,58591,NC1CCN(c2c(F)cc3c(=O)c(C(=O)O)cn(C4CC4)c3c2Cl)C1,NC1CCN(c2c(F)cc3c(=O)c(C(=O)O)cn(C4CC4)c3c2Cl)C1,0.0,0.050090607,e_coli,99.74,HepG2 supplied binary label,HepG2_Binarized_Toxicity,supplied_binary_hit,0.0,0.0,0.0,0.0,0.0,1.0,0.0,,,,,,,,,,,,,,,,,,,,,
ecbd,ecbd_row_65911,65911,Cc1ccc(OC(C)C(=O)N2CCN(C)CC2)cc1C,Cc1ccc(OC(C)C(=O)N2CCN(C)CC2)cc1C,0.0,0.03813167,e_coli,99.37,HepG2 supplied binary label,HepG2_Binarized_Toxicity,supplied_binary_hit,0.0,0.0,0.0,0.0,0.0,0.0,0.0,,,,,,,,,,,,,,,,,,,,,
ecbd,ecbd_row_69443,69443,COc1c(N2CCNC(C)C2)c(F)cc2c(=O)c(C(=O)O)cn(C3CC3)c12,COc1c(N2CCNC(C)C2)c(F)cc2c(=O)c(C(=O)O)cn(C3CC3)c12,0.0,0.035786184,e_coli,99.67,HepG2 supplied binary label,HepG2_Binarized_Toxicity,supplied_binary_hit,0.0,0.0,0.0,0.0,0.0,1.0,0.0,,,,,,,,,,,,,,,,,,,,,
ecbd,ecbd_row_69444,69444,COc1c(N2C[C@@H]3CCCN[C@@H]3C2)c(F)cc2c(=O)c(C(=O)O)cn(C3CC3)c12,COc1c(N2C[C@@H]3CCCN[C@@H]3C2)c(F)cc2c(=O)c(C(=O)O)cn(C3CC3)c12,0.0,0.039395282,e_coli,99.71,HepG2 supplied binary label,HepG2_Binarized_Toxicity,supplied_binary_hit,0.0,0.0,0.0,0.0,0.0,1.0,0.0,,,,,,,,,,,,,,,,,,,,,
ecbd,ecbd_row_72399,72399,O=C(O)c1cn(C2CC2)c2cc(N3CCNCC3)c(F)cc2c1=O,O=C(O)c1cn(C2CC2)c2cc(N3CCNCC3)c(F)cc2c1=O,0.0,0.047912761,e_coli,99.61,HepG2 supplied binary label,HepG2_Binarized_Toxicity,supplied_binary_hit,0.0,0.0,0.0,0.0,0.0,1.0,0.0,,,,,,,,,,,,,,,,,,,,,
ecbd,ecbd_row_72406,72406,O=C(Oc1c(Cl)cc(Cl)c2cccnc12)c1ccco1,O=C(Oc1c(Cl)cc(Cl)c2cccnc12)c1ccco1,1.0,0.712555802,e_coli,98.85,HepG2 supplied binary label,HepG2_Binarized_Toxicity,supplied_binary_hit,0.0,1.0,0.0,1.0,1.0,0.0,0.0,,,,,,,,,,,,,,,,,,,,,
ecbd,ecbd_row_73705,73705,O=C(c1cccs1)c1no[n+]([O-])c1C(=O)c1cccs1,O=C(c1cccs1)c1no[n+]([O-])c1C(=O)c1cccs1,1.0,0.730715892,e_coli,99.64,HepG2 supplied binary label,HepG2_Binarized_Toxicity,supplied_binary_hit,0.0,1.0,0.0,0.0,1.0,0.0,0.0,,,,,,,,,,,,,,,,,,,,,
ecbd,ecbd_row_74624,74624,O=C1CC[C@H](Nc2ncnc3ccc(F)cc23)CCN1,O=C1CC[C@H](Nc2ncnc3ccc(F)cc23)CCN1,0.0,0.111442143,e_coli,102.78,HepG2 supplied binary label,HepG2_Binarized_Toxicity,supplied_binary_hit,0.0,0.0,0.0,0.0,0.0,0.0,0.0,,,,,,,,,,,,,,,,,,,,,
ecbd,ecbd_row_76375,76375,O=c1c2ccccc2sn1CN1CCN(c2ccc(C(F)(F)F)cn2)CC1,O=c1c2ccccc2sn1CN1CCN(c2ccc(C(F)(F)F)cn2)CC1,1.0,0.686454332,e_coli,103.2,HepG2 supplied binary label,HepG2_Binarized_Toxicity,supplied_binary_hit,0.0,0.0,0.0,0.0,0.0,0.0,0.0,,,,,,,,,,,,,,,,,,,,,
ecbd,ecbd_row_76996,76996,Oc1c(Cl)cc(Cl)c2cccnc12,Oc1c(Cl)cc(Cl)c2cccnc12,0.0,0.518876143,e_coli,98.7,HepG2 supplied binary label,HepG2_Binarized_Toxicity,supplied_binary_hit,0.0,0.0,0.0,0.0,0.0,0.0,0.0,,,,,,,,,,,,,,,,,,,,,
ecbd,ecbd_row_77002,77002,Oc1cc(Cl)ccc1Oc1ccc(Cl)cc1Cl,Oc1cc(Cl)ccc1Oc1ccc(Cl)cc1Cl,1.0,0.168898715,e_coli,99.72,HepG2 supplied binary label,HepG2_Binarized_Toxicity,supplied_binary_hit,0.0,0.0,0.0,0.0,0.0,0.0,0.0,,,,,,,,,,,,,,,,,,,,,
ecbd,ecbd_row_77500,77500,CCN1CCN(C(=O)N[C@@H](C(=O)N[C@@H]2C(=O)N3[C@@H](C(=O)[O-])C(C)(C)S[C@H]23)c2ccccc2)C(=O)C1=O.[Na+],CCN1CCN(C(=O)N[C@@H](C(=O)N[C@@H]2C(=O)N3[C@@H]2SC(C)(C)[C@@H]3C(=O)[O-])c2ccccc2)C(=O)C1=O.[Na+],0.0,0.0212983,e_coli,99.41,HepG2 supplied binary label,HepG2_Binarized_Toxicity,supplied_binary_hit,1.0,1.0,1.0,0.0,1.0,1.0,0.0,,,,,,,,,,,,,,,,,,,,,
ecbd,ecbd_row_77638,77638,CCN1CCN(S(=O)(=O)c2cc(OC)ccc2OC)CC1,CCN1CCN(S(=O)(=O)c2cc(OC)ccc2OC)CC1,0.0,0.060932947,e_coli,97.14,HepG2 supplied binary label,HepG2_Binarized_Toxicity,supplied_binary_hit,0.0,0.0,0.0,0.0,1.0,0.0,0.0,,,,,,,,,,,,,,,,,,,,,
ecbd,ecbd_row_80330,80330,CCOc1ccc(N(CC(=O)N2CCC(C(N)=O)CC2)S(=O)(=O)c2ccc(Cl)cc2)cc1,CCOc1ccc(N(CC(=O)N2CCC(C(N)=O)CC2)S(=O)(=O)c2ccc(Cl)cc2)cc1,0.0,0.13473332,e_coli,92.81,HepG2 supplied binary label,HepG2_Binarized_Toxicity,supplied_binary_hit,0.0,0.0,0.0,0.0,1.0,0.0,0.0,,,,,,,,,,,,,,,,,,,,,
ecbd,ecbd_row_80334,80334,CCOc1ccc(N(CC(=O)N2CCN(c3ccccc3OC)CC2)S(C)(=O)=O)cc1,CCOc1ccc(N(CC(=O)N2CCN(c3ccccc3OC)CC2)S(C)(=O)=O)cc1,0.0,0.12393778,e_coli,97.69,HepG2 supplied binary label,HepG2_Binarized_Toxicity,supplied_binary_hit,0.0,0.0,0.0,0.0,1.0,0.0,0.0,,,,,,,,,,,,,,,,,,,,,
ecbd,ecbd_row_83563,83563,COc1ccc(-c2n[nH]c3c2C(c2ccc(O)c(OC)c2)NC3=O)cc1,COc1ccc(-c2n[nH]c3c2C(c2ccc(O)c(OC)c2)NC3=O)cc1,0.0,0.276657357,e_coli,87.98,HepG2 supplied binary label,HepG2_Binarized_Toxicity,supplied_binary_hit,0.0,0.0,0.0,0.0,0.0,0.0,0.0,,,,,,,,,,,,,,,,,,,,,
ecbd,ecbd_row_88639,88639,COc1ccc(OC)c(NC(=O)N(C)Cc2cccc3cnccc23)c1,COc1ccc(OC)c(NC(=O)N(C)Cc2cccc3cnccc23)c1,0.0,0.267407345,e_coli,96.91,HepG2 supplied binary label,HepG2_Binarized_Toxicity,supplied_binary_hit,0.0,0.0,0.0,0.0,0.0,0.0,0.0,,,,,,,,,,,,,,,,,,,,,
ecbd,ecbd_row_88943,88943,COc1ccc(OCC(=O)N2CCN(S(=O)(=O)c3ccc(Cl)cc3)CC2)cc1,COc1ccc(OCC(=O)N2CCN(S(=O)(=O)c3ccc(Cl)cc3)CC2)cc1,0.0,0.088801662,e_coli,84.12,HepG2 supplied binary label,HepG2_Binarized_Toxicity,supplied_binary_hit,0.0,0.0,0.0,0.0,1.0,0.0,0.0,,,,,,,,,,,,,,,,,,,,,
ecbd,ecbd_row_90370,90370,Cc1nc2c(=O)n(C)c(=O)nc-2n(C)n1,Cc1nc2c(=O)n(C)c(=O)nc-2n(C)n1,1.0,0.397572077,e_coli,99.35,HepG2 supplied binary label,HepG2_Binarized_Toxicity,supplied_binary_hit,0.0,0.0,0.0,0.0,0.0,1.0,0.0,,,,,,,,,,,,,,,,,,,,,
ecbd,ecbd_row_92367,92367,Cc1nnc(SCC2=C(C(=O)[O-])N3C(=O)[C@@H](NC(=O)Cn4cnnn4)[C@H]3SC2)s1.[Na+],Cc1nnc(SCC2=C(C(=O)[O-])N3C(=O)[C@@H](NC(=O)Cn4cnnn4)[C@H]3SC2)s1.[Na+],1.0,0.013900246,e_coli,99.61,HepG2 supplied binary label,HepG2_Binarized_Toxicity,supplied_binary_hit,1.0,0.0,1.0,0.0,1.0,1.0,0.0,,,,,,,,,,,,,,,,,,,,,
ecbd,ecbd_row_94222,94222,Cl.NCCOCCOCCNC(=O)Cc1ccc(Nc2nc(NCc3ccc(F)cc3)nc(NCC3CCCCC3)n2)cc1,Cl.NCCOCCOCCNC(=O)Cc1ccc(Nc2nc(NCc3ccc(F)cc3)nc(NCC3CCCCC3)n2)cc1,0.0,0.808270017,e_coli,99.63,HepG2 supplied binary label,HepG2_Binarized_Toxicity,supplied_binary_hit,0.0,1.0,0.0,0.0,1.0,0.0,0.0,,,,,,,,,,,,,,,,,,,,,
ecbd,ecbd_row_114,114,COc1cccc2c1C(=O)c1c(O)c3c(c(O)c1C2=O)C[C@@](O)(C(C)=O)C[C@@H]3O[C@H]1C[C@H](N)[C@H](O)[C@H](C)O1.Cl,COc1cccc2c1C(=O)c1c(O)c3c(c(O)c1C2=O)C[C@@](O)(C(C)=O)C[C@@H]3O[C@H]1C[C@H](N)[C@H](O)[C@H](C)O1.Cl,1.0,0.940499232,k_pneumoniae,98.0,HepG2 supplied binary label,HepG2_Binarized_Toxicity,supplied_binary_hit,1.0,1.0,0.0,0.0,1.0,0.0,1.0,,,,,,,,,,,,,,,,,,,,,
ecbd,ecbd_row_549,549,CN(C(=O)CN1CSCC1=O)c1c(N)n(Cc2ccccc2)c(=O)[nH]c1=O,CN(C(=O)CN1CSCC1=O)c1c(N)n(Cc2ccccc2)c(=O)[nH]c1=O,0.0,0.155890723,k_pneumoniae,93.0,HepG2 supplied binary label,HepG2_Binarized_Toxicity,supplied_binary_hit,0.0,0.0,0.0,1.0,0.0,1.0,1.0,,,,,,,,,,,,,,,,,,,,,
ecbd,ecbd_row_790,790,C/C(=C\C(=O)OCCCCCCCCC(=O)O)C[C@@H]1OC[C@H](C[C@@H]2O[C@H]2[C@@H](C)[C@H](C)O)[C@@H](O)[C@H]1O,C/C(=C\C(=O)OCCCCCCCCC(=O)O)C[C@@H]1OC[C@H](C[C@@H]2O[C@H]2[C@@H](C)[C@H](C)O)[C@@H](O)[C@H]1O,1.0,0.018656209,k_pneumoniae,100.0,HepG2 supplied binary label,HepG2_Binarized_Toxicity,supplied_binary_hit,1.0,1.0,1.0,1.0,1.0,1.0,1.0,,,,,,,,,,,,,,,,,,,,,
ecbd,ecbd_row_815,815,C=CCN(C)CCCCCCOc1ccc(C(=O)c2ccc(Br)cc2)c(F)c1.O=C(O)/C=C/C(=O)O,C=CCN(C)CCCCCCOc1ccc(C(=O)c2ccc(Br)cc2)c(F)c1.O=C(O)/C=C/C(=O)O,1.0,0.375235047,k_pneumoniae,100.0,HepG2 supplied binary label,HepG2_Binarized_Toxicity,supplied_binary_hit,0.0,1.0,0.0,1.0,1.0,1.0,1.0,,,,,,,,,,,,,,,,,,,,,
ecbd,ecbd_row_1021,1021,CC(=O)OCC1=C(C(=O)[O-])N2C(=O)[C@@H](NC(=O)Cc3cccs3)[C@H]2SC1.[Na+],CC(=O)OCC1=C(C(=O)[O-])N2C(=O)[C@@H](NC(=O)Cc3cccs3)[C@H]2SC1.[Na+],0.0,0.014133275,k_pneumoniae,100.0,HepG2 supplied binary label,HepG2_Binarized_Toxicity,supplied_binary_hit,1.0,0.0,1.0,0.0,1.0,1.0,1.0,,,,,,,,,,,,,,,,,,,,,
ecbd,ecbd_row_1025,1025,CC(=O)[C@]1(O)Cc2c(O)c3c(c(O)c2[C@@H](O[C@H]2C[C@H](N)[C@H](O)[C@H](C)O2)C1)C(=O)c1ccccc1C3=O.Cl,CC(=O)[C@]1(O)Cc2c(O)c3c(c(O)c2[C@@H](O[C@H]2C[C@H](N)[C@H](O)[C@H](C)O2)C1)C(=O)c1ccccc1C3=O.Cl,1.0,0.930686997,k_pneumoniae,99.0,HepG2 supplied binary label,HepG2_Binarized_Toxicity,supplied_binary_hit,1.0,1.0,0.0,0.0,1.0,0.0,1.0,,,,,,,,,,,,,,,,,,,,,
ecbd,ecbd_row_1355,1355,CN(CC(=O)NCC#N)[C@@]1(c2ccccc2Cl)CCCCC1=O,CN(CC(=O)NCC#N)[C@@]1(c2ccccc2Cl)CCCCC1=O,0.0,0.122941136,k_pneumoniae,100.0,HepG2 supplied binary label,HepG2_Binarized_Toxicity,supplied_binary_hit,1.0,1.0,1.0,1.0,1.0,0.0,1.0,,,,,,,,,,,,,,,,,,,,,
ecbd,ecbd_row_1809,1809,CO/N=C(\C(=O)N[C@@H]1C(=O)N2C(C(=O)[O-])=C(COC(C)=O)CS[C@H]12)c1csc(N)n1.[Na+],CO/N=C(\C(=O)N[C@@H]1C(=O)N2C(C(=O)[O-])=C(COC(C)=O)CS[C@H]12)c1csc(N)n1.[Na+],0.0,0.014961366,k_pneumoniae,100.0,HepG2 supplied binary label,HepG2_Binarized_Toxicity,supplied_binary_hit,1.0,1.0,1.0,1.0,1.0,1.0,1.0,,,,,,,,,,,,,,,,,,,,,
ecbd,ecbd_row_1812,1812,CO/N=C1\CN(c2nc3c(cc2F)c(=O)c(C(=O)O)cn3C2CC2)CC1CN.CS(=O)(=O)O,CO/N=C1\CN(c2nc3c(cc2F)c(=O)c(C(=O)O)cn3C2CC2)CC1CN.CS(=O)(=O)O,0.0,0.052044305,k_pneumoniae,99.0,HepG2 supplied binary label,HepG2_Binarized_Toxicity,supplied_binary_hit,0.0,1.0,0.0,1.0,1.0,1.0,1.0,,,,,,,,,,,,,,,,,,,,,
ecbd,ecbd_row_2299,2299,CCCCCCCCc1ccc(CCC(N)(CO)CO)cc1.Cl,CCCCCCCCc1ccc(CCC(N)(CO)CO)cc1.Cl,1.0,0.564338195,k_pneumoniae,99.0,HepG2 supplied binary label,HepG2_Binarized_Toxicity,supplied_binary_hit,1.0,1.0,0.0,0.0,1.0,0.0,1.0,,,,,,,,,,,,,,,,,,,,,
ecbd,ecbd_row_2392,2392,C[C@@H](NCCCc1cccc(C(F)(F)F)c1)c1cccc2ccccc12.Cl,C[C@@H](NCCCc1cccc(C(F)(F)F)c1)c1cccc2ccccc12.Cl,1.0,0.85694186,k_pneumoniae,100.0,HepG2 supplied binary label,HepG2_Binarized_Toxicity,supplied_binary_hit,0.0,1.0,0.0,0.0,0.0,0.0,1.0,,,,,,,,,,,,,,,,,,,,,
ecbd,ecbd_row_2680,2680,C[C@H]1[C@H](NC(=O)/C(=N\OC(C)(C)C(=O)O)c2csc(N)n2)C(=O)N1S(=O)(=O)O,C[C@H]1[C@H](NC(=O)/C(=N\OC(C)(C)C(=O)O)c2csc(N)n2)C(=O)N1S(=O)(=O)O,0.0,0.091054512,k_pneumoniae,97.0,HepG2 supplied binary label,HepG2_Binarized_Toxicity,supplied_binary_hit,1.0,1.0,1.0,1.0,1.0,1.0,1.0,,,,,,,,,,,,,,,,,,,,,
ecbd,ecbd_row_2821,2821,Cc1c(CN(C)C(=O)/C=C/C2=CNC3=NC(=O)CCC3=C2)oc2ccccc12,Cc1c(CN(C)C(=O)/C=C/C2=CNC3=NC(=O)CCC3=C2)oc2ccccc12,0.0,0.148573697,k_pneumoniae,100.0,HepG2 supplied binary label,HepG2_Binarized_Toxicity,supplied_binary_hit,0.0,1.0,0.0,0.0,1.0,1.0,1.0,,,,,,,,,,,,,,,,,,,,,
ecbd,ecbd_row_2852,2852,Cc1c2ccncc2c(C)c2c1[nH]c1ccccc12.Cl,Cc1c2ccncc2c(C)c2c1[nH]c1ccccc12.Cl,1.0,0.5048156,k_pneumoniae,100.0,HepG2 supplied binary label,HepG2_Binarized_Toxicity,supplied_binary_hit,0.0,0.0,0.0,0.0,0.0,0.0,1.0,,,,,,,,,,,,,,,,,,,,,
ecbd,ecbd_row_4026,4026,N#CCCN1CCN(S(=O)(=O)c2ccc3c(c2)OCCCO3)CC1.O=C(O)C(=O)O,N#CCCN1CCN(S(=O)(=O)c2ccc3c(c2)OCCCO3)CC1.O=C(O)C(=O)O,0.0,0.10211753,k_pneumoniae,100.0,HepG2 supplied binary label,HepG2_Binarized_Toxicity,supplied_binary_hit,0.0,1.0,1.0,0.0,1.0,1.0,1.0,,,,,,,,,,,,,,,,,,,,,
ecbd,ecbd_row_4186,4186,N=C(NCCCCCCNC(=N)NC(=N)Nc1ccc(Cl)cc1)NC(=N)Nc1ccc(Cl)cc1,N=C(NCCCCCCNC(=N)NC(=N)Nc1ccc(Cl)cc1)NC(=N)Nc1ccc(Cl)cc1,1.0,0.721367578,k_pneumoniae,100.0,HepG2 supplied binary label,HepG2_Binarized_Toxicity,supplied_binary_hit,0.0,1.0,0.0,1.0,1.0,0.0,1.0,,,,,,,,,,,,,,,,,,,,,
ecbd,ecbd_row_4268,4268,NCC(=O)Nc1ccc(-n2nc(C(F)(F)F)cc2-c2ccc3c(ccc4ccccc43)c2)cc1,NCC(=O)Nc1ccc(-n2nc(C(F)(F)F)cc2-c2ccc3c(ccc4ccccc43)c2)cc1,1.0,0.790999552,k_pneumoniae,99.0,HepG2 supplied binary label,HepG2_Binarized_Toxicity,supplied_binary_hit,0.0,1.0,0.0,1.0,1.0,1.0,1.0,,,,,,,,,,,,,,,,,,,,,
ecbd,ecbd_row_5527,5527,CO[C@@H]1[C@@H](OC(N)=O)[C@@H](O)[C@H](Oc2ccc3c(O)c(NC(=O)c4ccc([O-])c(CC=C(C)C)c4)c(=O)oc3c2C)OC1(C)C.[Na+],CO[C@@H]1[C@@H](OC(N)=O)[C@@H](O)[C@H](Oc2ccc3c(O)c(NC(=O)c4ccc([O-])c(CC=C(C)C)c4)c(=O)oc3c2C)OC1(C)C.[Na+],0.0,0.067381731,k_pneumoniae,99.0,HepG2 supplied binary label,HepG2_Binarized_Toxicity,supplied_binary_hit,0.0,1.0,0.0,0.0,1.0,1.0,1.0,,,,,,,,,,,,,,,,,,,,,
ecbd,ecbd_row_5528,5528,CO[C@@]1(NC(=O)Cc2cccs2)C(=O)N2C(C(=O)[O-])=C(COC(N)=O)CS[C@@H]21.[Na+],CO[C@@]1(NC(=O)Cc2cccs2)C(=O)N2C(C(=O)[O-])=C(COC(N)=O)CS[C@@H]21.[Na+],0.0,0.016948503,k_pneumoniae,100.0,HepG2 supplied binary label,HepG2_Binarized_Toxicity,supplied_binary_hit,1.0,1.0,1.0,0.0,1.0,1.0,1.0,,,,,,,,,,,,,,,,,,,,,
ecbd,ecbd_row_5532,5532,CO[C@H]1/C=C/O[C@@]2(C)Oc3c(C)c(O)c4c(O)c(c(/C=N/N5CCN(C)CC5)c(O)c4c3C2=O)NC(=O)/C(C)=C/C=C/[C@H](C)[C@H](O)[C@@H](C)[C@@H](O)[C@@H](C)[C@H](OC(C)=O)[C@@H]1C,CO[C@H]1/C=C/O[C@@]2(C)Oc3c(C)c(O)c4c(O)c(c(/C=N/N5CCN(C)CC5)c(O)c4c3C2=O)NC(=O)/C(C)=C/C=C/[C@H](C)[C@H](O)[C@@H](C)[C@@H](O)[C@@H](C)[C@H](OC(C)=O)[C@@H]1C,0.0,0.101131159,k_pneumoniae,99.0,HepG2 supplied binary label,HepG2_Binarized_Toxicity,supplied_binary_hit,0.0,1.0,0.0,0.0,1.0,1.0,1.0,,,,,,,,,,,,,,,,,,,,,
ecbd,ecbd_row_5638,5638,COc1cc(C(C)C)c(Oc2cnc(N)nc2N)cc1I,COc1cc(C(C)C)c(Oc2cnc(N)nc2N)cc1I,0.0,0.734479758,k_pneumoniae,98.0,HepG2 supplied binary label,HepG2_Binarized_Toxicity,supplied_binary_hit,0.0,1.0,0.0,0.0,1.0,0.0,1.0,,,,,,,,,,,,,,,,,,,,,
ecbd,ecbd_row_5671,5671,COc1cc(Cc2ccc(N)nc2N)cc(OC)c1OC,COc1cc(Cc2ccc(N)nc2N)cc(OC)c1OC,0.0,0.291652835,k_pneumoniae,98.0,HepG2 supplied binary label,HepG2_Binarized_Toxicity,supplied_binary_hit,0.0,0.0,0.0,0.0,0.0,0.0,1.0,,,,,,,,,,,,,,,,,,,,,
ecbd,ecbd_row_5672,5672,COc1cc(Cc2cnc(N)nc2N)cc(OC)c1OC,COc1cc(Cc2cnc(N)nc2N)cc(OC)c1OC,0.0,0.400610457,k_pneumoniae,97.0,HepG2 supplied binary label,HepG2_Binarized_Toxicity,supplied_binary_hit,0.0,0.0,0.0,0.0,0.0,0.0,1.0,,,,,,,,,,,,,,,,,,,,,
ecbd,ecbd_row_5694,5694,COc1cc(NCc2ccc3nc(N)nc(N)c3c2C)cc(OC)c1OC,COc1cc(NCc2ccc3nc(N)nc(N)c3c2C)cc(OC)c1OC,1.0,0.74457763,k_pneumoniae,98.0,HepG2 supplied binary label,HepG2_Binarized_Toxicity,supplied_binary_hit,0.0,0.0,0.0,0.0,0.0,0.0,1.0,,,,,,,,,,,,,,,,,,,,,
ecbd,ecbd_row_6165,6165,O=[N+]([O-])c1ccc(O)c2ncccc12,O=[N+]([O-])c1ccc(O)c2ncccc12,1.0,0.243174952,k_pneumoniae,96.0,HepG2 supplied binary label,HepG2_Binarized_Toxicity,supplied_binary_hit,0.0,1.0,0.0,0.0,1.0,0.0,1.0,,,,,,,,,,,,,,,,,,,,,
ecbd,ecbd_row_6335,6335,[Cl-].c1ccc2c(c1)[I+]c1ccccc1-2,[Cl-].c1ccc2c(c1)[I+]c1ccccc1-2,1.0,0.701124397,k_pneumoniae,96.0,HepG2 supplied binary label,HepG2_Binarized_Toxicity,supplied_binary_hit,1.0,1.0,1.0,0.0,1.0,1.0,1.0,,,,,,,,,,,,,,,,,,,,,
ecbd,ecbd_row_6420,6420,CCOC(=O)CCC(=O)O[C@H]1[C@H](O[C@@H]2[C@@H](C)[C@H](O[C@H]3C[C@@](C)(OC)[C@@H](O)[C@H](C)O3)[C@@H](C)C(=O)O[C@H](CC)[C@@](C)(O)[C@H](O)[C@@H](C)C(=O)[C@H](C)C[C@@]2(C)O)O[C@H](C)C[C@@H]1N(C)C,CCOC(=O)CCC(=O)O[C@H]1[C@H](O[C@@H]2[C@@H](C)[C@H](O[C@H]3C[C@@](C)(OC)[C@@H](O)[C@H](C)O3)[C@@H](C)C(=O)O[C@H](CC)[C@@](C)(O)[C@H](O)[C@@H](C)C(=O)[C@H](C)C[C@@]2(C)O)O[C@H](C)C[C@@H]1N(C)C,0.0,0.041387557,k_pneumoniae,99.0,HepG2 supplied binary label,HepG2_Binarized_Toxicity,supplied_binary_hit,0.0,1.0,0.0,0.0,1.0,0.0,1.0,,,,,,,,,,,,,,,,,,,,,
ecbd,ecbd_row_6916,6916,COc1ccc(COc2ccc(Cc3cnc(N)nc3N)cc2OC)cc1,COc1ccc(COc2ccc(Cc3cnc(N)nc3N)cc2OC)cc1,1.0,0.568939768,k_pneumoniae,97.0,HepG2 supplied binary label,HepG2_Binarized_Toxicity,supplied_binary_hit,0.0,0.0,0.0,0.0,0.0,0.0,1.0,,,,,,,,,,,,,,,,,,,,,
ecbd,ecbd_row_6919,6919,COc1ccc(Cc2cnc(N)nc2N)cc1OC,COc1ccc(Cc2cnc(N)nc2N)cc1OC,0.0,0.187827127,k_pneumoniae,97.0,HepG2 supplied binary label,HepG2_Binarized_Toxicity,supplied_binary_hit,0.0,0.0,0.0,0.0,0.0,0.0,1.0,,,,,,,,,,,,,,,,,,,,,
ecbd,ecbd_row_7370,7370,Cl.Cl.O=S(=O)(NCCNC/C=C/c1ccc(Br)cc1)c1cccc2cnccc12,Cl.Cl.O=S(=O)(NCCNC/C=C/c1ccc(Br)cc1)c1cccc2cnccc12,1.0,0.714294362,k_pneumoniae,95.0,HepG2 supplied binary label,HepG2_Binarized_Toxicity,supplied_binary_hit,0.0,1.0,0.0,1.0,1.0,0.0,1.0,,,,,,,,,,,,,,,,,,,,,
ecbd,ecbd_row_11574,11574,COc1ccccc1NC(=O)CN(Cc1ccco1)C(=O)c1cc(=O)c2ccccc2o1,COc1ccccc1NC(=O)CN(Cc1ccco1)C(=O)c1cc(=O)c2ccccc2o1,0.0,0.113190947,k_pneumoniae,93.0,HepG2 supplied binary label,HepG2_Binarized_Toxicity,supplied_binary_hit,0.0,0.0,0.0,0.0,0.0,1.0,0.0,,,,,,,,,,,,,,,,,,,,,
ecbd,ecbd_row_12460,12460,COc1ncccc1C(=O)N1CCC[C@H](n2cncn2)C1,COc1ncccc1C(=O)N1CCC[C@H](n2cncn2)C1,0.0,0.067964183,k_pneumoniae,89.0,HepG2 supplied binary label,HepG2_Binarized_Toxicity,supplied_binary_hit,0.0,0.0,0.0,0.0,0.0,0.0,0.0,,,,,,,,,,,,,,,,,,,,,
ecbd,ecbd_row_13832,13832,CSc1ccccc1NC(=O)CN(C)C(=O)[C@@H]1CN(C(C)=O)c2ccccc2O1,CSc1ccccc1NC(=O)CN(C)C(=O)[C@@H]1CN(C(C)=O)c2ccccc2O1,0.0,0.042259229,k_pneumoniae,100.0,HepG2 supplied binary label,HepG2_Binarized_Toxicity,supplied_binary_hit,0.0,0.0,0.0,0.0,0.0,0.0,0.0,,,,,,,,,,,,,,,,,,,,,
ecbd,ecbd_row_14529,14529,CCc1ccc(CN(CCS(N)(=O)=O)C2CC2)cc1,CCc1ccc(CN(CCS(N)(=O)=O)C2CC2)cc1,0.0,0.106671036,k_pneumoniae,94.0,HepG2 supplied binary label,HepG2_Binarized_Toxicity,supplied_binary_hit,0.0,0.0,0.0,0.0,0.0,0.0,0.0,,,,,,,,,,,,,,,,,,,,,
ecbd,ecbd_row_17185,17185,CCn1cc(C(=O)N(C)Cc2cccs2)c(=O)c2cc(F)c(N3CCN(C(C)=O)CC3)cc21,CCn1cc(C(=O)N(C)Cc2cccs2)c(=O)c2cc(F)c(N3CCN(C(C)=O)CC3)cc21,0.0,0.094251033,k_pneumoniae,98.0,HepG2 supplied binary label,HepG2_Binarized_Toxicity,supplied_binary_hit,0.0,0.0,0.0,0.0,0.0,1.0,0.0,,,,,,,,,,,,,,,,,,,,,
ecbd,ecbd_row_17250,17250,CCn1cc(C(=O)NCC(C)C)c(=O)c2cc(F)c(N3CCN(C(=O)c4ccco4)CC3)cc21,CCn1cc(C(=O)NCC(C)C)c(=O)c2cc(F)c(N3CCN(C(=O)c4ccco4)CC3)cc21,0.0,0.106725588,k_pneumoniae,97.0,HepG2 supplied binary label,HepG2_Binarized_Toxicity,supplied_binary_hit,0.0,0.0,0.0,0.0,0.0,1.0,0.0,,,,,,,,,,,,,,,,,,,,,
ecbd,ecbd_row_17264,17264,CCn1cc(C(=O)NCc2ccc(OC)c(OC)c2)c(=O)c2cc3c(cc21)OCO3,CCn1cc(C(=O)NCc2ccc(OC)c(OC)c2)c(=O)c2cc3c(cc21)OCO3,0.0,0.195013995,k_pneumoniae,98.0,HepG2 supplied binary label,HepG2_Binarized_Toxicity,supplied_binary_hit,0.0,0.0,0.0,0.0,0.0,1.0,0.0,,,,,,,,,,,,,,,,,,,,,
ecbd,ecbd_row_17304,17304,CCn1cc(C(=O)Nc2cnc3c(cnn3C(C)C)c2)c(=O)c2ccc(C)nc21,CCn1cc(C(=O)Nc2cnc3c(cnn3C(C)C)c2)c(=O)c2ccc(C)nc21,0.0,0.213201143,k_pneumoniae,96.0,HepG2 supplied binary label,HepG2_Binarized_Toxicity,supplied_binary_hit,0.0,0.0,0.0,0.0,0.0,1.0,0.0,,,,,,,,,,,,,,,,,,,,,
ecbd,ecbd_row_17311,17311,CCn1cc(C(=O)O)c(=O)c2cc(F)c(N3CCNCC3)cc21,CCn1cc(C(=O)O)c(=O)c2cc(F)c(N3CCNCC3)cc21,0.0,0.056780262,k_pneumoniae,100.0,HepG2 supplied binary label,HepG2_Binarized_Toxicity,supplied_binary_hit,0.0,0.0,0.0,0.0,0.0,1.0,0.0,,,,,,,,,,,,,,,,,,,,,
ecbd,ecbd_row_17312,17312,CCn1cc(C(=O)O)c(=O)c2ccc(C)nc21,CCn1cc(C(=O)O)c(=O)c2ccc(C)nc21,0.0,0.035800822,k_pneumoniae,99.0,HepG2 supplied binary label,HepG2_Binarized_Toxicity,supplied_binary_hit,0.0,0.0,0.0,0.0,0.0,1.0,0.0,,,,,,,,,,,,,,,,,,,,,
ecbd,ecbd_row_18413,18413,CN(C(=O)Cn1c(=O)cnc2ccccc21)[C@H]1CCCc2ccccc21,CN(C(=O)Cn1c(=O)cnc2ccccc21)[C@H]1CCCc2ccccc21,0.0,0.080343131,k_pneumoniae,100.0,HepG2 supplied binary label,HepG2_Binarized_Toxicity,supplied_binary_hit,0.0,0.0,0.0,0.0,0.0,1.0,0.0,,,,,,,,,,,,,,,,,,,,,
ecbd,ecbd_row_19883,19883,CN(C)[C@@H]1C(O)=C(C(N)=O)C(=O)[C@@]2(O)C(O)=C3C(=O)c4c(O)ccc(Cl)c4[C@@](C)(O)[C@H]3C[C@@H]12.Cl,CN(C)[C@@H]1C(O)=C(C(N)=O)C(=O)[C@@]2(O)C(O)=C3C(=O)c4c(O)ccc(Cl)c4[C@@](C)(O)[C@H]3C[C@@H]12.Cl,0.0,0.148625731,k_pneumoniae,100.0,HepG2 supplied binary label,HepG2_Binarized_Toxicity,supplied_binary_hit,0.0,1.0,0.0,0.0,1.0,0.0,0.0,,,,,,,,,,,,,,,,,,,,,
ecbd,ecbd_row_20384,20384,C=C1c2cccc(O)c2C(=O)C2=C(O)[C@]3(O)C(=O)C(C(N)=O)=C(O)[C@@H](N(C)C)[C@@H]3[C@@H](O)[C@H]12.Cl,C=C1c2cccc(O)c2C(=O)C2=C(O)[C@]3(O)C(=O)C(C(N)=O)=C(O)[C@@H](N(C)C)[C@@H]3[C@@H](O)[C@H]12.Cl,0.0,0.076621639,k_pneumoniae,99.0,HepG2 supplied binary label,HepG2_Binarized_Toxicity,supplied_binary_hit,0.0,1.0,0.0,1.0,1.0,0.0,0.0,,,,,,,,,,,,,,,,,,,,,
ecbd,ecbd_row_21031,21031,CC(=O)N1CCN(c2cc3c(cc2F)c(=O)c(C(=O)NCc2ccc(F)cc2)cn3C2CC2)CC1,CC(=O)N1CCN(c2cc3c(cc2F)c(=O)c(C(=O)NCc2ccc(F)cc2)cn3C2CC2)CC1,0.0,0.146454445,k_pneumoniae,99.0,HepG2 supplied binary label,HepG2_Binarized_Toxicity,supplied_binary_hit,0.0,0.0,0.0,0.0,0.0,1.0,0.0,,,,,,,,,,,,,,,,,,,,,
ecbd,ecbd_row_21032,21032,CC(=O)N1CCN(c2cc3c(cc2F)c(=O)c(C(=O)Nc2cccnc2)cn3C2CC2)CC1,CC(=O)N1CCN(c2cc3c(cc2F)c(=O)c(C(=O)Nc2cccnc2)cn3C2CC2)CC1,0.0,0.12267916,k_pneumoniae,99.0,HepG2 supplied binary label,HepG2_Binarized_Toxicity,supplied_binary_hit,0.0,0.0,0.0,0.0,0.0,1.0,0.0,,,,,,,,,,,,,,,,,,,,,
ecbd,ecbd_row_24083,24083,CC(C)(Cc1ccc2ccccc2c1)NC[C@@H](O)COc1cccc(Cl)c1C#N.Cl,CC(C)(Cc1ccc2ccccc2c1)NC[C@@H](O)COc1cccc(Cl)c1C#N.Cl,1.0,0.495702018,k_pneumoniae,100.0,HepG2 supplied binary label,HepG2_Binarized_Toxicity,supplied_binary_hit,0.0,0.0,0.0,0.0,1.0,0.0,0.0,,,,,,,,,,,,,,,,,,,,,
ecbd,ecbd_row_24806,24806,CC(C)CN(CC(N)=O)C(=O)c1ccc(-n2cccc2)c(F)c1,CC(C)CN(CC(N)=O)C(=O)c1ccc(-n2cccc2)c(F)c1,0.0,0.073388358,k_pneumoniae,100.0,HepG2 supplied binary label,HepG2_Binarized_Toxicity,supplied_binary_hit,0.0,0.0,0.0,0.0,1.0,0.0,0.0,,,,,,,,,,,,,,,,,,,,,
ecbd,ecbd_row_27606,27606,CN(c1ccccc1)S(=O)(=O)c1cccc(NC(=O)C2=CC=CN3CCS(=O)(=O)N=C23)c1,CN(c1ccccc1)S(=O)(=O)c1cccc(NC(=O)C2=CC=CN3CCS(=O)(=O)N=C23)c1,0.0,0.170308155,k_pneumoniae,89.0,HepG2 supplied binary label,HepG2_Binarized_Toxicity,supplied_binary_hit,0.0,0.0,0.0,0.0,1.0,1.0,0.0,,,,,,,,,,,,,,,,,,,,,
ecbd,ecbd_row_30304,30304,CNS(=O)(=O)c1ccc(C(=O)NCC(=O)N[C@@H](C)c2cccs2)cc1,CNS(=O)(=O)c1ccc(C(=O)NCC(=O)N[C@@H](C)c2cccs2)cc1,0.0,0.112989456,k_pneumoniae,90.0,HepG2 supplied binary label,HepG2_Binarized_Toxicity,supplied_binary_hit,0.0,0.0,0.0,0.0,1.0,0.0,0.0,,,,,,,,,,,,,,,,,,,,,
ecbd,ecbd_row_34334,34334,CC/C(=C(\c1ccc(O)cc1)c1ccc(OCCN(C)C)cc1)c1ccccc1,CC/C(=C(\c1ccc(O)cc1)c1ccc(OCCN(C)C)cc1)c1ccccc1,1.0,0.882048198,k_pneumoniae,100.0,HepG2 supplied binary label,HepG2_Binarized_Toxicity,supplied_binary_hit,0.0,1.0,0.0,0.0,1.0,0.0,0.0,,,,,,,,,,,,,,,,,,,,,
ecbd,ecbd_row_37227,37227,CCCCCCNC(=O)n1cc(F)c(=O)[nH]c1=O,CCCCCCNC(=O)n1cc(F)c(=O)[nH]c1=O,0.0,0.098219756,k_pneumoniae,96.0,HepG2 supplied binary label,HepG2_Binarized_Toxicity,supplied_binary_hit,0.0,1.0,0.0,0.0,1.0,1.0,0.0,,,,,,,,,,,,,,,,,,,,,
ecbd,ecbd_row_38229,38229,C[C@@H](O)[C@H]1C(=O)N2C(C(=O)O)=C(S[C@@H]3CN[C@H](C(=O)N(C)C)C3)[C@H](C)[C@H]12.O.O.O,C[C@@H](O)[C@H]1C(=O)N2C(C(=O)O)=C(S[C@@H]3CN[C@H](C(=O)N(C)C)C3)[C@H](C)[C@H]12.O.O.O,0.0,0.048974445,k_pneumoniae,94.0,HepG2 supplied binary label,HepG2_Binarized_Toxicity,supplied_binary_hit,1.0,0.0,1.0,0.0,1.0,1.0,0.0,,,,,,,,,,,,,,,,,,,,,
ecbd,ecbd_row_41123,41123,C[C@]1(c2ccccn2)NC(=O)N(Cc2ccc(-n3cccn3)cc2)C1=O,C[C@]1(c2ccccn2)NC(=O)N(Cc2ccc(-n3cccn3)cc2)C1=O,0.0,0.086644592,k_pneumoniae,100.0,HepG2 supplied binary label,HepG2_Binarized_Toxicity,supplied_binary_hit,0.0,1.0,0.0,0.0,0.0,0.0,0.0,,,,,,,,,,,,,,,,,,,,,
ecbd,ecbd_row_41762,41762,Cc1c(Cl)sn(-c2ccc(Cl)cc2)c1=O,Cc1c(Cl)sn(-c2ccc(Cl)cc2)c1=O,1.0,0.666155288,k_pneumoniae,99.0,HepG2 supplied binary label,HepG2_Binarized_Toxicity,supplied_binary_hit,0.0,0.0,0.0,0.0,0.0,0.0,0.0,,,,,,,,,,,,,,,,,,,,,
ecbd,ecbd_row_41835,41835,Cc1c(NC(=O)CSc2nnc(-c3ccccc3)n2C)c(=O)n(-c2ccccc2)n1C,Cc1c(NC(=O)CSc2nnc(-c3ccccc3)n2C)c(=O)n(-c2ccccc2)n1C,0.0,0.047269679,k_pneumoniae,100.0,HepG2 supplied binary label,HepG2_Binarized_Toxicity,supplied_binary_hit,0.0,0.0,0.0,0.0,0.0,0.0,0.0,,,,,,,,,,,,,,,,,,,,,
ecbd,ecbd_row_42792,42792,Cc1cc(C(=O)NC2CCCCC2)ccc1NC(=O)c1ccn(C)c(=O)c1,Cc1cc(C(=O)NC2CCCCC2)ccc1NC(=O)c1ccn(C)c(=O)c1,0.0,0.105031292,k_pneumoniae,88.0,HepG2 supplied binary label,HepG2_Binarized_Toxicity,supplied_binary_hit,0.0,0.0,0.0,0.0,0.0,1.0,0.0,,,,,,,,,,,,,,,,,,,,,
ecbd,ecbd_row_43640,43640,CCCCn1c(=O)[nH]c(=O)c2c1nc(CN1CCN(S(=O)(=O)c3ccc(C)cc3)CC1)n2CC,CCCCn1c(=O)[nH]c(=O)c2c1nc(CN1CCN(S(=O)(=O)c3ccc(C)cc3)CC1)n2CC,0.0,0.158515442,k_pneumoniae,100.0,HepG2 supplied binary label,HepG2_Binarized_Toxicity,supplied_binary_hit,0.0,0.0,0.0,0.0,1.0,1.0,0.0,,,,,,,,,,,,,,,,,,,,,
ecbd,ecbd_row_43642,43642,CCCCn1c(=O)[nH]c(=O)c2c1nc(CN1CCN(S(=O)(=O)c3ccccc3)CC1)n2C,CCCCn1c(=O)[nH]c(=O)c2c1nc(CN1CCN(S(=O)(=O)c3ccccc3)CC1)n2C,0.0,0.113057074,k_pneumoniae,82.0,HepG2 supplied binary label,HepG2_Binarized_Toxicity,supplied_binary_hit,0.0,0.0,0.0,0.0,1.0,1.0,0.0,,,,,,,,,,,,,,,,,,,,,
ecbd,ecbd_row_44865,44865,CCCOc1cc(C)ccc1NC(=O)N[C@@H](C)C(=O)N1CCOCC1,CCCOc1cc(C)ccc1NC(=O)N[C@@H](C)C(=O)N1CCOCC1,0.0,0.074387968,k_pneumoniae,100.0,HepG2 supplied binary label,HepG2_Binarized_Toxicity,supplied_binary_hit,0.0,0.0,0.0,0.0,0.0,0.0,0.0,,,,,,,,,,,,,,,,,,,,,
ecbd,ecbd_row_45310,45310,CCC[C@@H]1C[C@@H](C(=O)N[C@H]([C@H](C)Cl)[C@H]2O[C@H](SC)[C@H](O)[C@@H](O)[C@H]2O)N(C)C1.Cl,CCC[C@@H]1C[C@@H](C(=O)N[C@@H]([C@H]2O[C@H](SC)[C@H](O)[C@@H](O)[C@H]2O)[C@H](C)Cl)N(C)C1.Cl,0.0,0.069975813,k_pneumoniae,98.0,HepG2 supplied binary label,HepG2_Binarized_Toxicity,supplied_binary_hit,1.0,1.0,1.0,1.0,1.0,1.0,0.0,,,,,,,,,,,,,,,,,,,,,
ecbd,ecbd_row_46898,46898,CCN(CC(=O)Nc1ccc2c(c1)OCCCO2)Cc1nc2cc(OC)c(OC)cc2c(=O)[nH]1,CCN(CC(=O)Nc1ccc2c(c1)OCCCO2)Cc1nc2cc(OC)c(OC)cc2c(=O)[nH]1,0.0,0.115377474,k_pneumoniae,85.0,HepG2 supplied binary label,HepG2_Binarized_Toxicity,supplied_binary_hit,0.0,0.0,0.0,0.0,0.0,0.0,0.0,,,,,,,,,,,,,,,,,,,,,
ecbd,ecbd_row_47806,47806,CCN(CC)c1ccc(C(=O)N2CCC[C@@H]2Cn2cc(C)cn2)cn1,CCN(CC)c1ccc(C(=O)N2CCC[C@@H]2Cn2cc(C)cn2)cn1,0.0,0.071639545,k_pneumoniae,100.0,HepG2 supplied binary label,HepG2_Binarized_Toxicity,supplied_binary_hit,0.0,0.0,0.0,0.0,0.0,0.0,0.0,,,,,,,,,,,,,,,,,,,,,
ecbd,ecbd_row_48522,48522,CCN1/C(=C/c2ccc3ccccc3[n+]2CC)C=Cc2ccccc21.[I-],CCN1/C(=C/c2ccc3ccccc3[n+]2CC)C=Cc2ccccc21.[I-],1.0,0.829975367,k_pneumoniae,99.0,HepG2 supplied binary label,HepG2_Binarized_Toxicity,supplied_binary_hit,0.0,1.0,0.0,0.0,1.0,1.0,0.0,,,,,,,,,,,,,,,,,,,,,
ecbd,ecbd_row_49653,49653,O=C(COc1ccc(F)cc1Cl)N1CCN(C[C@H]2CCCO2)CC1,O=C(COc1ccc(F)cc1Cl)N1CCN(C[C@H]2CCCO2)CC1,0.0,0.05060847,k_pneumoniae,100.0,HepG2 supplied binary label,HepG2_Binarized_Toxicity,supplied_binary_hit,0.0,0.0,0.0,0.0,0.0,0.0,0.0,,,,,,,,,,,,,,,,,,,,,
ecbd,ecbd_row_50837,50837,O=C(Cn1cnc2sccc2c1=O)c1ccc(Cl)s1,O=C(Cn1cnc2sccc2c1=O)c1ccc(Cl)s1,0.0,0.131872202,k_pneumoniae,100.0,HepG2 supplied binary label,HepG2_Binarized_Toxicity,supplied_binary_hit,0.0,0.0,0.0,0.0,1.0,1.0,0.0,,,,,,,,,,,,,,,,,,,,,
ecbd,ecbd_row_54329,54329,O=C(Nc1cccc(C(=O)NC2CC2)c1)c1ccc(-n2cccn2)cc1,O=C(Nc1cccc(C(=O)NC2CC2)c1)c1ccc(-n2cccn2)cc1,0.0,0.162281753,k_pneumoniae,100.0,HepG2 supplied binary label,HepG2_Binarized_Toxicity,supplied_binary_hit,0.0,0.0,0.0,0.0,0.0,0.0,0.0,,,,,,,,,,,,,,,,,,,,,
ecbd,ecbd_row_58416,58416,NC(=O)c1ccc(S(=O)(=O)Nc2ccc3[nH]ccc3c2)cc1,NC(=O)c1ccc(S(=O)(=O)Nc2ccc3[nH]ccc3c2)cc1,0.0,0.150261683,k_pneumoniae,100.0,HepG2 supplied binary label,HepG2_Binarized_Toxicity,supplied_binary_hit,0.0,0.0,0.0,0.0,1.0,0.0,0.0,,,,,,,,,,,,,,,,,,,,,
ecbd,ecbd_row_58501,58501,NC(=O)c1ccsc1NC(=O)CN1CCN(S(=O)(=O)c2ccc(F)c(Cl)c2)CC1,NC(=O)c1ccsc1NC(=O)CN1CCN(S(=O)(=O)c2ccc(F)c(Cl)c2)CC1,1.0,0.157440768,k_pneumoniae,81.0,HepG2 supplied binary label,HepG2_Binarized_Toxicity,supplied_binary_hit,0.0,0.0,0.0,0.0,1.0,0.0,0.0,,,,,,,,,,,,,,,,,,,,,
ecbd,ecbd_row_58591,58591,NC1CCN(c2c(F)cc3c(=O)c(C(=O)O)cn(C4CC4)c3c2Cl)C1,NC1CCN(c2c(F)cc3c(=O)c(C(=O)O)cn(C4CC4)c3c2Cl)C1,0.0,0.050090607,k_pneumoniae,99.0,HepG2 supplied binary label,HepG2_Binarized_Toxicity,supplied_binary_hit,0.0,0.0,0.0,0.0,0.0,1.0,0.0,,,,,,,,,,,,,,,,,,,,,
ecbd,ecbd_row_59651,59651,O=C(CCNC1=NS(=O)(=O)c2ccccc21)N1CCN(C(=O)[C@@H]2COc3ccccc3O2)CC1,O=C(CCNC1=NS(=O)(=O)c2ccccc21)N1CCN(C(=O)[C@@H]2COc3ccccc3O2)CC1,0.0,0.071223319,k_pneumoniae,100.0,HepG2 supplied binary label,HepG2_Binarized_Toxicity,supplied_binary_hit,0.0,0.0,0.0,0.0,0.0,0.0,0.0,,,,,,,,,,,,,,,,,,,,,
ecbd,ecbd_row_60070,60070,Cc1cc(C(=O)Nc2nc(-c3ccc(N(C)S(C)(=O)=O)cc3)cs2)no1,Cc1cc(C(=O)Nc2nc(-c3ccc(N(C)S(C)(=O)=O)cc3)cs2)no1,0.0,0.262618915,k_pneumoniae,100.0,HepG2 supplied binary label,HepG2_Binarized_Toxicity,supplied_binary_hit,0.0,0.0,0.0,1.0,1.0,0.0,0.0,,,,,,,,,,,,,,,,,,,,,
ecbd,ecbd_row_60296,60296,Cc1cc(C)c2c(n1)sc1c(=O)n([C@@H](C)C(=O)NC(N)=O)cnc12,Cc1cc(C)c2c(n1)sc1c(=O)n([C@@H](C)C(=O)NC(N)=O)cnc12,0.0,0.204179475,k_pneumoniae,92.0,HepG2 supplied binary label,HepG2_Binarized_Toxicity,supplied_binary_hit,0.0,0.0,0.0,0.0,0.0,1.0,0.0,,,,,,,,,,,,,,,,,,,,,
ecbd,ecbd_row_60861,60861,Cc1cc(C)n(C[C@H]2CCCN2C(=O)c2ccc[nH]2)n1,Cc1cc(C)n(C[C@H]2CCCN2C(=O)c2ccc[nH]2)n1,0.0,0.032206281,k_pneumoniae,89.0,HepG2 supplied binary label,HepG2_Binarized_Toxicity,supplied_binary_hit,0.0,0.0,0.0,0.0,0.0,0.0,0.0,,,,,,,,,,,,,,,,,,,,,
ecbd,ecbd_row_62888,62888,Cc1ccc(-c2cc(NC(=O)CN3C[C@@H](C(=O)N4CCOCC4)Oc4ccccc43)on2)cc1,Cc1ccc(-c2cc(NC(=O)CN3C[C@@H](C(=O)N4CCOCC4)Oc4ccccc43)on2)cc1,0.0,0.078628989,k_pneumoniae,100.0,HepG2 supplied binary label,HepG2_Binarized_Toxicity,supplied_binary_hit,0.0,0.0,0.0,0.0,0.0,0.0,0.0,,,,,,,,,,,,,,,,,,,,,
ecbd,ecbd_row_63717,63717,Cc1ccc(C(=O)Nc2cc(S(=O)(=O)N3CCOCC3)ccc2N2CCCC2)cc1,Cc1ccc(C(=O)Nc2cc(S(=O)(=O)N3CCOCC3)ccc2N2CCCC2)cc1,0.0,0.111592559,k_pneumoniae,100.0,HepG2 supplied binary label,HepG2_Binarized_Toxicity,supplied_binary_hit,0.0,0.0,0.0,0.0,1.0,0.0,0.0,,,,,,,,,,,,,,,,,,,,,
ecbd,ecbd_row_69443,69443,COc1c(N2CCNC(C)C2)c(F)cc2c(=O)c(C(=O)O)cn(C3CC3)c12,COc1c(N2CCNC(C)C2)c(F)cc2c(=O)c(C(=O)O)cn(C3CC3)c12,0.0,0.035786184,k_pneumoniae,99.0,HepG2 supplied binary label,HepG2_Binarized_Toxicity,supplied_binary_hit,0.0,0.0,0.0,0.0,0.0,1.0,0.0,,,,,,,,,,,,,,,,,,,,,
ecbd,ecbd_row_69444,69444,COc1c(N2C[C@@H]3CCCN[C@@H]3C2)c(F)cc2c(=O)c(C(=O)O)cn(C3CC3)c12,COc1c(N2C[C@@H]3CCCN[C@@H]3C2)c(F)cc2c(=O)c(C(=O)O)cn(C3CC3)c12,0.0,0.039395282,k_pneumoniae,99.0,HepG2 supplied binary label,HepG2_Binarized_Toxicity,supplied_binary_hit,0.0,0.0,0.0,0.0,0.0,1.0,0.0,,,,,,,,,,,,,,,,,,,,,
ecbd,ecbd_row_72399,72399,O=C(O)c1cn(C2CC2)c2cc(N3CCNCC3)c(F)cc2c1=O,O=C(O)c1cn(C2CC2)c2cc(N3CCNCC3)c(F)cc2c1=O,0.0,0.047912761,k_pneumoniae,99.0,HepG2 supplied binary label,HepG2_Binarized_Toxicity,supplied_binary_hit,0.0,0.0,0.0,0.0,0.0,1.0,0.0,,,,,,,,,,,,,,,,,,,,,
ecbd,ecbd_row_72406,72406,O=C(Oc1c(Cl)cc(Cl)c2cccnc12)c1ccco1,O=C(Oc1c(Cl)cc(Cl)c2cccnc12)c1ccco1,1.0,0.712555802,k_pneumoniae,99.0,HepG2 supplied binary label,HepG2_Binarized_Toxicity,supplied_binary_hit,0.0,1.0,0.0,1.0,1.0,0.0,0.0,,,,,,,,,,,,,,,,,,,,,
ecbd,ecbd_row_72506,72506,O=C([C@@H]1CCCO1)N1CCN(c2cncc(Cl)n2)CC1,O=C([C@@H]1CCCO1)N1CCN(c2cncc(Cl)n2)CC1,0.0,0.072301189,k_pneumoniae,100.0,HepG2 supplied binary label,HepG2_Binarized_Toxicity,supplied_binary_hit,0.0,0.0,0.0,1.0,1.0,0.0,0.0,,,,,,,,,,,,,,,,,,,,,
ecbd,ecbd_row_74624,74624,O=C1CC[C@H](Nc2ncnc3ccc(F)cc23)CCN1,O=C1CC[C@H](Nc2ncnc3ccc(F)cc23)CCN1,0.0,0.111442143,k_pneumoniae,96.0,HepG2 supplied binary label,HepG2_Binarized_Toxicity,supplied_binary_hit,0.0,0.0,0.0,0.0,0.0,0.0,0.0,,,,,,,,,,,,,,,,,,,,,
ecbd,ecbd_row_75949,75949,O=S(=O)(c1ccc2ccccc2c1)N1CCN(c2ccc3nccnc3n2)CC1,O=S(=O)(c1ccc2ccccc2c1)N1CCN(c2ccc3nccnc3n2)CC1,0.0,0.336117513,k_pneumoniae,91.0,HepG2 supplied binary label,HepG2_Binarized_Toxicity,supplied_binary_hit,0.0,0.0,0.0,0.0,1.0,0.0,0.0,,,,,,,,,,,,,,,,,,,,,
ecbd,ecbd_row_76273,76273,O=c1[nH]cc(F)c(=O)[nH]1,O=c1[nH]cc(F)c(=O)[nH]1,0.0,0.043773611,k_pneumoniae,96.0,HepG2 supplied binary label,HepG2_Binarized_Toxicity,supplied_binary_hit,0.0,0.0,0.0,0.0,0.0,0.0,0.0,,,,,,,,,,,,,,,,,,,,,
ecbd,ecbd_row_76996,76996,Oc1c(Cl)cc(Cl)c2cccnc12,Oc1c(Cl)cc(Cl)c2cccnc12,0.0,0.518876143,k_pneumoniae,98.0,HepG2 supplied binary label,HepG2_Binarized_Toxicity,supplied_binary_hit,0.0,0.0,0.0,0.0,0.0,0.0,0.0,,,,,,,,,,,,,,,,,,,,,
ecbd,ecbd_row_77002,77002,Oc1cc(Cl)ccc1Oc1ccc(Cl)cc1Cl,Oc1cc(Cl)ccc1Oc1ccc(Cl)cc1Cl,1.0,0.168898715,k_pneumoniae,100.0,HepG2 supplied binary label,HepG2_Binarized_Toxicity,supplied_binary_hit,0.0,0.0,0.0,0.0,0.0,0.0,0.0,,,,,,,,,,,,,,,,,,,,,
ecbd,ecbd_row_77008,77008,Oc1ccc(-c2nc(-c3ccc(F)cc3)c(-c3ccncc3)[nH]2)cc1,Oc1ccc(-c2nc(-c3ccc(F)cc3)c(-c3ccncc3)[nH]2)cc1,1.0,0.543055262,k_pneumoniae,98.0,HepG2 supplied binary label,HepG2_Binarized_Toxicity,supplied_binary_hit,0.0,0.0,0.0,0.0,0.0,0.0,0.0,,,,,,,,,,,,,,,,,,,,,
ecbd,ecbd_row_77039,77039,Oc1cccc2ccc(Nc3ccccn3)nc12,Oc1cccc2ccc(Nc3ccccn3)nc12,1.0,0.757234107,k_pneumoniae,99.0,HepG2 supplied binary label,HepG2_Binarized_Toxicity,supplied_binary_hit,0.0,0.0,0.0,0.0,0.0,0.0,0.0,,,,,,,,,,,,,,,,,,,,,
ecbd,ecbd_row_77866,77866,CCN1C[C@H](CN(C)c2nc3ccccc3o2)Oc2ccccc21,CCN1C[C@H](CN(C)c2nc3ccccc3o2)Oc2ccccc21,0.0,0.19293829,k_pneumoniae,81.0,HepG2 supplied binary label,HepG2_Binarized_Toxicity,supplied_binary_hit,0.0,0.0,0.0,0.0,0.0,0.0,0.0,,,,,,,,,,,,,,,,,,,,,
ecbd,ecbd_row_78548,78548,CCNc1cc2c(nn1)CCN(C(=O)[C@H](C)c1cc(C)oc1C)C2,CCNc1cc2c(nn1)CCN(C(=O)[C@H](C)c1cc(C)oc1C)C2,0.0,0.089717241,k_pneumoniae,100.0,HepG2 supplied binary label,HepG2_Binarized_Toxicity,supplied_binary_hit,0.0,0.0,0.0,0.0,0.0,0.0,0.0,,,,,,,,,,,,,,,,,,,,,
ecbd,ecbd_row_80802,80802,CCOc1ccc(OCC)c(NS(=O)(=O)c2c[nH]c(-c3nnc(C)o3)c2)c1,CCOc1ccc(OCC)c(NS(=O)(=O)c2c[nH]c(-c3nnc(C)o3)c2)c1,0.0,0.313804993,k_pneumoniae,99.0,HepG2 supplied binary label,HepG2_Binarized_Toxicity,supplied_binary_hit,0.0,0.0,0.0,0.0,1.0,0.0,0.0,,,,,,,,,,,,,,,,,,,,,
ecbd,ecbd_row_81150,81150,CCOc1cccc(-c2nn3c(CN4CCCCC4)nnc3s2)c1,CCOc1cccc(-c2nn3c(CN4CCCCC4)nnc3s2)c1,0.0,0.091194472,k_pneumoniae,100.0,HepG2 supplied binary label,HepG2_Binarized_Toxicity,supplied_binary_hit,0.0,0.0,0.0,0.0,0.0,0.0,0.0,,,,,,,,,,,,,,,,,,,,,
ecbd,ecbd_row_81921,81921,CCS(=O)(=O)N(C)CCCNC(=O)c1ccc(N(C)CC(C)C)cc1,CCS(=O)(=O)N(C)CCCNC(=O)c1ccc(N(C)CC(C)C)cc1,0.0,0.065619709,k_pneumoniae,100.0,HepG2 supplied binary label,HepG2_Binarized_Toxicity,supplied_binary_hit,0.0,1.0,0.0,0.0,1.0,0.0,0.0,,,,,,,,,,,,,,,,,,,,,
ecbd,ecbd_row_83318,83318,CC[C@H]1OC(=O)[C@H](C)[C@@H](O[C@H]2C[C@@](C)(OC)[C@@H](O)[C@H](C)O2)[C@H](C)[C@@H](O[C@@H]2O[C@H](C)C[C@H](N(C)C)[C@H]2O)[C@](C)(O)C[C@@H](C)C(=O)[C@H](C)[C@@H](O)[C@]1(C)O,CC[C@H]1OC(=O)[C@H](C)[C@@H](O[C@H]2C[C@@](C)(OC)[C@@H](O)[C@H](C)O2)[C@H](C)[C@@H](O[C@@H]2O[C@H](C)C[C@H](N(C)C)[C@H]2O)[C@](C)(O)C[C@@H](C)C(=O)[C@H](C)[C@@H](O)[C@]1(C)O,0.0,0.052620458,k_pneumoniae,99.0,HepG2 supplied binary label,HepG2_Binarized_Toxicity,supplied_binary_hit,0.0,0.0,0.0,0.0,1.0,0.0,0.0,,,,,,,,,,,,,,,,,,,,,
ecbd,ecbd_row_83563,83563,COc1ccc(-c2n[nH]c3c2C(c2ccc(O)c(OC)c2)NC3=O)cc1,COc1ccc(-c2n[nH]c3c2C(c2ccc(O)c(OC)c2)NC3=O)cc1,0.0,0.276657357,k_pneumoniae,96.0,HepG2 supplied binary label,HepG2_Binarized_Toxicity,supplied_binary_hit,0.0,0.0,0.0,0.0,0.0,0.0,0.0,,,,,,,,,,,,,,,,,,,,,
ecbd,ecbd_row_84835,84835,COc1ccc(C(=O)Nc2ccc(NC(C)=O)cc2)cc1S(=O)(=O)N1CCCC1,COc1ccc(C(=O)Nc2ccc(NC(C)=O)cc2)cc1S(=O)(=O)N1CCCC1,0.0,0.100603714,k_pneumoniae,82.0,HepG2 supplied binary label,HepG2_Binarized_Toxicity,supplied_binary_hit,0.0,0.0,0.0,0.0,1.0,0.0,0.0,,,,,,,,,,,,,,,,,,,,,
ecbd,ecbd_row_85567,85567,COc1ccc(CC(=O)N2CCC[C@@H]2Cn2cc(C)cn2)c(OC)c1,COc1ccc(CC(=O)N2CCC[C@@H]2Cn2cc(C)cn2)c(OC)c1,0.0,0.040887503,k_pneumoniae,100.0,HepG2 supplied binary label,HepG2_Binarized_Toxicity,supplied_binary_hit,0.0,0.0,0.0,0.0,0.0,0.0,0.0,,,,,,,,,,,,,,,,,,,,,
ecbd,ecbd_row_88094,88094,COc1ccc(NC(=O)c2cn(C3CC3)c3cc(N4CCN(C(C)=O)CC4)c(F)cc3c2=O)cc1,COc1ccc(NC(=O)c2cn(C3CC3)c3cc(N4CCN(C(C)=O)CC4)c(F)cc3c2=O)cc1,0.0,0.13541177,k_pneumoniae,96.0,HepG2 supplied binary label,HepG2_Binarized_Toxicity,supplied_binary_hit,0.0,0.0,0.0,0.0,0.0,1.0,0.0,,,,,,,,,,,,,,,,,,,,,
ecbd,ecbd_row_89741,89741,Cc1nc(CN2CCN(C[C@H](O)c3ccccc3)CC2)no1,Cc1nc(CN2CCN(C[C@H](O)c3ccccc3)CC2)no1,0.0,0.062289868,k_pneumoniae,99.0,HepG2 supplied binary label,HepG2_Binarized_Toxicity,supplied_binary_hit,0.0,0.0,0.0,0.0,0.0,0.0,0.0,,,,,,,,,,,,,,,,,,,,,
ecbd,ecbd_row_90672,90672,Cc1nc2ccccc2nc1CS(=O)(=O)c1ccc2c(c1)OCCCO2,Cc1nc2ccccc2nc1CS(=O)(=O)c1ccc2c(c1)OCCCO2,0.0,0.157251628,k_pneumoniae,93.0,HepG2 supplied binary label,HepG2_Binarized_Toxicity,supplied_binary_hit,0.0,0.0,0.0,0.0,0.0,0.0,0.0,,,,,,,,,,,,,,,,,,,,,
ecbd,ecbd_row_92001,92001,Cc1nn(CC(=O)N[C@@H](C)C(C)C)c(C)c1S(=O)(=O)N1CCCCC1,Cc1nn(CC(=O)N[C@@H](C)C(C)C)c(C)c1S(=O)(=O)N1CCCCC1,0.0,0.056312105,k_pneumoniae,93.0,HepG2 supplied binary label,HepG2_Binarized_Toxicity,supplied_binary_hit,0.0,0.0,0.0,0.0,1.0,0.0,0.0,,,,,,,,,,,,,,,,,,,,,
ecbd,ecbd_row_92367,92367,Cc1nnc(SCC2=C(C(=O)[O-])N3C(=O)[C@@H](NC(=O)Cn4cnnn4)[C@H]3SC2)s1.[Na+],Cc1nnc(SCC2=C(C(=O)[O-])N3C(=O)[C@@H](NC(=O)Cn4cnnn4)[C@H]3SC2)s1.[Na+],1.0,0.013900246,k_pneumoniae,99.0,HepG2 supplied binary label,HepG2_Binarized_Toxicity,supplied_binary_hit,1.0,0.0,1.0,0.0,1.0,1.0,0.0,,,,,,,,,,,,,,,,,,,,,
ecbd,ecbd_row_93015,93015,Cc1noc(C)c1S(=O)(=O)N1CCCN([C@@H](C)C(=O)c2c(C)[nH]c3ccccc23)CC1,Cc1noc(C)c1S(=O)(=O)N1CCCN([C@@H](C)C(=O)c2c(C)[nH]c3ccccc23)CC1,0.0,0.112286377,k_pneumoniae,100.0,HepG2 supplied binary label,HepG2_Binarized_Toxicity,supplied_binary_hit,0.0,0.0,0.0,0.0,1.0,0.0,0.0,,,,,,,,,,,,,,,,,,,,,
ecbd,ecbd_row_93841,93841,Cc1onc(-c2c(Cl)cccc2Cl)c1C(=O)NC1C(=O)N2C1SC(C)(C)C2C(=O)[O-].[Na+],Cc1onc(-c2c(Cl)cccc2Cl)c1C(=O)NC1C(=O)N2C1SC(C)(C)C2C(=O)[O-].[Na+],0.0,0.00953269,k_pneumoniae,87.0,HepG2 supplied binary label,HepG2_Binarized_Toxicity,supplied_binary_hit,1.0,0.0,1.0,0.0,1.0,0.0,0.0,,,,,,,,,,,,,,,,,,,,,
ecbd,ecbd_row_93854,93854,Cc1onc(-c2ccccc2Cl)c1C(=O)N[C@@H]1C(=O)N2[C@@H](C(=O)[O-])C(C)(C)S[C@H]12.O.[Na+],Cc1onc(-c2ccccc2Cl)c1C(=O)N[C@@H]1C(=O)N2[C@@H]1SC(C)(C)[C@@H]2C(=O)[O-].O.[Na+],0.0,0.01579618,k_pneumoniae,96.0,HepG2 supplied binary label,HepG2_Binarized_Toxicity,supplied_binary_hit,1.0,0.0,1.0,0.0,1.0,0.0,0.0,,,,,,,,,,,,,,,,,,,,,
ecbd,ecbd_row_94222,94222,Cl.NCCOCCOCCNC(=O)Cc1ccc(Nc2nc(NCc3ccc(F)cc3)nc(NCC3CCCCC3)n2)cc1,Cl.NCCOCCOCCNC(=O)Cc1ccc(Nc2nc(NCc3ccc(F)cc3)nc(NCC3CCCCC3)n2)cc1,0.0,0.808270017,k_pneumoniae,100.0,HepG2 supplied binary label,HepG2_Binarized_Toxicity,supplied_binary_hit,0.0,1.0,0.0,0.0,1.0,0.0,0.0,,,,,,,,,,,,,,,,,,,,,
ecbd,ecbd_row_96019,96019,Cc1ccc2c(Cl)cc(Cl)c(O)c2n1,Cc1ccc2c(Cl)cc(Cl)c(O)c2n1,0.0,0.454698935,k_pneumoniae,96.0,HepG2 supplied binary label,HepG2_Binarized_Toxicity,supplied_binary_hit,0.0,0.0,0.0,0.0,0.0,0.0,0.0,,,,,,,,,,,,,,,,,,,,,
ecbd,ecbd_row_97523,97523,Cc1cccc([C@H](CNc2cnn(C)c(=O)c2Cl)N2CCOCC2)c1,Cc1cccc([C@H](CNc2cnn(C)c(=O)c2Cl)N2CCOCC2)c1,0.0,0.119331598,k_pneumoniae,100.0,HepG2 supplied binary label,HepG2_Binarized_Toxicity,supplied_binary_hit,0.0,0.0,0.0,0.0,1.0,1.0,0.0,,,,,,,,,,,,,,,,,,,,,
ecbd,ecbd_row_98203,98203,Cc1ccccc1OCc1n(CC(=O)OC2CC(C)CCC2C(C)C)c2ccccc2[n+]1C.[Cl-],Cc1ccccc1OCc1n(CC(=O)OC2CC(C)CCC2C(C)C)c2ccccc2[n+]1C.[Cl-],1.0,0.654520457,k_pneumoniae,99.0,HepG2 supplied binary label,HepG2_Binarized_Toxicity,supplied_binary_hit,0.0,1.0,0.0,1.0,1.0,0.0,0.0,,,,,,,,,,,,,,,,,,,,,
ecbd,ecbd_row_98577,98577,Cc1ccnc(NC(=O)C2CCN(C(=O)CCN3C(=O)c4ccccc4N4C(=O)CC[C@]34C)CC2)c1,Cc1ccnc(NC(=O)C2CCN(C(=O)CCN3C(=O)c4ccccc4N4C(=O)CC[C@]34C)CC2)c1,0.0,0.053597167,k_pneumoniae,92.0,HepG2 supplied binary label,HepG2_Binarized_Toxicity,supplied_binary_hit,0.0,0.0,0.0,0.0,0.0,0.0,0.0,,,,,,,,,,,,,,,,,,,,,
ecbd,ecbd_row_99612,99612,Cc1cnn(C[C@H]2CCCCN2C(=O)c2cc(CC(C)C)n[nH]2)c1,Cc1cnn(C[C@H]2CCCCN2C(=O)c2cc(CC(C)C)n[nH]2)c1,0.0,0.07836976,k_pneumoniae,100.0,HepG2 supplied binary label,HepG2_Binarized_Toxicity,supplied_binary_hit,0.0,0.0,0.0,0.0,0.0,0.0,0.0,,,,,,,,,,,,,,,,,,,,,
coadd,CO-ADD:0149881,56,FC1=CC2=C(C=C1N3CCNCC3)N(C4CC4)C([H])=C(C(NC5=CC=C(C6=NNC(O6)=S)C=C5)=O)C2=O.Cl,Cl.O=C(Nc1ccc(-c2n[nH]c(=S)o2)cc1)c1cn(C2CC2)c2cc(N3CCNCC3)c(F)cc2c1=O,1.0,0.1529077333333333,e_coli,,HEK293 CC50,matched_antibacterial_dose,supplied EC wild-type 80% inhibition hit,,,,,,,,16875,1.0,True,True,32 ug/mL,17.8,ug/mL,32.0,ug/mL,exact_cc50,,96.25,,,,,,,,,
coadd,CO-ADD:0136780,73,c1c(c(ccc2)ccc1Sc(ccc(nc(N)n3)c4c3N)c4)c2.c1c(c(ccc2)ccc1Sc(ccc(nc(N)n3)c4c3N)c4)c2.CCO,CCO.Nc1nc(N)c2cc(Sc3ccc4ccccc4c3)ccc2n1.Nc1nc(N)c2cc(Sc3ccc4ccccc4c3)ccc2n1,1.0,0.893581395,e_coli,,HEK293 CC50,matched_antibacterial_dose,supplied EC wild-type 80% inhibition hit,,,,,,,,22776,1.0,True,True,25 uM,5.182,uM,25.0,uM,exact_cc50,,84.95,,,,,,,,,
coadd,CO-ADD:0137574,91,CC(C)CCC1=C(C(NCCCN(C)C)=O)N=C(NC(C2=CC(NC(C3=CC(NC(N)=N)=CN3C)=O)=CN2C)=O)S1.OC(C(F)(F)F)=O.OC(C(F)(F)F)=O,CC(C)CCc1sc(NC(=O)c2cc(NC(=O)c3cc(NC(=N)N)cn3C)cn2C)nc1C(=O)NCCCN(C)C.O=C(O)C(F)(F)F.O=C(O)C(F)(F)F,1.0,0.8829937550000001,e_coli,,HEK293 CC50,matched_antibacterial_dose,supplied EC wild-type 80% inhibition hit,,,,,,,,67899,1.0,True,True,32 ug/mL,19.9,ug/mL,32.0,ug/mL,exact_cc50,,95.2,,,,,,,,,
coadd,CO-ADD:0137576,92,O=C(N([H])C1=CN(C)C(C(N(C2=CN(C)C(C(N([H])CCC(N)=N)=O)=C2)[H])=O)=C1)C3=CC=C(/C=C/C4=CC=C(OC)C=C4)N=C3.OC(C(F)(F)F)=O.OC(C(F)(F)F)=O,COc1ccc(/C=C/c2ccc(C(=O)Nc3cc(C(=O)Nc4cc(C(=O)NCCC(=N)N)n(C)c4)n(C)c3)cn2)cc1.O=C(O)C(F)(F)F.O=C(O)C(F)(F)F,0.0,0.35124065,e_coli,,HEK293 CC50,matched_antibacterial_dose,supplied EC wild-type 80% inhibition hit,,,,,,,,99778,1.0,True,True,32 ug/mL,>32,ug/mL,32.0,ug/mL,lower_bound_proves_nontoxic,,63.07,,,,,,,,,
coadd,CO-ADD:0137587,98,CN1C=C(NC(C2=CC(NC(C3=CN=C(/C=C/C4=CC=C(OC)C=C4)C=C3)=O)=CN2C)=O)C=C1C(N5CCC(OCCOC)CC5)=O.S(O)(O)(=O)=O,COCCOC1CCN(C(=O)c2cc(NC(=O)c3cc(NC(=O)c4ccc(/C=C/c5ccc(OC)cc5)nc4)cn3C)cn2C)CC1.O=S(=O)(O)O,1.0,0.21095997,e_coli,,HEK293 CC50,matched_antibacterial_dose,supplied EC wild-type 80% inhibition hit,,,,,,,,132912,1.0,True,True,32 ug/mL,15.5,ug/mL,32.0,ug/mL,exact_cc50,,55.35,,,,,,,,,
coadd,CO-ADD:0137075,103,[Cl-].C(/c(ccc(N(CC)CC)c1)c1)(c(ccc(N(CC)CC)c2)c2)=C(/C=CC3=[N+](CC)/CC)C=C3,CCN(CC)c1ccc(C(=C2C=CC(=[N+](CC)CC)C=C2)c2ccc(N(CC)CC)cc2)cc1.[Cl-],1.0,0.72262851,e_coli,,HEK293 CC50,matched_antibacterial_dose,supplied EC wild-type 80% inhibition hit,,,,,,,,20791,1.0,True,True,25 uM,1.302,uM,25.0,uM,exact_cc50,,111.75,,,,,,,,,
coadd,CO-ADD:0137609,108,CN1C=C(NC(C(C=C2)=CC=C2/C=C/C3=CC(OC)=CC=C3)=O)C=C1C(NC4=CN(CCCC5=CC=CC=C5)C(C(NCCN6CCCCC6)=O)=C4)=O.OC(C(F)(F)F)=O,COc1cccc(/C=C/c2ccc(C(=O)Nc3cc(C(=O)Nc4cc(C(=O)NCCN5CCCCC5)n(CCCc5ccccc5)c4)n(C)c3)cc2)c1.O=C(O)C(F)(F)F,1.0,0.5709888049999999,e_coli,,HEK293 CC50,matched_antibacterial_dose,supplied EC wild-type 80% inhibition hit,,,,,,,,25623,1.0,True,True,32 ug/mL,16,ug/mL,32.0,ug/mL,exact_cc50,,61.35,,,,,,,,,
coadd,CO-ADD:0137133,118,c1cc(c(c(CCO)c([N+](=O)[O-])o2)c2cc3)c3cc1,O=[N+]([O-])c1oc2ccc3ccccc3c2c1CCO,1.0,0.4800918533333334,e_coli,,HEK293 CC50,matched_antibacterial_dose,supplied EC wild-type 80% inhibition hit,,,,,,,,144119,1.0,True,True,25 uM,4.707,uM,25.0,uM,exact_cc50,,54.55,,,,,,,,,
coadd,CO-ADD:0137617,122,CN1C=C(NC(C2=CC(NC(C3=CN=C(/C=C/C4=CC=C(OC)C=C4)C=C3)=O)=CN2C)=O)C=C1C(NCCN5CCC(O)CC5)=O.OC(C(F)(F)F)=O.OC(C(F)(F)F)=O,COc1ccc(/C=C/c2ccc(C(=O)Nc3cc(C(=O)Nc4cc(C(=O)NCCN5CCC(O)CC5)n(C)c4)n(C)c3)cn2)cc1.O=C(O)C(F)(F)F.O=C(O)C(F)(F)F,0.0,0.172191625,e_coli,,HEK293 CC50,matched_antibacterial_dose,supplied EC wild-type 80% inhibition hit,,,,,,,,114886,1.0,True,True,32 ug/mL,>32,ug/mL,32.0,ug/mL,lower_bound_proves_nontoxic,,30.47,,,,,,,,,
coadd,CO-ADD:0137636,126,c1(C(=O)NN=Cc(cc(Cl)cc2Br)c2O)nonc1N,Nc1nonc1C(=O)NN=Cc1cc(Cl)cc(Br)c1O,0.0,0.7628663066666665,e_coli,,HEK293 CC50,matched_antibacterial_dose,supplied EC wild-type 80% inhibition hit,,,,,,,,104312,1.0,True,True,32 ug/mL,>32,ug/mL,32.0,ug/mL,lower_bound_proves_nontoxic,,12.6,,,,,,,,,
coadd,CO-ADD:0136975,146,[C@@H]1(O)[C@@]([C@@H](NC(=O)[C@](C)(N)[H])[C@@](C)(C(Cl)Cl)O2)(C(C2=O)=C(O)C[C@H]1O)[H],C[C@H](N)C(=O)N[C@@H]1[C@H]2C(=C(O)C[C@@H](O)[C@@H]2O)C(=O)O[C@]1(C)C(Cl)Cl,1.0,0.1359693041666666,e_coli,,HEK293 CC50,matched_antibacterial_dose,supplied EC wild-type 80% inhibition hit,,,,,,,,168173;168189,2.0,True,True,25 uM,1.18,uM,25.0,uM,exact_cc50,,73.6,,,,,,,,,
coadd,CO-ADD:0160212,194,N#CCS(C1=C([N+]([O-])=O)N=CN1C)=O,Cn1cnc([N+](=O)[O-])c1S(=O)CC#N,1.0,0.155176185,e_coli,,HEK293 CC50,matched_antibacterial_dose,supplied EC wild-type 80% inhibition hit,,,,,,,,163639,1.0,True,True,32 ug/mL,4.87,ug/mL,32.0,ug/mL,exact_cc50,,99.8,,,,,,,,,
coadd,CO-ADD:0155692,411,O=C(NCCCCCCCCCCCC)CCC1=CC=C(C)O1,CCCCCCCCCCCCNC(=O)CCc1ccc(C)o1,1.0,0.0752135516666666,e_coli,,HEK293 CC50,matched_antibacterial_dose,supplied EC wild-type 80% inhibition hit,,,,,,,,155793,1.0,True,True,32 ug/mL,17.5,ug/mL,32.0,ug/mL,exact_cc50,,100.55,,,,,,,,,
coadd,CO-ADD:0157564,439,[N+]1(C2=NON=C2N3CCCCC3)=NC4=NON=C4[N-]1,C1CCN(c2nonc2-[n+]2nc3nonc3[n-]2)CC1,1.0,0.1215983558333333,e_coli,,HEK293 CC50,matched_antibacterial_dose,supplied EC wild-type 80% inhibition hit,,,,,,,,20291,1.0,True,True,32 ug/mL,2.1,ug/mL,32.0,ug/mL,exact_cc50,,96.85,,,,,,,,,
coadd,CO-ADD:0162412,477,C(=O)(c1cccc(C)c1)Nc(cccc2C(NCCCCCCCCCCCC)=O)c2,CCCCCCCCCCCCNC(=O)c1cccc(NC(=O)c2cccc(C)c2)c1,0.0,0.1178435433333333,e_coli,,HEK293 CC50,matched_antibacterial_dose,supplied EC wild-type 80% inhibition hit,,,,,,,,156862,1.0,True,True,32 ug/mL,>32,ug/mL,32.0,ug/mL,lower_bound_proves_nontoxic,,98.25,,,,,,,,,
coadd,CO-ADD:0165032,493,CN(C)[C@H]1[C@@H]2C[C@@H]3Cc4c(ccc(O)c4C(O)=C3C(=O)[C@]2(O)C(O)=C(C(N)=O)C1=O)N(C)C.Cl,CN(C)c1ccc(O)c2c1C[C@H]1C[C@H]3[C@H](N(C)C)C(=O)C(C(N)=O)=C(O)[C@@]3(O)C(=O)C1=C2O.Cl,1.0,0.0782556433333333,e_coli,,HEK293 CC50,matched_antibacterial_dose,supplied EC wild-type 80% inhibition hit,,,,,,,,90571,1.0,True,True,20 uM,0.0983,uM,20.0,uM,exact_cc50,,32.5,,,,,,,,,
coadd,CO-ADD:0164296,496,FC1=CC2=C(N(C3CC3)C=C(C(NC4=CC=C(C(O5)=NNC5=S)C=C4)=O)C2=O)C(OC)=C1N6CC7CCCNC7C6.Cl,COc1c(N2CC3CCCNC3C2)c(F)cc2c(=O)c(C(=O)Nc3ccc(-c4n[nH]c(=S)o4)cc3)cn(C3CC3)c12.Cl,1.0,0.1333068816666666,e_coli,,HEK293 CC50,matched_antibacterial_dose,supplied EC wild-type 80% inhibition hit,,,,,,,,174791,1.0,True,True,32 ug/mL,6.76,ug/mL,32.0,ug/mL,exact_cc50,,106.25,,,,,,,,,
coadd,CO-ADD:0162414,497,C(NCCCCCCCCCCCC)(=O)c1ccc(cc1)NC(CCCCCCC)=O,CCCCCCCCCCCCNC(=O)c1ccc(NC(=O)CCCCCCC)cc1,1.0,0.1465557916666666,e_coli,,HEK293 CC50,matched_antibacterial_dose,supplied EC wild-type 80% inhibition hit,,,,,,,,113557,1.0,True,True,32 ug/mL,19.5,ug/mL,32.0,ug/mL,exact_cc50,,98.0,,,,,,,,,
coadd,CO-ADD:0217312,727,n1c(N(C)C)nc(nc1N(CC2)CCO2)N\N=C\C(\Br)=C\c3ccccc3,CN(C)c1nc(N/N=C/C(Br)=C/c2ccccc2)nc(N2CCOCC2)n1,1.0,0.349289965,e_coli,,HEK293 CC50,matched_antibacterial_dose,supplied EC wild-type 80% inhibition hit,,,,,,,,115511,1.0,True,True,32 ug/mL,18.8,ug/mL,32.0,ug/mL,exact_cc50,,68.05,,,,,,,,,
coadd,CO-ADD:0219333,761,C(CCCC(CCCCCCCCCC)=O)(NCCCCCCCCCCCC)=O,CCCCCCCCCCCCNC(=O)CCCC(=O)CCCCCCCCCC,1.0,0.0815380076666666,e_coli,,HEK293 CC50,matched_antibacterial_dose,supplied EC wild-type 80% inhibition hit,,,,,,,,180340,1.0,True,True,32 ug/mL,6.69,ug/mL,32.0,ug/mL,exact_cc50,,98.85,,,,,,,,,
coadd,CO-ADD:0222847,970,[N+](=O)([O-])\C=C\c1ccc(cc1Cl)Cl,O=[N+]([O-])/C=C/c1ccc(Cl)cc1Cl,1.0,0.8408972383333334,e_coli,,HEK293 CC50,matched_antibacterial_dose,supplied EC wild-type 80% inhibition hit,,,,,,,,76882,1.0,True,True,32 ug/mL,2.92,ug/mL,32.0,ug/mL,exact_cc50,,93.7,,,,,,,,,
coadd,CO-ADD:0223354,1143,c1(ccc(\C=N\N=C\c2ccc(cc2O)O)o1)[N+](=O)[O-],O=[N+]([O-])c1ccc(/C=N/N=C/c2ccc(O)cc2O)o1,1.0,0.3460708883333334,e_coli,,HEK293 CC50,matched_antibacterial_dose,supplied EC wild-type 80% inhibition hit,,,,,,,,157310,1.0,True,True,32 ug/mL,2.2,ug/mL,32.0,ug/mL,exact_cc50,,97.9,,,,,,,,,
coadd,CO-ADD:0220077,1234,c1(ccc(\C=N\NC(N)=O)o1)[N+](=O)[O-],NC(=O)N/N=C/c1ccc([N+](=O)[O-])o1,0.0,0.1588281866666666,e_coli,,HEK293 CC50,matched_antibacterial_dose,supplied EC wild-type 80% inhibition hit,,,,,,,,118223,1.0,True,True,32 ug/mL,>32,ug/mL,32.0,ug/mL,lower_bound_proves_nontoxic,,29.05,,,,,,,,,
coadd,CO-ADD:0217091,1239,N1(CCCCCCCCCC)C=CC(C=C1)=N.Br,Br.CCCCCCCCCCn1ccc(=N)cc1,0.0,0.2045551466666666,e_coli,,HEK293 CC50,matched_antibacterial_dose,supplied EC wild-type 80% inhibition hit,,,,,,,,78966,1.0,True,True,32 ug/mL,>32,ug/mL,32.0,ug/mL,lower_bound_proves_nontoxic,,99.05,,,,,,,,,
coadd,CO-ADD:0230014,1306,C1(\C(\Br)=C\c2ccccc2)OC(CC)(CC)c3c(cccc3)N1,CCC1(CC)OC(/C(Br)=C/c2ccccc2)Nc2ccccc21,1.0,0.1519021633333333,e_coli,,HEK293 CC50,matched_antibacterial_dose,supplied EC wild-type 80% inhibition hit,,,,,,,,89936,1.0,True,True,32 ug/mL,9.23,ug/mL,32.0,ug/mL,exact_cc50,,79.4,,,,,,,,,
coadd,CO-ADD:0230906,1345,c1(ccc(\C=N\NC(=O)c(cc2OC)cc(c2OC)OC)o1)[N+](=O)[O-],COc1cc(C(=O)N/N=C/c2ccc([N+](=O)[O-])o2)cc(OC)c1OC,0.0,0.7084345083333333,e_coli,,HEK293 CC50,matched_antibacterial_dose,supplied EC wild-type 80% inhibition hit,,,,,,,,79721,1.0,True,True,32 ug/mL,>32,ug/mL,32.0,ug/mL,lower_bound_proves_nontoxic,,46.95,,,,,,,,,
coadd,CO-ADD:0244457,1451,N1(C)\C(=C\C=C\c2cc(c3ccccc3)cc(c4ccccc4)[o+]2)\C(c(cccc5)c15)(C)C,CN1/C(=C/C=C/c2cc(-c3ccccc3)cc(-c3ccccc3)[o+]2)C(C)(C)c2ccccc21,1.0,0.3144853833333333,e_coli,,HEK293 CC50,matched_antibacterial_dose,supplied EC wild-type 80% inhibition hit,,,,,,,,53998,1.0,True,True,32 ug/mL,1.52,ug/mL,32.0,ug/mL,exact_cc50,,96.65,,,,,,,,,
coadd,CO-ADD:0235690,1509,c1(nc2)n(cc2[N+](=O)[O-])nc(N)n1,Nc1nc2ncc([N+](=O)[O-])cn2n1,0.0,0.070249627,e_coli,,HEK293 CC50,matched_antibacterial_dose,supplied EC wild-type 80% inhibition hit,,,,,,,,70533,1.0,True,True,32 ug/mL,>32,ug/mL,32.0,ug/mL,lower_bound_proves_nontoxic,,15.4,,,,,,,,,
coadd,CO-ADD:0236706,1539,[n+]1([O-])n(C(C)CC)nc(NC([H])=O)c1[N+](=O)[O-],CCC(C)n1nc(NC=O)c([N+](=O)[O-])[n+]1[O-],1.0,0.0435357143333333,e_coli,,HEK293 CC50,matched_antibacterial_dose,supplied EC wild-type 80% inhibition hit,,,,,,,,50642,1.0,True,True,32 ug/mL,15.9,ug/mL,32.0,ug/mL,exact_cc50,,63.2,,,,,,,,,
coadd,CO-ADD:0234274,1561,C(=N\NC(CNC(=O)c1ccco1)=O)(/C2=O)\c3c(N2)ccc(c3)[N+](=O)[O-],O=C(CNC(=O)c1ccco1)N/N=C1/C(=O)Nc2ccc([N+](=O)[O-])cc21,0.0,0.1987309183333333,e_coli,,HEK293 CC50,matched_antibacterial_dose,supplied EC wild-type 80% inhibition hit,,,,,,,,86550,1.0,True,True,32 ug/mL,>32,ug/mL,32.0,ug/mL,lower_bound_proves_nontoxic,,9.25,,,,,,,,,
coadd,CO-ADD:0236505,1564,c1(ccc(\C=N\c2ccc(cc2C(c3ccccc3)=O)Cl)s1)[N+](=O)[O-],O=C(c1ccccc1)c1cc(Cl)ccc1/N=C/c1ccc([N+](=O)[O-])s1,1.0,0.6550321600000001,e_coli,,HEK293 CC50,matched_antibacterial_dose,supplied EC wild-type 80% inhibition hit,,,,,,,,141036,1.0,True,True,32 ug/mL,1.99,ug/mL,32.0,ug/mL,exact_cc50,,100.5,,,,,,,,,
coadd,CO-ADD:0238634,1590,CC1=C(C2=CC=C(C=C2)C3=CC=CC=C3)C(C)=C(C)C1C.NC4=NC(NC5=CC=CC=C5)=N[Ir@](C)(N4)Cl,CC1=C(C)C(C)C(C)=C1c1ccc(-c2ccccc2)cc1.C[Ir@@]1(Cl)N=C(Nc2ccccc2)N=C(N)N1,1.0,0.1309442199999999,e_coli,,HEK293 CC50,matched_antibacterial_dose,supplied EC wild-type 80% inhibition hit,,,,,,,,16574,1.0,True,True,32 ug/mL,29.9,ug/mL,32.0,ug/mL,exact_cc50,,99.55,,,,,,,,,
coadd,CO-ADD:0238635,1591,CC1=C(C2=CC=C(C=C2)C3=CC=CC=C3)C(C)=C(C)C1C.NC4=NC(NC5=CC=C(C=C5)F)=N[Ir@](C)(N4)Cl,CC1=C(C)C(C)C(C)=C1c1ccc(-c2ccccc2)cc1.C[Ir@@]1(Cl)N=C(Nc2ccc(F)cc2)N=C(N)N1,1.0,0.1309442199999999,e_coli,,HEK293 CC50,matched_antibacterial_dose,supplied EC wild-type 80% inhibition hit,,,,,,,,52858,1.0,True,True,32 ug/mL,19.3,ug/mL,32.0,ug/mL,exact_cc50,,72.3,,,,,,,,,
coadd,CO-ADD:0238637,1592,CC1=C(C2=CC=C(C=C2)C3=CC=CC=C3)C(C)=C(C)C1C.NC4=NC(NCCC5=CC=CC=C5)=N[Ir@](C)(N4)Cl,CC1=C(C)C(C)C(C)=C1c1ccc(-c2ccccc2)cc1.C[Ir@@]1(Cl)N=C(NCCc2ccccc2)N=C(N)N1,1.0,0.1309442199999999,e_coli,,HEK293 CC50,matched_antibacterial_dose,supplied EC wild-type 80% inhibition hit,,,,,,,,115652,1.0,True,True,32 ug/mL,16.9,ug/mL,32.0,ug/mL,exact_cc50,,100.65,,,,,,,,,
coadd,CO-ADD:0241638,1612,C(C#N)(C1c2ccc(Br)s2)=C(N)N(C(CC(C)(C)CC3=O)=C13)c4ccc(cc4)C,Cc1ccc(N2C(N)=C(C#N)C(c3ccc(Br)s3)C3=C2CC(C)(C)CC3=O)cc1,1.0,0.1913969616666666,e_coli,,HEK293 CC50,matched_antibacterial_dose,supplied EC wild-type 80% inhibition hit,,,,,,,,81227,1.0,True,True,32 ug/mL,11.8,ug/mL,32.0,ug/mL,exact_cc50,,83.65,,,,,,,,,
coadd,CO-ADD:0254435,1653,[n+]1([O-])n(C)nc(NCCC#N)c1[N+](=O)[O-],Cn1nc(NCCC#N)c([N+](=O)[O-])[n+]1[O-],1.0,0.0275417003333333,e_coli,,HEK293 CC50,matched_antibacterial_dose,supplied EC wild-type 80% inhibition hit,,,,,,,,119691,1.0,True,True,32 ug/mL,7.412,ug/mL,32.0,ug/mL,exact_cc50,,87.4,,,,,,,,,
coadd,CO-ADD:0253061,1655,c1(ccc(\C=N\c2ccccc2)o1)[N+](=O)[O-],O=[N+]([O-])c1ccc(/C=N/c2ccccc2)o1,1.0,0.2732019283333333,e_coli,,HEK293 CC50,matched_antibacterial_dose,supplied EC wild-type 80% inhibition hit,,,,,,,,161509,1.0,True,True,32 ug/mL,2.7,ug/mL,32.0,ug/mL,exact_cc50,,93.95,,,,,,,,,
coadd,CO-ADD:0253934,1660,c(c(Cl)c(C#N)nc1Cl)(S2)c1SC2=O,N#Cc1nc(Cl)c2sc(=O)sc2c1Cl,1.0,0.54089124,e_coli,,HEK293 CC50,matched_antibacterial_dose,supplied EC wild-type 80% inhibition hit,,,,,,,,87658,1.0,True,True,32 ug/mL,5.39,ug/mL,32.0,ug/mL,exact_cc50,,96.65,,,,,,,,,
coadd,CO-ADD:0242701,1662,c1(c(ccc2[N+](=O)[O-])o2)[nH]c(c(c3)n1)ccc3[N+](=O)[O-],O=[N+]([O-])c1ccc2[nH]c(-c3ccc([N+](=O)[O-])o3)nc2c1,1.0,0.6476047133333334,e_coli,,HEK293 CC50,matched_antibacterial_dose,supplied EC wild-type 80% inhibition hit,,,,,,,,173599,1.0,True,True,32 ug/mL,0.277,ug/mL,32.0,ug/mL,exact_cc50,,108.25,,,,,,,,,
coadd,CO-ADD:0247666,1723,c(cc1c2\C(=C\C=C(/C=C3)\c(cccc4)c4N3C)\C=N1)cc2.I,CN1C=C/C(=C\C=C2/C=Nc3ccccc32)c2ccccc21.I,1.0,0.4135580716666666,e_coli,,HEK293 CC50,matched_antibacterial_dose,supplied EC wild-type 80% inhibition hit,,,,,,,,7941,1.0,True,True,32 ug/mL,6.873,ug/mL,32.0,ug/mL,exact_cc50,,92.8,,,,,,,,,
coadd,CO-ADD:0247733,1738,c12c(ccc(NN)n1)c(cc(Cl)c2O)Cl,NNc1ccc2c(Cl)cc(Cl)c(O)c2n1,1.0,0.4237490599999999,e_coli,,HEK293 CC50,matched_antibacterial_dose,supplied EC wild-type 80% inhibition hit,,,,,,,,173788,1.0,True,True,32 ug/mL,9.33,ug/mL,32.0,ug/mL,exact_cc50,,62.9,,,,,,,,,
coadd,CO-ADD:0240321,1741,c(ccc1C(=O)N(CC2)CCN2C)(o1)[N+](=O)[O-].Cl,CN1CCN(C(=O)c2ccc([N+](=O)[O-])o2)CC1.Cl,1.0,0.1877569983333333,e_coli,,HEK293 CC50,matched_antibacterial_dose,supplied EC wild-type 80% inhibition hit,,,,,,,,60193,1.0,True,True,32 ug/mL,19.2,ug/mL,32.0,ug/mL,exact_cc50,,72.75,,,,,,,,,
coadd,CO-ADD:0240410,1761,C(C#N)(C1c2ccc(Br)s2)=C(N)N(C(CCCC3=O)=C13)c4ccc(cc4)C,Cc1ccc(N2C(N)=C(C#N)C(c3ccc(Br)s3)C3=C2CCCC3=O)cc1,1.0,0.171831269,e_coli,,HEK293 CC50,matched_antibacterial_dose,supplied EC wild-type 80% inhibition hit,,,,,,,,143205,1.0,True,True,32 ug/mL,25.4,ug/mL,32.0,ug/mL,exact_cc50,,62.1,,,,,,,,,
coadd,CO-ADD:0244702,1765,N(=C\C(\Br)=C\c1ccccc1)/N(c2ccccc2)c3ccccc3,BrC(=C\c1ccccc1)/C=N/N(c1ccccc1)c1ccccc1,1.0,0.247102305,e_coli,,HEK293 CC50,matched_antibacterial_dose,supplied EC wild-type 80% inhibition hit,,,,,,,,98785,1.0,True,True,32 ug/mL,0.601,ug/mL,32.0,ug/mL,exact_cc50,,94.2,,,,,,,,,
coadd,CO-ADD:0244719,1767,N1(C(=O)CSC1=S)c(c2)cc(cc2[N+](=O)[O-])[N+](=O)[O-],O=C1CSC(=S)N1c1cc([N+](=O)[O-])cc([N+](=O)[O-])c1,1.0,0.3060723116666666,e_coli,,HEK293 CC50,matched_antibacterial_dose,supplied EC wild-type 80% inhibition hit,,,,,,,,148480,1.0,True,True,32 ug/mL,1.72,ug/mL,32.0,ug/mL,exact_cc50,,101.9,,,,,,,,,
coadd,CO-ADD:0248218,1775,c1(\N=C\c(ccc2[N+](=O)[O-])o2)sc(c3c1C(OCC)=O)CCC3,CCOC(=O)c1c(/N=C/c2ccc([N+](=O)[O-])o2)sc2c1CCC2,1.0,0.156714935,e_coli,,HEK293 CC50,matched_antibacterial_dose,supplied EC wild-type 80% inhibition hit,,,,,,,,71874,1.0,True,True,32 ug/mL,9.9,ug/mL,32.0,ug/mL,exact_cc50,,88.65,,,,,,,,,
coadd,CO-ADD:0249969,1818,C(F)(C(NCCC(F)([N+](=O)[O-])[N+](=O)[O-])=O)([N+](=O)[O-])[N+](=O)[O-],O=C(NCCC(F)([N+](=O)[O-])[N+](=O)[O-])C(F)([N+](=O)[O-])[N+](=O)[O-],1.0,0.4417813683333333,e_coli,,HEK293 CC50,matched_antibacterial_dose,supplied EC wild-type 80% inhibition hit,,,,,,,,148879,1.0,True,True,32 ug/mL,2.33,ug/mL,32.0,ug/mL,exact_cc50,,98.95,,,,,,,,,
coadd,CO-ADD:0252482,1819,c1(c2ccc(cc2)\N=C\c(ccc3[N+](=O)[O-])o3)sc4c(ccc(C)c4)n1,Cc1ccc2nc(-c3ccc(/N=C/c4ccc([N+](=O)[O-])o4)cc3)sc2c1,0.0,0.135821885,e_coli,,HEK293 CC50,matched_antibacterial_dose,supplied EC wild-type 80% inhibition hit,,,,,,,,57652,1.0,True,True,32 ug/mL,>32,ug/mL,32.0,ug/mL,lower_bound_proves_nontoxic,,26.6,,,,,,,,,
coadd,CO-ADD:0252309,1848,C(c(cc1)ccn1)(=O)N\N=C\C(\Br)=C/c2ccccc2,O=C(N/N=C/C(Br)=C\c1ccccc1)c1ccncc1,1.0,0.7880182683333333,e_coli,,HEK293 CC50,matched_antibacterial_dose,supplied EC wild-type 80% inhibition hit,,,,,,,,30070,1.0,True,True,32 ug/mL,10.8,ug/mL,32.0,ug/mL,exact_cc50,,78.8,,,,,,,,,
coadd,CO-ADD:0252312,1849,c(ccc(n1)C)(c1)C(=O)N\N=C\C(\Br)=C\c2ccccc2,Cc1ccc(C(=O)N/N=C/C(Br)=C/c2ccccc2)cn1,1.0,0.6452528599999999,e_coli,,HEK293 CC50,matched_antibacterial_dose,supplied EC wild-type 80% inhibition hit,,,,,,,,162584,1.0,True,True,32 ug/mL,17.3,ug/mL,32.0,ug/mL,exact_cc50,,56.45,,,,,,,,,
coadd,CO-ADD:0256575,1867,B1(O)c2c(CO1)cccc2,OB1OCc2ccccc21,0.0,0.0311014988333333,e_coli,,HEK293 CC50,matched_antibacterial_dose,supplied EC wild-type 80% inhibition hit,,,,,,,,86481,1.0,True,True,32 ug/mL,>32,ug/mL,32.0,ug/mL,lower_bound_proves_nontoxic,,45.35,,,,,,,,,
coadd,CO-ADD:0137197,1959,n1c(c2ccc(C(C(OC)=C3N)=O)c(C3=O)n2)c(N)c(c4ccc(OC)c(OC)c4O)c(C)c1C(O)=O,COC1=C(N)C(=O)c2nc(-c3nc(C(=O)O)c(C)c(-c4ccc(OC)c(OC)c4O)c3N)ccc2C1=O,1.0,0.6407159533333333,e_coli,,HEK293 CC50,matched_antibacterial_dose,supplied EC wild-type 80% inhibition hit,,,,,,,,90118,1.0,True,True,25 uM,0.0924,uM,25.0,uM,exact_cc50,,99.15,,,,,,,,,
coadd,CO-ADD:0137255,1979,[C@@H]1(O)[C@@]([C@@H](NC(=O)[C@](C)(N)[H])[C@@](C)(C(Cl)Cl)O2)(C(C2=O)=C(O)C[C@H]1O)[H],C[C@H](N)C(=O)N[C@@H]1[C@H]2C(=C(O)C[C@@H](O)[C@@H]2O)C(=O)O[C@]1(C)C(Cl)Cl,1.0,0.1359693041666666,e_coli,,HEK293 CC50,matched_antibacterial_dose,supplied EC wild-type 80% inhibition hit,,,,,,,,168141;168157,2.0,True,True,25 uM,1.569,uM,25.0,uM,exact_cc50,,60.35,,,,,,,,,
coadd,CO-ADD:0137276,1983,CC(N([H])C(=O)C1N([H])C(=O)c2nc(c(nc2)cc3)cc3)C(=O)N(C(C(=O)N(C(C(C)C)C(OC4)=O)C)CSC(SC)C(N(C(=O)C(N([H])C(=O)C4N([H])C(=O)c5nc(c(nc5)cc6)cc6)C)C)C(=O)N(C(C(C)C)C(OC1)=O)C)C,CSC1SCC2C(=O)N(C)C(C(C)C)C(=O)OCC(NC(=O)c3cnc4ccccc4n3)C(=O)NC(C)C(=O)N(C)C1C(=O)N(C)C(C(C)C)C(=O)OCC(NC(=O)c1cnc3ccccc3n1)C(=O)NC(C)C(=O)N2C,1.0,0.8616565216666667,e_coli,,HEK293 CC50,matched_antibacterial_dose,supplied EC wild-type 80% inhibition hit,,,,,,,,181334,1.0,True,True,25 uM,<=0.0781,uM,25.0,uM,upper_bound_proves_toxic,,76.85,,,,,,,,,
coadd,CO-ADD:0137573,2005,O=C(NCCN1CCOCC1)C2=CC(NC(C3=CC(NC(C4=CN=C(/C=C/C5=CC=C(OC)C=C5)C=C4)=O)=CN3C)=O)=CN2CCCC6=CN(CCC7=CC=CC=C7)N=N6,COc1ccc(/C=C/c2ccc(C(=O)Nc3cc(C(=O)Nc4cc(C(=O)NCCN5CCOCC5)n(CCCc5cn(CCc6ccccc6)nn5)c4)n(C)c3)cn2)cc1,0.0,0.1423837849999999,e_coli,,HEK293 CC50,matched_antibacterial_dose,supplied EC wild-type 80% inhibition hit,,,,,,,,16716,1.0,True,True,32 ug/mL,>32,ug/mL,32.0,ug/mL,lower_bound_proves_nontoxic,,39.3,,,,,,,,,
coadd,CO-ADD:0137575,2006,CN1C=C(NC(C(C=N2)=CC=C2/C=C/C(C=C3)=CC=C3OC)=O)C=C1C(NC4=CN(C)C(C(NCCN5CCOCC5)=O)=C4)=O.OC(C(F)(F)F)=O.OC(C(F)(F)F)=O,COc1ccc(/C=C/c2ccc(C(=O)Nc3cc(C(=O)Nc4cc(C(=O)NCCN5CCOCC5)n(C)c4)n(C)c3)cn2)cc1.O=C(O)C(F)(F)F.O=C(O)C(F)(F)F,1.0,0.1950304816666666,e_coli,,HEK293 CC50,matched_antibacterial_dose,supplied EC wild-type 80% inhibition hit,,,,,,,,68215,1.0,True,True,32 ug/mL,27.1,ug/mL,32.0,ug/mL,exact_cc50,,50.5,,,,,,,,,
coadd,CO-ADD:0137581,2009,O=C(NCCN1CCOCC1)C2=C(CCC3=CC=CC=C3)SC(NC(C4=CC(NC(C5=CC=C(/C=C/C6=CN=C(C=CC=C7)C7=C6)C=C5)=O)=CN4C)=O)=N2.OC(C(F)(F)F)=O.OC(C(F)(F)F)=O,Cn1cc(NC(=O)c2ccc(/C=C/c3cnc4ccccc4c3)cc2)cc1C(=O)Nc1nc(C(=O)NCCN2CCOCC2)c(CCc2ccccc2)s1.O=C(O)C(F)(F)F.O=C(O)C(F)(F)F,0.0,0.3810561799999999,e_coli,,HEK293 CC50,matched_antibacterial_dose,supplied EC wild-type 80% inhibition hit,,,,,,,,54318,1.0,True,True,32 ug/mL,>32,ug/mL,32.0,ug/mL,lower_bound_proves_nontoxic,,44.45,,,,,,,,,
coadd,CO-ADD:0137583,2010,O=C(NCCN1CCOCC1)C2=C(CCC3=CC=CC=C3)SC(NC(C4=CC(NC(C5=CC(OC)=CC=C5)=N)=CN4C)=O)=N2.OC(C(F)(F)F)=O.OC(C(F)(F)F)=O,COc1cccc(C(=N)Nc2cc(C(=O)Nc3nc(C(=O)NCCN4CCOCC4)c(CCc4ccccc4)s3)n(C)c2)c1.O=C(O)C(F)(F)F.O=C(O)C(F)(F)F,1.0,0.6263079083333333,e_coli,,HEK293 CC50,matched_antibacterial_dose,supplied EC wild-type 80% inhibition hit,,,,,,,,144715,1.0,True,True,32 ug/mL,2.59,ug/mL,32.0,ug/mL,exact_cc50,,92.77,,,,,,,,,
coadd,CO-ADD:0137586,2011,CN1C=C(NC(C2=CC(NC(C3=CC=C(/C=C/C4=CC(OC)=CC=C4)C=C3)=O)=CN2C)=O)C=C1C(NCCN5CCC(O)CC5)=O.OC(C(F)(F)F)=O,COc1cccc(/C=C/c2ccc(C(=O)Nc3cc(C(=O)Nc4cc(C(=O)NCCN5CCC(O)CC5)n(C)c4)n(C)c3)cc2)c1.O=C(O)C(F)(F)F,1.0,0.3098915816666667,e_coli,,HEK293 CC50,matched_antibacterial_dose,supplied EC wild-type 80% inhibition hit,,,,,,,,147945,1.0,True,True,32 ug/mL,11.7,ug/mL,32.0,ug/mL,exact_cc50,,84.7,,,,,,,,,
coadd,CO-ADD:0137610,2022,O=C(NCCN1CCOCC1)C2=C(CCC3=CC=CC=C3)SC(NC(C4=CC(NC(C5=CC=C(OC)C=C5)=N)=CN4C)=O)=N2.OC(C(F)(F)F)=O.OC(C(F)(F)F)=O,COc1ccc(C(=N)Nc2cc(C(=O)Nc3nc(C(=O)NCCN4CCOCC4)c(CCc4ccccc4)s3)n(C)c2)cc1.O=C(O)C(F)(F)F.O=C(O)C(F)(F)F,1.0,0.6563370633333333,e_coli,,HEK293 CC50,matched_antibacterial_dose,supplied EC wild-type 80% inhibition hit,,,,,,,,144683,1.0,True,True,32 ug/mL,8.88,ug/mL,32.0,ug/mL,exact_cc50,,87.75,,,,,,,,,
coadd,CO-ADD:0149794,2062,NC(C=1C#N)=N(C2=CC=CC=C2N1=O)=O,N#Cc1c(N)[n+]([O-])c2ccccc2[n+]1[O-],0.0,0.08596414,e_coli,,HEK293 CC50,matched_antibacterial_dose,supplied EC wild-type 80% inhibition hit,,,,,,,,78532,1.0,True,True,32 ug/mL,>32,ug/mL,32.0,ug/mL,lower_bound_proves_nontoxic,,37.65,,,,,,,,,
coadd,CO-ADD:0155748,2187,O=C(NC1=C(C=CC=C2)C2=NC3=C1C=CC=C3)C(C(F)(F)F)(F)OC(F)(F)C(F)(F)C(F)(F)F,O=C(Nc1c2ccccc2nc2ccccc12)C(F)(OC(F)(F)C(F)(F)C(F)(F)F)C(F)(F)F,1.0,0.293865095,e_coli,,HEK293 CC50,matched_antibacterial_dose,supplied EC wild-type 80% inhibition hit,,,,,,,,154964,1.0,True,True,32 ug/mL,3.24,ug/mL,32.0,ug/mL,exact_cc50,,94.25,,,,,,,,,
coadd,CO-ADD:0160032,2265,BrC(/C=N/NC1=NC(N2CCOCC2)=NC(N3CCOCC3)=N1)=C/C4=CC=CC=C4,BrC(/C=N/Nc1nc(N2CCOCC2)nc(N2CCOCC2)n1)=C/c1ccccc1,0.0,0.487850615,e_coli,,HEK293 CC50,matched_antibacterial_dose,supplied EC wild-type 80% inhibition hit,,,,,,,,96820,1.0,True,True,32 ug/mL,>32,ug/mL,32.0,ug/mL,lower_bound_proves_nontoxic,,45.4,,,,,,,,,
coadd,CO-ADD:0155065,2285,NC1=NON=C1[N+]2=NC3=NON=C3[N-]2,Nc1nonc1-[n+]1nc2nonc2[n-]1,1.0,0.1004805059999999,e_coli,,HEK293 CC50,matched_antibacterial_dose,supplied EC wild-type 80% inhibition hit,,,,,,,,133446,1.0,True,True,32 ug/mL,3.46,ug/mL,32.0,ug/mL,exact_cc50,,102.15,,,,,,,,,
coadd,CO-ADD:0217322,2463,c1(ccc(\C=N\c(ccc(c2N3)NC3=O)c2)o1)[N+](=O)[O-],O=c1[nH]c2ccc(/N=C/c3ccc([N+](=O)[O-])o3)cc2[nH]1,1.0,0.2824921083333333,e_coli,,HEK293 CC50,matched_antibacterial_dose,supplied EC wild-type 80% inhibition hit,,,,,,,,138799,1.0,True,True,32 ug/mL,19.9,ug/mL,32.0,ug/mL,exact_cc50,,86.8,,,,,,,,,
coadd,CO-ADD:0217883,2593,c1(ccc(\C=N\c(cccc2NC(C)=O)c2)s1)[N+](=O)[O-],CC(=O)Nc1cccc(/N=C/c2ccc([N+](=O)[O-])s2)c1,1.0,0.5912488083333333,e_coli,,HEK293 CC50,matched_antibacterial_dose,supplied EC wild-type 80% inhibition hit,,,,,,,,16530,1.0,True,True,32 ug/mL,10.7,ug/mL,32.0,ug/mL,exact_cc50,,100.45,,,,,,,,,
coadd,CO-ADD:0255097,2659,n1(C)c(cc2)c(c3c1ccc(c3)[N+](=O)[O-])cn2,Cn1c2ccncc2c2cc([N+](=O)[O-])ccc21,0.0,0.14551271,e_coli,,HEK293 CC50,matched_antibacterial_dose,supplied EC wild-type 80% inhibition hit,,,,,,,,184450,1.0,True,True,32 ug/mL,>32,ug/mL,32.0,ug/mL,lower_bound_proves_nontoxic,,45.0,,,,,,,,,
coadd,CO-ADD:0257262,2663,N12C(SCC(CSc3nnc(C)s3)=C1C(=O)[O-])C(C2=O)NC(=O)Cn(cnn4)n4.[Na+],Cc1nnc(SCC2=C(C(=O)[O-])N3C(=O)C(NC(=O)Cn4cnnn4)C3SC2)s1.[Na+],0.0,0.0249608333333333,e_coli,,HEK293 CC50,matched_antibacterial_dose,supplied EC wild-type 80% inhibition hit,,,,,,,,96335,1.0,True,True,32 ug/mL,>32,ug/mL,32.0,ug/mL,lower_bound_proves_nontoxic,,38.25,,,,,,,,,
coadd,CO-ADD:0240164,2683,[N+](=O)([O-])c1ccc(c2c1cccn2)OC(=O)c3ccc(cc3Cl)Cl,O=C(Oc1ccc([N+](=O)[O-])c2cccnc12)c1ccc(Cl)cc1Cl,0.0,0.5726404283333333,e_coli,,HEK293 CC50,matched_antibacterial_dose,supplied EC wild-type 80% inhibition hit,,,,,,,,62263,1.0,True,True,32 ug/mL,>32,ug/mL,32.0,ug/mL,lower_bound_proves_nontoxic,,39.8,,,,,,,,,
coadd,CO-ADD:0241109,2684,c(CN(CC1)CCO1)(cc(Br)c(c23)cccn2)c3O,Oc1c(CN2CCOCC2)cc(Br)c2cccnc12,1.0,0.8884189499999998,e_coli,,HEK293 CC50,matched_antibacterial_dose,supplied EC wild-type 80% inhibition hit,,,,,,,,79074,1.0,True,True,32 ug/mL,3.04,ug/mL,32.0,ug/mL,exact_cc50,,87.9,,,,,,,,,
coadd,CO-ADD:0238633,2763,CC1=C(C2=CC=C(C=C2)C3=CC=CC=C3)C(C)=C(C)C1C.NC4=NC(N(C)C)=N[Ir@](C)(N4)Cl,CC1=C(C)C(C)C(C)=C1c1ccc(-c2ccccc2)cc1.CN(C)C1=N[Ir@@](C)(Cl)NC(N)=N1,1.0,0.1309442199999999,e_coli,,HEK293 CC50,matched_antibacterial_dose,supplied EC wild-type 80% inhibition hit,,,,,,,,67959,1.0,True,True,32 ug/mL,20.1,ug/mL,32.0,ug/mL,exact_cc50,,98.05,,,,,,,,,
coadd,CO-ADD:0238636,2764,CC1=C(C2=CC=C(C=C2)C3=CC=CC=C3)C(C)=C(C)C1C.NC4=NC(NC5=CC=CC=C5C)=N[Ir@](C)(N4)Cl,CC1=C(C)C(C)C(C)=C1c1ccc(-c2ccccc2)cc1.Cc1ccccc1NC1=N[Ir@@](C)(Cl)NC(N)=N1,0.0,0.1309442199999999,e_coli,,HEK293 CC50,matched_antibacterial_dose,supplied EC wild-type 80% inhibition hit,,,,,,,,79811,1.0,True,True,32 ug/mL,>32,ug/mL,32.0,ug/mL,lower_bound_proves_nontoxic,,99.45,,,,,,,,,
coadd,CO-ADD:0259180,2833,C(C(O)=O)(=CN(CC)c(c12)ccc(c1)[N+](=O)[O-])C2=O,CCn1cc(C(=O)O)c(=O)c2cc([N+](=O)[O-])ccc21,0.0,0.0461789766666666,e_coli,,HEK293 CC50,matched_antibacterial_dose,supplied EC wild-type 80% inhibition hit,,,,,,,,182462,1.0,True,True,32 ug/mL,>32,ug/mL,32.0,ug/mL,lower_bound_proves_nontoxic,,44.35,,,,,,,,,
coadd,CO-ADD:0283469,2869,[N+](=O)([O-])c1cc(cccn2)c2c(O)c1,O=[N+]([O-])c1cc(O)c2ncccc2c1,1.0,0.2476506616666666,e_coli,,HEK293 CC50,matched_antibacterial_dose,supplied EC wild-type 80% inhibition hit,,,,,,,,56990,1.0,True,True,32 ug/mL,15.16,ug/mL,32.0,ug/mL,exact_cc50,,69.25,,,,,,,,,
coadd,CO-ADD:0252627,2887,C(/C#N)(=C/N=C(\C=C1)/C=CN1CCCCCCCCCCCCCCCC)\C(=O)C(OCC)=O,CCCCCCCCCCCCCCCCn1ccc(=N/C=C(\C#N)C(=O)C(=O)OCC)cc1,1.0,0.198760915,e_coli,,HEK293 CC50,matched_antibacterial_dose,supplied EC wild-type 80% inhibition hit,,,,,,,,188137,1.0,True,True,32 ug/mL,0.391,ug/mL,32.0,ug/mL,exact_cc50,,99.2,,,,,,,,,
coadd,CO-ADD:0254478,2987,c1(ccc(\C=N\c2ccccc2C(=O)Nc(cc3)ccc3NC(C)=O)o1)[N+](=O)[O-],CC(=O)Nc1ccc(NC(=O)c2ccccc2/N=C/c2ccc([N+](=O)[O-])o2)cc1,0.0,0.8403370200000001,e_coli,,HEK293 CC50,matched_antibacterial_dose,supplied EC wild-type 80% inhibition hit,,,,,,,,156136,1.0,True,True,32 ug/mL,>32,ug/mL,32.0,ug/mL,lower_bound_proves_nontoxic,,20.4,,,,,,,,,
coadd,CO-ADD:0290299,3021,C1(NC(=O)C(C(=O)c(cc2F)c(N34)c(c2N(CC5)CCN5C)OCN3C)=C4)=C(C)N(N(c6ccccc6)C1=O)C,Cc1c(NC(=O)c2cn3c4c(c(N5CCN(C)CC5)c(F)cc4c2=O)OCN3C)c(=O)n(-c2ccccc2)n1C,0.0,0.1147670433333333,e_coli,,HEK293 CC50,matched_antibacterial_dose,supplied EC wild-type 80% inhibition hit,,,,,,,,154040,1.0,True,True,32 ug/mL,>32,ug/mL,32.0,ug/mL,lower_bound_proves_nontoxic,,15.35,,,,,,,,,
coadd,CO-ADD:0286500,3068,c1([nH]nc2N=NN(CC)CC)c2c(cc(C)n1)C,CCN(CC)N=Nc1n[nH]c2nc(C)cc(C)c12,1.0,0.1719479383333333,e_coli,,HEK293 CC50,matched_antibacterial_dose,supplied EC wild-type 80% inhibition hit,,,,,,,,175420,1.0,True,True,32 ug/mL,17.64,ug/mL,32.0,ug/mL,exact_cc50,,34.05,,,,,,,,,
coadd,CO-ADD:0223328,3160,S(=O)(=O)(c1ccc(cc1)\N=C\c(cc2)ccc2OC)Nc3cc(OC)ncn3,COc1ccc(/C=N/c2ccc(S(=O)(=O)Nc3cc(OC)ncn3)cc2)cc1,0.0,0.0440484078333333,e_coli,,HEK293 CC50,matched_antibacterial_dose,supplied EC wild-type 80% inhibition hit,,,,,,,,24494,1.0,True,True,32 ug/mL,>32,ug/mL,32.0,ug/mL,lower_bound_proves_nontoxic,,29.9,,,,,,,,,
coadd,CO-ADD:0164460,3225,OCC1OC(CC1O)n1cc(F)c(=O)[nH]c1=O,O=c1[nH]c(=O)n(C2CC(O)C(CO)O2)cc1F,1.0,0.1019279033333333,e_coli,,HEK293 CC50,matched_antibacterial_dose,supplied EC wild-type 80% inhibition hit,,,,,,,,7520,1.0,True,True,20 uM,2.37,uM,20.0,uM,exact_cc50,,68.9,,,,,,,,,
coadd,CO-ADD:0304250,3257,c(ccc1[N+](=O)[O-])(o1)C2N(CCCN2Cc3ccccc3)Cc4ccccc4,O=[N+]([O-])c1ccc(C2N(Cc3ccccc3)CCCN2Cc2ccccc2)o1,0.0,0.1757088793333333,e_coli,,HEK293 CC50,matched_antibacterial_dose,supplied EC wild-type 80% inhibition hit,,,,,,,,153521,1.0,True,True,32 ug/mL,>32,ug/mL,32.0,ug/mL,lower_bound_proves_nontoxic,,21.2,,,,,,,,,
coadd,CO-ADD:0256956,3303,c1(ccc(\C=N\c(cc2)ccc2F)o1)[N+](=O)[O-],O=[N+]([O-])c1ccc(/C=N/c2ccc(F)cc2)o1,1.0,0.322802535,e_coli,,HEK293 CC50,matched_antibacterial_dose,supplied EC wild-type 80% inhibition hit,,,,,,,,86639,1.0,True,True,32 ug/mL,16.3,ug/mL,32.0,ug/mL,exact_cc50,,89.95,,,,,,,,,
coadd,CO-ADD:0303057,3346,[n+]([O-])(n(C)nc1[N+](=O)[O-])c1NCC=C,C=CCNc1c([N+](=O)[O-])nn(C)[n+]1[O-],0.0,0.0401800306666666,e_coli,,HEK293 CC50,matched_antibacterial_dose,supplied EC wild-type 80% inhibition hit,,,,,,,,166400,1.0,True,True,32 ug/mL,>32,ug/mL,32.0,ug/mL,lower_bound_proves_nontoxic,,44.35,,,,,,,,,
coadd,CO-ADD:0302989,3386,c1(cc(Cl)c(c2c1O)cccn2)[N+](=O)[O-],O=[N+]([O-])c1cc(Cl)c2cccnc2c1O,0.0,0.4032303166666666,e_coli,,HEK293 CC50,matched_antibacterial_dose,supplied EC wild-type 80% inhibition hit,,,,,,,,165071,1.0,True,True,32 ug/mL,>32,ug/mL,32.0,ug/mL,lower_bound_proves_nontoxic,,6.8,,,,,,,,,
coadd,CO-ADD:0293292,3395,C12(C)C(C)(C)C(CC1OCC[N+](C)(C)CC(OCCCCCCCCC)=O)CC2.[Cl-],CCCCCCCCCOC(=O)C[N+](C)(C)CCOC1CC2CCC1(C)C2(C)C.[Cl-],1.0,0.5328031366666667,e_coli,,HEK293 CC50,matched_antibacterial_dose,supplied EC wild-type 80% inhibition hit,,,,,,,,183506,1.0,True,True,32 ug/mL,5.614,ug/mL,32.0,ug/mL,exact_cc50,,98.75,,,,,,,,,
coadd,CO-ADD:0301039,3397,[n+]1([O-])onc(ccc(c2)[N+](=O)[O-])c12,O=[N+]([O-])c1ccc2no[n+]([O-])c2c1,1.0,0.16589774,e_coli,,HEK293 CC50,matched_antibacterial_dose,supplied EC wild-type 80% inhibition hit,,,,,,,,25666,1.0,True,True,32 ug/mL,5.508,ug/mL,32.0,ug/mL,exact_cc50,,97.95,,,,,,,,,
coadd,CO-ADD:0301783,3414,N1=C(S)SSC1=N,N=c1nc(S)ss1,0.0,0.072637349,e_coli,,HEK293 CC50,matched_antibacterial_dose,supplied EC wild-type 80% inhibition hit,,,,,,,,16821,1.0,True,True,32 ug/mL,>32,ug/mL,32.0,ug/mL,lower_bound_proves_nontoxic,,35.8,,,,,,,,,
coadd,CO-ADD:0311292,3522,c1(c(Cl)cc(c(cccn2)c12)Cl)OC(=O)N3CCCCC3,O=C(Oc1c(Cl)cc(Cl)c2cccnc12)N1CCCCC1,0.0,0.2684632583333333,e_coli,,HEK293 CC50,matched_antibacterial_dose,supplied EC wild-type 80% inhibition hit,,,,,,,,118979,1.0,True,True,32 ug/mL,>32,ug/mL,32.0,ug/mL,lower_bound_proves_nontoxic,,21.6,,,,,,,,,
coadd,CO-ADD:0307134,3543,C(OC)(F)(C(F)(F)F)C(=O)Oc(c1c(cccn1)cc2[N+](=O)[O-])c2,COC(F)(C(=O)Oc1cc([N+](=O)[O-])cc2cccnc12)C(F)(F)F,0.0,0.7113686166666667,e_coli,,HEK293 CC50,matched_antibacterial_dose,supplied EC wild-type 80% inhibition hit,,,,,,,,83095,1.0,True,True,32 ug/mL,>32,ug/mL,32.0,ug/mL,lower_bound_proves_nontoxic,,48.75,,,,,,,,,
coadd,CO-ADD:0290684,3562,c([N+](=O)[O-])(c1C)no[n+]1[O-],Cc1c([N+](=O)[O-])no[n+]1[O-],1.0,0.0665766805,e_coli,,HEK293 CC50,matched_antibacterial_dose,supplied EC wild-type 80% inhibition hit,,,,,,,,172301,1.0,True,True,32 ug/mL,1.32,ug/mL,32.0,ug/mL,exact_cc50,,104.3,,,,,,,,,
coadd,CO-ADD:0258946,3570,c1(ccn(C)n1)C(=O)N\N=C\c(ccc2[N+](=O)[O-])o2,Cn1ccc(C(=O)N/N=C/c2ccc([N+](=O)[O-])o2)n1,0.0,0.30859934,e_coli,,HEK293 CC50,matched_antibacterial_dose,supplied EC wild-type 80% inhibition hit,,,,,,,,158746,1.0,True,True,32 ug/mL,>32,ug/mL,32.0,ug/mL,lower_bound_proves_nontoxic,,41.1,,,,,,,,,
coadd,CO-ADD:0292305,3599,N1(c2ccccc2C)C(=O)NC(\C(=C/c(ccc3[N+](=O)[O-])o3)\C1=O)=O,Cc1ccccc1N1C(=O)NC(=O)/C(=C\c2ccc([N+](=O)[O-])o2)C1=O,0.0,0.280000885,e_coli,,HEK293 CC50,matched_antibacterial_dose,supplied EC wild-type 80% inhibition hit,,,,,,,,55887,1.0,True,True,32 ug/mL,>32,ug/mL,32.0,ug/mL,lower_bound_proves_nontoxic,,8.6,,,,,,,,,
coadd,CO-ADD:0292556,3603,[n+]([O-])(c(cc(C)cc1)c12)c(C(C)=O)c([n+]2[O-])C,CC(=O)c1c(C)[n+]([O-])c2ccc(C)cc2[n+]1[O-],0.0,0.0637442766666666,e_coli,,HEK293 CC50,matched_antibacterial_dose,supplied EC wild-type 80% inhibition hit,,,,,,,,144800,1.0,True,True,32 ug/mL,>32,ug/mL,32.0,ug/mL,lower_bound_proves_nontoxic,,20.65,,,,,,,,,
coadd,CO-ADD:0290316,3630,C(C(OCC)=O)(=CN(CC)c1c2cc(c(N(CC3)CCN3C)c1)F)C2=O,CCOC(=O)c1cn(CC)c2cc(N3CCN(C)CC3)c(F)cc2c1=O,0.0,0.1602824283333333,e_coli,,HEK293 CC50,matched_antibacterial_dose,supplied EC wild-type 80% inhibition hit,,,,,,,,155259,1.0,True,True,32 ug/mL,>32,ug/mL,32.0,ug/mL,lower_bound_proves_nontoxic,,43.7,,,,,,,,,
coadd,CO-ADD:0293003,3634,C(=O)(Nc1ccccc1)C(CCl)=O,O=C(CCl)C(=O)Nc1ccccc1,1.0,0.19808199,e_coli,,HEK293 CC50,matched_antibacterial_dose,supplied EC wild-type 80% inhibition hit,,,,,,,,174023,1.0,True,True,32 ug/mL,1.892,ug/mL,32.0,ug/mL,exact_cc50,,76.35,,,,,,,,,
coadd,CO-ADD:0290446,3637,c1(nonc1N)[N+](=O)[O-],Nc1nonc1[N+](=O)[O-],1.0,0.0725668376666666,e_coli,,HEK293 CC50,matched_antibacterial_dose,supplied EC wild-type 80% inhibition hit,,,,,,,,144811,1.0,True,True,32 ug/mL,1.391,ug/mL,32.0,ug/mL,exact_cc50,,104.4,,,,,,,,,
coadd,CO-ADD:0290452,3640,c1(C(O)=O)c(cc(cc1[N+](=O)[O-])[N+](=O)[O-])[N+](=O)[O-],O=C(O)c1c([N+](=O)[O-])cc([N+](=O)[O-])cc1[N+](=O)[O-],1.0,0.1320856366666666,e_coli,,HEK293 CC50,matched_antibacterial_dose,supplied EC wild-type 80% inhibition hit,,,,,,,,140157,1.0,True,True,32 ug/mL,2.524,ug/mL,32.0,ug/mL,exact_cc50,,102.7,,,,,,,,,
coadd,CO-ADD:0290730,3650,c1(c(Br)cc(c(cccn2)c12)Br)OC(=O)c3c(Cl)ccc(c3)[N+](=O)[O-],O=C(Oc1c(Br)cc(Br)c2cccnc12)c1cc([N+](=O)[O-])ccc1Cl,0.0,0.4962655066666667,e_coli,,HEK293 CC50,matched_antibacterial_dose,supplied EC wild-type 80% inhibition hit,,,,,,,,133144,1.0,True,True,32 ug/mL,>32,ug/mL,32.0,ug/mL,lower_bound_proves_nontoxic,,29.55,,,,,,,,,
coadd,CO-ADD:0303753,3651,N1(c2cccc(OC)c2)C(=O)NC(\C(=C/c(ccc3[N+](=O)[O-])s3)\C1=O)=O,COc1cccc(N2C(=O)NC(=O)/C(=C\c3ccc([N+](=O)[O-])s3)C2=O)c1,0.0,0.5165670616666667,e_coli,,HEK293 CC50,matched_antibacterial_dose,supplied EC wild-type 80% inhibition hit,,,,,,,,170562,1.0,True,True,32 ug/mL,>32,ug/mL,32.0,ug/mL,lower_bound_proves_nontoxic,,25.9,,,,,,,,,
coadd,CO-ADD:0301515,3653,c1([N+](=O)[O-])cc(cc(nsn2)c12)[N+](=O)[O-],O=[N+]([O-])c1cc([N+](=O)[O-])c2nsnc2c1,1.0,0.3825230283333333,e_coli,,HEK293 CC50,matched_antibacterial_dose,supplied EC wild-type 80% inhibition hit,,,,,,,,117648,1.0,True,True,32 ug/mL,0.712,ug/mL,32.0,ug/mL,exact_cc50,,90.15,,,,,,,,,
coadd,CO-ADD:0320560,3661,[nH]1c(C)c(c(c(ccc2Cl)Cl)c12)CCN,Cc1[nH]c2c(Cl)ccc(Cl)c2c1CCN,1.0,0.250713185,e_coli,,HEK293 CC50,matched_antibacterial_dose,supplied EC wild-type 80% inhibition hit,,,,,,,,89375,1.0,True,True,32 ug/mL,8.994,ug/mL,32.0,ug/mL,exact_cc50,,100.55,,,,,,,,,
coadd,CO-ADD:0323275,3671,c(Sc(cc1)ccc1Cl)(c(F)c(F)nc2N(CC3)CCN3)c2F,Fc1nc(N2CCNCC2)c(F)c(Sc2ccc(Cl)cc2)c1F,1.0,0.7358210000000001,e_coli,,HEK293 CC50,matched_antibacterial_dose,supplied EC wild-type 80% inhibition hit,,,,,,,,91094,1.0,True,True,32 ug/mL,8.425,ug/mL,32.0,ug/mL,exact_cc50,,98.25,,,,,,,,,
coadd,CO-ADD:0320014,3692,c1(snc(OC)c1C#N)S(C)(=O)=O,COc1nsc(S(C)(=O)=O)c1C#N,1.0,0.2162894333333333,e_coli,,HEK293 CC50,matched_antibacterial_dose,supplied EC wild-type 80% inhibition hit,,,,,,,,115386,1.0,True,True,32 ug/mL,2.257,ug/mL,32.0,ug/mL,exact_cc50,,99.85,,,,,,,,,
coadd,CO-ADD:0294851,3722,c1(no[n+]2[O-])c2cccc1[N+](=O)[O-],O=[N+]([O-])c1cccc2c1no[n+]2[O-],1.0,0.17519927,e_coli,,HEK293 CC50,matched_antibacterial_dose,supplied EC wild-type 80% inhibition hit,,,,,,,,149989,1.0,True,True,32 ug/mL,0.4747,ug/mL,32.0,ug/mL,exact_cc50,,100.85,,,,,,,,,
coadd,CO-ADD:0294587,3728,[N+](=O)([O-])c1ccc(c2c1cccn2)NCCN,NCCNc1ccc([N+](=O)[O-])c2cccnc12,1.0,0.0943799301666666,e_coli,,HEK293 CC50,matched_antibacterial_dose,supplied EC wild-type 80% inhibition hit,,,,,,,,23893,1.0,True,True,32 ug/mL,17.11,ug/mL,32.0,ug/mL,exact_cc50,,65.25,,,,,,,,,
coadd,CO-ADD:0300741,3730,c1(nonc1NCn2cnnn2)[N+](=O)[O-],O=[N+]([O-])c1nonc1NCn1cnnn1,1.0,0.138048625,e_coli,,HEK293 CC50,matched_antibacterial_dose,supplied EC wild-type 80% inhibition hit,,,,,,,,165073,1.0,True,True,32 ug/mL,3.351,ug/mL,32.0,ug/mL,exact_cc50,,104.2,,,,,,,,,
coadd,CO-ADD:0302181,3752,[N+](=O)([O-])c1ccccc1C(OC)C[Hg]Cl,COC(C[Hg]Cl)c1ccccc1[N+](=O)[O-],1.0,0.9679112566666668,e_coli,,HEK293 CC50,matched_antibacterial_dose,supplied EC wild-type 80% inhibition hit,,,,,,,,155356,1.0,True,True,32 ug/mL,0.8698,ug/mL,32.0,ug/mL,exact_cc50,,101.15,,,,,,,,,
coadd,CO-ADD:0300068,3792,N1(c2ccc(cc2)C)C(=O)NC(\C(=C/c(ccc3[N+](=O)[O-])o3)\C1=O)=O,Cc1ccc(N2C(=O)NC(=O)/C(=C\c3ccc([N+](=O)[O-])o3)C2=O)cc1,0.0,0.2519070166666666,e_coli,,HEK293 CC50,matched_antibacterial_dose,supplied EC wild-type 80% inhibition hit,,,,,,,,54494,1.0,True,True,32 ug/mL,>32,ug/mL,32.0,ug/mL,lower_bound_proves_nontoxic,,38.15,,,,,,,,,
coadd,CO-ADD:0302872,3795,[n+]1([O-])onc(cc2C(N)=O)c1cc2,NC(=O)c1ccc2c(c1)no[n+]2[O-],1.0,0.067568991,e_coli,,HEK293 CC50,matched_antibacterial_dose,supplied EC wild-type 80% inhibition hit,,,,,,,,119856,1.0,True,True,32 ug/mL,12.14,ug/mL,32.0,ug/mL,exact_cc50,,77.05,,,,,,,,,
coadd,CO-ADD:0288832,3808,c1(C(NCC#C)=O)oc([N+](=O)[O-])cc1,C#CCNC(=O)c1ccc([N+](=O)[O-])o1,1.0,0.1911931683333333,e_coli,,HEK293 CC50,matched_antibacterial_dose,supplied EC wild-type 80% inhibition hit,,,,,,,,179769,1.0,True,True,32 ug/mL,6.089,ug/mL,32.0,ug/mL,exact_cc50,,101.95,,,,,,,,,
coadd,CO-ADD:0299548,3815,[n+]12c(c(ccc1)c3)c(cc3)SCC2(C)C[Hg]Br.[Br-],CC1(C[Hg]Br)CSc2cccc3ccc[n+]1c23.[Br-],1.0,0.8152717150000001,e_coli,,HEK293 CC50,matched_antibacterial_dose,supplied EC wild-type 80% inhibition hit,,,,,,,,1041,1.0,True,True,32 ug/mL,18.61,ug/mL,32.0,ug/mL,exact_cc50,,90.5,,,,,,,,,
coadd,CO-ADD:0295965,3852,c1([N+](=O)[O-])ncn(CCO)c1[N+](=O)[O-],O=[N+]([O-])c1ncn(CCO)c1[N+](=O)[O-],1.0,0.1364983733333333,e_coli,,HEK293 CC50,matched_antibacterial_dose,supplied EC wild-type 80% inhibition hit,,,,,,,,51411,1.0,True,True,32 ug/mL,3.893,ug/mL,32.0,ug/mL,exact_cc50,,95.75,,,,,,,,,
coadd,CO-ADD:0307303,3892,C(C(O)=O)(=CN(CC)c1c2cc(c(N(CC3)CCN3C(=S)NC(=O)c4ccccc4Cl)c1)F)C2=O,CCn1cc(C(=O)O)c(=O)c2cc(F)c(N3CCN(C(=S)NC(=O)c4ccccc4Cl)CC3)cc21,1.0,0.0883923718333333,e_coli,,HEK293 CC50,matched_antibacterial_dose,supplied EC wild-type 80% inhibition hit,,,,,,,,2942,1.0,True,True,32 ug/mL,30.25,ug/mL,32.0,ug/mL,exact_cc50,,56.0,,,,,,,,,
coadd,CO-ADD:0329979,3904,N1(c2c(OC)ccc(OC)c2)C(=O)NC(\C(=C/c(ccc3[N+](=O)[O-])s3)\C1=O)=O,COc1ccc(OC)c(N2C(=O)NC(=O)/C(=C\c3ccc([N+](=O)[O-])s3)C2=O)c1,1.0,0.44266878,e_coli,,HEK293 CC50,matched_antibacterial_dose,supplied EC wild-type 80% inhibition hit,,,,,,,,137680,1.0,True,True,32 ug/mL,18.25,ug/mL,32.0,ug/mL,exact_cc50,,76.7,,,,,,,,,
coadd,CO-ADD:0329400,3909,C(C(O)=O)(=CN(CC)c1c2cc(c(N(CC3)CCN3C(=S)Nc(cc4)ccc4C(C)=O)c1)F)C2=O,CCn1cc(C(=O)O)c(=O)c2cc(F)c(N3CCN(C(=S)Nc4ccc(C(C)=O)cc4)CC3)cc21,0.0,0.0696085981666666,e_coli,,HEK293 CC50,matched_antibacterial_dose,supplied EC wild-type 80% inhibition hit,,,,,,,,177659,1.0,True,True,32 ug/mL,>32,ug/mL,32.0,ug/mL,lower_bound_proves_nontoxic,,22.65,,,,,,,,,
coadd,CO-ADD:0329404,3910,C(C(O)=O)(=CN(CC)c1c2cc(c(N(CC3)CCN3C(=S)NC(=O)c4c(cccc4OC)OC)c1)F)C2=O,CCn1cc(C(=O)O)c(=O)c2cc(F)c(N3CCN(C(=S)NC(=O)c4c(OC)cccc4OC)CC3)cc21,1.0,0.15440162,e_coli,,HEK293 CC50,matched_antibacterial_dose,supplied EC wild-type 80% inhibition hit,,,,,,,,81555,1.0,True,True,32 ug/mL,26.78,ug/mL,32.0,ug/mL,exact_cc50,,54.5,,,,,,,,,
coadd,CO-ADD:0329413,3912,C(C(O)=O)(=C1)C(=O)c(c2N1C3CC3)cc(c(N(CC4)CCN4C(=S)NC(=O)c5ccc(cc5)Cl)c2)F,O=C(NC(=S)N1CCN(c2cc3c(cc2F)c(=O)c(C(=O)O)cn3C2CC2)CC1)c1ccc(Cl)cc1,0.0,0.0761707559999999,e_coli,,HEK293 CC50,matched_antibacterial_dose,supplied EC wild-type 80% inhibition hit,,,,,,,,87807,1.0,True,True,32 ug/mL,>32,ug/mL,32.0,ug/mL,lower_bound_proves_nontoxic,,10.5,,,,,,,,,
coadd,CO-ADD:0329168,3926,C(C(O)=O)(=CN1CC)C(=O)c(c12)cnc(N(CC3)CCN3C(=S)Nc(cc4)ccc4C(OC)=O)n2,CCn1cc(C(=O)O)c(=O)c2cnc(N3CCN(C(=S)Nc4ccc(C(=O)OC)cc4)CC3)nc21,0.0,0.1016020845,e_coli,,HEK293 CC50,matched_antibacterial_dose,supplied EC wild-type 80% inhibition hit,,,,,,,,68098,1.0,True,True,32 ug/mL,>32,ug/mL,32.0,ug/mL,lower_bound_proves_nontoxic,,9.8,,,,,,,,,
coadd,CO-ADD:0236869,3995,c1(ccc(C(OC(C)=O)OC(C)=O)s1)[N+](=O)[O-],CC(=O)OC(OC(C)=O)c1ccc([N+](=O)[O-])s1,1.0,0.2893248383333333,e_coli,,HEK293 CC50,matched_antibacterial_dose,supplied EC wild-type 80% inhibition hit,,,,,,,,75404,1.0,True,True,32 ug/mL,1.93,ug/mL,32.0,ug/mL,exact_cc50,,102.25,,,,,,,,,
coadd,CO-ADD:0331811,4079,c1(c(Cl)ccc(Cl)n1)C(NCC[N+]2(CCCCC2)CCCCCCCCCCCC)=O.[Br-],CCCCCCCCCCCC[N+]1(CCNC(=O)c2nc(Cl)ccc2Cl)CCCCC1.[Br-],1.0,0.258849115,e_coli,,HEK293 CC50,matched_antibacterial_dose,supplied EC wild-type 80% inhibition hit,,,,,,,,59626,1.0,True,True,32 ug/mL,5.694,ug/mL,32.0,ug/mL,exact_cc50,,98.55,,,,,,,,,
coadd,CO-ADD:0332128,4091,c12c(CCCN1)c(Cl)cc(Cl)c2O,Oc1c(Cl)cc(Cl)c2c1NCCC2,1.0,0.1445028733333333,e_coli,,HEK293 CC50,matched_antibacterial_dose,supplied EC wild-type 80% inhibition hit,,,,,,,,15871,1.0,True,True,32 ug/mL,15.23,ug/mL,32.0,ug/mL,exact_cc50,,72.55,,,,,,,,,
drug_repurposing_hub,BRD-K72723676|BRD-K72723676-003-17-8::2.5::HTS,3541,CC(C)(C)CC(C)(C)c1ccc(OCCOCC[N+](C)(C)Cc2ccccc2)cc1,CC(C)(C)CC(C)(C)c1ccc(OCCOCC[N+](C)(C)Cc2ccccc2)cc1,1.0,0.6639990433333333,e_coli,,HepG2 supplied binary label,supplied HepG2 label; consensus across same-molecule paired records,EC_hit_inh,,,,,,,,,,,,,,,,,,,,BRD-K72723676-003-17-8,2.5,HTS,1.0,identity_isomeric,BRD-K72723676|BRD-K72723676-003-17-8::2.5::HTS,drug_repurposing_hub,drug_repurposing_hub:3541,1.0
drug_repurposing_hub,BRD-K60663764|BRD-A46717658-236-02-5::2.5::HTS,462,CC1(C)S[C@@H]2[C@H](NC(=O)[C@H](NC(=O)N3CCNC3=O)c3ccccc3)C(=O)N2[C@H]1C(O)=O,CC1(C)S[C@@H]2[C@H](NC(=O)[C@H](NC(=O)N3CCNC3=O)c3ccccc3)C(=O)N2[C@H]1C(=O)O,1.0,0.0281520351666666,e_coli,,HepG2 supplied binary label,supplied HepG2 label; consensus across same-molecule paired records,EC_hit_inh,,,,,,,,,,,,,,,,,,,,BRD-A46717658-236-02-5,2.5,HTS,1.0,identity_isomeric,BRD-K60663764|BRD-A46717658-236-02-5::2.5::HTS,drug_repurposing_hub,drug_repurposing_hub:462,1.0
drug_repurposing_hub,BRD-K45114938|BRD-K45114938-236-01-8::2.35::HTS,2520,CC1(C)S[C@H]2[C@@H](NC(=O)[C@@H](NC(=O)N3CCN(C3=O)S(C)(=O)=O)c3ccccc3)C(=O)N2[C@@H]1C(O)=O,CC1(C)S[C@H]2[C@@H](NC(=O)[C@@H](NC(=O)N3CCN(S(C)(=O)=O)C3=O)c3ccccc3)C(=O)N2[C@@H]1C(=O)O,0.0,0.0253232783333333,e_coli,,HepG2 supplied binary label,supplied HepG2 label; consensus across same-molecule paired records,EC_hit_inh,,,,,,,,,,,,,,,,,,,,BRD-K45114938-236-01-8,2.35,HTS,1.0,identity_isomeric,BRD-K45114938|BRD-K45114938-236-01-8::2.35::HTS,drug_repurposing_hub,drug_repurposing_hub:2520,1.0
drug_repurposing_hub,BRD-K47079459|BRD-K47079459-004-04-6::2.5::HTS,2598,CCCCCCCCCCCCCCCC[N+](C)(C)C,CCCCCCCCCCCCCCCC[N+](C)(C)C,0.0,0.7811274333333333,e_coli,,HepG2 supplied binary label,supplied HepG2 label; consensus across same-molecule paired records,EC_hit_inh,,,,,,,,,,,,,,,,,,,,BRD-K47079459-004-04-6,2.5,HTS,1.0,identity_isomeric,BRD-K47079459|BRD-K47079459-004-04-6::2.5::HTS,drug_repurposing_hub,drug_repurposing_hub:2598,1.0
drug_repurposing_hub,BRD-K34234316|BRD-K23403298-003-01-9::2.5::HTS,1741,CCCCCCCCCCCCCCCC[N+](C)(C)Cc1ccccc1,CCCCCCCCCCCCCCCC[N+](C)(C)Cc1ccccc1,0.0,0.74375742,e_coli,,HepG2 supplied binary label,supplied HepG2 label; consensus across same-molecule paired records,EC_hit_inh,,,,,,,,,,,,,,,,,,,,BRD-K23403298-003-01-9,2.5,HTS,1.0,identity_isomeric,BRD-K34234316|BRD-K23403298-003-01-9::2.5::HTS,drug_repurposing_hub,drug_repurposing_hub:1741,1.0
drug_repurposing_hub,BRD-K87700323|BRD-K87700323-003-05-1::2.5::HTS,4088,CCCCCCCCCCCCCCCC[n+]1ccccc1,CCCCCCCCCCCCCCCC[n+]1ccccc1,1.0,0.5635332700000001,e_coli,,HepG2 supplied binary label,supplied HepG2 label; consensus across same-molecule paired records,EC_hit_inh,,,,,,,,,,,,,,,,,,,,BRD-K87700323-003-05-1,2.5,HTS,1.0,identity_isomeric,BRD-K87700323|BRD-K87700323-003-05-1::2.5::HTS,drug_repurposing_hub,drug_repurposing_hub:4088,1.0
drug_repurposing_hub,BRD-K31086665|BRD-K31086665-005-04-6::2.5::HTS,2021,CCCCCCCCCCCCCCCC[n+]1ccn(Cc2ccccc2)c1C,CCCCCCCCCCCCCCCC[n+]1ccn(Cc2ccccc2)c1C,1.0,0.7604962833333334,e_coli,,HepG2 supplied binary label,supplied HepG2 label; consensus across same-molecule paired records,EC_hit_inh,,,,,,,,,,,,,,,,,,,,BRD-K31086665-005-04-6,2.5,HTS,1.0,identity_isomeric,BRD-K31086665|BRD-K31086665-005-04-6::2.5::HTS,drug_repurposing_hub,drug_repurposing_hub:2021,1.0
drug_repurposing_hub,BRD-K30431096|BRD-K30431096-004-01-3::2.5::HTS,1997,CCCCCCCCCCCC[N+](C)(C)CCOc1ccccc1,CCCCCCCCCCCC[N+](C)(C)CCOc1ccccc1,0.0,0.6694345216666667,e_coli,,HepG2 supplied binary label,supplied HepG2 label; consensus across same-molecule paired records,EC_hit_inh,,,,,,,,,,,,,,,,,,,,BRD-K30431096-004-01-3,2.5,HTS,1.0,identity_isomeric,BRD-K30431096|BRD-K30431096-004-01-3::2.5::HTS,drug_repurposing_hub,drug_repurposing_hub:1997,1.0
drug_repurposing_hub,BRD-K04568635|BRD-K04568635-300-01-4::2.5::HTS,1058,CCCCCCCCN=c1ccn(CCCCCCCCCCn2ccc(cc2)=NCCCCCCCC)cc1,CCCCCCCCN=c1ccn(CCCCCCCCCCn2ccc(=NCCCCCCCC)cc2)cc1,0.0,0.4564310333333333,e_coli,,HepG2 supplied binary label,supplied HepG2 label; consensus across same-molecule paired records,EC_hit_inh,,,,,,,,,,,,,,,,,,,,BRD-K04568635-300-01-4,2.5,HTS,1.0,identity_isomeric,BRD-K04568635|BRD-K04568635-300-01-4::2.5::HTS,drug_repurposing_hub,drug_repurposing_hub:1058,1.0
drug_repurposing_hub,BRD-K88025533|BRD-K88025533-003-03-3::2.5::HTS,4097,CCCCCCCCc1ccc(CCC(N)(CO)CO)cc1,CCCCCCCCc1ccc(CCC(N)(CO)CO)cc1,0.0,0.32355245,e_coli,,HepG2 supplied binary label,supplied HepG2 label; consensus across same-molecule paired records,EC_hit_inh,,,,,,,,,,,,,,,,,,,,BRD-K88025533-003-03-3,2.5,HTS,1.0,identity_isomeric,BRD-K88025533|BRD-K88025533-003-03-3::2.5::HTS,drug_repurposing_hub,drug_repurposing_hub:4097,1.0
drug_repurposing_hub,BRD-K91290917|BRD-K91290917-300-01-8::2.5::HTS,4202,CCN(CC)Cc1cc(Nc2ccnc3cc(Cl)ccc23)ccc1O,CCN(CC)Cc1cc(Nc2ccnc3cc(Cl)ccc23)ccc1O,0.0,0.7975269183333333,e_coli,,HepG2 supplied binary label,supplied HepG2 label; consensus across same-molecule paired records,EC_hit_inh,,,,,,,,,,,,,,,,,,,,BRD-K91290917-300-01-8,2.5,HTS,1.0,identity_isomeric,BRD-K91290917|BRD-K91290917-300-01-8::2.5::HTS,drug_repurposing_hub,drug_repurposing_hub:4202,1.0
drug_repurposing_hub,BRD-K02292852|BRD-K02292852-001-02-1::2.5::HTS,993,CCN1CCN(C(=O)N[C@@H](C(=O)N[C@H]2[C@H]3SCC(CSc4nnnn4C)=C(N3C2=O)C(O)=O)c2ccc(O)cc2)C(=O)C1=O,CCN1CCN(C(=O)N[C@@H](C(=O)N[C@@H]2C(=O)N3C(C(=O)O)=C(CSc4nnnn4C)CS[C@H]23)c2ccc(O)cc2)C(=O)C1=O,0.0,0.0082314135333333,e_coli,,HepG2 supplied binary label,supplied HepG2 label; consensus across same-molecule paired records,EC_hit_inh,,,,,,,,,,,,,,,,,,,,BRD-K02292852-001-02-1,2.5,HTS,1.0,identity_isomeric,BRD-K02292852|BRD-K02292852-001-02-1::2.5::HTS,drug_repurposing_hub,drug_repurposing_hub:993,1.0
drug_repurposing_hub,BRD-K86873305|BRD-K86873305-236-14-7::2.448463554::MTS004,4061,CCN1CCN(C(=O)N[C@@H](C(=O)N[C@H]2[C@H]3SC(C)(C)[C@@H](N3C2=O)C(O)=O)c2ccccc2)C(=O)C1=O,CCN1CCN(C(=O)N[C@@H](C(=O)N[C@@H]2C(=O)N3[C@@H]2SC(C)(C)[C@@H]3C(=O)O)c2ccccc2)C(=O)C1=O,0.0,0.0329654671666666,e_coli,,HepG2 supplied binary label,supplied HepG2 label; consensus across same-molecule paired records,EC_hit_inh,,,,,,,,,,,,,,,,,,,,BRD-K86873305-236-14-7,2.448463554,MTS004,1.0,identity_isomeric,BRD-K86873305|BRD-K86873305-236-14-7::2.448463554::MTS004,drug_repurposing_hub,drug_repurposing_hub:4061,1.0
drug_repurposing_hub,BRD-K76534306|BRD-K76534306-001-22-7::2.5::HTS,3675,CCN1CCN(CC1)c1cc2n(cc(C(O)=O)c(=O)c2cc1F)C1CC1,CCN1CCN(c2cc3c(cc2F)c(=O)c(C(=O)O)cn3C2CC2)CC1,0.0,0.0354563023333333,e_coli,,HepG2 supplied binary label,supplied HepG2 label; consensus across same-molecule paired records,EC_hit_inh,,,,,,,,,,,,,,,,,,,,BRD-K76534306-001-22-7,2.5,HTS,1.0,identity_isomeric,BRD-K76534306|BRD-K76534306-001-22-7::2.5::HTS,drug_repurposing_hub,drug_repurposing_hub:3675,1.0
drug_repurposing_hub,BRD-K63550407|BRD-K63550407-001-12-7::2.5::HTS,3224,CC[C@H]1OC(=O)[C@H](C)[C@@H](O[C@H]2C[C@@](C)(OC)[C@@H](O)[C@H](C)O2)[C@H](C)[C@@H](O[C@@H]2O[C@H](C)C[C@@H]([C@H]2O)N(C)C)[C@](C)(O)C[C@@H](C)C(=O)[C@H](C)[C@@H](O)[C@]1(C)O,CC[C@H]1OC(=O)[C@H](C)[C@@H](O[C@H]2C[C@@](C)(OC)[C@@H](O)[C@H](C)O2)[C@H](C)[C@@H](O[C@@H]2O[C@H](C)C[C@H](N(C)C)[C@H]2O)[C@](C)(O)C[C@@H](C)C(=O)[C@H](C)[C@@H](O)[C@]1(C)O,0.0,0.0524682578333333,e_coli,,HepG2 supplied binary label,supplied HepG2 label; consensus across same-molecule paired records,EC_hit_inh,,,,,,,,,,,,,,,,,,,,BRD-K63550407-001-12-7,2.5,HTS,1.0,identity_isomeric,BRD-K63550407|BRD-K63550407-001-12-7::2.5::HTS;BRD-K63550407|BRD-K63550407-001-13-5::2.5::HTS,drug_repurposing_hub,drug_repurposing_hub:3224;drug_repurposing_hub:3226,2.0
drug_repurposing_hub,BRD-K74501079|BRD-K74501079-001-18-1::2.5::HTS,3620,CC[C@H]1OC(=O)[C@H](C)[C@@H](O[C@H]2C[C@@](C)(OC)[C@@H](O)[C@H](C)O2)[C@H](C)[C@@H](O[C@@H]2O[C@H](C)C[C@@H]([C@H]2O)N(C)C)[C@](C)(O)C[C@@H](C)CN(C)[C@H](C)[C@@H](O)[C@]1(C)O,CC[C@H]1OC(=O)[C@H](C)[C@@H](O[C@H]2C[C@@](C)(OC)[C@@H](O)[C@H](C)O2)[C@H](C)[C@@H](O[C@@H]2O[C@H](C)C[C@H](N(C)C)[C@H]2O)[C@](C)(O)C[C@@H](C)CN(C)[C@H](C)[C@@H](O)[C@]1(C)O,0.0,0.1182704766666666,e_coli,,HepG2 supplied binary label,supplied HepG2 label; consensus across same-molecule paired records,EC_hit_inh,,,,,,,,,,,,,,,,,,,,BRD-K74501079-001-18-1,2.5,HTS,1.0,identity_isomeric,BRD-K74501079|BRD-K74501079-001-18-1::2.5::HTS,drug_repurposing_hub,drug_repurposing_hub:3620,1.0
drug_repurposing_hub,BRD-K61443650|BRD-K61443650-236-13-1::2.5::HTS,3136,CC[Hg]Sc1ccccc1C(O)=O,CC[Hg]Sc1ccccc1C(=O)O,1.0,0.9853563433333332,e_coli,,HepG2 supplied binary label,supplied HepG2 label; consensus across same-molecule paired records,EC_hit_inh,,,,,,,,,,,,,,,,,,,,BRD-K61443650-236-13-1,2.5,HTS,1.0,identity_isomeric,BRD-K61443650|BRD-K61443650-236-13-1::2.5::HTS,drug_repurposing_hub,drug_repurposing_hub:3136,1.0
drug_repurposing_hub,BRD-K17705806|BRD-K17705806-003-04-4::2.5::HTS,1541,CCc1ccc(OCc2ccccc2C(=O)Nc2ccc3nc(C)cc(N)c3c2)cc1,CCc1ccc(OCc2ccccc2C(=O)Nc2ccc3nc(C)cc(N)c3c2)cc1,1.0,0.8354062816666666,e_coli,,HepG2 supplied binary label,supplied HepG2 label; consensus across same-molecule paired records,EC_hit_inh,,,,,,,,,,,,,,,,,,,,BRD-K17705806-003-04-4,2.5,HTS,1.0,identity_isomeric,BRD-K17705806|BRD-K17705806-003-04-4::2.5::HTS,drug_repurposing_hub,drug_repurposing_hub:1541,1.0
drug_repurposing_hub,BRD-K55034111|BRD-K55034111-066-17-1::2.5::HTS,2903,CCn1cc(C(O)=O)c(=O)c2cc(F)c(cc12)N1CCN(C)CC1,CCn1cc(C(=O)O)c(=O)c2cc(F)c(N3CCN(C)CC3)cc21,1.0,0.0604059483333333,e_coli,,HepG2 supplied binary label,supplied HepG2 label; consensus across same-molecule paired records,EC_hit_inh,,,,,,,,,,,,,,,,,,,,BRD-K55034111-066-17-1,2.5,HTS,1.0,identity_isomeric,BRD-K55034111|BRD-K55034111-066-17-1::2.5::HTS,drug_repurposing_hub,drug_repurposing_hub:2903,1.0
drug_repurposing_hub,BRD-K78113049|BRD-K78113049-001-16-2::2.5::HTS,3751,CCn1cc(C(O)=O)c(=O)c2cc(F)c(nc12)N1CCNCC1,CCn1cc(C(=O)O)c(=O)c2cc(F)c(N3CCNCC3)nc21,0.0,0.0615169575,e_coli,,HepG2 supplied binary label,supplied HepG2 label; consensus across same-molecule paired records,EC_hit_inh,,,,,,,,,,,,,,,,,,,,BRD-K78113049-001-16-2,2.5,HTS,1.0,identity_isomeric,BRD-K78113049|BRD-K78113049-001-16-2::2.5::HTS,drug_repurposing_hub,drug_repurposing_hub:3751,1.0
drug_repurposing_hub,BRD-K49841478|BRD-K49841478-001-01-6::2.690488579::MTS004,2709,CCn1cc(C(O)=O)c(=O)c2ccc(cc12)-c1ccncc1,CCn1cc(C(=O)O)c(=O)c2ccc(-c3ccncc3)cc21,0.0,0.0693552938333333,e_coli,,HepG2 supplied binary label,supplied HepG2 label; consensus across same-molecule paired records,EC_hit_inh,,,,,,,,,,,,,,,,,,,,BRD-K49841478-001-01-6,2.690488579,MTS004,1.0,identity_isomeric,BRD-K49841478|BRD-K49841478-001-01-6::2.690488579::MTS004,drug_repurposing_hub,drug_repurposing_hub:2709,1.0
drug_repurposing_hub,BRD-K14704277|BRD-K14704277-001-22-6::2.5::HTS,1431,CCn1nc(C(O)=O)c(=O)c2cc3OCOc3cc12,CCn1nc(C(=O)O)c(=O)c2cc3c(cc21)OCO3,0.0,0.0540335438333333,e_coli,,HepG2 supplied binary label,supplied HepG2 label; consensus across same-molecule paired records,EC_hit_inh,,,,,,,,,,,,,,,,,,,,BRD-K14704277-001-22-6,2.5,HTS,1.0,identity_isomeric,BRD-K14704277|BRD-K14704277-001-22-6::2.5::HTS,drug_repurposing_hub,drug_repurposing_hub:1431,1.0
drug_repurposing_hub,BRD-K02275692|BRD-K02275692-300-02-6::2.499989889::MTS004,992,CN(C)CCn1nnnc1SCC1=C(N2[C@H](SC1)[C@H](NC(=O)Cc1csc(N)n1)C2=O)C(O)=O,CN(C)CCn1nnnc1SCC1=C(C(=O)O)N2C(=O)[C@@H](NC(=O)Cc3csc(N)n3)[C@H]2SC1,0.0,0.0138140085,e_coli,,HepG2 supplied binary label,supplied HepG2 label; consensus across same-molecule paired records,EC_hit_inh,,,,,,,,,,,,,,,,,,,,BRD-K02275692-300-02-6,2.499989889,MTS004,1.0,identity_isomeric,BRD-K02275692|BRD-K02275692-300-02-6::2.499989889::MTS004,drug_repurposing_hub,drug_repurposing_hub:992,1.0
drug_repurposing_hub,BRD-K62374253|BRD-K62374253-001-07-8::2.5::HTS,3178,CN1CCN(CC1)c1c(F)cc2c3c1SCCn3cc(C(O)=O)c2=O,CN1CCN(c2c(F)cc3c(=O)c(C(=O)O)cn4c3c2SCC4)CC1,0.0,0.064755521,e_coli,,HepG2 supplied binary label,supplied HepG2 label; consensus across same-molecule paired records,EC_hit_inh,,,,,,,,,,,,,,,,,,,,BRD-K62374253-001-07-8,2.5,HTS,1.0,identity_isomeric,BRD-K62374253|BRD-K62374253-001-07-8::2.5::HTS,drug_repurposing_hub,drug_repurposing_hub:3178,1.0
drug_repurposing_hub,BRD-K73923631|BRD-K73923631-003-02-9::2.5::HTS,3603,CN1CCN(CC1)c1cc2n(cc(C(O)=O)c(=O)c2cc1F)-c1ccc(F)cc1,CN1CCN(c2cc3c(cc2F)c(=O)c(C(=O)O)cn3-c2ccc(F)cc2)CC1,0.0,0.0729627436666666,e_coli,,HepG2 supplied binary label,supplied HepG2 label; consensus across same-molecule paired records,EC_hit_inh,,,,,,,,,,,,,,,,,,,,BRD-K73923631-003-02-9,2.5,HTS,1.0,identity_isomeric,BRD-K73923631|BRD-K73923631-003-02-9::2.5::HTS,drug_repurposing_hub,drug_repurposing_hub:3603,1.0
drug_repurposing_hub,BRD-K45916615|BRD-K45916615-066-02-5::2.5::HTS,2555,CN1C[C@@H]2C[C@H]1CN2c1cc2n(cc(C(O)=O)c(=O)c2cc1F)C1CC1,CN1C[C@@H]2C[C@H]1CN2c1cc2c(cc1F)c(=O)c(C(=O)O)cn2C1CC1,1.0,0.0582144343333333,e_coli,,HepG2 supplied binary label,supplied HepG2 label; consensus across same-molecule paired records,EC_hit_inh,,,,,,,,,,,,,,,,,,,,BRD-K45916615-066-02-5,2.5,HTS,1.0,identity_isomeric,BRD-K45916615|BRD-K45916615-066-02-5::2.5::HTS,drug_repurposing_hub,drug_repurposing_hub:2555,1.0
drug_repurposing_hub,BRD-K82036761|BRD-K82036761-003-20-3::2.5::HTS,3900,CN[C@H]1CC[C@@H](c2ccc(Cl)c(Cl)c2)c2ccccc12,CN[C@H]1CC[C@@H](c2ccc(Cl)c(Cl)c2)c2ccccc21,0.0,0.6773344966666667,e_coli,,HepG2 supplied binary label,supplied HepG2 label; consensus across same-molecule paired records,EC_hit_inh,,,,,,,,,,,,,,,,,,,,BRD-K82036761-003-20-3,2.5,HTS,1.0,identity_isomeric,BRD-K82036761|BRD-K82036761-003-20-3::2.5::HTS,drug_repurposing_hub,drug_repurposing_hub:3900,1.0
drug_repurposing_hub,BRD-K66615216|BRD-K66615216-003-14-8::2.5::HTS,3318,COc1c(N2C[C@@H]3CCCN[C@@H]3C2)c(F)cc2c1n(cc(C(O)=O)c2=O)C1CC1,COc1c(N2C[C@@H]3CCCN[C@@H]3C2)c(F)cc2c(=O)c(C(=O)O)cn(C3CC3)c12,1.0,0.0393952675,e_coli,,HepG2 supplied binary label,supplied HepG2 label; consensus across same-molecule paired records,EC_hit_inh,,,,,,,,,,,,,,,,,,,,BRD-K66615216-003-14-8,2.5,HTS,1.0,identity_isomeric,BRD-K66615216|BRD-K66615216-003-14-8::2.5::HTS,drug_repurposing_hub,drug_repurposing_hub:3318,1.0
drug_repurposing_hub,BRD-K07208025|BRD-K07208025-001-29-7::2.5::HTS,1149,COc1cc(Cc2cnc(N)nc2N)cc(OC)c1OC,COc1cc(Cc2cnc(N)nc2N)cc(OC)c1OC,0.0,0.4006106583333333,e_coli,,HepG2 supplied binary label,supplied HepG2 label; consensus across same-molecule paired records,EC_hit_inh,,,,,,,,,,,,,,,,,,,,BRD-K07208025-001-29-7,2.5,HTS,1.0,identity_isomeric,BRD-K07208025|BRD-K07208025-001-29-7::2.5::HTS,drug_repurposing_hub,drug_repurposing_hub:1149,1.0
drug_repurposing_hub,BRD-K97464279|BRD-K97464279-001-03-5::2.5::HTS,4429,COc1ccc(Cc2cnc(N)nc2N)cc1OC,COc1ccc(Cc2cnc(N)nc2N)cc1OC,0.0,0.187827235,e_coli,,HepG2 supplied binary label,supplied HepG2 label; consensus across same-molecule paired records,EC_hit_inh,,,,,,,,,,,,,,,,,,,,BRD-K97464279-001-03-5,2.5,HTS,1.0,identity_isomeric,BRD-K97464279|BRD-K97464279-001-03-5::2.5::HTS,drug_repurposing_hub,drug_repurposing_hub:4429,1.0
drug_repurposing_hub,BRD-K63001556|BRD-K63001556-001-08-8::2.5::HTS,3208,C[C@H]1CN(C[C@@H](C)N1)c1c(F)c(F)c2c(c1F)n(cc(C(O)=O)c2=O)C1CC1,C[C@@H]1CN(c2c(F)c(F)c3c(=O)c(C(=O)O)cn(C4CC4)c3c2F)C[C@H](C)N1,0.0,0.0448198183333333,e_coli,,HepG2 supplied binary label,supplied HepG2 label; consensus across same-molecule paired records,EC_hit_inh,,,,,,,,,,,,,,,,,,,,BRD-K63001556-001-08-8,2.5,HTS,1.0,identity_isomeric,BRD-K63001556|BRD-K63001556-001-08-8::2.5::HTS;BRD-K63001556|BRD-K63001556-001-09-6::2.57::HTS,drug_repurposing_hub,drug_repurposing_hub:3208;drug_repurposing_hub:3209,2.0
drug_repurposing_hub,BRD-K07612980|BRD-K07612980-001-05-3::2.59::HTS,1163,C[C@H]1CN(C[C@@H](C)N1)c1c(F)c(N)c2c(c1F)n(cc(C(O)=O)c2=O)C1CC1,C[C@@H]1CN(c2c(F)c(N)c3c(=O)c(C(=O)O)cn(C4CC4)c3c2F)C[C@H](C)N1,1.0,0.0693892679999999,e_coli,,HepG2 supplied binary label,supplied HepG2 label; consensus across same-molecule paired records,EC_hit_inh,,,,,,,,,,,,,,,,,,,,BRD-K07612980-001-05-3,2.59,HTS,1.0,identity_isomeric,BRD-K07612980|BRD-K07612980-001-05-3::2.59::HTS;BRD-K07612980|BRD-K07612980-001-07-9::2.5::HTS,drug_repurposing_hub,drug_repurposing_hub:1163;drug_repurposing_hub:1164,2.0
drug_repurposing_hub,BRD-K66412701|BRD-K66412701-066-01-6::2.5::HTS,3312,C[C@H]1COc2c(c(F)cc3c2n1cc(C(O)=O)c3=O)C1(N)CC1,C[C@H]1COc2c(C3(N)CC3)c(F)cc3c(=O)c(C(=O)O)cn1c23,0.0,0.0860870431666666,e_coli,,HepG2 supplied binary label,supplied HepG2 label; consensus across same-molecule paired records,EC_hit_inh,,,,,,,,,,,,,,,,,,,,BRD-K66412701-066-01-6,2.5,HTS,1.0,identity_isomeric,BRD-K66412701|BRD-K66412701-066-01-6::2.5::HTS,drug_repurposing_hub,drug_repurposing_hub:3312,1.0
drug_repurposing_hub,BRD-K09471561|BRD-K09471561-001-18-2::2.5::HTS,1239,C[C@H]1COc2c(N3CCN(C)CC3)c(F)cc3c2n1cc(C(O)=O)c3=O,C[C@H]1COc2c(N3CCN(C)CC3)c(F)cc3c(=O)c(C(=O)O)cn1c23,0.0,0.0672895285,e_coli,,HepG2 supplied binary label,supplied HepG2 label; consensus across same-molecule paired records,EC_hit_inh,,,,,,,,,,,,,,,,,,,,BRD-K09471561-001-18-2,2.5,HTS,1.0,identity_isomeric,BRD-K09471561|BRD-K09471561-001-18-2::2.5::HTS,drug_repurposing_hub,drug_repurposing_hub:1239;drug_repurposing_hub:1240,2.0
drug_repurposing_hub,BRD-K77038618|BRD-K77038618-356-01-3::2.500022896::MTS004,3708,C[C@H]1NCc2cc(ccc12)-c1ccc2c(c1OC(F)F)n(cc(C(O)=O)c2=O)C1CC1,C[C@H]1NCc2cc(-c3ccc4c(=O)c(C(=O)O)cn(C5CC5)c4c3OC(F)F)ccc21,0.0,0.0473984561666666,e_coli,,HepG2 supplied binary label,supplied HepG2 label; consensus across same-molecule paired records,EC_hit_inh,,,,,,,,,,,,,,,,,,,,BRD-K77038618-356-01-3,2.500022896,MTS004,1.0,identity_isomeric,BRD-K77038618|BRD-K77038618-356-01-3::2.500022896::MTS004,drug_repurposing_hub,drug_repurposing_hub:3708,1.0
drug_repurposing_hub,BRD-K72903603|BRD-A33692381-001-01-9::2.5::HTS,349,Cc1cn([C@H]2C[C@H](N=[N+]=[N-])[C@@H](CO)O2)c(=O)[nH]c1=O,Cc1cn([C@H]2C[C@H](N=[N+]=[N-])[C@@H](CO)O2)c(=O)[nH]c1=O,0.0,0.0477810556666666,e_coli,,HepG2 supplied binary label,supplied HepG2 label; consensus across same-molecule paired records,EC_hit_inh,,,,,,,,,,,,,,,,,,,,BRD-A33692381-001-01-9,2.5,HTS,1.0,identity_isomeric,BRD-K72903603|BRD-A33692381-001-01-9::2.5::HTS,drug_repurposing_hub,drug_repurposing_hub:349,1.0
drug_repurposing_hub,BRD-K59045783|BRD-K59045783-001-01-1::2.5::HTS,3034,C[C@@H](O)[C@@H]1[C@H]2SC([C@H]3CCCO3)=C(N2C1=O)C(=O)OCc1oc(=O)oc1C,Cc1oc(=O)oc1COC(=O)C1=C([C@H]2CCCO2)S[C@@H]2[C@@H]([C@@H](C)O)C(=O)N12,1.0,0.0258681521666666,e_coli,,HepG2 supplied binary label,supplied HepG2 label; consensus across same-molecule paired records,EC_hit_inh,,,,,,,,,,,,,,,,,,,,BRD-K59045783-001-01-1,2.5,HTS,1.0,identity_isomeric,BRD-K59045783|BRD-K59045783-001-01-1::2.5::HTS,drug_repurposing_hub,drug_repurposing_hub:3034,1.0
drug_repurposing_hub,BRD-K06543683|BRD-K06543683-066-02-1::2.5::HTS,1130,Cn1cc(C2=C(C(=O)NC2=O)c2cn(CCCSC(N)=N)c3ccccc23)c2ccccc12,Cn1cc(C2=C(c3cn(CCCSC(=N)N)c4ccccc34)C(=O)NC2=O)c2ccccc21,0.0,0.659734575,e_coli,,HepG2 supplied binary label,supplied HepG2 label; consensus across same-molecule paired records,EC_hit_inh,,,,,,,,,,,,,,,,,,,,BRD-K06543683-066-02-1,2.5,HTS,1.0,identity_isomeric,BRD-K06543683|BRD-K06543683-066-02-1::2.5::HTS,drug_repurposing_hub,drug_repurposing_hub:1130,1.0
drug_repurposing_hub,BRD-K59715032|BRD-K59715032-362-01-4::2.5::HTS,3072,NCCCC[C@@H]1NC(=O)[C@@H](Cc2c[nH]c3ccccc23)NC(=O)[C@@H](NC(=O)[C@@H]2C[C@H](CN2C(=O)[C@H](Cc2ccccc2)NC(=O)[C@H](Cc2ccc(OCc3ccccc3)cc2)NC1=O)OC(=O)NCCN)c1ccccc1,NCCCC[C@@H]1NC(=O)[C@@H](Cc2c[nH]c3ccccc23)NC(=O)[C@H](c2ccccc2)NC(=O)[C@@H]2C[C@@H](OC(=O)NCCN)CN2C(=O)[C@H](Cc2ccccc2)NC(=O)[C@H](Cc2ccc(OCc3ccccc3)cc2)NC1=O,0.0,0.5632544883333334,e_coli,,HepG2 supplied binary label,supplied HepG2 label; consensus across same-molecule paired records,EC_hit_inh,,,,,,,,,,,,,,,,,,,,BRD-K59715032-362-01-4,2.5,HTS,1.0,identity_isomeric,BRD-K59715032|BRD-K59715032-362-01-4::2.5::HTS,drug_repurposing_hub,drug_repurposing_hub:3072,1.0
drug_repurposing_hub,BRD-K73425385|BRD-K73425385-065-04-8::2.5::HTS,3582,NC[C@H]1O[C@H](O[C@@H]2[C@@H](N)C[C@@H](N)[C@H](O[C@H]3O[C@H](CO)[C@@H](O)[C@H](N)[C@H]3O)[C@H]2O)[C@H](N)[C@@H](O)[C@@H]1O,NC[C@H]1O[C@H](O[C@H]2[C@H](O)[C@@H](O[C@H]3O[C@H](CO)[C@@H](O)[C@H](N)[C@H]3O)[C@H](N)C[C@@H]2N)[C@H](N)[C@@H](O)[C@@H]1O,1.0,0.0350775913333333,e_coli,,HepG2 supplied binary label,supplied HepG2 label; consensus across same-molecule paired records,EC_hit_inh,,,,,,,,,,,,,,,,,,,,BRD-K73425385-065-04-8,2.5,HTS,1.0,identity_isomeric,BRD-K73425385|BRD-K73425385-065-04-8::2.5::HTS,drug_repurposing_hub,drug_repurposing_hub:3582,1.0
drug_repurposing_hub,BRD-K20338176|BRD-K20338176-001-17-7::2.5::HTS,1646,N[C@@H](C(=O)N[C@H]1[C@H]2SCC(Cl)=C(N2C1=O)C(O)=O)c1ccccc1,N[C@@H](C(=O)N[C@@H]1C(=O)N2C(C(=O)O)=C(Cl)CS[C@H]12)c1ccccc1,0.0,0.040334158,e_coli,,HepG2 supplied binary label,supplied HepG2 label; consensus across same-molecule paired records,EC_hit_inh,,,,,,,,,,,,,,,,,,,,BRD-K20338176-001-17-7,2.5,HTS,1.0,identity_isomeric,BRD-K20338176|BRD-K20338176-001-17-7::2.5::HTS,drug_repurposing_hub,drug_repurposing_hub:1646,1.0
drug_repurposing_hub,BRD-K10196357|BRD-K10196357-003-02-0::2.5::HTS,1261,N[C@@H]1CCCCN(C1)c1c(F)cc2c(c1Cl)n(cc(C(O)=O)c2=O)C1CC1,N[C@@H]1CCCCN(c2c(F)cc3c(=O)c(C(=O)O)cn(C4CC4)c3c2Cl)C1,0.0,0.0512523868333333,e_coli,,HepG2 supplied binary label,supplied HepG2 label; consensus across same-molecule paired records,EC_hit_inh,,,,,,,,,,,,,,,,,,,,BRD-K10196357-003-02-0,2.5,HTS,1.0,identity_isomeric,BRD-K10196357|BRD-K10196357-003-02-0::2.5::HTS,drug_repurposing_hub,drug_repurposing_hub:1261,1.0
drug_repurposing_hub,BRD-K00494077|BRD-K00494077-066-01-9::2.5::HTS,934,N[C@H]1[C@@H]2CN(C[C@H]12)c1nc2n(cc(C(O)=O)c(=O)c2cc1F)-c1ccc(F)cc1F,N[C@@H]1[C@H]2CN(c3nc4c(cc3F)c(=O)c(C(=O)O)cn4-c3ccc(F)cc3F)C[C@@H]12,0.0,0.1763212116666666,e_coli,,HepG2 supplied binary label,supplied HepG2 label; consensus across same-molecule paired records,EC_hit_inh,,,,,,,,,,,,,,,,,,,,BRD-K00494077-066-01-9,2.5,HTS,1.0,identity_isomeric,BRD-K00494077|BRD-K00494077-066-01-9::2.5::HTS,drug_repurposing_hub,drug_repurposing_hub:934,1.0
drug_repurposing_hub,BRD-K92968657|BRD-K92968657-001-01-6::2.5::HTS,4268,Nc1n[n+]([O-])c2ccccc2[n+]1[O-],Nc1n[n+]([O-])c2ccccc2[n+]1[O-],1.0,0.06975638,e_coli,,HepG2 supplied binary label,supplied HepG2 label; consensus across same-molecule paired records,EC_hit_inh,,,,,,,,,,,,,,,,,,,,BRD-K92968657-001-01-6,2.5,HTS,1.0,identity_isomeric,BRD-K92968657|BRD-K92968657-001-01-6::2.5::HTS,drug_repurposing_hub,drug_repurposing_hub:4268,1.0
drug_repurposing_hub,BRD-K18157228|BRD-K18157228-001-01-7::2.5::HTS,1565,Nc1nc(=O)n(cc1F)[C@H]1C[C@H](O)[C@@H](CO)O1,Nc1nc(=O)n([C@H]2C[C@H](O)[C@@H](CO)O2)cc1F,1.0,0.0780379275,e_coli,,HepG2 supplied binary label,supplied HepG2 label; consensus across same-molecule paired records,EC_hit_inh,,,,,,,,,,,,,,,,,,,,BRD-K18157228-001-01-7,2.5,HTS,1.0,identity_isomeric,BRD-K18157228|BRD-K18157228-001-01-7::2.5::HTS,drug_repurposing_hub,drug_repurposing_hub:1565,1.0
drug_repurposing_hub,BRD-K32730239|BRD-K32730239-001-01-0::2.5::HTS,2066,Nc1nnc(Sc2ncc(s2)[N+]([O-])=O)s1,Nc1nnc(Sc2ncc([N+](=O)[O-])s2)s1,1.0,0.80202695,e_coli,,HepG2 supplied binary label,supplied HepG2 label; consensus across same-molecule paired records,EC_hit_inh,,,,,,,,,,,,,,,,,,,,BRD-K32730239-001-01-0,2.5,HTS,1.0,identity_isomeric,BRD-K32730239|BRD-K32730239-001-01-0::2.5::HTS,drug_repurposing_hub,drug_repurposing_hub:2066,1.0
drug_repurposing_hub,BRD-K08525451|BRD-K08525451-003-05-2::2.5::HTS,1201,OC(=O)c1cn(-c2ccc(F)cc2)c2cc(N3CCNCC3)c(F)cc2c1=O,O=C(O)c1cn(-c2ccc(F)cc2)c2cc(N3CCNCC3)c(F)cc2c1=O,0.0,0.0982536774999999,e_coli,,HepG2 supplied binary label,supplied HepG2 label; consensus across same-molecule paired records,EC_hit_inh,,,,,,,,,,,,,,,,,,,,BRD-K08525451-003-05-2,2.5,HTS,1.0,identity_isomeric,BRD-K08525451|BRD-K08525451-003-05-2::2.5::HTS,drug_repurposing_hub,drug_repurposing_hub:1201,1.0
drug_repurposing_hub,BRD-K53123955|BRD-K53123955-001-10-5::2.5::HTS,2822,[O-][N+](=O)c1cnc(s1)N1CCNC1=O,O=C1NCCN1c1ncc([N+](=O)[O-])s1,0.0,0.0653121711666666,e_coli,,HepG2 supplied binary label,supplied HepG2 label; consensus across same-molecule paired records,EC_hit_inh,,,,,,,,,,,,,,,,,,,,BRD-K53123955-001-10-5,2.5,HTS,1.0,identity_isomeric,BRD-K53123955|BRD-K53123955-001-10-5::2.5::HTS,drug_repurposing_hub,drug_repurposing_hub:2822,1.0
drug_repurposing_hub,BRD-K17061841|BRD-K17061841-001-03-5::2.5::HTS,1517,[O-][N+](=O)c1ccc2C=CS(=O)(=O)c2c1,O=[N+]([O-])c1ccc2c(c1)S(=O)(=O)C=C2,1.0,0.8587521566666667,e_coli,,HepG2 supplied binary label,supplied HepG2 label; consensus across same-molecule paired records,EC_hit_inh,,,,,,,,,,,,,,,,,,,,BRD-K17061841-001-03-5,2.5,HTS,1.0,identity_isomeric,BRD-K17061841|BRD-K17061841-001-03-5::2.5::HTS,drug_repurposing_hub,drug_repurposing_hub:1517,1.0
drug_repurposing_hub,BRD-K99792991|BRD-K99792991-001-34-9::2.5::HTS,4499,Oc1c(Cl)cc(Cl)c(Cl)c1Cc1c(O)c(Cl)cc(Cl)c1Cl,Oc1c(Cl)cc(Cl)c(Cl)c1Cc1c(O)c(Cl)cc(Cl)c1Cl,0.0,0.3278716716666666,e_coli,,HepG2 supplied binary label,supplied HepG2 label; consensus across same-molecule paired records,EC_hit_inh,,,,,,,,,,,,,,,,,,,,BRD-K99792991-001-34-9,2.5,HTS,1.0,identity_isomeric,BRD-K99792991|BRD-K99792991-001-34-9::2.5::HTS,drug_repurposing_hub,drug_repurposing_hub:4499,1.0
drug_repurposing_hub,BRD-K41731458|BRD-K41731458-001-15-1::2.5::HTS,2397,Oc1cc(Cl)ccc1Oc1ccc(Cl)cc1Cl,Oc1cc(Cl)ccc1Oc1ccc(Cl)cc1Cl,0.0,0.1688987383333333,e_coli,,HepG2 supplied binary label,supplied HepG2 label; consensus across same-molecule paired records,EC_hit_inh,,,,,,,,,,,,,,,,,,,,BRD-K41731458-001-15-1,2.5,HTS,1.0,identity_isomeric,BRD-K41731458|BRD-K41731458-001-15-1::2.5::HTS,drug_repurposing_hub,drug_repurposing_hub:2397,1.0
drug_repurposing_hub,BRD-K62326629|BRD-K62326629-001-19-0::2.5::HTS,3173,Oc1ccc(Cl)cc1Cc1cc(Cl)ccc1O,Oc1ccc(Cl)cc1Cc1cc(Cl)ccc1O,0.0,0.3984247199999999,e_coli,,HepG2 supplied binary label,supplied HepG2 label; consensus across same-molecule paired records,EC_hit_inh,,,,,,,,,,,,,,,,,,,,BRD-K62326629-001-19-0,2.5,HTS,1.0,identity_isomeric,BRD-K62326629|BRD-K62326629-001-19-0::2.5::HTS,drug_repurposing_hub,drug_repurposing_hub:3173,1.0
drug_repurposing_hub,BRD-A52660433|BRD-A52660433-066-02-1::2.5::HTS,526,C1CCC(CC1)c1ccc2n3CCNC4CCCc(c34)c2c1,c1cc2c(cc1C1CCCCC1)c1c3n2CCNC3CCC1,0.0,0.4067242200000001,e_coli,,HepG2 supplied binary label,supplied HepG2 label; consensus across same-molecule paired records,EC_hit_inh,,,,,,,,,,,,,,,,,,,,BRD-A52660433-066-02-1,2.5,HTS,1.0,identity_isomeric,BRD-A52660433|BRD-A52660433-066-02-1::2.5::HTS,drug_repurposing_hub,drug_repurposing_hub:526,1.0
drug_repurposing_hub,BRD-K16136380|BRD-K16136380-001-01-7::2.5::HTS,1490,O1[n+]2ccccc2S[Zn]11O[n+]2ccccc2S1,c1cc[n+]2c(c1)S[Zn]1(O2)O[n+]2ccccc2S1,1.0,0.18981232,e_coli,,HepG2 supplied binary label,supplied HepG2 label; consensus across same-molecule paired records,EC_hit_inh,,,,,,,,,,,,,,,,,,,,BRD-K16136380-001-01-7,2.5,HTS,1.0,identity_isomeric,BRD-K16136380|BRD-K16136380-001-01-7::2.5::HTS,drug_repurposing_hub,drug_repurposing_hub:1490,1.0
